date,ww,plant,line,machine,lot,tab,pzt,category,sub_category,fail,pass,total
2026-10-01,40,plant-B,line-B10,machine-B5,lot-6,UP,aPZT,category-1,sub-a1,20,0,20
2026-10-01,40,plant-B,line-B10,machine-B5,lot-45,DN,aPZT,category-4,sub-a9,7,0,7
2026-10-01,40,plant-A,line-A5,machine-A3,lot-4,UP,aPZT,category-1,sub-a9,15,0,15
2026-10-01,40,plant-A,line-A3,machine-A4,lot-94,DN,aPZT,category-5,sub-a2,9,0,9
2026-10-01,40,plant-B,line-B9,machine-B1,lot-21,DN,aPZT,category-1,sub-a10,31,0,31
2026-10-01,40,plant-B,line-B4,machine-B1,lot-74,UP,aPZT,pass,pass,0,2645,2825
2026-10-01,40,plant-A,line-A8,machine-A2,lot-27,UP,bPZT,pass,pass,0,2324,2338
2026-10-01,40,plant-B,line-B2,machine-B9,lot-35,UP,bPZT,pass,pass,0,2505,2542
2026-10-01,40,plant-B,line-B9,machine-B1,lot-21,UP,bPZT,pass,pass,0,2974,3037
2026-10-01,40,plant-B,line-B4,machine-B9,lot-36,UP,bPZT,pass,pass,0,2972,2994
2026-10-01,40,plant-B,line-B4,machine-B1,lot-74,DN,bPZT,category-4,sub-b9,31,0,31
2026-10-01,40,plant-B,line-B8,machine-B3,lot-44,DN,bPZT,pass,pass,0,2161,2202
2026-10-01,40,plant-A,line-A1,machine-A4,lot-63,DN,bPZT,category-3,sub-b8,14,0,14
2026-10-01,40,plant-B,line-B4,machine-B1,lot-74,UP,aPZT,category-1,sub-a5,15,0,15
2026-10-01,40,plant-A,line-A8,machine-A2,lot-27,UP,aPZT,pass,pass,0,2324,2386
2026-10-01,40,plant-B,line-B1,machine-B5,lot-22,DN,bPZT,category-5,sub-b8,28,0,28
2026-10-01,40,plant-B,line-B9,machine-B1,lot-21,UP,aPZT,pass,pass,0,2974,3024
2026-10-01,40,plant-B,line-B6,machine-B5,lot-89,UP,bPZT,pass,pass,0,2141,2193
2026-10-01,40,plant-B,line-B4,machine-B1,lot-74,DN,bPZT,category-5,sub-b2,11,0,11
2026-10-01,40,plant-A,line-A9,machine-A4,lot-48,UP,aPZT,category-3,sub-a6,34,0,34
2026-10-01,40,plant-B,line-B4,machine-B1,lot-74,UP,bPZT,category-1,sub-b2,4,0,4
2026-10-01,40,plant-B,line-B1,machine-B8,lot-60,UP,aPZT,category-3,sub-a8,11,0,11
2026-10-01,40,plant-A,line-A5,machine-A3,lot-4,UP,aPZT,category-5,sub-a4,34,0,34
2026-10-01,40,plant-B,line-B4,machine-B1,lot-74,DN,bPZT,category-4,sub-b2,25,0,25
2026-10-01,40,plant-A,line-A7,machine-A3,lot-100,DN,aPZT,category-4,sub-a7,31,0,31
2026-10-01,40,plant-B,line-B10,machine-B5,lot-6,Dn,aPZT,category-2,,33,0,33
2026-10-01,40,plant-A,line-A7,machine-A3,lot-100,UP,bPZT,category-1,sub-b2,14,0,14
2026-10-01,40,plant-B,line-B4,machine-B9,lot-36,DN,bPZT,category-3,sub-b5,23,0,23
2026-10-01,40,plant-B,line-B5,machine-B8,lot-58,UP,bPZT,category-1,sub-b9,11,0,11
2026-10-01,40,plant-B,line-B9,machine-B8,lot-84,DN,aPZT,category-4,sub-a7,1,0,1
2026-10-01,40,plant-B,line-B4,machine-B1,lot-74,DN,aPZT,category-4,sub-a10,14,0,14
2026-10-01,40,plant-A,line-A8,machine-A2,lot-27,DN,bPZT,category-4,sub-b9,9,0,9
2026-10-01,40,plant-A,line-A7,machine-A3,lot-100,DN,aPZT,category-1,sub-a7,19,0,19
2026-10-01,40,plant-B,line-B4,machine-B1,lot-74,UP,bPZT,category-4,sub-b3,39,0,39
2026-10-01,40,plant-B,line-B9,machine-B8,lot-84,UP,bPZT,category-4,sub-b1,26,0,26
2026-10-01,40,plant-B,line-B9,machine-B8,lot-84,UP,aPZT,category-3,sub-a8,3,0,3
2026-10-01,40,plant-A,line-A9,machine-A4,lot-48,DN,bPZT,category-5,sub-b9,1,0,1
2026-10-01,40,plant-B,line-B8,machine-B3,lot-44,DN,aPZT,category-1,sub-a1,1,0,1
2026-10-01,40,plant-A,line-A4,machine-A2,lot-57,UP,aPZT,category-2,sub-a10,30,0,30
2026-10-01,40,plant-B,line-B6,machine-B5,lot-89,UP,aPZT,pass,pass,0,2141,2216
2026-10-01,40,plant-A,line-A5,machine-A3,lot-4,UP,bPZT,category-5,sub-b6,8,0,8
2026-10-01,40,plant-B,line-B3,machine-B4,lot-3,UP,bPZT,category-2,sub-b8,21,0,21
2026-10-01,40,plant-A,line-A1,machine-A4,lot-63,DN,aPZT,category-5,sub-a6,32,0,32
2026-10-01,40,plant-B,line-B10,machine-B5,lot-45,DN,bPZT,category-2,sub-b7,35,0,35
2026-10-01,40,plant-B,line-B4,machine-B1,lot-74,DN,bPZT,category-5,sub-b9,30,0,30
2026-10-01,40,plant-B,line-B7,machine-B3,lot-40,DN,bPZT,category-3,sub-b9,21,0,21
2026-10-01,40,plant-A,line-A3,machine-A4,lot-94,UP,aPZT,category-4,sub-a9,12,0,12
2026-10-01,40,plant-B,line-B1,machine-B5,lot-22,DN,aPZT,category-5,sub-a10,3,0,3
2026-10-01,40,plant-A,line-A5,machine-A3,lot-4,UP,bPZT,pass,pass,0,2343,2436
2026-10-01,40,plant-B,line-B10,machine-B5,lot-45,UP,aPZT,pass,pass,0,2259,2352
2026-10-01,40,plant-A,line-A1,machine-A4,lot-63,DN,bPZT,category-2,sub-b2,6,0,6
2026-10-01,40,plant-A,line-A9,machine-A4,lot-48,UP,bPZT,category-2,sub-b7,38,0,38
2026-10-01,40,plant-A,line-A3,machine-A4,lot-94,DN,aPZT,category-5,sub-a2,35,0,35
2026-10-01,40,plant-B,line-B1,machine-B5,lot-22,DN,bPZT,category-4,sub-b1,35,0,35
2026-10-01,40,plant-A,line-A8,machine-A2,lot-27,DN,bPZT,category-3,sub-b6,19,0,19
2026-10-01,40,plant-A,line-A8,machine-A2,lot-27,UP,bPZT,category-4,sub-b3,34,0,34
2026-10-01,40,plant-B,line-B2,machine-B3,lot-79,UP,aPZT,category-4,sub-a2,29,0,29
2026-10-01,40,plant-B,line-B5,machine-B8,lot-58,UP,aPZT,category-5,sub-a3,25,0,25
2026-10-01,40,plant-B,line-B5,machine-B7,lot-38,DN,bPZT,category-2,sub-b4,5,0,5
2026-10-01,40,plant-B,line-B1,machine-B8,lot-60,DN,aPZT,pass,pass,0,2542,2549
2026-10-01,40,plant-A,line-A9,machine-A4,lot-48,DN,bPZT,category-1,sub-b9,20,0,20
2026-10-01,40,plant-A,line-A3,machine-A4,lot-94,DN,bPZT,category-2,sub-b1,38,0,38
2026-10-01,40,plant-B,line-B10,machine-B5,lot-45,DN,bPZT,category-2,sub-b4,12,0,12
2026-10-01,40,plant-A,line-A4,machine-A2,lot-57,DN,bPZT,category-5,sub-b9,15,0,15
2026-10-01,40,plant-B,line-B7,machine-B3,lot-40,UP,aPZT,pass,pass,0,2713,2891
2026-10-01,40,plant-B,line-B9,machine-B8,lot-84,UP,aPZT,category-2,sub-a1,6,0,6
2026-10-01,40,plant-A,line-A5,machine-A2,lot-26,UP,bPZT,category-3,sub-b4,22,0,22
2026-10-01,40,plant-B,line-B7,machine-B3,lot-40,DN,bPZT,category-2,sub-b7,39,0,39
2026-10-01,40,plant-B,line-B2,machine-B3,lot-79,UP,aPZT,category-2,sub-a10,36,0,36
2026-10-01,40,plant-A,line-A7,machine-A3,lot-100,DN,bPZT,pass,pass,0,2287,2346
2026-10-01,40,plant-B,line-B2,machine-B8,lot-51,DN,aPZT,category-3,sub-a7,29,0,29
2026-10-01,40,plant-B,line-B1,machine-B8,lot-60,DN,bPZT,category-5,sub-b1,7,0,7
2026-10-01,40,plant-A,line-A5,machine-A2,lot-26,DN,aPZT,category-2,sub-a5,30,0,30
2026-10-01,40,plant-B,line-B10,machine-B5,lot-45,UP,bPZT,category-1,sub-b1,30,0,30
2026-10-01,40,plant-B,line-B2,machine-B9,lot-35,DN,bPZT,category-2,sub-b7,21,0,21
2026-10-01,40,plant-B,line-B9,machine-B8,lot-84,UP,aPZT,category-3,sub-a1,23,0,23
2026-10-01,40,plant-B,line-B10,machine-B5,lot-6,dN,bPZT,category-3,sub-b4,7,0,7
2026-10-01,40,plant-B,line-B10,machine-B5,lot-45,DN,aPZT,category-3,sub-a1,7,0,7
2026-10-01,40,plant-A,line-A9,machine-A4,lot-48,UP,bPZT,pass,pass,0,2235,2269
2026-10-01,40,plant-B,line-B9,machine-B8,lot-84,UP,aPZT,pass,pass,0,2608,2679
2026-10-01,40,plant-B,line-B4,machine-B9,lot-36,UP,bPZT,category-1,sub-b1,38,0,38
2026-10-01,40,plant-B,line-B4,machine-B1,lot-74,DN,bPZT,category-2,sub-b10,3,0,3
2026-10-01,40,plant-B,line-B10,machine-B5,lot-45,DN,bPZT,category-3,sub-b7,16,0,16
2026-10-01,40,plant-B,line-B6,machine-B5,lot-89,DN,bPZT,category-2,sub-b8,39,0,39
2026-10-01,40,plant-B,line-B4,machine-B9,lot-36,UP,bPZT,category-2,sub-b4,22,0,22
2026-10-01,40,plant-B,line-B1,machine-B8,lot-60,DN,aPZT,category-3,sub-a7,21,0,21
2026-10-01,40,plant-B,line-B9,machine-B8,lot-84,UP,aPZT,category-3,sub-a4,37,0,37
2026-10-01,40,plant-B,line-B5,machine-B8,lot-58,DN,aPZT,category-3,sub-a8,35,0,35
2026-10-01,40,plant-B,line-B3,machine-B4,lot-3,DN,aPZT,category-4,sub-a2,25,0,25
2026-10-01,40,plant-B,line-B5,machine-B8,lot-58,UP,aPZT,category-3,,37,0,37
2026-10-01,40,plant-A,line-A5,machine-A3,lot-4,DN,bPZT,category-4,,27,0,27
2026-10-01,40,plant-A,line-A5,machine-A2,lot-26,UP,aPZT,category-2,sub-a6,11,0,11
2026-10-01,40,plant-B,line-B4,machine-B9,lot-36,DN,bPZT,category-1,sub-b8,25,0,25
2026-10-01,40,plant-B,line-B4,machine-B1,lot-74,UP,bPZT,pass,pass,0,2645,2674
2026-10-01,40,plant-B,line-B5,machine-B7,lot-38,UP,aPZT,category-3,sub-a7,3,0,3
2026-10-01,40,plant-A,line-A5,machine-A3,lot-4,UP,aPZT,pass,pass,0,2343,2443
2026-10-01,40,plant-B,line-B1,machine-B8,lot-60,UP,bPZT,pass,pass,0,2542,2604
2026-10-01,40,plant-B,line-B2,machine-B9,lot-35,UP,aPZT,category-1,sub-a9,20,0,20
2026-10-01,40,plant-B,line-B6,machine-B5,lot-89,DN,aPZT,category-4,sub-a7,1,0,1
2026-10-01,40,plant-A,line-A5,machine-A2,lot-26,UP,aPZT,category-3,sub-a7,26,0,26
2026-10-01,40,plant-B,line-B7,machine-B3,lot-40,DN,bPZT,category-2,sub-b4,18,0,18
2026-10-01,40,plant-B,line-B2,machine-B8,lot-51,UP,aPZT,category-4,sub-a7,30,0,30
2026-10-01,40,plant-B,line-B6,machine-B5,lot-89,UP,aPZT,category-3,sub-a9,40,0,40
2026-10-01,40,plant-A,line-A1,machine-A4,lot-63,UP,aPZT,category-4,sub-a6,12,0,12
2026-10-01,40,plant-A,line-A3,machine-A4,lot-94,UP,aPZT,pass,pass,0,2640,2678
2026-10-01,40,plant-B,line-B1,machine-B5,lot-22,DN,aPZT,category-5,sub-a2,22,0,22
2026-10-01,40,plant-B,line-B7,machine-B3,lot-40,UP,bPZT,pass,pass,0,2713,2738
2026-10-01,40,plant-A,line-A9,machine-A4,lot-48,UP,bPZT,category-2,sub-b1,4,0,4
2026-10-01,40,plant-B,line-B2,machine-B8,lot-51,DN,aPZT,category-3,sub-a4,27,0,27
2026-10-01,40,plant-A,line-A4,machine-A2,lot-57,Up,bPZT,pass,,0,2596,2702
2026-10-01,40,plant-A,line-A5,machine-A3,lot-4,DN,aPZT,category-4,sub-a2,16,0,16
2026-10-01,40,plant-B,line-B2,machine-B9,lot-35,DN,aPZT,category-1,sub-a1,2,0,2
2026-10-01,40,plant-B,line-B7,machine-B3,lot-40,UP,aPZT,category-4,sub-a2,25,0,25
2026-10-01,40,plant-A,line-A3,machine-A4,lot-94,DN,aPZT,category-1,sub-a8,15,0,15
2026-10-01,40,plant-B,line-B4,machine-B9,lot-36,DN,bPZT,category-1,sub-b9,39,0,39
2026-10-01,40,plant-B,line-B10,machine-B5,lot-6,DN,aPZT,category-1,sub-a3,20,0,20
2026-10-01,40,plant-B,line-B10,machine-B5,lot-45,Up,aPZT,category-5,sub-a10,2,0,2
2026-10-01,40,plant-B,line-B10,machine-B5,lot-6,DN,aPZT,category-2,sub-a2,32,0,32
2026-10-01,40,plant-B,line-B2,machine-B3,lot-79,UP,aPZT,category-5,sub-a10,27,0,27
2026-10-01,40,plant-B,line-B5,machine-B8,lot-58,DN,aPZT,category-2,sub-a1,39,0,39
2026-10-01,40,plant-B,line-B5,machine-B7,lot-38,DN,bPZT,pass,pass,0,2665,2668
2026-10-01,40,plant-A,line-A5,machine-A2,lot-26,UP,aPZT,category-3,sub-a6,12,0,12
2026-10-01,40,plant-B,line-B9,machine-B8,lot-84,DN,bPZT,category-2,sub-b2,8,0,8
2026-10-01,40,plant-A,line-A4,machine-A2,lot-57,UP,aPZT,category-3,sub-a3,37,0,37
2026-10-01,40,plant-B,line-B3,machine-B4,lot-3,DN,aPZT,pass,pass,0,2896,2940
2026-10-01,40,plant-B,line-B1,machine-B8,lot-60,UP,aPZT,category-2,sub-a5,30,0,30
2026-10-01,40,plant-A,line-A3,machine-A4,lot-94,DN,bPZT,pass,pass,0,2640,2767
2026-10-01,40,plant-A,line-A5,machine-A3,lot-4,UP,bPZT,category-3,sub-b3,36,0,36
2026-10-01,40,plant-B,line-B4,machine-B9,lot-36,DN,aPZT,category-4,sub-a9,22,0,22
2026-10-01,40,plant-B,line-B5,machine-B7,lot-38,DN,aPZT,pass,pass,0,2665,2670
2026-10-01,40,plant-A,line-A3,machine-A4,lot-94,DN,aPZT,category-3,sub-a9,30,0,30
2026-10-01,40,plant-A,line-A5,machine-A2,lot-26,DN,aPZT,category-2,sub-a8,1,0,1
2026-10-01,40,plant-A,line-A4,machine-A2,lot-57,dN,aPZT,pass,,0,2596,2611
2026-10-01,40,plant-B,line-B4,machine-B9,lot-36,DN,aPZT,pass,pass,0,2972,3142
2026-10-01,40,plant-B,line-B3,machine-B4,lot-3,UP,bPZT,pass,pass,0,2896,2959
2026-10-01,40,plant-A,line-A9,machine-A4,lot-48,UP,aPZT,pass,pass,0,2235,2315
2026-10-01,40,plant-B,line-B4,machine-B9,lot-36,DN,bPZT,category-3,sub-b8,23,0,23
2026-10-01,40,plant-A,line-A7,machine-A3,lot-100,UP,aPZT,pass,pass,0,2287,2301
2026-10-01,40,plant-B,line-B1,machine-B5,lot-22,UP,bPZT,pass,pass,0,2583,2608
2026-10-01,40,plant-A,line-A5,machine-A2,lot-26,UP,aPZT,pass,pass,0,2029,2051
2026-10-01,40,plant-A,line-A1,machine-A4,lot-63,DN,aPZT,pass,pass,0,2037,2142
2026-10-01,40,plant-B,line-B3,machine-B4,lot-3,UP,aPZT,category-2,sub-a1,16,0,16
2026-10-01,40,plant-B,line-B8,machine-B3,lot-44,UP,aPZT,pass,pass,0,2161,2195
2026-10-01,40,plant-B,line-B7,machine-B3,lot-40,UP,bPZT,category-1,sub-b3,20,0,20
2026-10-01,40,plant-B,line-B10,machine-B5,lot-6,DN,aPZT,category-3,sub-a5,8,0,8
2026-10-01,40,plant-A,line-A1,machine-A4,lot-63,UP,bPZT,category-5,sub-b9,30,0,30
2026-10-01,40,plant-B,line-B2,machine-B8,lot-51,UP,aPZT,pass,pass,0,2465,2518
2026-10-01,40,plant-B,line-B5,machine-B8,lot-58,UP,aPZT,pass,pass,0,2245,2256
2026-10-01,40,plant-B,line-B9,machine-B8,lot-84,DN,aPZT,category-3,sub-a1,13,0,13
2026-10-01,40,plant-A,line-A7,machine-A3,lot-100,DN,aPZT,category-5,sub-a2,9,0,9
2026-10-01,40,plant-B,line-B7,machine-B3,lot-40,UP,bPZT,category-2,sub-b9,22,0,22
2026-10-01,40,plant-A,line-A8,machine-A2,lot-27,DN,aPZT,category-2,sub-a9,12,0,12
2026-10-01,40,plant-B,line-B6,machine-B5,lot-89,UP,bPZT,category-5,sub-b7,36,0,36
2026-10-01,40,plant-B,line-B2,machine-B3,lot-79,UP,bPZT,pass,pass,0,2811,2923
2026-10-01,40,plant-B,line-B2,machine-B8,lot-51,DN,bPZT,category-5,sub-b8,31,0,31
2026-10-01,40,plant-A,line-A1,machine-A4,lot-63,UP,bPZT,category-2,sub-b8,19,0,19
2026-10-01,40,plant-A,line-A5,machine-A3,lot-4,uP,bPZT,category-1,sub-b4,9,0,9
2026-10-01,40,plant-B,line-B10,machine-B5,lot-6,DN,aPZT,category-5,sub-a10,30,0,30
2026-10-01,40,plant-A,line-A1,machine-A4,lot-63,DN,bPZT,category-5,sub-b5,36,0,36
2026-10-01,40,plant-B,line-B2,machine-B8,lot-51,UP,aPZT,category-3,sub-a10,23,0,23
2026-10-01,40,plant-B,line-B9,machine-B1,lot-21,UP,bPZT,category-4,sub-b2,40,0,40
2026-10-01,40,plant-A,line-A5,machine-A2,lot-26,UP,bPZT,pass,pass,0,2029,2109
2026-10-01,40,plant-B,line-B2,machine-B9,lot-35,DN,aPZT,pass,pass,0,2505,2554
2026-10-01,40,plant-B,line-B10,machine-B5,lot-6,UP,aPZT,pass,pass,0,2948,2955
2026-10-01,40,plant-A,line-A9,machine-A4,lot-48,DN,bPZT,category-4,sub-b6,17,0,17
2026-10-01,40,plant-B,line-B2,machine-B3,lot-79,UP,aPZT,pass,pass,0,2811,2814
2026-10-01,40,plant-B,line-B5,machine-B8,lot-58,UP,aPZT,category-5,sub-a5,21,0,21
2026-10-01,40,plant-B,line-B2,machine-B8,lot-51,UP,bPZT,pass,pass,0,2465,2574
2026-10-01,40,plant-B,line-B5,machine-B8,lot-58,UP,bPZT,pass,pass,0,2245,2402
2026-10-01,40,plant-B,line-B10,machine-B5,lot-6,DN,bPZT,pass,pass,0,2948,3091
2026-10-01,40,plant-B,line-B3,machine-B4,lot-3,DN,bPZT,category-2,sub-b2,23,0,23
2026-10-01,40,plant-B,line-B8,machine-B3,lot-44,UP,aPZT,category-4,sub-a10,1,0,1
2026-10-01,40,plant-A,line-A5,machine-A3,lot-4,UP,aPZT,category-2,sub-a3,24,0,24
2026-10-01,40,plant-A,line-A5,machine-A3,lot-4,UP,bPZT,category-3,sub-b7,11,0,11
2026-10-01,40,plant-B,line-B7,machine-B3,lot-40,DN,bPZT,category-2,sub-b10,32,0,32
2026-10-01,40,plant-B,line-B2,machine-B3,lot-79,UP,bPZT,category-5,sub-b4,3,0,3
2026-10-01,40,plant-B,line-B2,machine-B9,lot-35,UP,aPZT,category-2,sub-a8,15,0,15
2026-10-01,40,plant-B,line-B2,machine-B9,lot-35,DN,bPZT,category-3,sub-b8,28,0,28
2026-10-01,40,plant-B,line-B3,machine-B4,lot-3,DN,aPZT,category-3,sub-a4,22,0,22
2026-10-01,40,plant-B,line-B4,machine-B1,lot-74,UP,bPZT,category-2,sub-b2,37,0,37
2026-10-01,40,plant-A,line-A1,machine-A4,lot-63,UP,bPZT,pass,pass,0,2037,2081
2026-10-01,40,plant-B,line-B9,machine-B1,lot-21,DN,bPZT,category-2,sub-b6,10,0,10
2026-10-01,40,plant-A,line-A4,machine-A2,lot-57,UP,aPZT,category-2,sub-a10,39,0,39
2026-10-01,40,plant-B,line-B9,machine-B1,lot-21,DN,aPZT,category-4,sub-a10,32,0,32
2026-10-01,40,plant-B,line-B9,machine-B8,lot-84,UP,bPZT,pass,pass,0,2608,2693
2026-10-01,40,plant-A,line-A5,machine-A3,lot-4,DN,aPZT,category-4,sub-a1,4,0,4
2026-10-01,40,plant-B,line-B1,machine-B5,lot-22,UP,aPZT,pass,pass,0,2583,2646
2026-10-01,40,plant-B,line-B7,machine-B3,lot-40,up,bPZT,category-5,sub-b9,26,0,26
2026-10-01,40,plant-A,line-A3,machine-A4,lot-94,UP,aPZT,category-3,sub-a2,26,0,26
2026-10-01,40,plant-A,line-A5,machine-A3,lot-4,DN,bPZT,category-2,sub-b2,9,0,9
2026-10-01,40,plant-A,line-A8,machine-A2,lot-27,UP,aPZT,category-1,sub-a5,2,0,2
2026-10-01,40,plant-B,line-B9,machine-B8,lot-84,DN,bPZT,category-3,sub-b1,37,0,37
2026-10-01,40,plant-B,line-B8,machine-B3,lot-44,DN,bPZT,category-3,sub-b8,34,0,34
2026-10-01,40,plant-B,line-B2,machine-B3,lot-79,UP,aPZT,category-5,sub-a1,20,0,20
2026-10-01,40,plant-B,line-B9,machine-B8,lot-84,DN,aPZT,category-1,sub-a4,2,0,2
2026-10-01,40,plant-B,line-B8,machine-B3,lot-44,DN,aPZT,category-5,sub-a5,39,0,39
2026-10-01,40,plant-B,line-B6,machine-B5,lot-89,DN,aPZT,category-4,sub-a9,1,0,1
2026-10-01,40,plant-B,line-B2,machine-B8,lot-51,DN,bPZT,category-2,sub-b9,22,0,22
2026-10-01,40,plant-B,line-B10,machine-B5,lot-45,DN,bPZT,pass,pass,0,2259,2275
2026-10-01,40,plant-B,line-B6,machine-B5,lot-89,UP,aPZT,category-4,sub-a9,10,0,10
2026-10-02,40,plant-A,line-A6,machine-A7,lot-8,DN,bPZT,category-1,sub-b2,11,0,11
2026-10-02,40,plant-A,line-A6,machine-A5,lot-83,DN,bPZT,pass,pass,0,2716,2815
2026-10-02,40,plant-B,line-B4,machine-B9,lot-32,DN,aPZT,category-1,sub-a7,34,0,34
2026-10-02,40,plant-A,line-A10,machine-A10,lot-30,UP,aPZT,pass,pass,0,2104,2174
2026-10-02,40,plant-B,line-B9,machine-B5,lot-26,UP,aPZT,category-4,sub-a8,1,0,1
2026-10-02,40,plant-B,line-B9,machine-B7,lot-25,DN,bPZT,pass,pass,0,2993,3016
2026-10-02,40,plant-A,line-A10,machine-A10,lot-30,DN,aPZT,category-2,sub-a9,26,0,26
2026-10-02,40,plant-A,line-A4,machine-A5,lot-97,UP,aPZT,pass,pass,0,2237,2437
2026-10-02,40,plant-B,line-B4,machine-B9,lot-32,UP,aPZT,category-3,sub-a4,31,0,31
2026-10-02,40,plant-A,line-A5,machine-A6,lot-82,DN,bPZT,pass,pass,0,2163,2273
2026-10-02,40,plant-B,line-B8,machine-B6,lot-99,DN,aPZT,category-5,sub-a8,16,0,16
2026-10-02,40,plant-B,line-B9,machine-B7,lot-25,UP,bPZT,category-5,sub-b2,38,0,38
2026-10-02,40,plant-A,line-A6,machine-A10,lot-58,UP,bPZT,pass,pass,0,2830,2892
2026-10-02,40,plant-A,line-A6,machine-A7,lot-8,UP,aPZT,category-2,sub-a6,39,0,39
2026-10-02,40,plant-A,line-A4,machine-A3,lot-64,UP,bPZT,category-4,sub-b3,3,0,3
2026-10-02,40,plant-B,line-B8,machine-B1,lot-77,UP,aPZT,category-5,sub-a6,23,0,23
2026-10-02,40,plant-A,line-A4,machine-A5,lot-97,DN,bPZT,category-2,sub-b1,4,0,4
2026-10-02,40,plant-A,line-A6,machine-A7,lot-8,UP,aPZT,category-1,sub-a8,7,0,7
2026-10-02,40,plant-A,line-A4,machine-A3,lot-64,UP,bPZT,pass,pass,0,2068,2162
2026-10-02,40,plant-A,line-A6,machine-A5,lot-83,UP,bPZT,category-3,sub-b7,4,0,4
2026-10-02,40,plant-B,line-B8,machine-B6,lot-99,DN,aPZT,category-1,,15,0,15
2026-10-02,40,plant-A,line-A6,machine-A7,lot-8,UP,aPZT,category-1,,35,0,35
2026-10-02,40,plant-A,line-A7,machine-A4,lot-35,UP,aPZT,pass,pass,0,2996,3104
2026-10-02,40,plant-A,line-A7,machine-A4,lot-35,UP,aPZT,category-4,sub-a6,20,0,20
2026-10-02,40,plant-A,line-A6,machine-A5,lot-83,UP,aPZT,category-3,sub-a9,5,0,5
2026-10-02,40,plant-B,line-B8,machine-B6,lot-99,UP,bPZT,category-3,sub-b9,12,0,12
2026-10-02,40,plant-B,line-B7,machine-B10,lot-45,UP,bPZT,category-3,sub-b2,9,0,9
2026-10-02,40,plant-A,line-A6,machine-A7,lot-8,UP,aPZT,pass,pass,0,2004,2018
2026-10-02,40,plant-B,line-B9,machine-B5,lot-26,DN,aPZT,category-2,sub-a3,2,0,2
2026-10-02,40,plant-B,line-B7,machine-B10,lot-45,UP,aPZT,category-3,sub-a3,34,0,34
2026-10-02,40,plant-A,line-A10,machine-A2,lot-93,UP,bPZT,pass,pass,0,2153,2187
2026-10-02,40,plant-A,line-A9,machine-A10,lot-47,DN,bPZT,category-1,sub-b4,34,0,34
2026-10-02,40,plant-B,line-B9,machine-B5,lot-26,UP,bPZT,pass,pass,0,2477,2503
2026-10-02,40,plant-B,line-B8,machine-B1,lot-77,DN,bPZT,category-2,sub-b5,34,0,34
2026-10-02,40,plant-A,line-A7,machine-A4,lot-35,DN,bPZT,category-5,sub-b1,32,0,32
2026-10-02,40,plant-B,line-B7,machine-B10,lot-45,UP,bPZT,category-3,sub-b2,24,0,24
2026-10-02,40,plant-B,line-B4,machine-B7,lot-14,DN,aPZT,pass,pass,0,2336,2355
2026-10-02,40,plant-B,line-B5,machine-B5,lot-40,DN,bPZT,category-3,sub-b2,26,0,26
2026-10-02,40,plant-A,line-A6,machine-A5,lot-83,UP,aPZT,category-2,sub-a6,24,0,24
2026-10-02,40,plant-B,line-B9,machine-B7,lot-25,DN,bPZT,category-4,sub-b5,33,0,33
2026-10-02,40,plant-A,line-A4,machine-A5,lot-97,UP,bPZT,category-3,sub-b1,37,0,37
2026-10-02,40,plant-B,line-B9,machine-B7,lot-25,DN,aPZT,category-3,sub-a9,23,0,23
2026-10-02,40,plant-B,line-B8,machine-B1,lot-77,UP,bPZT,category-2,sub-b1,1,0,1
2026-10-02,40,plant-B,line-B8,machine-B1,lot-77,DN,bPZT,pass,pass,0,2488,2511
2026-10-02,40,plant-B,line-B9,machine-B5,lot-26,UP,aPZT,pass,pass,0,2477,2552
2026-10-02,40,plant-B,line-B6,machine-B1,lot-17,DN,aPZT,category-2,sub-a3,22,0,22
2026-10-02,40,plant-B,line-B4,machine-B7,lot-14,DN,aPZT,category-5,sub-a8,34,0,34
2026-10-02,40,plant-A,line-A9,machine-A10,lot-47,UP,aPZT,category-2,sub-a9,7,0,7
2026-10-02,40,plant-B,line-B8,machine-B1,lot-77,UP,aPZT,pass,pass,0,2488,2573
2026-10-02,40,plant-B,line-B4,machine-B9,lot-32,DN,bPZT,category-3,sub-b10,34,0,34
2026-10-02,40,plant-B,line-B8,machine-B6,lot-99,DN,aPZT,category-3,sub-a4,33,0,33
2026-10-02,40,plant-A,line-A6,machine-A10,lot-58,DN,bPZT,category-3,sub-b4,23,0,23
2026-10-02,40,plant-A,line-A5,machine-A6,lot-82,UP,aPZT,category-1,sub-a7,28,0,28
2026-10-02,40,plant-A,line-A8,machine-A9,lot-98,DN,aPZT,category-5,sub-a6,34,0,34
2026-10-02,40,plant-B,line-B7,machine-B10,lot-45,DN,bPZT,category-3,sub-b10,36,0,36
2026-10-02,40,plant-A,line-A4,machine-A5,lot-97,UP,bPZT,category-4,sub-b3,37,0,37
2026-10-02,40,plant-A,line-A8,machine-A9,lot-98,UP,aPZT,pass,pass,0,2813,2869
2026-10-02,40,plant-B,line-B7,machine-B10,lot-45,DN,aPZT,pass,pass,0,2060,2214
2026-10-02,40,plant-A,line-A6,machine-A5,lot-83,DN,aPZT,category-2,sub-a3,13,0,13
2026-10-02,40,plant-B,line-B5,machine-B5,lot-40,DN,aPZT,category-1,sub-a9,18,0,18
2026-10-02,40,plant-B,line-B6,machine-B1,lot-17,DN,bPZT,pass,pass,0,2544,2577
2026-10-02,40,plant-B,line-B6,machine-B1,lot-17,DN,bPZT,category-5,sub-b10,22,0,22
2026-10-02,40,plant-A,line-A4,machine-A3,lot-64,UP,bPZT,category-4,sub-b2,38,0,38
2026-10-02,40,plant-A,line-A6,machine-A7,lot-8,UP,aPZT,category-4,sub-a2,35,0,35
2026-10-02,40,plant-B,line-B8,machine-B1,lot-77,DN,bPZT,category-1,sub-b6,40,0,40
2026-10-02,40,plant-B,line-B5,machine-B5,lot-74,UP,bPZT,pass,pass,0,2182,2205
2026-10-02,40,plant-A,line-A6,machine-A5,lot-83,UP,aPZT,pass,pass,0,2716,2775
2026-10-02,40,plant-A,line-A10,machine-A10,lot-30,UP,bPZT,pass,pass,0,2104,2148
2026-10-02,40,plant-A,line-A10,machine-A2,lot-93,DN,bPZT,category-1,sub-b5,33,0,33
2026-10-02,40,plant-A,line-A9,machine-A1,lot-44,UP,bPZT,category-5,sub-b1,38,0,38
2026-10-02,40,plant-A,line-A4,machine-A5,lot-97,UP,bPZT,category-2,sub-b1,26,0,26
2026-10-02,40,plant-A,line-A4,machine-A3,lot-64,DN,aPZT,category-3,sub-a4,36,0,36
2026-10-02,40,plant-B,line-B4,machine-B9,lot-32,DN,bPZT,category-1,sub-b4,21,0,21
2026-10-02,40,plant-A,line-A9,machine-A1,lot-44,UP,bPZT,category-2,sub-b7,10,0,10
2026-10-02,40,plant-B,line-B9,machine-B5,lot-26,UP,bPZT,category-5,sub-b7,35,0,35
2026-10-02,40,plant-A,line-A3,machine-A7,lot-27,DN,aPZT,category-1,sub-a5,1,0,1
2026-10-02,40,plant-A,line-A4,machine-A5,lot-97,DN,aPZT,category-5,sub-a4,39,0,39
2026-10-02,40,plant-B,line-B4,machine-B7,lot-14,DN,bPZT,pass,pass,0,2336,2370
2026-10-02,40,plant-B,line-B5,machine-B5,lot-74,DN,aPZT,pass,pass,0,2182,2252
2026-10-02,40,plant-A,line-A3,machine-A7,lot-27,UP,aPZT,category-5,sub-a6,16,0,16
2026-10-02,40,plant-A,line-A4,machine-A3,lot-64,UP,aPZT,pass,pass,0,2068,2109
2026-10-02,40,plant-A,line-A4,machine-A3,lot-64,DN,aPZT,category-1,sub-a6,20,0,20
2026-10-02,40,plant-A,line-A4,machine-A5,lot-97,DN,bPZT,category-1,sub-b2,9,0,9
2026-10-02,40,plant-B,line-B9,machine-B5,lot-26,DN,bPZT,category-3,sub-b7,27,0,27
2026-10-02,40,plant-A,line-A7,machine-A4,lot-35,UP,bPZT,category-2,sub-b9,13,0,13
2026-10-02,40,plant-B,line-B3,machine-B7,lot-81,DN,bPZT,category-2,sub-b1,22,0,22
2026-10-02,40,plant-A,line-A10,machine-A2,lot-93,UP,bPZT,category-3,sub-b6,8,0,8
2026-10-02,40,plant-A,line-A9,machine-A1,lot-44,DN,aPZT,pass,pass,0,2992,3080
2026-10-02,40,plant-A,line-A10,machine-A10,lot-30,UP,bPZT,category-3,sub-b3,35,0,35
2026-10-02,40,plant-B,line-B4,machine-B7,lot-14,DN,bPZT,category-4,sub-b5,19,0,19
2026-10-02,40,plant-A,line-A6,machine-A5,lot-83,DN,bPZT,category-3,sub-b4,39,0,39
2026-10-02,40,plant-B,line-B9,machine-B7,lot-25,UP,aPZT,pass,pass,0,2993,3124
2026-10-02,40,plant-B,line-B5,machine-B5,lot-40,UP,bPZT,category-2,sub-b5,10,0,10
2026-10-02,40,plant-B,line-B9,machine-B5,lot-26,UP,bPZT,category-5,sub-b9,13,0,13
2026-10-02,40,plant-B,line-B3,machine-B7,lot-81,DN,aPZT,category-3,sub-a10,18,0,18
2026-10-02,40,plant-A,line-A7,machine-A4,lot-35,UP,aPZT,category-1,sub-a1,33,0,33
2026-10-02,40,plant-A,line-A5,machine-A6,lot-82,DN,bPZT,category-3,sub-b2,40,0,40
2026-10-02,40,plant-A,line-A10,machine-A10,lot-30,DN,bPZT,category-3,sub-b5,20,0,20
2026-10-02,40,plant-A,line-A6,machine-A5,lot-83,DN,aPZT,category-1,sub-a2,36,0,36
2026-10-02,40,plant-B,line-B8,machine-B6,lot-99,UP,bPZT,category-1,sub-b8,4,0,4
2026-10-02,40,plant-A,line-A5,machine-A6,lot-82,UP,aPZT,category-5,sub-a6,11,0,11
2026-10-02,40,plant-B,line-B8,machine-B6,lot-99,UP,aPZT,category-5,sub-a7,3,0,3
2026-10-02,40,plant-B,line-B6,machine-B1,lot-17,DN,aPZT,pass,pass,0,2544,2566
2026-10-02,40,plant-A,line-A6,machine-A10,lot-58,DN,bPZT,category-2,sub-b4,10,0,10
2026-10-02,40,plant-A,line-A8,machine-A9,lot-98,UP,bPZT,category-1,sub-b6,22,0,22
2026-10-02,40,plant-B,line-B5,machine-B5,lot-74,UP,bPZT,category-1,sub-b10,21,0,21
2026-10-02,40,plant-A,line-A10,machine-A2,lot-93,UP,aPZT,pass,pass,0,2153,2250
2026-10-02,40,plant-A,line-A4,machine-A5,lot-97,UP,bPZT,category-2,sub-b1,21,0,21
2026-10-02,40,plant-A,line-A8,machine-A9,lot-98,DN,bPZT,category-2,sub-b3,34,0,34
2026-10-02,40,plant-B,line-B9,machine-B7,lot-25,UP,bPZT,category-1,sub-b2,22,0,22
2026-10-02,40,plant-B,line-B5,machine-B5,lot-40,UP,aPZT,pass,pass,0,2455,2530
2026-10-02,40,plant-A,line-A10,machine-A2,lot-93,UP,bPZT,category-1,sub-b7,35,0,35
2026-10-02,40,plant-B,line-B7,machine-B10,lot-45,DN,bPZT,category-1,sub-b2,12,0,12
2026-10-02,40,plant-A,line-A6,machine-A7,lot-8,UP,aPZT,category-4,sub-a6,21,0,21
2026-10-02,40,plant-B,line-B8,machine-B6,lot-99,DN,aPZT,category-5,sub-a7,40,0,40
2026-10-02,40,plant-A,line-A4,machine-A3,lot-64,UP,aPZT,category-5,sub-a1,15,0,15
2026-10-02,40,plant-B,line-B4,machine-B9,lot-32,UP,bPZT,pass,pass,0,2795,2940
2026-10-02,40,plant-B,line-B9,machine-B7,lot-25,DN,bPZT,category-1,sub-b6,4,0,4
2026-10-02,40,plant-B,line-B8,machine-B6,lot-99,UP,aPZT,category-1,sub-a3,11,0,11
2026-10-02,40,plant-A,line-A4,machine-A5,lot-97,DN,bPZT,category-1,sub-b7,3,0,3
2026-10-02,40,plant-A,line-A4,machine-A5,lot-97,DN,bPZT,category-4,sub-b5,4,0,4
2026-10-02,40,plant-B,line-B5,machine-B5,lot-74,DN,aPZT,category-4,sub-a7,23,0,23
2026-10-02,40,plant-A,line-A9,machine-A1,lot-44,DN,aPZT,category-3,sub-a1,11,0,11
2026-10-02,40,plant-A,line-A10,machine-A2,lot-93,DN,aPZT,category-1,sub-a4,4,0,4
2026-10-02,40,plant-B,line-B3,machine-B7,lot-81,UP,bPZT,category-1,sub-b9,1,0,1
2026-10-02,40,plant-B,line-B4,machine-B9,lot-32,UP,aPZT,category-2,sub-a6,39,0,39
2026-10-02,40,plant-A,line-A10,machine-A2,lot-93,UP,bPZT,category-5,sub-b6,21,0,21
2026-10-02,40,plant-A,line-A9,machine-A10,lot-47,UP,aPZT,category-4,sub-a9,36,0,36
2026-10-02,40,plant-A,line-A3,machine-A7,lot-27,UP,bPZT,category-3,sub-b4,34,0,34
2026-10-02,40,plant-B,line-B7,machine-B10,lot-45,DN,bPZT,category-1,sub-b7,26,0,26
2026-10-02,40,plant-A,line-A10,machine-A10,lot-30,UP,aPZT,category-2,sub-a10,18,0,18
2026-10-02,40,plant-A,line-A4,machine-A5,lot-97,UP,bPZT,category-2,sub-b7,34,0,34
2026-10-02,40,plant-A,line-A6,machine-A10,lot-58,DN,bPZT,category-1,sub-b9,29,0,29
2026-10-02,40,plant-A,line-A3,machine-A9,lot-87,UP,bPZT,pass,pass,0,2131,2149
2026-10-02,40,plant-A,line-A8,machine-A9,lot-98,UP,aPZT,category-4,sub-a8,25,0,25
2026-10-02,40,plant-A,line-A4,machine-A5,lot-97,UP,bPZT,category-4,sub-b6,25,0,25
2026-10-02,40,plant-A,line-A7,machine-A4,lot-35,DN,bPZT,category-3,sub-b9,36,0,36
2026-10-02,40,plant-B,line-B8,machine-B1,lot-77,DN,bPZT,category-2,sub-b9,10,0,10
2026-10-02,40,plant-A,line-A9,machine-A10,lot-47,UP,aPZT,category-5,sub-a5,29,0,29
2026-10-02,40,plant-A,line-A3,machine-A7,lot-27,UP,bPZT,pass,pass,0,2206,2253
2026-10-02,40,plant-A,line-A9,machine-A10,lot-47,UP,bPZT,pass,,0,2338,2410
2026-10-02,40,plant-B,line-B4,machine-B9,lot-32,UP,aPZT,category-2,sub-a4,23,0,23
2026-10-02,40,plant-B,line-B5,machine-B5,lot-40,UP,bPZT,category-4,sub-b1,39,0,39
2026-10-02,40,plant-B,line-B3,machine-B7,lot-81,DN,aPZT,category-3,sub-a6,15,0,15
2026-10-02,40,plant-A,line-A4,machine-A5,lot-97,UP,aPZT,category-5,sub-a5,3,0,3
2026-10-02,40,plant-A,line-A10,machine-A2,lot-93,UP,aPZT,category-4,sub-a2,30,0,30
2026-10-02,40,plant-A,line-A5,machine-A6,lot-82,UP,aPZT,category-4,sub-a6,23,0,23
2026-10-02,40,plant-B,line-B5,machine-B5,lot-74,UP,bPZT,category-3,sub-b3,11,0,11
2026-10-02,40,plant-A,line-A5,machine-A6,lot-82,UP,aPZT,category-1,sub-a2,29,0,29
2026-10-02,40,plant-A,line-A4,machine-A3,lot-64,UP,aPZT,category-2,sub-a4,23,0,23
2026-10-02,40,plant-A,line-A9,machine-A1,lot-44,UP,bPZT,pass,pass,0,2992,3003
2026-10-02,40,plant-A,line-A5,machine-A6,lot-82,DN,bPZT,category-1,sub-b6,13,0,13
2026-10-02,40,plant-B,line-B7,machine-B10,lot-45,DN,bPZT,category-1,sub-b8,14,0,14
2026-10-02,40,plant-B,line-B5,machine-B5,lot-40,DN,aPZT,category-3,sub-a10,19,0,19
2026-10-02,40,plant-A,line-A3,machine-A7,lot-27,DN,aPZT,pass,pass,0,2206,2240
2026-10-02,40,plant-A,line-A3,machine-A9,lot-87,DN,aPZT,category-4,sub-a8,14,0,14
2026-10-02,40,plant-B,line-B9,machine-B5,lot-26,UP,aPZT,category-4,sub-a5,23,0,23
2026-10-02,40,plant-A,line-A9,machine-A1,lot-44,UP,bPZT,category-4,sub-b2,5,0,5
2026-10-02,40,plant-B,line-B7,machine-B10,lot-45,DN,bPZT,pass,pass,0,2060,2115
2026-10-02,40,plant-A,line-A4,machine-A5,lot-97,UP,bPZT,pass,pass,0,2237,2279
2026-10-02,40,plant-B,line-B4,machine-B9,lot-32,DN,aPZT,pass,pass,0,2795,2870
2026-10-02,40,plant-A,line-A7,machine-A4,lot-35,DN,bPZT,pass,pass,0,2996,3049
2026-10-02,40,plant-A,line-A3,machine-A7,lot-27,DN,aPZT,category-3,sub-a6,30,0,30
2026-10-02,40,plant-A,line-A3,machine-A9,lot-87,UP,aPZT,category-4,sub-a2,4,0,4
2026-10-02,40,plant-B,line-B7,machine-B10,lot-45,DN,bPZT,category-1,sub-b7,33,0,33
2026-10-02,40,plant-A,line-A6,machine-A7,lot-8,DN,bPZT,pass,pass,0,2004,2141
2026-10-02,40,plant-A,line-A6,machine-A10,lot-58,UP,aPZT,pass,pass,0,2830,2892
2026-10-02,40,plant-A,line-A6,machine-A5,lot-83,DN,bPZT,category-1,sub-b9,16,0,16
2026-10-02,40,plant-B,line-B5,machine-B5,lot-40,DN,aPZT,category-4,sub-a5,30,0,30
2026-10-02,40,plant-B,line-B8,machine-B6,lot-99,UP,aPZT,pass,pass,0,2379,2395
2026-10-02,40,plant-A,line-A3,machine-A9,lot-87,DN,bPZT,category-5,sub-b6,22,0,22
2026-10-02,40,plant-A,line-A5,machine-A6,lot-82,UP,aPZT,pass,pass,0,2163,2216
2026-10-02,40,plant-B,line-B8,machine-B6,lot-99,UP,aPZT,category-1,sub-a6,39,0,39
2026-10-02,40,plant-B,line-B8,machine-B6,lot-99,DN,bPZT,pass,pass,0,2379,2585
2026-10-02,40,plant-B,line-B3,machine-B7,lot-81,UP,aPZT,pass,pass,0,2057,2080
2026-10-02,40,plant-A,line-A7,machine-A4,lot-35,UP,bPZT,category-3,sub-b2,4,0,4
2026-10-02,40,plant-B,line-B6,machine-B1,lot-17,UP,aPZT,category-5,sub-a3,11,0,11
2026-10-02,40,plant-B,line-B4,machine-B9,lot-32,UP,aPZT,category-1,sub-a2,18,0,18
2026-10-02,40,plant-A,line-A6,machine-A10,lot-58,DN,aPZT,category-5,sub-a8,38,0,38
2026-10-02,40,plant-B,line-B8,machine-B6,lot-99,DN,aPZT,category-2,sub-a5,14,0,14
2026-10-02,40,plant-A,line-A6,machine-A10,lot-58,DN,aPZT,category-5,sub-a6,24,0,24
2026-10-02,40,plant-A,line-A6,machine-A5,lot-83,UP,aPZT,category-1,sub-a6,21,0,21
2026-10-02,40,plant-B,line-B4,machine-B9,lot-32,UP,bPZT,category-5,sub-b6,5,0,5
2026-10-02,40,plant-A,line-A9,machine-A10,lot-47,UP,aPZT,pass,pass,0,2338,2372
2026-10-02,40,plant-A,line-A3,machine-A9,lot-87,UP,aPZT,pass,pass,0,2131,2153
2026-10-02,40,plant-B,line-B3,machine-B7,lot-81,UP,aPZT,category-1,sub-a5,5,0,5
2026-10-02,40,plant-A,line-A10,machine-A10,lot-30,UP,bPZT,category-5,sub-b1,15,0,15
2026-10-02,40,plant-B,line-B8,machine-B6,lot-99,UP,aPZT,category-2,sub-a9,35,0,35
2026-10-02,40,plant-A,line-A5,machine-A6,lot-82,UP,aPZT,category-5,sub-a7,19,0,19
2026-10-02,40,plant-A,line-A7,machine-A4,lot-35,UP,bPZT,category-2,sub-b8,23,0,23
2026-10-02,40,plant-A,line-A9,machine-A1,lot-44,DN,bPZT,category-2,sub-b1,35,0,35
2026-10-02,40,plant-B,line-B4,machine-B9,lot-32,UP,bPZT,category-5,sub-b8,15,0,15
2026-10-02,40,plant-A,line-A8,machine-A9,lot-98,UP,bPZT,pass,pass,0,2813,2872
2026-10-02,40,plant-B,line-B3,machine-B7,lot-81,DN,aPZT,category-4,sub-a9,15,0,15
2026-10-02,40,plant-A,line-A6,machine-A7,lot-8,DN,bPZT,category-2,sub-b2,3,0,3
2026-10-02,40,plant-B,line-B5,machine-B5,lot-74,DN,bPZT,category-3,sub-b3,38,0,38
2026-10-02,40,plant-B,line-B7,machine-B10,lot-45,dN,aPZT,category-5,sub-a1,21,0,21
2026-10-02,40,plant-B,line-B3,machine-B7,lot-81,DN,bPZT,pass,pass,0,2057,2110
2026-10-02,40,plant-B,line-B9,machine-B7,lot-25,DN,bPZT,category-3,sub-b7,34,0,34
2026-10-02,40,plant-B,line-B5,machine-B5,lot-40,DN,bPZT,pass,pass,0,2455,2522
2026-10-03,40,plant-A,line-A6,machine-A5,lot-80,DN,aPZT,pass,pass,0,2837,2873
2026-10-03,40,plant-A,line-A4,machine-A7,lot-38,DN,aPZT,category-2,sub-a9,20,0,20
2026-10-03,40,plant-A,line-A5,machine-A6,lot-22,DN,bPZT,category-2,sub-b7,29,0,29
2026-10-03,40,plant-B,line-B1,machine-B2,lot-63,UP,aPZT,category-3,sub-a2,7,0,7
2026-10-03,40,plant-B,line-B10,machine-B3,lot-12,DN,aPZT,category-3,sub-a1,14,0,14
2026-10-03,40,plant-A,line-A4,machine-A6,lot-39,DN,bPZT,category-3,sub-b2,21,0,21
2026-10-03,40,plant-B,line-B1,machine-B2,lot-63,UP,bPZT,pass,pass,0,2990,3095
2026-10-03,40,plant-A,line-A3,machine-A5,lot-71,UP,bPZT,category-4,sub-b9,34,0,34
2026-10-03,40,plant-B,line-B1,machine-B9,lot-24,DN,aPZT,category-1,sub-a3,23,0,23
2026-10-03,40,plant-A,line-A6,machine-A5,lot-80,DN,bPZT,category-4,sub-b10,36,0,36
2026-10-03,40,plant-B,line-B9,machine-B3,lot-31,DN,bPZT,category-1,sub-b8,10,0,10
2026-10-03,40,plant-A,line-A6,machine-A1,lot-48,up,bPZT,category-3,,4,0,4
2026-10-03,40,plant-B,line-B2,machine-B8,lot-76,DN,aPZT,category-1,sub-a1,5,0,5
2026-10-03,40,plant-B,line-B10,machine-B8,lot-92,UP,aPZT,category-3,sub-a2,30,0,30
2026-10-03,40,plant-B,line-B10,machine-B3,lot-12,UP,bPZT,category-3,sub-b3,40,0,40
2026-10-03,40,plant-A,line-A3,machine-A5,lot-71,UP,bPZT,pass,pass,0,2565,2605
2026-10-03,40,plant-B,line-B5,machine-B6,lot-60,DN,aPZT,category-5,sub-a4,4,0,4
2026-10-03,40,plant-A,line-A6,machine-A1,lot-48,DN,bPZT,category-3,sub-b6,5,0,5
2026-10-03,40,plant-A,line-A6,machine-A1,lot-48,UP,aPZT,pass,pass,0,2410,2510
2026-10-03,40,plant-A,line-A6,machine-A10,lot-77,DN,aPZT,category-1,sub-a8,29,0,29
2026-10-03,40,plant-B,line-B7,machine-B9,lot-93,DN,aPZT,pass,pass,0,2078,2122
2026-10-03,40,plant-A,line-A4,machine-A7,lot-38,UP,aPZT,category-2,sub-a9,18,0,18
2026-10-03,40,plant-B,line-B4,machine-B7,lot-90,UP,aPZT,category-1,sub-a7,10,0,10
2026-10-03,40,plant-A,line-A1,machine-A4,lot-19,UP,aPZT,category-5,sub-a5,5,0,5
2026-10-03,40,plant-A,line-A6,machine-A10,lot-77,UP,aPZT,category-3,sub-a4,6,0,6
2026-10-03,40,plant-B,line-B10,machine-B1,lot-37,Up,aPZT,pass,pass,0,2576,2618
2026-10-03,40,plant-A,line-A10,machine-A4,lot-81,DN,bPZT,category-3,sub-b5,40,0,40
2026-10-03,40,plant-B,line-B1,machine-B9,lot-24,DN,aPZT,category-4,sub-a3,15,0,15
2026-10-03,40,plant-B,line-B10,machine-B1,lot-37,DN,aPZT,category-4,sub-a8,5,0,5
2026-10-03,40,plant-B,line-B1,machine-B9,lot-24,DN,aPZT,category-1,sub-a9,31,0,31
2026-10-03,40,plant-B,line-B9,machine-B5,lot-88,DN,bPZT,category-1,sub-b3,35,0,35
2026-10-03,40,plant-A,line-A10,machine-A4,lot-81,UP,bPZT,pass,pass,0,2601,2615
2026-10-03,40,plant-A,line-A6,machine-A5,lot-80,DN,aPZT,category-4,sub-a2,4,0,4
2026-10-03,40,plant-B,line-B2,machine-B5,lot-56,UP,bPZT,category-4,sub-b6,13,0,13
2026-10-03,40,plant-B,line-B2,machine-B5,lot-56,DN,bPZT,category-1,sub-b4,29,0,29
2026-10-03,40,plant-A,line-A5,machine-A6,lot-22,UP,aPZT,category-2,sub-a1,24,0,24
2026-10-03,40,plant-A,line-A10,machine-A9,lot-96,DN,bPZT,pass,pass,0,2388,2433
2026-10-03,40,plant-B,line-B2,machine-B5,lot-56,DN,bPZT,category-3,sub-b6,21,0,21
2026-10-03,40,plant-A,line-A10,machine-A4,lot-81,DN,aPZT,category-2,sub-a7,14,0,14
2026-10-03,40,plant-B,line-B2,machine-B5,lot-56,Dn,aPZT,category-2,sub-a10,3,0,3
2026-10-03,40,plant-A,line-A3,machine-A5,lot-71,DN,aPZT,pass,pass,0,2565,2620
2026-10-03,40,plant-A,line-A4,machine-A6,lot-39,UP,bPZT,category-2,sub-b3,30,0,30
2026-10-03,40,plant-B,line-B10,machine-B1,lot-37,DN,aPZT,category-5,sub-a9,8,0,8
2026-10-03,40,plant-A,line-A6,machine-A10,lot-77,UP,aPZT,category-2,sub-a1,7,0,7
2026-10-03,40,plant-B,line-B5,machine-B6,lot-60,DN,aPZT,pass,pass,0,2454,2518
2026-10-03,40,plant-B,line-B5,machine-B6,lot-60,UP,bPZT,category-2,sub-b5,13,0,13
2026-10-03,40,plant-A,line-A4,machine-A7,lot-38,up,bPZT,category-3,sub-b10,23,0,23
2026-10-03,40,plant-B,line-B6,machine-B5,lot-11,dn,aPZT,pass,pass,0,2892,3000
2026-10-03,40,plant-A,line-A1,machine-A4,lot-19,UP,bPZT,category-5,sub-b8,27,0,27
2026-10-03,40,plant-B,line-B1,machine-B9,lot-24,DN,bPZT,category-2,sub-b10,2,0,2
2026-10-03,40,plant-B,line-B10,machine-B8,lot-92,DN,aPZT,pass,pass,0,2900,2959
2026-10-03,40,plant-A,line-A4,machine-A7,lot-38,DN,aPZT,pass,pass,0,2408,2471
2026-10-03,40,plant-B,line-B7,machine-B9,lot-93,DN,bPZT,category-2,sub-b8,19,0,19
2026-10-03,40,plant-B,line-B6,machine-B5,lot-11,UP,bPZT,category-1,sub-b7,11,0,11
2026-10-03,40,plant-B,line-B9,machine-B3,lot-31,DN,bPZT,pass,pass,0,2520,2551
2026-10-03,40,plant-B,line-B10,machine-B3,lot-12,UP,aPZT,category-5,sub-a10,25,0,25
2026-10-03,40,plant-A,line-A4,machine-A7,lot-38,DN,bPZT,category-3,sub-b8,7,0,7
2026-10-03,40,plant-B,line-B10,machine-B1,lot-37,DN,aPZT,category-5,sub-a9,33,0,33
2026-10-03,40,plant-B,line-B7,machine-B9,lot-93,UP,aPZT,category-5,sub-a6,15,0,15
2026-10-03,40,plant-B,line-B10,machine-B8,lot-92,UP,bPZT,category-3,sub-b6,36,0,36
2026-10-03,40,plant-A,line-A6,machine-A10,lot-77,UP,aPZT,category-1,sub-a7,15,0,15
2026-10-03,40,plant-B,line-B2,machine-B5,lot-56,UP,aPZT,category-3,sub-a5,3,0,3
2026-10-03,40,plant-A,line-A10,machine-A4,lot-81,UP,bPZT,category-3,sub-b7,34,0,34
2026-10-03,40,plant-A,line-A6,machine-A1,lot-48,DN,bPZT,pass,pass,0,2410,2446
2026-10-03,40,plant-B,line-B10,machine-B3,lot-12,DN,aPZT,pass,pass,0,2366,2420
2026-10-03,40,plant-B,line-B2,machine-B8,lot-76,DN,bPZT,pass,pass,0,2835,2840
2026-10-03,40,plant-B,line-B5,machine-B6,lot-60,UP,aPZT,category-2,sub-a5,11,0,11
2026-10-03,40,plant-B,line-B10,machine-B3,lot-12,DN,aPZT,category-4,sub-a9,17,0,17
2026-10-03,40,plant-A,line-A10,machine-A4,lot-81,UP,aPZT,pass,pass,0,2601,2730
2026-10-03,40,plant-B,line-B5,machine-B6,lot-60,DN,bPZT,pass,pass,0,2454,2469
2026-10-03,40,plant-A,line-A6,machine-A1,lot-48,DN,bPZT,category-3,sub-b6,14,0,14
2026-10-03,40,plant-A,line-A5,machine-A6,lot-22,DN,bPZT,category-3,sub-b2,22,0,22
2026-10-03,40,plant-B,line-B10,machine-B3,lot-12,DN,bPZT,pass,pass,0,2366,2516
2026-10-03,40,plant-A,line-A6,machine-A10,lot-77,UP,aPZT,pass,pass,0,2384,2388
2026-10-03,40,plant-B,line-B4,machine-B7,lot-90,DN,aPZT,category-2,sub-a3,24,0,24
2026-10-03,40,plant-A,line-A4,machine-A3,lot-44,UP,aPZT,category-4,sub-a4,15,0,15
2026-10-03,40,plant-A,line-A4,machine-A6,lot-39,DN,aPZT,category-3,sub-a1,22,0,22
2026-10-03,40,plant-B,line-B5,machine-B6,lot-60,DN,bPZT,category-5,sub-b6,13,0,13
2026-10-03,40,plant-B,line-B2,machine-B5,lot-56,DN,aPZT,pass,pass,0,2084,2147
2026-10-03,40,plant-A,line-A6,machine-A5,lot-80,UP,aPZT,category-4,sub-a4,31,0,31
2026-10-03,40,plant-A,line-A6,machine-A5,lot-80,DN,aPZT,category-3,sub-a2,36,0,36
2026-10-03,40,plant-B,line-B1,machine-B2,lot-63,DN,aPZT,category-1,sub-a9,11,0,11
2026-10-03,40,plant-B,line-B1,machine-B9,lot-24,UP,bPZT,category-3,sub-b6,33,0,33
2026-10-03,40,plant-A,line-A1,machine-A4,lot-19,DN,bPZT,category-3,sub-b7,22,0,22
2026-10-03,40,plant-B,line-B1,machine-B9,lot-24,DN,aPZT,pass,pass,0,2916,2956
2026-10-03,40,plant-B,line-B9,machine-B5,lot-88,UP,bPZT,category-2,sub-b4,18,0,18
2026-10-03,40,plant-A,line-A6,machine-A10,lot-77,UP,bPZT,pass,pass,0,2384,2483
2026-10-03,40,plant-B,line-B10,machine-B8,lot-92,UP,aPZT,category-5,sub-a6,31,0,31
2026-10-03,40,plant-B,line-B10,machine-B8,lot-92,UP,aPZT,category-2,sub-a3,37,0,37
2026-10-03,40,plant-B,line-B10,machine-B3,lot-12,DN,bPZT,category-4,sub-b6,14,0,14
2026-10-03,40,plant-B,line-B10,machine-B8,lot-92,DN,aPZT,category-3,sub-a4,26,0,26
2026-10-03,40,plant-B,line-B10,machine-B1,lot-37,UP,bPZT,category-4,sub-b2,12,0,12
2026-10-03,40,plant-A,line-A5,machine-A6,lot-22,DN,aPZT,category-2,sub-a8,19,0,19
2026-10-03,40,plant-B,line-B10,machine-B3,lot-12,DN,aPZT,category-2,sub-a9,32,0,32
2026-10-03,40,plant-B,line-B9,machine-B5,lot-88,DN,bPZT,pass,pass,0,2234,2243
2026-10-03,40,plant-B,line-B4,machine-B7,lot-90,DN,aPZT,pass,pass,0,2849,2924
2026-10-03,40,plant-A,line-A6,machine-A1,lot-48,UP,aPZT,category-1,sub-a6,36,0,36
2026-10-03,40,plant-B,line-B1,machine-B2,lot-63,DN,aPZT,category-1,sub-a8,35,0,35
2026-10-03,40,plant-B,line-B6,machine-B5,lot-11,DN,bPZT,category-4,sub-b4,26,0,26
2026-10-03,40,plant-B,line-B7,machine-B9,lot-93,UP,aPZT,category-1,sub-a7,19,0,19
2026-10-03,40,plant-B,line-B10,machine-B1,lot-37,DN,aPZT,category-4,sub-a9,10,0,10
2026-10-03,40,plant-B,line-B1,machine-B9,lot-24,UP,bPZT,pass,pass,0,2916,3020
2026-10-03,40,plant-A,line-A10,machine-A6,lot-35,UP,aPZT,category-3,sub-a10,26,0,26
2026-10-03,40,plant-B,line-B4,machine-B7,lot-90,UP,bPZT,category-1,sub-b7,33,0,33
2026-10-03,40,plant-A,line-A3,machine-A5,lot-71,UP,bPZT,category-5,sub-b6,3,0,3
2026-10-03,40,plant-B,line-B9,machine-B5,lot-88,DN,bPZT,category-3,sub-b8,1,0,1
2026-10-03,40,plant-A,line-A5,machine-A6,lot-22,UP,bPZT,category-5,sub-b4,24,0,24
2026-10-03,40,plant-A,line-A4,machine-A3,lot-44,UP,bPZT,category-4,sub-b9,16,0,16
2026-10-03,40,plant-A,line-A4,machine-A7,lot-38,DN,aPZT,category-3,sub-a9,22,0,22
2026-10-03,40,plant-A,line-A10,machine-A6,lot-35,DN,bPZT,pass,pass,0,2340,2403
2026-10-03,40,plant-B,line-B10,machine-B3,lot-12,DN,aPZT,category-1,sub-a7,22,0,22
2026-10-03,40,plant-A,line-A10,machine-A6,lot-35,UP,bPZT,category-5,sub-b1,3,0,3
2026-10-03,40,plant-A,line-A4,machine-A7,lot-38,DN,bPZT,category-1,sub-b8,33,0,33
2026-10-03,40,plant-A,line-A4,machine-A6,lot-39,UP,aPZT,pass,pass,0,2546,2597
2026-10-03,40,plant-B,line-B6,machine-B5,lot-11,DN,aPZT,category-5,sub-a4,33,0,33
2026-10-03,40,plant-B,line-B9,machine-B5,lot-88,DN,bPZT,category-2,sub-b8,26,0,26
2026-10-03,40,plant-A,line-A5,machine-A6,lot-22,DN,bPZT,pass,pass,0,2734,2777
2026-10-03,40,plant-B,line-B1,machine-B9,lot-24,DN,bPZT,category-4,sub-b4,5,0,5
2026-10-03,40,plant-B,line-B7,machine-B9,lot-93,DN,bPZT,pass,pass,0,2078,2143
2026-10-03,40,plant-B,line-B9,machine-B5,lot-88,UP,bPZT,category-2,sub-b6,38,0,38
2026-10-03,40,plant-A,line-A6,machine-A5,lot-80,DN,aPZT,category-4,sub-a10,11,0,11
2026-10-03,40,plant-B,line-B2,machine-B8,lot-76,DN,bPZT,category-1,sub-b6,17,0,17
2026-10-03,40,plant-A,line-A4,machine-A6,lot-39,UP,aPZT,category-1,sub-a5,4,0,4
2026-10-03,40,plant-B,line-B6,machine-B5,lot-11,UP,bPZT,category-2,sub-b7,28,0,28
2026-10-03,40,plant-A,line-A10,machine-A9,lot-96,DN,aPZT,pass,pass,0,2388,2395
2026-10-03,40,plant-B,line-B1,machine-B2,lot-63,DN,bPZT,category-5,sub-b6,25,0,25
2026-10-03,40,plant-A,line-A6,machine-A5,lot-80,UP,aPZT,category-4,sub-a5,12,0,12
2026-10-03,40,plant-B,line-B10,machine-B8,lot-92,UP,bPZT,pass,pass,0,2900,3050
2026-10-03,40,plant-B,line-B10,machine-B3,lot-12,UP,aPZT,category-2,sub-a1,40,0,40
2026-10-03,40,plant-B,line-B9,machine-B3,lot-31,DN,aPZT,category-4,sub-a1,31,0,31
2026-10-03,40,plant-A,line-A1,machine-A4,lot-19,DN,bPZT,pass,pass,0,2881,2886
2026-10-03,40,plant-B,line-B1,machine-B2,lot-63,DN,aPZT,category-1,sub-a1,13,0,13
2026-10-03,40,plant-A,line-A6,machine-A1,lot-48,DN,bPZT,category-1,sub-b5,12,0,12
2026-10-03,40,plant-A,line-A4,machine-A3,lot-44,Dn,bPZT,pass,pass,0,2632,2647
2026-10-03,40,plant-A,line-A10,machine-A6,lot-35,UP,aPZT,category-3,sub-a1,2,0,2
2026-10-03,40,plant-B,line-B9,machine-B3,lot-31,DN,aPZT,pass,pass,0,2520,2611
2026-10-03,40,plant-B,line-B9,machine-B5,lot-88,UP,aPZT,pass,pass,0,2234,2352
2026-10-03,40,plant-A,line-A4,machine-A7,lot-38,UP,aPZT,category-1,sub-a5,16,0,16
2026-10-03,40,plant-B,line-B4,machine-B7,lot-90,UP,bPZT,pass,pass,0,2849,2883
2026-10-03,40,plant-B,line-B2,machine-B5,lot-56,UP,bPZT,pass,pass,0,2084,2116
2026-10-03,40,plant-A,line-A10,machine-A6,lot-35,UP,aPZT,category-4,sub-a6,18,0,18
2026-10-03,40,plant-B,line-B9,machine-B3,lot-31,DN,bPZT,category-2,sub-b9,40,0,40
2026-10-03,40,plant-B,line-B10,machine-B8,lot-92,DN,aPZT,category-1,sub-a4,25,0,25
2026-10-03,40,plant-A,line-A10,machine-A9,lot-96,UP,aPZT,category-5,sub-a1,13,0,13
2026-10-03,40,plant-B,line-B10,machine-B8,lot-92,DN,aPZT,category-2,sub-a7,1,0,1
2026-10-03,40,plant-B,line-B6,machine-B5,lot-11,DN,bPZT,pass,pass,0,2892,2965
2026-10-03,40,plant-A,line-A6,machine-A1,lot-48,UP,bPZT,category-3,sub-b9,36,0,36
2026-10-03,40,plant-B,line-B1,machine-B2,lot-63,DN,bPZT,category-5,sub-b4,30,0,30
2026-10-03,40,plant-A,line-A4,machine-A3,lot-44,DN,bPZT,category-2,sub-b3,33,0,33
2026-10-03,40,plant-A,line-A10,machine-A4,lot-81,UP,bPZT,category-1,sub-b4,15,0,15
2026-10-03,40,plant-A,line-A6,machine-A5,lot-80,DN,bPZT,pass,pass,0,2837,2931
2026-10-03,40,plant-A,line-A6,machine-A1,lot-48,DN,bPZT,category-1,sub-b1,4,0,4
2026-10-03,40,plant-A,line-A4,machine-A7,lot-38,UP,aPZT,category-3,sub-a7,28,0,28
2026-10-03,40,plant-A,line-A4,machine-A3,lot-44,UP,aPZT,pass,pass,0,2632,2703
2026-10-03,40,plant-A,line-A10,machine-A9,lot-96,UP,bPZT,category-2,sub-b1,2,0,2
2026-10-03,40,plant-A,line-A10,machine-A6,lot-35,DN,bPZT,category-1,sub-b6,34,0,34
2026-10-03,40,plant-B,line-B1,machine-B2,lot-63,DN,aPZT,category-4,sub-a10,25,0,25
2026-10-03,40,plant-B,line-B1,machine-B9,lot-24,DN,aPZT,category-3,sub-a5,35,0,35
2026-10-03,40,plant-B,line-B10,machine-B1,lot-37,DN,aPZT,category-1,sub-a1,21,0,21
2026-10-03,40,plant-B,line-B4,machine-B7,lot-90,UP,bPZT,category-1,sub-b10,36,0,36
2026-10-03,40,plant-A,line-A5,machine-A6,lot-22,UP,aPZT,pass,pass,0,2734,2809
2026-10-03,40,plant-B,line-B1,machine-B2,lot-63,UP,aPZT,pass,pass,0,2990,3073
2026-10-03,40,plant-A,line-A10,machine-A6,lot-35,DN,aPZT,category-2,sub-a5,17,0,17
2026-10-03,40,plant-B,line-B2,machine-B8,lot-76,DN,aPZT,pass,pass,0,2835,2852
2026-10-03,40,plant-B,line-B9,machine-B5,lot-88,UP,aPZT,category-5,sub-a3,9,0,9
2026-10-03,40,plant-A,line-A10,machine-A9,lot-96,DN,bPZT,category-4,sub-b7,5,0,5
2026-10-03,40,plant-B,line-B2,machine-B5,lot-56,UP,aPZT,category-5,sub-a8,26,0,26
2026-10-03,40,plant-A,line-A1,machine-A4,lot-19,UP,aPZT,pass,pass,0,2881,2973
2026-10-03,40,plant-A,line-A4,machine-A7,lot-38,UP,bPZT,pass,pass,0,2408,2512
2026-10-03,40,plant-B,line-B1,machine-B2,lot-63,UP,bPZT,category-4,sub-b4,28,0,28
2026-10-03,40,plant-A,line-A3,machine-A5,lot-71,UP,aPZT,category-2,sub-a6,40,0,40
2026-10-03,40,plant-A,line-A10,machine-A6,lot-35,DN,bPZT,category-3,sub-b10,3,0,3
2026-10-03,40,plant-A,line-A6,machine-A10,lot-77,UP,aPZT,category-1,sub-a5,17,0,17
2026-10-03,40,plant-B,line-B9,machine-B3,lot-31,DN,bPZT,category-2,sub-b3,25,0,25
2026-10-03,40,plant-B,line-B5,machine-B6,lot-60,DN,bPZT,category-3,sub-b8,23,0,23
2026-10-03,40,plant-A,line-A3,machine-A5,lot-71,DN,bPZT,category-1,sub-b7,18,0,18
2026-10-03,40,plant-B,line-B9,machine-B3,lot-31,UP,bPZT,category-1,sub-b1,16,0,16
2026-10-03,40,plant-B,line-B10,machine-B1,lot-37,DN,bPZT,pass,pass,0,2576,2653
2026-10-03,40,plant-B,line-B1,machine-B2,lot-63,UP,aPZT,category-2,sub-a3,14,0,14
2026-10-03,40,plant-B,line-B7,machine-B9,lot-93,UP,bPZT,category-4,sub-b8,25,0,25
2026-10-03,40,plant-A,line-A1,machine-A4,lot-19,DN,bPZT,category-4,sub-b5,25,0,25
2026-10-03,40,plant-A,line-A6,machine-A10,lot-77,UP,aPZT,category-2,sub-a8,25,0,25
2026-10-03,40,plant-A,line-A4,machine-A3,lot-44,DN,bPZT,category-2,sub-b7,8,0,8
2026-10-03,40,plant-B,line-B10,machine-B1,lot-37,UP,bPZT,category-5,sub-b7,20,0,20
2026-10-03,40,plant-A,line-A10,machine-A6,lot-35,UP,aPZT,pass,pass,0,2340,2380
2026-10-03,40,plant-B,line-B6,machine-B5,lot-11,DN,bPZT,category-4,sub-b10,36,0,36
2026-10-03,40,plant-B,line-B4,machine-B7,lot-90,DN,bPZT,category-3,sub-b6,6,0,6
2026-10-03,40,plant-B,line-B7,machine-B9,lot-93,DN,aPZT,category-4,sub-a8,31,0,31
2026-10-03,40,plant-B,line-B6,machine-B5,lot-11,UP,bPZT,category-1,sub-b8,7,0,7
2026-10-03,40,plant-A,line-A4,machine-A6,lot-39,UP,bPZT,pass,pass,0,2546,2572
2026-10-03,40,plant-A,line-A6,machine-A10,lot-77,DN,bPZT,category-2,sub-b1,4,0,4
2026-10-03,40,plant-A,line-A6,machine-A1,lot-48,UP,bPZT,category-2,sub-b9,25,0,25
2026-10-03,40,plant-A,line-A10,machine-A4,lot-81,UP,bPZT,category-2,sub-b8,40,0,40
2026-10-03,40,plant-B,line-B10,machine-B1,lot-37,DN,bPZT,category-2,sub-b8,10,0,10
2026-10-03,40,plant-B,line-B5,machine-B6,lot-60,UP,bPZT,category-3,sub-b1,15,0,15
2026-10-03,40,plant-B,line-B10,machine-B8,lot-92,DN,bPZT,category-4,sub-b10,23,0,23
2026-10-03,40,plant-A,line-A1,machine-A4,lot-19,DN,bPZT,category-2,sub-b1,18,0,18
2026-10-03,40,plant-A,line-A10,machine-A9,lot-96,DN,aPZT,category-5,sub-a8,32,0,32
2026-10-03,40,plant-B,line-B6,machine-B5,lot-11,UP,aPZT,category-1,sub-a5,40,0,40
2026-10-03,40,plant-A,line-A4,machine-A3,lot-44,UP,bPZT,category-1,sub-b1,14,0,14
2026-10-04,40,plant-A,line-A9,machine-A1,lot-89,DN,aPZT,category-3,sub-a2,3,0,3
2026-10-04,40,plant-B,line-B6,machine-B10,lot-38,UP,bPZT,category-1,sub-b8,22,0,22
2026-10-04,40,plant-B,line-B8,machine-B7,lot-1,DN,bPZT,category-5,sub-b6,38,0,38
2026-10-04,40,plant-A,line-A7,machine-A3,lot-87,UP,aPZT,category-1,,16,0,16
2026-10-04,40,plant-B,line-B6,machine-B9,lot-64,UP,aPZT,category-4,sub-a1,23,0,23
2026-10-04,40,plant-A,line-A10,machine-A1,lot-47,UP,aPZT,category-4,sub-a9,26,0,26
2026-10-04,40,plant-B,line-B7,machine-B6,lot-4,DN,bPZT,category-5,sub-b7,40,0,40
2026-10-04,40,plant-B,line-B1,machine-B10,lot-78,DN,aPZT,category-5,sub-a10,19,0,19
2026-10-04,40,plant-A,line-A7,machine-A3,lot-87,DN,bPZT,category-5,sub-b3,2,0,2
2026-10-04,40,plant-B,line-B1,machine-B7,lot-17,UP,aPZT,category-2,sub-a3,17,0,17
2026-10-04,40,plant-A,line-A6,machine-A4,lot-23,DN,aPZT,category-2,sub-a5,25,0,25
2026-10-04,40,plant-B,line-B6,machine-B7,lot-69,DN,bPZT,pass,pass,0,2723,2784
2026-10-04,40,plant-A,line-A8,machine-A7,lot-48,DN,aPZT,category-1,sub-a4,15,0,15
2026-10-04,40,plant-A,line-A9,machine-A1,lot-89,DN,aPZT,category-1,sub-a8,10,0,10
2026-10-04,40,plant-B,line-B6,machine-B7,lot-69,DN,aPZT,pass,pass,0,2723,2736
2026-10-04,40,plant-A,line-A2,machine-A8,lot-3,DN,bPZT,category-1,sub-b6,39,0,39
2026-10-04,40,plant-B,line-B1,machine-B7,lot-17,DN,bPZT,category-2,sub-b9,39,0,39
2026-10-04,40,plant-A,line-A10,machine-A10,lot-22,DN,aPZT,category-2,sub-a2,12,0,12
2026-10-04,40,plant-B,line-B10,machine-B6,lot-54,DN,aPZT,category-5,sub-a1,25,0,25
2026-10-04,40,plant-A,line-A4,machine-A10,lot-67,DN,aPZT,category-1,sub-a4,16,0,16
2026-10-04,40,plant-B,line-B6,machine-B10,lot-38,DN,bPZT,pass,pass,0,2216,2279
2026-10-04,40,plant-A,line-A6,machine-A4,lot-23,UP,bPZT,pass,pass,0,2709,2753
2026-10-04,40,plant-A,line-A10,machine-A10,lot-22,Up,bPZT,category-2,sub-b4,4,0,4
2026-10-04,40,plant-B,line-B10,machine-B6,lot-54,DN,aPZT,pass,,0,2611,2642
2026-10-04,40,plant-A,line-A9,machine-A1,lot-89,DN,bPZT,category-2,sub-b7,16,0,16
2026-10-04,40,plant-B,line-B7,machine-B6,lot-4,DN,aPZT,pass,pass,0,2136,2288
2026-10-04,40,plant-A,line-A6,machine-A4,lot-23,UP,bPZT,category-1,sub-b6,14,0,14
2026-10-04,40,plant-B,line-B7,machine-B6,lot-4,UP,bPZT,category-2,sub-b10,10,0,10
2026-10-04,40,plant-B,line-B6,machine-B9,lot-64,UP,bPZT,category-4,sub-b9,18,0,18
2026-10-04,40,plant-B,line-B1,machine-B7,lot-17,dN,bPZT,category-4,sub-b4,29,0,29
2026-10-04,40,plant-A,line-A4,machine-A10,lot-67,DN,aPZT,category-1,sub-a6,32,0,32
2026-10-04,40,plant-A,line-A7,machine-A3,lot-87,DN,bPZT,pass,pass,0,2056,2085
2026-10-04,40,plant-A,line-A9,machine-A7,lot-68,DN,aPZT,pass,pass,0,2319,2399
2026-10-04,40,plant-B,line-B6,machine-B6,lot-93,DN,aPZT,category-3,sub-a8,25,0,25
2026-10-04,40,plant-A,line-A10,machine-A10,lot-22,DN,aPZT,pass,pass,0,2468,2515
2026-10-04,40,plant-A,line-A4,machine-A10,lot-57,DN,aPZT,category-4,sub-a7,22,0,22
2026-10-04,40,plant-A,line-A4,machine-A10,lot-57,DN,bPZT,pass,pass,0,2237,2284
2026-10-04,40,plant-B,line-B6,machine-B7,lot-69,DN,bPZT,category-3,sub-b7,13,0,13
2026-10-04,40,plant-A,line-A4,machine-A10,lot-67,UP,aPZT,category-4,sub-a5,31,0,31
2026-10-04,40,plant-A,line-A2,machine-A8,lot-3,UP,bPZT,category-5,sub-b2,19,0,19
2026-10-04,40,plant-A,line-A7,machine-A3,lot-87,DN,bPZT,category-4,sub-b6,8,0,8
2026-10-04,40,plant-B,line-B5,machine-B8,lot-43,UP,aPZT,category-3,sub-a1,14,0,14
2026-10-04,40,plant-B,line-B4,machine-B7,lot-73,DN,aPZT,pass,pass,0,2057,2073
2026-10-04,40,plant-A,line-A10,machine-A10,lot-22,UP,bPZT,category-2,sub-b9,23,0,23
2026-10-04,40,plant-A,line-A4,machine-A10,lot-57,UP,aPZT,category-2,sub-a2,11,0,11
2026-10-04,40,plant-B,line-B10,machine-B6,lot-54,UP,bPZT,category-2,sub-b4,31,0,31
2026-10-04,40,plant-B,line-B6,machine-B10,lot-38,DN,aPZT,category-2,sub-a1,13,0,13
2026-10-04,40,plant-A,line-A10,machine-A1,lot-47,UP,aPZT,pass,pass,0,2278,2349
2026-10-04,40,plant-B,line-B6,machine-B9,lot-64,UP,aPZT,category-3,sub-a2,20,0,20
2026-10-04,40,plant-A,line-A10,machine-A1,lot-47,UP,bPZT,category-2,sub-b8,23,0,23
2026-10-04,40,plant-B,line-B10,machine-B4,lot-5,UP,aPZT,pass,pass,0,2817,2839
2026-10-04,40,plant-B,line-B1,machine-B7,lot-17,UP,bPZT,category-1,sub-b6,39,0,39
2026-10-04,40,plant-B,line-B4,machine-B7,lot-73,DN,aPZT,category-1,sub-a9,6,0,6
2026-10-04,40,plant-A,line-A8,machine-A7,lot-48,DN,aPZT,category-5,sub-a5,33,0,33
2026-10-04,40,plant-A,line-A10,machine-A10,lot-22,dN,bPZT,category-5,sub-b8,8,0,8
2026-10-04,40,plant-A,line-A8,machine-A7,lot-48,UP,aPZT,pass,pass,0,2648,2695
2026-10-04,40,plant-A,line-A2,machine-A8,lot-3,DN,bPZT,category-5,sub-b10,30,0,30
2026-10-04,40,plant-B,line-B6,machine-B9,lot-64,UP,aPZT,category-4,sub-a1,8,0,8
2026-10-04,40,plant-A,line-A2,machine-A3,lot-51,DN,aPZT,category-5,sub-a1,36,0,36
2026-10-04,40,plant-A,line-A4,machine-A10,lot-57,DN,aPZT,pass,pass,0,2237,2282
2026-10-04,40,plant-A,line-A1,machine-A7,lot-71,DN,aPZT,category-1,sub-a2,14,0,14
2026-10-04,40,plant-B,line-B7,machine-B6,lot-4,UP,aPZT,category-2,sub-a6,9,0,9
2026-10-04,40,plant-A,line-A10,machine-A10,lot-22,DN,aPZT,category-2,sub-a8,31,0,31
2026-10-04,40,plant-A,line-A2,machine-A8,lot-3,DN,bPZT,category-3,sub-b6,6,0,6
2026-10-04,40,plant-A,line-A10,machine-A1,lot-47,UP,bPZT,category-3,sub-b5,6,0,6
2026-10-04,40,plant-A,line-A9,machine-A1,lot-89,DN,aPZT,pass,pass,0,2295,2378
2026-10-04,40,plant-A,line-A9,machine-A7,lot-68,UP,bPZT,category-3,sub-b2,28,0,28
2026-10-04,40,plant-A,line-A4,machine-A10,lot-57,DN,bPZT,category-4,sub-b10,19,0,19
2026-10-04,40,plant-A,line-A4,machine-A10,lot-67,UP,aPZT,category-2,sub-a3,29,0,29
2026-10-04,40,plant-B,line-B2,machine-B4,lot-33,UP,bPZT,pass,pass,0,2457,2567
2026-10-04,40,plant-A,line-A2,machine-A3,lot-51,DN,aPZT,category-3,sub-a3,1,0,1
2026-10-04,40,plant-A,line-A2,machine-A3,lot-51,DN,aPZT,pass,pass,0,2535,2558
2026-10-04,40,plant-A,line-A7,machine-A3,lot-87,UP,bPZT,category-3,sub-b1,9,0,9
2026-10-04,40,plant-B,line-B6,machine-B7,lot-69,DN,aPZT,category-3,sub-a7,40,0,40
2026-10-04,40,plant-A,line-A2,machine-A8,lot-3,UP,bPZT,category-2,sub-b10,28,0,28
2026-10-04,40,plant-A,line-A9,machine-A1,lot-89,UP,aPZT,category-4,sub-a5,35,0,35
2026-10-04,40,plant-B,line-B6,machine-B9,lot-64,UP,aPZT,category-4,sub-a9,12,0,12
2026-10-04,40,plant-A,line-A7,machine-A3,lot-87,UP,bPZT,category-4,sub-b4,5,0,5
2026-10-04,40,plant-A,line-A1,machine-A7,lot-71,DN,aPZT,category-5,sub-a9,9,0,9
2026-10-04,40,plant-B,line-B6,machine-B6,lot-93,DN,aPZT,category-1,sub-a8,31,0,31
2026-10-04,40,plant-B,line-B1,machine-B7,lot-17,DN,aPZT,category-5,sub-a8,8,0,8
2026-10-04,40,plant-A,line-A4,machine-A10,lot-57,DN,aPZT,category-1,sub-a9,14,0,14
2026-10-04,40,plant-B,line-B4,machine-B7,lot-73,UP,bPZT,category-2,sub-b9,10,0,10
2026-10-04,40,plant-A,line-A9,machine-A1,lot-89,DN,aPZT,category-5,sub-a9,19,0,19
2026-10-04,40,plant-A,line-A9,machine-A7,lot-68,UP,aPZT,category-5,sub-a5,18,0,18
2026-10-04,40,plant-B,line-B2,machine-B4,lot-33,UP,aPZT,category-2,sub-a7,23,0,23
2026-10-04,40,plant-B,line-B6,machine-B6,lot-93,uP,aPZT,pass,pass,0,2994,3044
2026-10-04,40,plant-B,line-B1,machine-B10,lot-78,UP,aPZT,category-3,sub-a5,25,0,25
2026-10-04,40,plant-A,line-A4,machine-A10,lot-67,UP,bPZT,pass,pass,0,2608,2716
2026-10-04,40,plant-B,line-B6,machine-B6,lot-93,UP,bPZT,category-2,sub-b6,16,0,16
2026-10-04,40,plant-A,line-A1,machine-A7,lot-71,DN,aPZT,pass,pass,0,2259,2299
2026-10-04,40,plant-A,line-A4,machine-A10,lot-57,UP,bPZT,category-1,sub-b7,26,0,26
2026-10-04,40,plant-A,line-A10,machine-A1,lot-47,Up,bPZT,category-5,,2,0,2
2026-10-04,40,plant-A,line-A6,machine-A4,lot-23,DN,aPZT,pass,pass,0,2709,2740
2026-10-04,40,plant-A,line-A7,machine-A3,lot-87,UP,aPZT,pass,pass,0,2056,2115
2026-10-04,40,plant-B,line-B8,machine-B7,lot-1,UP,bPZT,category-4,sub-b4,23,0,23
2026-10-04,40,plant-B,line-B4,machine-B7,lot-73,DN,aPZT,category-1,sub-a9,24,0,24
2026-10-04,40,plant-B,line-B6,machine-B10,lot-38,DN,aPZT,category-5,sub-a9,40,0,40
2026-10-04,40,plant-B,line-B6,machine-B10,lot-38,UP,aPZT,category-5,sub-a8,10,0,10
2026-10-04,40,plant-B,line-B6,machine-B10,lot-38,DN,bPZT,category-5,sub-b3,24,0,24
2026-10-04,40,plant-B,line-B4,machine-B7,lot-73,DN,aPZT,category-3,sub-a6,27,0,27
2026-10-04,40,plant-A,line-A4,machine-A10,lot-67,DN,aPZT,pass,pass,0,2608,2616
2026-10-04,40,plant-B,line-B10,machine-B4,lot-5,UP,bPZT,category-2,sub-b6,22,0,22
2026-10-04,40,plant-B,line-B1,machine-B10,lot-78,UP,aPZT,category-2,sub-a2,26,0,26
2026-10-04,40,plant-B,line-B6,machine-B9,lot-64,DN,aPZT,category-4,sub-a3,32,0,32
2026-10-04,40,plant-A,line-A7,machine-A3,lot-87,DN,bPZT,category-1,sub-b8,32,0,32
2026-10-04,40,plant-B,line-B1,machine-B10,lot-78,DN,aPZT,pass,pass,0,2783,2791
2026-10-04,40,plant-B,line-B2,machine-B4,lot-33,UP,bPZT,category-4,sub-b9,12,0,12
2026-10-04,40,plant-A,line-A4,machine-A10,lot-67,UP,bPZT,category-5,sub-b6,8,0,8
2026-10-04,40,plant-B,line-B6,machine-B6,lot-93,DN,bPZT,category-4,sub-b8,34,0,34
2026-10-04,40,plant-A,line-A8,machine-A7,lot-48,UP,bPZT,category-2,sub-b6,7,0,7
2026-10-04,40,plant-B,line-B8,machine-B7,lot-1,DN,bPZT,category-4,sub-b9,14,0,14
2026-10-04,40,plant-B,line-B10,machine-B4,lot-5,dn,bPZT,pass,,0,2817,2845
2026-10-04,40,plant-B,line-B6,machine-B9,lot-64,UP,bPZT,pass,pass,0,2256,2384
2026-10-04,40,plant-A,line-A1,machine-A7,lot-71,UP,aPZT,category-4,sub-a7,19,0,19
2026-10-04,40,plant-B,line-B4,machine-B7,lot-73,UP,bPZT,category-1,sub-b5,6,0,6
2026-10-04,40,plant-A,line-A2,machine-A3,lot-51,DN,bPZT,pass,pass,0,2535,2612
2026-10-04,40,plant-B,line-B1,machine-B7,lot-17,DN,aPZT,category-3,sub-a4,35,0,35
2026-10-04,40,plant-A,line-A9,machine-A7,lot-68,UP,bPZT,category-1,sub-b3,19,0,19
2026-10-04,40,plant-A,line-A2,machine-A8,lot-3,DN,aPZT,pass,,0,2299,2443
2026-10-04,40,plant-B,line-B6,machine-B6,lot-93,UP,aPZT,category-3,sub-a10,15,0,15
2026-10-04,40,plant-A,line-A9,machine-A1,lot-89,UP,aPZT,category-5,sub-a10,7,0,7
2026-10-04,40,plant-A,line-A1,machine-A7,lot-71,UP,aPZT,category-3,sub-a7,5,0,5
2026-10-04,40,plant-A,line-A1,machine-A7,lot-71,DN,bPZT,pass,pass,0,2259,2337
2026-10-04,40,plant-B,line-B4,machine-B7,lot-73,DN,aPZT,category-4,sub-a6,25,0,25
2026-10-04,40,plant-A,line-A9,machine-A7,lot-68,UP,bPZT,pass,pass,0,2319,2340
2026-10-04,40,plant-B,line-B2,machine-B4,lot-33,UP,aPZT,category-4,sub-a1,23,0,23
2026-10-04,40,plant-B,line-B10,machine-B6,lot-54,DN,bPZT,pass,pass,0,2611,2737
2026-10-04,40,plant-A,line-A9,machine-A1,lot-89,DN,bPZT,category-2,sub-b7,37,0,37
2026-10-04,40,plant-B,line-B7,machine-B6,lot-4,DN,bPZT,category-3,sub-b10,37,0,37
2026-10-04,40,plant-A,line-A9,machine-A7,lot-68,UP,bPZT,category-4,sub-b8,9,0,9
2026-10-04,40,plant-B,line-B1,machine-B7,lot-17,UP,aPZT,pass,pass,0,2035,2225
2026-10-04,40,plant-B,line-B1,machine-B7,lot-17,DN,bPZT,category-2,sub-b8,33,0,33
2026-10-04,40,plant-B,line-B10,machine-B4,lot-5,DN,aPZT,category-5,,28,0,28
2026-10-04,40,plant-B,line-B7,machine-B6,lot-4,Dn,bPZT,category-2,,24,0,24
2026-10-04,40,plant-B,line-B4,machine-B7,lot-73,DN,aPZT,category-3,sub-a9,16,0,16
2026-10-04,40,plant-A,line-A2,machine-A3,lot-51,DN,bPZT,category-3,sub-b9,5,0,5
2026-10-04,40,plant-A,line-A10,machine-A1,lot-47,UP,bPZT,category-5,sub-b7,40,0,40
2026-10-04,40,plant-B,line-B2,machine-B4,lot-33,DN,aPZT,pass,pass,0,2457,2469
2026-10-04,40,plant-A,line-A1,machine-A7,lot-71,DN,aPZT,category-1,sub-a1,31,0,31
2026-10-04,40,plant-B,line-B6,machine-B10,lot-38,DN,aPZT,pass,pass,0,2216,2300
2026-10-04,40,plant-A,line-A10,machine-A1,lot-47,DN,bPZT,pass,pass,0,2278,2344
2026-10-04,40,plant-A,line-A6,machine-A4,lot-23,DN,bPZT,category-2,sub-b2,17,0,17
2026-10-04,40,plant-B,line-B7,machine-B6,lot-4,DN,bPZT,pass,pass,0,2136,2196
2026-10-04,40,plant-B,line-B1,machine-B10,lot-78,DN,bPZT,pass,pass,0,2783,2853
2026-10-04,40,plant-A,line-A7,machine-A3,lot-87,UP,aPZT,category-4,sub-a2,13,0,13
2026-10-04,40,plant-A,line-A10,machine-A1,lot-47,UP,aPZT,category-5,sub-a8,27,0,27
2026-10-04,40,plant-B,line-B5,machine-B8,lot-43,DN,bPZT,category-4,sub-b2,33,0,33
2026-10-04,40,plant-B,line-B5,machine-B8,lot-43,UP,aPZT,pass,pass,0,2115,2160
2026-10-04,40,plant-B,line-B6,machine-B10,lot-38,UP,bPZT,category-3,sub-b9,10,0,10
2026-10-04,40,plant-A,line-A9,machine-A1,lot-89,UP,aPZT,category-4,sub-a9,4,0,4
2026-10-04,40,plant-A,line-A9,machine-A7,lot-68,UP,bPZT,category-4,sub-b3,24,0,24
2026-10-04,40,plant-B,line-B2,machine-B4,lot-33,UP,aPZT,category-5,sub-a8,4,0,4
2026-10-04,40,plant-B,line-B1,machine-B10,lot-78,UP,bPZT,category-4,sub-b10,8,0,8
2026-10-04,40,plant-B,line-B7,machine-B6,lot-4,DN,aPZT,category-3,sub-a7,13,0,13
2026-10-04,40,plant-A,line-A10,machine-A10,lot-22,UP,bPZT,pass,pass,0,2468,2511
2026-10-04,40,plant-B,line-B1,machine-B7,lot-17,UP,bPZT,pass,pass,0,2035,2095
2026-10-04,40,plant-B,line-B4,machine-B7,lot-73,DN,bPZT,pass,pass,0,2057,2194
2026-10-04,40,plant-B,line-B8,machine-B7,lot-1,DN,aPZT,pass,pass,0,2105,2183
2026-10-04,40,plant-A,line-A9,machine-A1,lot-89,UP,bPZT,category-5,sub-b8,30,0,30
2026-10-04,40,plant-B,line-B5,machine-B8,lot-43,UP,bPZT,pass,pass,0,2115,2129
2026-10-04,40,plant-A,line-A2,machine-A3,lot-51,UP,aPZT,category-5,sub-a10,40,0,40
2026-10-04,40,plant-A,line-A10,machine-A1,lot-47,UP,aPZT,category-4,sub-a9,13,0,13
2026-10-04,40,plant-B,line-B6,machine-B6,lot-93,DN,aPZT,category-3,sub-a3,9,0,9
2026-10-04,40,plant-B,line-B2,machine-B4,lot-33,DN,aPZT,category-3,sub-a1,37,0,37
2026-10-04,40,plant-B,line-B6,machine-B6,lot-93,uP,bPZT,pass,,0,2994,3133
2026-10-04,40,plant-B,line-B1,machine-B7,lot-17,UP,bPZT,category-5,sub-b8,29,0,29
2026-10-04,40,plant-A,line-A9,machine-A1,lot-89,UP,bPZT,pass,pass,0,2295,2375
2026-10-04,40,plant-A,line-A1,machine-A7,lot-71,DN,bPZT,category-4,sub-b1,40,0,40
2026-10-04,40,plant-B,line-B8,machine-B7,lot-1,UP,bPZT,pass,pass,0,2105,2142
2026-10-04,40,plant-A,line-A8,machine-A7,lot-48,DN,bPZT,category-4,sub-b9,40,0,40
2026-10-04,40,plant-B,line-B4,machine-B7,lot-73,UP,aPZT,category-1,sub-a1,39,0,39
2026-10-04,40,plant-B,line-B6,machine-B6,lot-93,DN,aPZT,category-5,,30,0,30
2026-10-04,40,plant-A,line-A9,machine-A7,lot-68,UP,aPZT,category-1,sub-a6,3,0,3
2026-10-04,40,plant-A,line-A9,machine-A1,lot-89,DN,aPZT,category-5,sub-a6,2,0,2
2026-10-04,40,plant-B,line-B2,machine-B4,lot-33,DN,aPZT,category-5,sub-a3,23,0,23
2026-10-04,40,plant-B,line-B7,machine-B6,lot-4,UP,aPZT,category-5,sub-a9,38,0,38
2026-10-04,40,plant-A,line-A2,machine-A8,lot-3,UP,bPZT,category-3,sub-b10,22,0,22
2026-10-04,40,plant-A,line-A7,machine-A3,lot-87,UP,bPZT,category-4,sub-b8,3,0,3
2026-10-04,40,plant-A,line-A2,machine-A3,lot-51,UP,bPZT,category-2,sub-b2,18,0,18
2026-10-04,40,plant-B,line-B8,machine-B7,lot-1,DN,bPZT,category-1,sub-b2,3,0,3
2026-10-04,40,plant-A,line-A6,machine-A4,lot-23,UP,aPZT,category-4,sub-a3,19,0,19
2026-10-04,40,plant-B,line-B5,machine-B8,lot-43,DN,bPZT,category-3,sub-b3,12,0,12
2026-10-04,40,plant-B,line-B6,machine-B9,lot-64,UP,aPZT,category-1,sub-a3,33,0,33
2026-10-04,40,plant-A,line-A8,machine-A7,lot-48,UP,aPZT,category-4,sub-a2,26,0,26
2026-10-04,40,plant-B,line-B1,machine-B7,lot-17,UP,bPZT,category-1,sub-b7,21,0,21
2026-10-04,40,plant-B,line-B8,machine-B7,lot-1,DN,aPZT,category-5,sub-a6,37,0,37
2026-10-04,40,plant-A,line-A2,machine-A8,lot-3,UP,bPZT,pass,pass,0,2299,2322
2026-10-04,40,plant-A,line-A2,machine-A8,lot-3,UP,aPZT,category-4,sub-a9,23,0,23
2026-10-04,40,plant-B,line-B6,machine-B10,lot-38,UP,bPZT,category-3,sub-b6,28,0,28
2026-10-04,40,plant-B,line-B7,machine-B6,lot-4,UP,bPZT,category-3,sub-b4,22,0,22
2026-10-04,40,plant-B,line-B7,machine-B6,lot-4,UP,bPZT,category-3,sub-b4,19,0,19
2026-10-04,40,plant-A,line-A10,machine-A10,lot-22,UP,bPZT,category-1,sub-b9,12,0,12
2026-10-04,40,plant-B,line-B6,machine-B7,lot-69,DN,aPZT,category-2,sub-a8,21,0,21
2026-10-04,40,plant-B,line-B6,machine-B6,lot-93,UP,aPZT,category-2,sub-a4,29,0,29
2026-10-04,40,plant-B,line-B10,machine-B6,lot-54,DN,aPZT,category-5,sub-a5,39,0,39
2026-10-04,40,plant-A,line-A8,machine-A7,lot-48,DN,bPZT,pass,pass,0,2648,2722
2026-10-04,40,plant-B,line-B10,machine-B6,lot-54,UP,aPZT,category-5,sub-a9,40,0,40
2026-10-04,40,plant-B,line-B6,machine-B9,lot-64,UP,aPZT,pass,pass,0,2256,2274
2026-10-04,40,plant-B,line-B10,machine-B6,lot-54,UP,aPZT,category-1,sub-a7,22,0,22
2026-10-05,41,plant-B,line-B8,machine-B3,lot-26,UP,bPZT,category-2,sub-b4,4,0,4
2026-10-05,41,plant-B,line-B8,machine-B5,lot-39,UP,bPZT,category-4,,36,0,36
2026-10-05,41,plant-A,line-A3,machine-A9,lot-99,DN,bPZT,pass,pass,0,2058,2181
2026-10-05,41,plant-A,line-A3,machine-A2,lot-50,DN,aPZT,category-2,sub-a8,14,0,14
2026-10-05,41,plant-B,line-B7,machine-B3,lot-98,DN,bPZT,category-4,sub-b4,19,0,19
2026-10-05,41,plant-B,line-B1,machine-B9,lot-96,DN,bPZT,category-3,sub-b3,40,0,40
2026-10-05,41,plant-B,line-B7,machine-B9,lot-93,Dn,aPZT,category-2,sub-a5,9,0,9
2026-10-05,41,plant-B,line-B1,machine-B2,lot-69,UP,aPZT,pass,pass,0,2248,2299
2026-10-05,41,plant-B,line-B7,machine-B3,lot-98,DN,aPZT,pass,pass,0,2049,2153
2026-10-05,41,plant-B,line-B8,machine-B3,lot-26,UP,bPZT,pass,pass,0,2767,2855
2026-10-05,41,plant-B,line-B6,machine-B2,lot-83,DN,bPZT,category-5,sub-b2,23,0,23
2026-10-05,41,plant-B,line-B6,machine-B1,lot-24,DN,bPZT,category-5,sub-b6,30,0,30
2026-10-05,41,plant-A,line-A3,machine-A2,lot-50,UP,aPZT,pass,pass,0,2819,2837
2026-10-05,41,plant-B,line-B1,machine-B9,lot-96,DN,bPZT,category-5,sub-b2,34,0,34
2026-10-05,41,plant-B,line-B1,machine-B2,lot-69,UP,aPZT,category-3,sub-a9,33,0,33
2026-10-05,41,plant-A,line-A3,machine-A9,lot-99,UP,bPZT,category-3,sub-b6,27,0,27
2026-10-05,41,plant-B,line-B6,machine-B6,lot-23,DN,bPZT,category-2,sub-b4,9,0,9
2026-10-05,41,plant-A,line-A6,machine-A6,lot-2,UP,bPZT,pass,pass,0,2549,2584
2026-10-05,41,plant-B,line-B7,machine-B3,lot-98,UP,bPZT,category-4,sub-b10,15,0,15
2026-10-05,41,plant-A,line-A5,machine-A2,lot-47,DN,bPZT,category-4,sub-b6,23,0,23
2026-10-05,41,plant-B,line-B8,machine-B3,lot-18,UP,aPZT,pass,pass,0,2096,2193
2026-10-05,41,plant-A,line-A9,machine-A7,lot-6,UP,bPZT,category-4,sub-b8,20,0,20
2026-10-05,41,plant-A,line-A4,machine-A1,lot-75,UP,aPZT,category-5,sub-a10,6,0,6
2026-10-05,41,plant-B,line-B8,machine-B3,lot-26,DN,aPZT,category-2,sub-a7,25,0,25
2026-10-05,41,plant-A,line-A1,machine-A7,lot-88,DN,bPZT,category-4,sub-b5,11,0,11
2026-10-05,41,plant-B,line-B8,machine-B3,lot-18,UP,bPZT,pass,pass,0,2096,2166
2026-10-05,41,plant-A,line-A5,machine-A2,lot-52,DN,bPZT,pass,pass,0,2641,2674
2026-10-05,41,plant-B,line-B10,machine-B1,lot-51,DN,bPZT,category-5,sub-b4,28,0,28
2026-10-05,41,plant-B,line-B4,machine-B5,lot-54,UP,bPZT,category-3,sub-b7,22,0,22
2026-10-05,41,plant-B,line-B8,machine-B5,lot-39,UP,bPZT,category-4,sub-b10,11,0,11
2026-10-05,41,plant-A,line-A5,machine-A2,lot-52,DN,bPZT,category-4,sub-b1,5,0,5
2026-10-05,41,plant-B,line-B7,machine-B9,lot-93,DN,bPZT,category-4,sub-b10,16,0,16
2026-10-05,41,plant-B,line-B6,machine-B1,lot-24,UP,bPZT,category-2,sub-b4,20,0,20
2026-10-05,41,plant-A,line-A9,machine-A4,lot-63,UP,aPZT,category-5,sub-a7,16,0,16
2026-10-05,41,plant-A,line-A3,machine-A9,lot-99,up,aPZT,category-5,,39,0,39
2026-10-05,41,plant-B,line-B6,machine-B1,lot-24,UP,bPZT,category-3,sub-b7,6,0,6
2026-10-05,41,plant-B,line-B6,machine-B2,lot-83,DN,bPZT,category-1,sub-b1,10,0,10
2026-10-05,41,plant-B,line-B8,machine-B5,lot-39,UP,bPZT,pass,,0,2689,2742
2026-10-05,41,plant-A,line-A10,machine-A1,lot-19,UP,bPZT,category-1,sub-b8,31,0,31
2026-10-05,41,plant-A,line-A4,machine-A1,lot-75,DN,bPZT,category-4,sub-b3,3,0,3
2026-10-05,41,plant-B,line-B4,machine-B5,lot-54,DN,aPZT,category-5,sub-a3,9,0,9
2026-10-05,41,plant-B,line-B4,machine-B5,lot-54,DN,aPZT,category-1,sub-a2,13,0,13
2026-10-05,41,plant-A,line-A9,machine-A7,lot-6,Dn,bPZT,category-2,sub-b4,33,0,33
2026-10-05,41,plant-A,line-A5,machine-A2,lot-47,UP,bPZT,category-5,sub-b2,20,0,20
2026-10-05,41,plant-A,line-A3,machine-A9,lot-99,UP,bPZT,category-3,sub-b4,7,0,7
2026-10-05,41,plant-A,line-A3,machine-A9,lot-99,UP,bPZT,category-3,sub-b8,30,0,30
2026-10-05,41,plant-B,line-B10,machine-B1,lot-51,DN,aPZT,category-4,sub-a4,33,0,33
2026-10-05,41,plant-A,line-A10,machine-A1,lot-19,UP,aPZT,category-5,sub-a2,19,0,19
2026-10-05,41,plant-B,line-B1,machine-B9,lot-96,DN,aPZT,category-1,sub-a10,4,0,4
2026-10-05,41,plant-A,line-A5,machine-A2,lot-47,DN,aPZT,category-2,sub-a10,33,0,33
2026-10-05,41,plant-A,line-A9,machine-A7,lot-6,UP,aPZT,category-1,sub-a7,19,0,19
2026-10-05,41,plant-B,line-B7,machine-B9,lot-93,UP,aPZT,pass,pass,0,2545,2598
2026-10-05,41,plant-B,line-B6,machine-B6,lot-23,UP,bPZT,category-5,sub-b2,23,0,23
2026-10-05,41,plant-B,line-B8,machine-B3,lot-18,DN,aPZT,category-2,sub-a6,40,0,40
2026-10-05,41,plant-B,line-B10,machine-B1,lot-51,DN,aPZT,category-3,sub-a8,19,0,19
2026-10-05,41,plant-A,line-A4,machine-A1,lot-75,UP,bPZT,category-1,sub-b7,35,0,35
2026-10-05,41,plant-B,line-B6,machine-B2,lot-83,dN,aPZT,pass,pass,0,2716,2757
2026-10-05,41,plant-B,line-B4,machine-B5,lot-54,DN,aPZT,category-3,sub-a7,30,0,30
2026-10-05,41,plant-A,line-A1,machine-A7,lot-88,UP,aPZT,category-2,sub-a7,29,0,29
2026-10-05,41,plant-A,line-A4,machine-A1,lot-75,DN,bPZT,category-3,sub-b2,38,0,38
2026-10-05,41,plant-B,line-B8,machine-B3,lot-26,DN,aPZT,pass,pass,0,2767,2810
2026-10-05,41,plant-B,line-B8,machine-B3,lot-26,UP,aPZT,category-3,sub-a2,18,0,18
2026-10-05,41,plant-A,line-A3,machine-A2,lot-50,DN,aPZT,category-4,sub-a3,6,0,6
2026-10-05,41,plant-B,line-B8,machine-B5,lot-39,UP,bPZT,category-4,sub-b2,27,0,27
2026-10-05,41,plant-B,line-B7,machine-B3,lot-10,DN,bPZT,pass,pass,0,2920,2937
2026-10-05,41,plant-B,line-B5,machine-B1,lot-74,DN,bPZT,category-3,sub-b5,13,0,13
2026-10-05,41,plant-B,line-B5,machine-B1,lot-74,UP,bPZT,category-3,sub-b1,20,0,20
2026-10-05,41,plant-B,line-B1,machine-B9,lot-96,UP,bPZT,category-1,sub-b2,16,0,16
2026-10-05,41,plant-A,line-A4,machine-A1,lot-75,DN,aPZT,pass,pass,0,2594,2697
2026-10-05,41,plant-B,line-B7,machine-B3,lot-98,UP,bPZT,category-1,sub-b8,11,0,11
2026-10-05,41,plant-B,line-B10,machine-B1,lot-51,UP,aPZT,category-5,sub-a1,30,0,30
2026-10-05,41,plant-B,line-B1,machine-B2,lot-69,DN,bPZT,category-1,sub-b2,13,0,13
2026-10-05,41,plant-B,line-B6,machine-B2,lot-83,UP,aPZT,category-1,sub-a5,20,0,20
2026-10-05,41,plant-A,line-A10,machine-A1,lot-19,DN,bPZT,pass,pass,0,2997,3072
2026-10-05,41,plant-B,line-B8,machine-B3,lot-18,DN,aPZT,category-1,sub-a2,19,0,19
2026-10-05,41,plant-B,line-B6,machine-B6,lot-23,DN,aPZT,category-4,sub-a10,38,0,38
2026-10-05,41,plant-B,line-B8,machine-B5,lot-39,UP,aPZT,pass,pass,0,2689,2763
2026-10-05,41,plant-B,line-B8,machine-B3,lot-18,DN,bPZT,category-4,sub-b2,25,0,25
2026-10-05,41,plant-B,line-B7,machine-B3,lot-98,DN,bPZT,category-3,sub-b3,20,0,20
2026-10-05,41,plant-B,line-B7,machine-B3,lot-10,DN,aPZT,pass,pass,0,2920,3007
2026-10-05,41,plant-B,line-B1,machine-B9,lot-96,DN,bPZT,pass,pass,0,2342,2356
2026-10-05,41,plant-A,line-A5,machine-A2,lot-47,UP,aPZT,pass,pass,0,2121,2216
2026-10-05,41,plant-B,line-B6,machine-B1,lot-24,DN,bPZT,category-4,sub-b7,21,0,21
2026-10-05,41,plant-A,line-A4,machine-A1,lot-75,UP,aPZT,category-1,sub-a5,1,0,1
2026-10-05,41,plant-A,line-A1,machine-A7,lot-88,UP,bPZT,pass,pass,0,2429,2458
2026-10-05,41,plant-B,line-B8,machine-B3,lot-18,DN,aPZT,category-2,sub-a6,11,0,11
2026-10-05,41,plant-A,line-A3,machine-A2,lot-50,UP,bPZT,pass,pass,0,2819,2858
2026-10-05,41,plant-B,line-B10,machine-B1,lot-51,DN,aPZT,category-3,sub-a4,26,0,26
2026-10-05,41,plant-B,line-B5,machine-B1,lot-74,UP,aPZT,category-4,sub-a6,38,0,38
2026-10-05,41,plant-B,line-B2,machine-B7,lot-42,DN,bPZT,category-3,sub-b5,34,0,34
2026-10-05,41,plant-B,line-B10,machine-B1,lot-51,DN,bPZT,pass,pass,0,2098,2291
2026-10-05,41,plant-B,line-B5,machine-B1,lot-74,UP,bPZT,category-4,sub-b2,6,0,6
2026-10-05,41,plant-B,line-B4,machine-B5,lot-54,DN,aPZT,pass,pass,0,2972,3030
2026-10-05,41,plant-B,line-B1,machine-B9,lot-96,UP,aPZT,pass,pass,0,2342,2475
2026-10-05,41,plant-B,line-B8,machine-B5,lot-39,DN,aPZT,category-5,sub-a10,15,0,15
2026-10-05,41,plant-A,line-A5,machine-A2,lot-52,DN,aPZT,category-1,sub-a6,29,0,29
2026-10-05,41,plant-B,line-B8,machine-B3,lot-18,DN,bPZT,category-1,sub-b4,22,0,22
2026-10-05,41,plant-B,line-B1,machine-B2,lot-69,DN,aPZT,category-2,sub-a3,6,0,6
2026-10-05,41,plant-B,line-B4,machine-B5,lot-54,UP,bPZT,category-1,sub-b1,36,0,36
2026-10-05,41,plant-B,line-B8,machine-B3,lot-18,UP,bPZT,category-2,sub-b7,38,0,38
2026-10-05,41,plant-B,line-B4,machine-B5,lot-54,DN,aPZT,category-3,sub-a3,12,0,12
2026-10-05,41,plant-A,line-A1,machine-A7,lot-88,UP,bPZT,category-5,sub-b8,14,0,14
2026-10-05,41,plant-A,line-A9,machine-A7,lot-6,DN,bPZT,category-5,sub-b2,23,0,23
2026-10-05,41,plant-A,line-A10,machine-A1,lot-19,UP,aPZT,category-4,sub-a5,18,0,18
2026-10-05,41,plant-B,line-B5,machine-B1,lot-74,UP,aPZT,pass,pass,0,2568,2642
2026-10-05,41,plant-B,line-B6,machine-B2,lot-83,UP,aPZT,category-2,sub-a6,7,0,7
2026-10-05,41,plant-A,line-A3,machine-A9,lot-99,UP,aPZT,category-5,sub-a3,38,0,38
2026-10-05,41,plant-B,line-B7,machine-B3,lot-10,UP,bPZT,category-3,sub-b5,27,0,27
2026-10-05,41,plant-A,line-A6,machine-A6,lot-2,DN,aPZT,pass,pass,0,2549,2560
2026-10-05,41,plant-B,line-B8,machine-B3,lot-26,UP,aPZT,category-5,sub-a5,7,0,7
2026-10-05,41,plant-A,line-A1,machine-A7,lot-88,DN,aPZT,pass,pass,0,2429,2477
2026-10-05,41,plant-B,line-B5,machine-B1,lot-74,UP,aPZT,category-2,sub-a8,21,0,21
2026-10-05,41,plant-B,line-B2,machine-B7,lot-42,UP,aPZT,category-2,sub-a4,35,0,35
2026-10-05,41,plant-B,line-B6,machine-B6,lot-23,UP,bPZT,pass,pass,0,2982,3072
2026-10-05,41,plant-B,line-B10,machine-B1,lot-51,UP,aPZT,category-5,sub-a3,37,0,37
2026-10-05,41,plant-A,line-A6,machine-A6,lot-2,UP,aPZT,category-1,sub-a9,8,0,8
2026-10-05,41,plant-A,line-A9,machine-A4,lot-63,DN,bPZT,pass,pass,0,2732,2748
2026-10-05,41,plant-B,line-B10,machine-B1,lot-51,UP,aPZT,category-4,sub-a10,24,0,24
2026-10-05,41,plant-B,line-B7,machine-B3,lot-10,UP,aPZT,category-5,sub-a7,17,0,17
2026-10-05,41,plant-B,line-B6,machine-B1,lot-24,DN,bPZT,pass,pass,0,2036,2084
2026-10-05,41,plant-B,line-B1,machine-B2,lot-69,DN,bPZT,category-4,sub-b2,7,0,7
2026-10-05,41,plant-A,line-A5,machine-A2,lot-47,DN,bPZT,pass,pass,0,2121,2154
2026-10-05,41,plant-A,line-A5,machine-A2,lot-52,UP,aPZT,category-4,sub-a3,1,0,1
2026-10-05,41,plant-B,line-B8,machine-B3,lot-18,UP,bPZT,category-5,sub-b1,12,0,12
2026-10-05,41,plant-B,line-B10,machine-B1,lot-51,UP,aPZT,category-2,sub-a9,24,0,24
2026-10-05,41,plant-B,line-B7,machine-B9,lot-93,UP,bPZT,pass,pass,0,2545,2577
2026-10-05,41,plant-A,line-A5,machine-A2,lot-52,DN,bPZT,category-2,sub-b9,10,0,10
2026-10-05,41,plant-A,line-A6,machine-A6,lot-2,DN,aPZT,category-2,sub-a6,13,0,13
2026-10-05,41,plant-A,line-A6,machine-A6,lot-2,DN,aPZT,category-3,sub-a7,14,0,14
2026-10-05,41,plant-A,line-A5,machine-A2,lot-47,UP,bPZT,category-2,sub-b2,39,0,39
2026-10-05,41,plant-B,line-B8,machine-B5,lot-39,DN,aPZT,category-5,sub-a8,38,0,38
2026-10-05,41,plant-B,line-B7,machine-B9,lot-93,UP,bPZT,category-4,sub-b9,16,0,16
2026-10-05,41,plant-A,line-A4,machine-A1,lot-75,DN,bPZT,category-4,sub-b6,27,0,27
2026-10-05,41,plant-A,line-A3,machine-A2,lot-50,DN,aPZT,category-4,sub-a4,4,0,4
2026-10-05,41,plant-A,line-A10,machine-A1,lot-19,DN,aPZT,pass,pass,0,2997,3050
2026-10-05,41,plant-B,line-B6,machine-B2,lot-83,DN,bPZT,pass,pass,0,2716,2793
2026-10-05,41,plant-A,line-A5,machine-A2,lot-47,DN,bPZT,category-2,,13,0,13
2026-10-05,41,plant-B,line-B7,machine-B3,lot-10,UP,bPZT,category-5,sub-b10,33,0,33
2026-10-05,41,plant-A,line-A3,machine-A2,lot-50,DN,aPZT,category-3,sub-a7,15,0,15
2026-10-05,41,plant-A,line-A3,machine-A2,lot-50,DN,bPZT,category-1,sub-b6,18,0,18
2026-10-05,41,plant-B,line-B6,machine-B2,lot-83,UP,aPZT,category-2,sub-a3,16,0,16
2026-10-05,41,plant-B,line-B5,machine-B1,lot-74,UP,bPZT,category-5,sub-b4,3,0,3
2026-10-05,41,plant-B,line-B2,machine-B7,lot-42,DN,aPZT,category-1,sub-a3,39,0,39
2026-10-05,41,plant-A,line-A5,machine-A2,lot-52,DN,aPZT,category-4,sub-a1,3,0,3
2026-10-05,41,plant-B,line-B1,machine-B9,lot-96,UP,bPZT,category-1,sub-b3,14,0,14
2026-10-05,41,plant-B,line-B1,machine-B9,lot-96,UP,bPZT,category-1,sub-b6,29,0,29
2026-10-05,41,plant-B,line-B6,machine-B2,lot-83,UP,bPZT,category-3,sub-b9,8,0,8
2026-10-05,41,plant-B,line-B2,machine-B7,lot-42,DN,bPZT,pass,pass,0,2750,2824
2026-10-05,41,plant-A,line-A3,machine-A9,lot-99,DN,aPZT,category-4,sub-a3,37,0,37
2026-10-05,41,plant-A,line-A1,machine-A7,lot-88,DN,bPZT,category-5,sub-b5,23,0,23
2026-10-05,41,plant-A,line-A9,machine-A7,lot-6,up,aPZT,pass,,0,2876,2985
2026-10-05,41,plant-B,line-B2,machine-B7,lot-42,DN,bPZT,category-3,,13,0,13
2026-10-05,41,plant-B,line-B1,machine-B9,lot-96,DN,aPZT,category-5,sub-a6,2,0,2
2026-10-05,41,plant-B,line-B1,machine-B2,lot-69,DN,bPZT,category-4,sub-b1,21,0,21
2026-10-05,41,plant-A,line-A4,machine-A1,lot-75,DN,aPZT,category-1,sub-a1,5,0,5
2026-10-05,41,plant-A,line-A9,machine-A4,lot-63,DN,aPZT,pass,pass,0,2732,2754
2026-10-05,41,plant-A,line-A3,machine-A9,lot-99,UP,aPZT,pass,pass,0,2058,2122
2026-10-05,41,plant-A,line-A9,machine-A7,lot-6,DN,bPZT,category-2,sub-b7,33,0,33
2026-10-05,41,plant-B,line-B5,machine-B1,lot-74,UP,aPZT,category-2,sub-a2,2,0,2
2026-10-05,41,plant-B,line-B1,machine-B2,lot-69,DN,bPZT,category-4,sub-b10,10,0,10
2026-10-05,41,plant-A,line-A10,machine-A1,lot-19,DN,bPZT,category-1,sub-b3,20,0,20
2026-10-05,41,plant-B,line-B1,machine-B2,lot-69,DN,bPZT,pass,,0,2248,2287
2026-10-05,41,plant-B,line-B6,machine-B1,lot-24,DN,bPZT,category-2,sub-b4,23,0,23
2026-10-05,41,plant-B,line-B6,machine-B2,lot-83,DN,aPZT,category-2,sub-a4,26,0,26
2026-10-05,41,plant-B,line-B4,machine-B5,lot-54,DN,aPZT,category-4,sub-a5,1,0,1
2026-10-05,41,plant-B,line-B8,machine-B3,lot-26,UP,bPZT,category-4,sub-b5,39,0,39
2026-10-05,41,plant-B,line-B10,machine-B1,lot-51,DN,aPZT,pass,pass,0,2098,2126
2026-10-05,41,plant-A,line-A9,machine-A7,lot-6,DN,bPZT,pass,pass,0,2876,2917
2026-10-05,41,plant-B,line-B6,machine-B6,lot-23,DN,aPZT,pass,pass,0,2982,3014
2026-10-05,41,plant-B,line-B4,machine-B5,lot-54,UP,aPZT,category-4,sub-a8,23,0,23
2026-10-05,41,plant-B,line-B7,machine-B3,lot-98,UP,aPZT,category-3,sub-a7,4,0,4
2026-10-05,41,plant-A,line-A3,machine-A9,lot-99,UP,aPZT,category-4,sub-a1,9,0,9
2026-10-05,41,plant-B,line-B6,machine-B2,lot-83,UP,aPZT,category-1,sub-a4,8,0,8
2026-10-05,41,plant-B,line-B7,machine-B9,lot-93,DN,bPZT,category-3,sub-b3,21,0,21
2026-10-05,41,plant-B,line-B4,machine-B5,lot-54,UP,bPZT,pass,pass,0,2972,3073
2026-10-05,41,plant-B,line-B6,machine-B6,lot-23,DN,aPZT,category-4,sub-a3,33,0,33
2026-10-05,41,plant-B,line-B6,machine-B1,lot-24,UP,aPZT,category-1,sub-a4,38,0,38
2026-10-05,41,plant-A,line-A9,machine-A7,lot-6,DN,aPZT,category-2,sub-a2,22,0,22
2026-10-05,41,plant-A,line-A10,machine-A1,lot-19,UP,aPZT,category-4,sub-a2,38,0,38
2026-10-05,41,plant-B,line-B8,machine-B3,lot-26,UP,aPZT,category-1,sub-a1,38,0,38
2026-10-05,41,plant-B,line-B6,machine-B1,lot-24,UP,aPZT,pass,pass,0,2036,2169
2026-10-05,41,plant-A,line-A4,machine-A1,lot-75,DN,aPZT,category-3,sub-a7,33,0,33
2026-10-05,41,plant-A,line-A5,machine-A2,lot-52,DN,aPZT,pass,pass,0,2641,2656
2026-10-05,41,plant-A,line-A6,machine-A6,lot-2,DN,bPZT,category-1,sub-b4,11,0,11
2026-10-05,41,plant-A,line-A9,machine-A4,lot-63,DN,bPZT,category-2,sub-b7,22,0,22
2026-10-05,41,plant-B,line-B1,machine-B9,lot-96,UP,aPZT,category-4,sub-a5,8,0,8
2026-10-05,41,plant-B,line-B7,machine-B3,lot-98,UP,bPZT,pass,pass,0,2049,2053
2026-10-05,41,plant-B,line-B7,machine-B3,lot-10,DN,bPZT,category-5,sub-b7,27,0,27
2026-10-05,41,plant-A,line-A4,machine-A1,lot-75,DN,bPZT,pass,pass,0,2594,2639
2026-10-05,41,plant-B,line-B5,machine-B1,lot-74,DN,bPZT,pass,pass,0,2568,2629
2026-10-05,41,plant-B,line-B5,machine-B1,lot-74,DN,bPZT,category-2,sub-b5,32,0,32
2026-10-05,41,plant-B,line-B7,machine-B9,lot-93,UP,aPZT,category-3,sub-a2,23,0,23
2026-10-05,41,plant-B,line-B2,machine-B7,lot-42,UP,bPZT,category-2,sub-b6,16,0,16
2026-10-05,41,plant-B,line-B6,machine-B1,lot-24,DN,bPZT,category-2,sub-b1,33,0,33
2026-10-05,41,plant-B,line-B2,machine-B7,lot-42,DN,aPZT,pass,pass,0,2750,2813
2026-10-05,41,plant-B,line-B4,machine-B5,lot-54,UP,aPZT,category-5,sub-a3,13,0,13
2026-10-05,41,plant-A,line-A10,machine-A1,lot-19,DN,bPZT,category-2,,2,0,2
2026-10-05,41,plant-B,line-B7,machine-B3,lot-98,UP,bPZT,category-4,sub-b2,39,0,39
2026-10-05,41,plant-B,line-B6,machine-B6,lot-23,UP,aPZT,category-4,sub-a9,19,0,19
2026-10-05,41,plant-B,line-B6,machine-B1,lot-24,UP,aPZT,category-2,sub-a7,10,0,10
2026-10-06,41,plant-A,line-A1,machine-A1,lot-60,UP,aPZT,category-1,sub-a1,9,0,9
2026-10-06,41,plant-B,line-B7,machine-B10,lot-38,UP,aPZT,pass,pass,0,2979,2990
2026-10-06,41,plant-B,line-B6,machine-B6,lot-37,DN,aPZT,category-3,sub-a1,18,0,18
2026-10-06,41,plant-B,line-B7,machine-B10,lot-38,UP,aPZT,category-3,sub-a7,5,0,5
2026-10-06,41,plant-B,line-B10,machine-B1,lot-14,UP,aPZT,category-3,sub-a5,4,0,4
2026-10-06,41,plant-B,line-B10,machine-B1,lot-14,DN,aPZT,pass,pass,0,2379,2417
2026-10-06,41,plant-A,line-A1,machine-A5,lot-79,DN,aPZT,category-4,sub-a2,30,0,30
2026-10-06,41,plant-B,line-B9,machine-B8,lot-24,UP,aPZT,pass,pass,0,2928,3023
2026-10-06,41,plant-B,line-B5,machine-B8,lot-93,DN,aPZT,category-5,sub-a8,16,0,16
2026-10-06,41,plant-A,line-A5,machine-A4,lot-80,UP,bPZT,category-3,sub-b3,16,0,16
2026-10-06,41,plant-A,line-A5,machine-A9,lot-18,DN,bPZT,pass,pass,0,2620,2761
2026-10-06,41,plant-A,line-A5,machine-A4,lot-80,DN,bPZT,category-5,sub-b7,17,0,17
2026-10-06,41,plant-B,line-B3,machine-B10,lot-28,UP,aPZT,category-4,sub-a5,34,0,34
2026-10-06,41,plant-A,line-A8,machine-A2,lot-5,DN,bPZT,category-3,,37,0,37
2026-10-06,41,plant-B,line-B5,machine-B8,lot-93,DN,aPZT,category-1,sub-a10,19,0,19
2026-10-06,41,plant-A,line-A5,machine-A10,lot-91,DN,aPZT,category-3,sub-a5,35,0,35
2026-10-06,41,plant-A,line-A1,machine-A1,lot-60,UP,bPZT,category-1,sub-b8,10,0,10
2026-10-06,41,plant-A,line-A7,machine-A9,lot-10,DN,bPZT,category-5,sub-b4,8,0,8
2026-10-06,41,plant-B,line-B7,machine-B6,lot-6,DN,aPZT,category-4,sub-a3,20,0,20
2026-10-06,41,plant-A,line-A2,machine-A5,lot-2,UP,aPZT,category-4,sub-a7,35,0,35
2026-10-06,41,plant-B,line-B6,machine-B6,lot-37,DN,aPZT,category-3,sub-a8,11,0,11
2026-10-06,41,plant-B,line-B6,machine-B6,lot-37,UP,aPZT,category-4,sub-a7,25,0,25
2026-10-06,41,plant-A,line-A8,machine-A2,lot-5,DN,bPZT,category-1,sub-b4,11,0,11
2026-10-06,41,plant-A,line-A5,machine-A9,lot-18,DN,aPZT,category-5,sub-a9,31,0,31
2026-10-06,41,plant-A,line-A1,machine-A5,lot-79,UP,bPZT,category-4,sub-b10,38,0,38
2026-10-06,41,plant-A,line-A5,machine-A6,lot-90,DN,aPZT,pass,pass,0,2831,2867
2026-10-06,41,plant-A,line-A10,machine-A1,lot-65,DN,aPZT,pass,pass,0,2414,2445
2026-10-06,41,plant-B,line-B9,machine-B8,lot-24,UP,bPZT,category-5,sub-b6,23,0,23
2026-10-06,41,plant-A,line-A10,machine-A1,lot-65,DN,bPZT,category-1,sub-b1,5,0,5
2026-10-06,41,plant-B,line-B7,machine-B10,lot-38,UP,aPZT,category-4,sub-a6,12,0,12
2026-10-06,41,plant-B,line-B4,machine-B5,lot-34,UP,aPZT,pass,pass,0,2440,2502
2026-10-06,41,plant-B,line-B5,machine-B8,lot-93,DN,aPZT,pass,pass,0,2044,2054
2026-10-06,41,plant-A,line-A1,machine-A1,lot-60,UP,bPZT,pass,pass,0,2785,2841
2026-10-06,41,plant-A,line-A1,machine-A5,lot-79,DN,bPZT,pass,pass,0,2466,2553
2026-10-06,41,plant-A,line-A3,machine-A4,lot-82,UP,bPZT,pass,pass,0,2349,2397
2026-10-06,41,plant-A,line-A5,machine-A6,lot-90,DN,aPZT,category-4,sub-a6,2,0,2
2026-10-06,41,plant-B,line-B8,machine-B10,lot-63,DN,aPZT,category-1,sub-a2,29,0,29
2026-10-06,41,plant-A,line-A4,machine-A5,lot-75,UP,aPZT,category-1,sub-a9,18,0,18
2026-10-06,41,plant-B,line-B4,machine-B5,lot-34,UP,aPZT,category-5,sub-a8,24,0,24
2026-10-06,41,plant-B,line-B2,machine-B8,lot-81,UP,bPZT,pass,pass,0,2996,3105
2026-10-06,41,plant-A,line-A4,machine-A5,lot-75,UP,aPZT,category-1,sub-a4,16,0,16
2026-10-06,41,plant-A,line-A8,machine-A5,lot-42,UP,aPZT,category-4,sub-a7,31,0,31
2026-10-06,41,plant-B,line-B7,machine-B10,lot-38,DN,bPZT,pass,pass,0,2979,3089
2026-10-06,41,plant-B,line-B2,machine-B8,lot-81,UP,aPZT,category-3,sub-a1,10,0,10
2026-10-06,41,plant-A,line-A10,machine-A1,lot-65,DN,bPZT,category-3,sub-b9,6,0,6
2026-10-06,41,plant-A,line-A5,machine-A10,lot-91,DN,aPZT,category-4,sub-a8,15,0,15
2026-10-06,41,plant-B,line-B6,machine-B6,lot-37,DN,aPZT,category-1,sub-a3,33,0,33
2026-10-06,41,plant-A,line-A7,machine-A9,lot-10,UP,bPZT,category-1,sub-b5,7,0,7
2026-10-06,41,plant-B,line-B9,machine-B8,lot-24,UP,bPZT,category-3,sub-b4,26,0,26
2026-10-06,41,plant-B,line-B5,machine-B3,lot-26,DN,aPZT,category-5,sub-a5,27,0,27
2026-10-06,41,plant-B,line-B10,machine-B1,lot-14,DN,bPZT,pass,pass,0,2379,2444
2026-10-06,41,plant-A,line-A2,machine-A5,lot-2,DN,bPZT,pass,pass,0,2435,2508
2026-10-06,41,plant-A,line-A5,machine-A10,lot-91,DN,bPZT,pass,pass,0,2580,2689
2026-10-06,41,plant-B,line-B5,machine-B3,lot-26,DN,bPZT,category-3,sub-b4,4,0,4
2026-10-06,41,plant-A,line-A4,machine-A5,lot-75,UP,bPZT,category-4,sub-b5,8,0,8
2026-10-06,41,plant-B,line-B7,machine-B6,lot-6,UP,aPZT,category-4,sub-a6,12,0,12
2026-10-06,41,plant-B,line-B5,machine-B3,lot-26,DN,bPZT,pass,pass,0,2708,2746
2026-10-06,41,plant-A,line-A3,machine-A4,lot-82,DN,bPZT,category-5,sub-b1,14,0,14
2026-10-06,41,plant-A,line-A10,machine-A1,lot-65,UP,bPZT,pass,pass,0,2414,2450
2026-10-06,41,plant-A,line-A1,machine-A1,lot-60,DN,aPZT,category-2,sub-a10,3,0,3
2026-10-06,41,plant-A,line-A5,machine-A9,lot-18,DN,aPZT,category-1,sub-a8,10,0,10
2026-10-06,41,plant-B,line-B8,machine-B10,lot-63,DN,bPZT,category-1,sub-b5,1,0,1
2026-10-06,41,plant-A,line-A4,machine-A5,lot-75,UP,aPZT,category-5,sub-a8,10,0,10
2026-10-06,41,plant-A,line-A5,machine-A6,lot-90,DN,aPZT,category-4,sub-a4,20,0,20
2026-10-06,41,plant-B,line-B10,machine-B1,lot-14,DN,aPZT,category-5,sub-a2,22,0,22
2026-10-06,41,plant-A,line-A4,machine-A5,lot-75,UP,aPZT,category-5,sub-a9,13,0,13
2026-10-06,41,plant-A,line-A5,machine-A4,lot-80,DN,bPZT,category-4,sub-b3,18,0,18
2026-10-06,41,plant-B,line-B4,machine-B5,lot-34,DN,bPZT,category-3,sub-b10,7,0,7
2026-10-06,41,plant-A,line-A5,machine-A4,lot-80,UP,bPZT,pass,pass,0,2065,2107
2026-10-06,41,plant-B,line-B3,machine-B10,lot-28,UP,bPZT,category-2,sub-b6,8,0,8
2026-10-06,41,plant-A,line-A8,machine-A2,lot-5,UP,aPZT,pass,pass,0,2857,2939
2026-10-06,41,plant-A,line-A4,machine-A5,lot-75,DN,bPZT,category-2,sub-b9,4,0,4
2026-10-06,41,plant-B,line-B10,machine-B1,lot-14,DN,aPZT,category-2,sub-a10,21,0,21
2026-10-06,41,plant-A,line-A9,machine-A9,lot-72,UP,bPZT,category-4,sub-b6,26,0,26
2026-10-06,41,plant-A,line-A5,machine-A6,lot-90,UP,aPZT,category-3,sub-a2,16,0,16
2026-10-06,41,plant-B,line-B6,machine-B6,lot-37,UP,aPZT,category-3,sub-a3,34,0,34
2026-10-06,41,plant-B,line-B5,machine-B3,lot-26,UP,bPZT,category-4,sub-b10,1,0,1
2026-10-06,41,plant-B,line-B4,machine-B5,lot-34,UP,bPZT,category-5,sub-b10,32,0,32
2026-10-06,41,plant-B,line-B2,machine-B8,lot-81,DN,aPZT,category-4,sub-a3,33,0,33
2026-10-06,41,plant-A,line-A3,machine-A4,lot-82,DN,aPZT,category-4,sub-a9,32,0,32
2026-10-06,41,plant-A,line-A7,machine-A9,lot-10,DN,bPZT,category-1,sub-b3,33,0,33
2026-10-06,41,plant-B,line-B3,machine-B10,lot-28,UP,aPZT,category-5,sub-a4,4,0,4
2026-10-06,41,plant-A,line-A7,machine-A9,lot-10,DN,aPZT,pass,pass,0,2480,2576
2026-10-06,41,plant-A,line-A10,machine-A1,lot-65,DN,aPZT,category-2,sub-a9,36,0,36
2026-10-06,41,plant-A,line-A9,machine-A9,lot-72,DN,aPZT,category-4,sub-a4,18,0,18
2026-10-06,41,plant-B,line-B7,machine-B6,lot-6,UP,aPZT,category-2,sub-a7,21,0,21
2026-10-06,41,plant-B,line-B2,machine-B8,lot-81,UP,aPZT,category-3,sub-a9,26,0,26
2026-10-06,41,plant-A,line-A5,machine-A4,lot-80,DN,bPZT,category-1,sub-b7,40,0,40
2026-10-06,41,plant-A,line-A4,machine-A5,lot-75,UP,bPZT,pass,pass,0,2416,2476
2026-10-06,41,plant-B,line-B2,machine-B8,lot-81,DN,bPZT,category-5,sub-b8,21,0,21
2026-10-06,41,plant-A,line-A5,machine-A10,lot-91,DN,aPZT,pass,pass,0,2580,2660
2026-10-06,41,plant-A,line-A8,machine-A2,lot-5,DN,bPZT,pass,pass,0,2857,2879
2026-10-06,41,plant-A,line-A7,machine-A9,lot-10,DN,bPZT,category-2,sub-b5,40,0,40
2026-10-06,41,plant-B,line-B2,machine-B8,lot-81,DN,bPZT,category-4,sub-b4,22,0,22
2026-10-06,41,plant-A,line-A5,machine-A9,lot-18,DN,bPZT,category-2,sub-b6,33,0,33
2026-10-06,41,plant-B,line-B7,machine-B10,lot-38,UP,aPZT,category-4,sub-a9,33,0,33
2026-10-06,41,plant-A,line-A5,machine-A4,lot-80,DN,aPZT,pass,pass,0,2065,2156
2026-10-06,41,plant-A,line-A5,machine-A10,lot-91,UP,bPZT,category-1,sub-b9,33,0,33
2026-10-06,41,plant-B,line-B6,machine-B6,lot-37,DN,bPZT,pass,pass,0,2038,2183
2026-10-06,41,plant-B,line-B6,machine-B6,lot-37,UP,aPZT,category-1,sub-a10,15,0,15
2026-10-06,41,plant-A,line-A3,machine-A4,lot-82,DN,bPZT,category-5,sub-b4,20,0,20
2026-10-06,41,plant-B,line-B3,machine-B10,lot-28,UP,bPZT,category-1,sub-b4,12,0,12
2026-10-06,41,plant-A,line-A9,machine-A9,lot-72,UP,aPZT,category-4,sub-a10,5,0,5
2026-10-06,41,plant-A,line-A1,machine-A5,lot-79,DN,bPZT,category-1,sub-b3,32,0,32
2026-10-06,41,plant-B,line-B6,machine-B6,lot-37,up,aPZT,category-3,sub-a1,9,0,9
2026-10-06,41,plant-B,line-B8,machine-B10,lot-63,UP,bPZT,category-4,sub-b7,31,0,31
2026-10-06,41,plant-A,line-A3,machine-A4,lot-82,UP,aPZT,category-1,sub-a3,16,0,16
2026-10-06,41,plant-B,line-B8,machine-B10,lot-63,UP,aPZT,category-1,sub-a9,2,0,2
2026-10-06,41,plant-A,line-A5,machine-A10,lot-91,DN,aPZT,category-1,sub-a7,2,0,2
2026-10-06,41,plant-A,line-A2,machine-A5,lot-2,UP,aPZT,category-5,sub-a6,38,0,38
2026-10-06,41,plant-A,line-A1,machine-A5,lot-79,UP,bPZT,category-3,sub-b8,39,0,39
2026-10-06,41,plant-A,line-A7,machine-A9,lot-10,UP,aPZT,category-5,sub-a3,40,0,40
2026-10-06,41,plant-A,line-A7,machine-A9,lot-10,DN,bPZT,pass,pass,0,2480,2520
2026-10-06,41,plant-A,line-A5,machine-A6,lot-90,UP,bPZT,category-4,sub-b2,4,0,4
2026-10-06,41,plant-A,line-A1,machine-A1,lot-60,DN,aPZT,category-2,sub-a7,13,0,13
2026-10-06,41,plant-B,line-B8,machine-B10,lot-63,DN,aPZT,pass,pass,0,2415,2501
2026-10-06,41,plant-B,line-B8,machine-B10,lot-63,UP,bPZT,category-2,sub-b5,39,0,39
2026-10-06,41,plant-B,line-B7,machine-B6,lot-6,DN,bPZT,pass,pass,0,2044,2141
2026-10-06,41,plant-A,line-A2,machine-A5,lot-2,Dn,aPZT,pass,,0,2435,2466
2026-10-06,41,plant-B,line-B7,machine-B6,lot-6,UP,bPZT,category-2,sub-b6,6,0,6
2026-10-06,41,plant-A,line-A5,machine-A6,lot-90,DN,aPZT,category-5,sub-a2,23,0,23
2026-10-06,41,plant-A,line-A2,machine-A5,lot-2,UP,bPZT,category-4,sub-b3,6,0,6
2026-10-06,41,plant-A,line-A9,machine-A9,lot-72,UP,aPZT,category-5,sub-a10,17,0,17
2026-10-06,41,plant-A,line-A5,machine-A10,lot-91,UP,bPZT,category-2,sub-b6,34,0,34
2026-10-06,41,plant-B,line-B6,machine-B6,lot-37,UP,aPZT,pass,,0,2038,2084
2026-10-06,41,plant-A,line-A2,machine-A5,lot-2,DN,bPZT,category-5,sub-b9,25,0,25
2026-10-06,41,plant-B,line-B4,machine-B5,lot-34,dn,aPZT,category-1,sub-a6,10,0,10
2026-10-06,41,plant-A,line-A3,machine-A4,lot-82,UP,bPZT,category-1,sub-b9,31,0,31
2026-10-06,41,plant-A,line-A7,machine-A9,lot-10,DN,bPZT,category-3,sub-b2,8,0,8
2026-10-06,41,plant-B,line-B5,machine-B8,lot-93,DN,bPZT,category-5,sub-b7,10,0,10
2026-10-06,41,plant-A,line-A8,machine-A2,lot-5,UP,bPZT,category-3,sub-b8,14,0,14
2026-10-06,41,plant-B,line-B2,machine-B8,lot-81,DN,aPZT,category-1,sub-a10,40,0,40
2026-10-06,41,plant-A,line-A10,machine-A1,lot-65,DN,bPZT,category-2,sub-b6,20,0,20
2026-10-06,41,plant-A,line-A5,machine-A9,lot-18,DN,bPZT,category-5,sub-b6,26,0,26
2026-10-06,41,plant-B,line-B5,machine-B8,lot-93,UP,aPZT,category-4,sub-a1,29,0,29
2026-10-06,41,plant-B,line-B7,machine-B6,lot-6,DN,aPZT,category-1,sub-a4,31,0,31
2026-10-06,41,plant-B,line-B9,machine-B8,lot-24,DN,aPZT,category-5,sub-a4,29,0,29
2026-10-06,41,plant-B,line-B6,machine-B6,lot-37,DN,bPZT,category-5,sub-b8,10,0,10
2026-10-06,41,plant-A,line-A5,machine-A6,lot-90,DN,bPZT,category-5,sub-b5,32,0,32
2026-10-06,41,plant-B,line-B5,machine-B3,lot-26,UP,aPZT,category-4,sub-a7,3,0,3
2026-10-06,41,plant-A,line-A8,machine-A5,lot-42,UP,bPZT,pass,pass,0,2997,3042
2026-10-06,41,plant-B,line-B3,machine-B10,lot-28,UP,aPZT,category-1,sub-a4,37,0,37
2026-10-06,41,plant-A,line-A8,machine-A5,lot-42,DN,aPZT,category-4,sub-a2,14,0,14
2026-10-06,41,plant-A,line-A5,machine-A10,lot-91,UP,bPZT,category-5,sub-b4,13,0,13
2026-10-06,41,plant-A,line-A5,machine-A4,lot-80,DN,aPZT,category-3,sub-a5,33,0,33
2026-10-06,41,plant-A,line-A1,machine-A5,lot-79,DN,aPZT,category-1,sub-a8,40,0,40
2026-10-06,41,plant-B,line-B3,machine-B10,lot-28,UP,aPZT,pass,pass,0,2713,2779
2026-10-06,41,plant-A,line-A5,machine-A9,lot-18,UP,aPZT,category-3,sub-a6,29,0,29
2026-10-06,41,plant-B,line-B5,machine-B8,lot-93,DN,aPZT,category-1,sub-a3,32,0,32
2026-10-06,41,plant-B,line-B4,machine-B5,lot-34,DN,aPZT,category-1,sub-a6,30,0,30
2026-10-06,41,plant-B,line-B10,machine-B1,lot-14,UP,bPZT,category-4,sub-b3,38,0,38
2026-10-06,41,plant-A,line-A5,machine-A9,lot-18,DN,aPZT,pass,pass,0,2620,2679
2026-10-06,41,plant-B,line-B4,machine-B5,lot-34,DN,bPZT,pass,pass,0,2440,2504
2026-10-06,41,plant-A,line-A5,machine-A6,lot-90,DN,bPZT,pass,pass,0,2831,2922
2026-10-06,41,plant-A,line-A9,machine-A9,lot-72,DN,aPZT,pass,pass,0,2066,2092
2026-10-06,41,plant-B,line-B7,machine-B6,lot-6,UP,aPZT,pass,pass,0,2044,2050
2026-10-06,41,plant-B,line-B9,machine-B8,lot-24,UP,bPZT,pass,pass,0,2928,2963
2026-10-06,41,plant-B,line-B9,machine-B8,lot-24,DN,bPZT,category-3,sub-b5,14,0,14
2026-10-06,41,plant-B,line-B3,machine-B10,lot-28,DN,bPZT,pass,pass,0,2713,2788
2026-10-06,41,plant-A,line-A5,machine-A6,lot-90,UP,aPZT,category-5,sub-a5,30,0,30
2026-10-06,41,plant-A,line-A3,machine-A4,lot-82,UP,aPZT,pass,pass,0,2349,2414
2026-10-06,41,plant-B,line-B7,machine-B10,lot-38,UP,aPZT,category-5,sub-a1,33,0,33
2026-10-06,41,plant-A,line-A4,machine-A5,lot-75,UP,bPZT,category-1,sub-b2,29,0,29
2026-10-06,41,plant-A,line-A5,machine-A10,lot-91,UP,aPZT,category-1,sub-a4,17,0,17
2026-10-06,41,plant-A,line-A4,machine-A5,lot-75,DN,aPZT,pass,pass,0,2416,2482
2026-10-06,41,plant-B,line-B8,machine-B10,lot-63,DN,bPZT,pass,pass,0,2415,2446
2026-10-06,41,plant-A,line-A4,machine-A5,lot-75,UP,bPZT,category-3,sub-b9,25,0,25
2026-10-06,41,plant-B,line-B5,machine-B3,lot-26,DN,aPZT,category-1,sub-a3,1,0,1
2026-10-06,41,plant-A,line-A8,machine-A2,lot-5,UP,bPZT,category-1,sub-b9,20,0,20
2026-10-06,41,plant-A,line-A4,machine-A5,lot-75,UP,aPZT,category-5,sub-a3,3,0,3
2026-10-06,41,plant-B,line-B7,machine-B6,lot-6,DN,aPZT,category-5,sub-a8,13,0,13
2026-10-06,41,plant-B,line-B5,machine-B3,lot-26,DN,bPZT,category-5,sub-b8,21,0,21
2026-10-06,41,plant-A,line-A9,machine-A9,lot-72,up,bPZT,pass,,0,2066,2106
2026-10-06,41,plant-B,line-B9,machine-B8,lot-24,DN,aPZT,category-5,sub-a9,6,0,6
2026-10-06,41,plant-B,line-B5,machine-B3,lot-26,UP,bPZT,category-1,sub-b6,27,0,27
2026-10-06,41,plant-A,line-A5,machine-A10,lot-91,UP,aPZT,category-1,sub-a3,40,0,40
2026-10-06,41,plant-A,line-A1,machine-A5,lot-79,DN,aPZT,pass,pass,0,2466,2575
2026-10-06,41,plant-A,line-A1,machine-A1,lot-60,DN,aPZT,pass,pass,0,2785,2795
2026-10-06,41,plant-A,line-A5,machine-A4,lot-80,UP,aPZT,category-5,sub-a3,9,0,9
2026-10-06,41,plant-B,line-B10,machine-B1,lot-14,UP,aPZT,category-4,sub-a4,18,0,18
2026-10-06,41,plant-A,line-A5,machine-A9,lot-18,UP,aPZT,category-5,sub-a9,38,0,38
2026-10-06,41,plant-B,line-B7,machine-B10,lot-38,DN,bPZT,category-4,sub-b3,11,0,11
2026-10-06,41,plant-A,line-A5,machine-A9,lot-18,DN,aPZT,category-1,sub-a8,33,0,33
2026-10-06,41,plant-B,line-B5,machine-B3,lot-26,UP,aPZT,pass,pass,0,2708,2761
2026-10-06,41,plant-B,line-B6,machine-B6,lot-37,DN,bPZT,category-4,sub-b7,36,0,36
2026-10-06,41,plant-B,line-B3,machine-B10,lot-28,DN,bPZT,category-4,sub-b2,9,0,9
2026-10-06,41,plant-B,line-B7,machine-B10,lot-38,DN,aPZT,category-1,sub-a10,27,0,27
2026-10-06,41,plant-B,line-B5,machine-B3,lot-26,DN,aPZT,category-3,,7,0,7
2026-10-06,41,plant-A,line-A8,machine-A5,lot-42,UP,bPZT,category-5,sub-b6,14,0,14
2026-10-06,41,plant-A,line-A1,machine-A1,lot-60,UP,aPZT,category-3,sub-a5,31,0,31
2026-10-06,41,plant-B,line-B4,machine-B5,lot-34,UP,bPZT,category-2,sub-b2,23,0,23
2026-10-06,41,plant-B,line-B5,machine-B8,lot-93,DN,bPZT,pass,pass,0,2044,2161
2026-10-06,41,plant-A,line-A8,machine-A2,lot-5,UP,aPZT,category-3,sub-a2,22,0,22
2026-10-06,41,plant-B,line-B2,machine-B8,lot-81,UP,aPZT,pass,pass,0,2996,3039
2026-10-06,41,plant-B,line-B9,machine-B8,lot-24,DN,bPZT,category-4,sub-b4,32,0,32
2026-10-06,41,plant-B,line-B5,machine-B8,lot-93,DN,aPZT,category-1,sub-a9,21,0,21
2026-10-06,41,plant-A,line-A1,machine-A5,lot-79,UP,aPZT,category-5,sub-a9,17,0,17
2026-10-06,41,plant-A,line-A8,machine-A5,lot-42,DN,aPZT,pass,pass,0,2997,3011
2026-10-06,41,plant-B,line-B8,machine-B10,lot-63,UP,bPZT,category-5,sub-b3,15,0,15
2026-10-06,41,plant-B,line-B3,machine-B10,lot-28,UP,bPZT,category-4,sub-b9,37,0,37
2026-10-07,41,plant-B,line-B9,machine-B7,lot-65,DN,bPZT,category-3,sub-b2,18,0,18
2026-10-07,41,plant-A,line-A9,machine-A5,lot-70,DN,aPZT,category-5,sub-a4,40,0,40
2026-10-07,41,plant-A,line-A8,machine-A2,lot-73,DN,aPZT,category-2,sub-a2,37,0,37
2026-10-07,41,plant-B,line-B9,machine-B7,lot-65,UP,aPZT,category-1,sub-a4,17,0,17
2026-10-07,41,plant-A,line-A8,machine-A2,lot-73,DN,bPZT,pass,pass,0,2296,2333
2026-10-07,41,plant-A,line-A9,machine-A8,lot-54,UP,bPZT,category-1,sub-b3,14,0,14
2026-10-07,41,plant-B,line-B9,machine-B7,lot-18,DN,aPZT,category-5,sub-a10,3,0,3
2026-10-07,41,plant-A,line-A8,machine-A2,lot-11,DN,bPZT,category-4,sub-b2,25,0,25
2026-10-07,41,plant-A,line-A9,machine-A10,lot-93,DN,bPZT,category-2,sub-b3,8,0,8
2026-10-07,41,plant-A,line-A5,machine-A2,lot-80,UP,bPZT,category-5,sub-b4,2,0,2
2026-10-07,41,plant-A,line-A2,machine-A7,lot-12,Up,bPZT,category-4,,8,0,8
2026-10-07,41,plant-B,line-B5,machine-B3,lot-32,UP,aPZT,category-4,sub-a8,12,0,12
2026-10-07,41,plant-A,line-A9,machine-A8,lot-54,UP,aPZT,category-1,sub-a8,8,0,8
2026-10-07,41,plant-B,line-B9,machine-B7,lot-18,DN,aPZT,category-1,sub-a1,24,0,24
2026-10-07,41,plant-B,line-B8,machine-B5,lot-57,DN,bPZT,category-2,sub-b9,32,0,32
2026-10-07,41,plant-B,line-B5,machine-B3,lot-32,UP,aPZT,category-1,sub-a8,18,0,18
2026-10-07,41,plant-A,line-A7,machine-A7,lot-44,UP,bPZT,category-3,sub-b4,15,0,15
2026-10-07,41,plant-A,line-A4,machine-A10,lot-1,DN,aPZT,pass,pass,0,2833,2871
2026-10-07,41,plant-A,line-A9,machine-A10,lot-93,UP,bPZT,category-5,sub-b5,14,0,14
2026-10-07,41,plant-A,line-A5,machine-A5,lot-2,UP,bPZT,category-2,sub-b8,32,0,32
2026-10-07,41,plant-A,line-A9,machine-A7,lot-35,UP,bPZT,pass,pass,0,2991,3036
2026-10-07,41,plant-B,line-B4,machine-B6,lot-14,UP,bPZT,category-4,sub-b7,28,0,28
2026-10-07,41,plant-A,line-A8,machine-A2,lot-11,DN,bPZT,category-2,sub-b8,14,0,14
2026-10-07,41,plant-A,line-A9,machine-A10,lot-93,UP,bPZT,category-1,sub-b3,10,0,10
2026-10-07,41,plant-A,line-A9,machine-A5,lot-70,DN,aPZT,category-2,sub-a6,23,0,23
2026-10-07,41,plant-B,line-B1,machine-B2,lot-74,UP,bPZT,category-3,sub-b8,20,0,20
2026-10-07,41,plant-A,line-A9,machine-A6,lot-30,DN,aPZT,category-3,sub-a2,33,0,33
2026-10-07,41,plant-B,line-B9,machine-B10,lot-6,UP,bPZT,pass,pass,0,2784,2807
2026-10-07,41,plant-A,line-A9,machine-A10,lot-93,DN,bPZT,pass,pass,0,2324,2368
2026-10-07,41,plant-B,line-B1,machine-B4,lot-45,DN,bPZT,pass,pass,0,2883,2918
2026-10-07,41,plant-B,line-B1,machine-B2,lot-74,UP,bPZT,category-2,sub-b6,14,0,14
2026-10-07,41,plant-B,line-B5,machine-B1,lot-67,DN,aPZT,category-5,sub-a2,28,0,28
2026-10-07,41,plant-A,line-A1,machine-A1,lot-81,DN,bPZT,pass,pass,0,2383,2390
2026-10-07,41,plant-A,line-A9,machine-A8,lot-54,uP,aPZT,category-4,,3,0,3
2026-10-07,41,plant-B,line-B4,machine-B6,lot-14,DN,bPZT,category-5,sub-b4,29,0,29
2026-10-07,41,plant-B,line-B9,machine-B7,lot-18,UP,bPZT,category-3,sub-b7,3,0,3
2026-10-07,41,plant-A,line-A9,machine-A8,lot-54,DN,aPZT,category-3,sub-a8,28,0,28
2026-10-07,41,plant-A,line-A9,machine-A5,lot-70,DN,aPZT,category-3,sub-a1,36,0,36
2026-10-07,41,plant-A,line-A5,machine-A2,lot-80,UP,bPZT,category-2,sub-b3,28,0,28
2026-10-07,41,plant-B,line-B5,machine-B3,lot-32,UP,aPZT,pass,pass,0,2472,2491
2026-10-07,41,plant-A,line-A1,machine-A1,lot-81,UP,bPZT,category-2,sub-b3,31,0,31
2026-10-07,41,plant-A,line-A4,machine-A10,lot-1,UP,bPZT,pass,pass,0,2833,2867
2026-10-07,41,plant-B,line-B1,machine-B4,lot-45,dn,aPZT,pass,,0,2883,2897
2026-10-07,41,plant-B,line-B8,machine-B5,lot-57,DN,aPZT,pass,pass,0,2988,3099
2026-10-07,41,plant-B,line-B9,machine-B10,lot-6,DN,bPZT,category-1,,39,0,39
2026-10-07,41,plant-A,line-A8,machine-A2,lot-73,UP,bPZT,category-5,sub-b2,5,0,5
2026-10-07,41,plant-A,line-A4,machine-A10,lot-1,UP,aPZT,category-1,sub-a6,16,0,16
2026-10-07,41,plant-A,line-A9,machine-A10,lot-93,UP,bPZT,category-2,sub-b1,9,0,9
2026-10-07,41,plant-B,line-B5,machine-B1,lot-67,DN,bPZT,category-4,sub-b2,7,0,7
2026-10-07,41,plant-B,line-B4,machine-B1,lot-56,DN,bPZT,category-3,sub-b1,11,0,11
2026-10-07,41,plant-A,line-A8,machine-A2,lot-73,DN,bPZT,category-3,sub-b6,25,0,25
2026-10-07,41,plant-B,line-B8,machine-B5,lot-57,DN,bPZT,pass,pass,0,2988,2989
2026-10-07,41,plant-B,line-B9,machine-B10,lot-6,UP,aPZT,pass,pass,0,2784,2873
2026-10-07,41,plant-A,line-A9,machine-A5,lot-70,Up,bPZT,category-2,sub-b2,15,0,15
2026-10-07,41,plant-A,line-A7,machine-A1,lot-91,UP,bPZT,category-3,sub-b9,10,0,10
2026-10-07,41,plant-A,line-A9,machine-A5,lot-70,DN,aPZT,category-4,sub-a9,10,0,10
2026-10-07,41,plant-A,line-A7,machine-A1,lot-91,UP,aPZT,category-1,sub-a6,1,0,1
2026-10-07,41,plant-B,line-B9,machine-B7,lot-65,UP,bPZT,category-2,sub-b5,6,0,6
2026-10-07,41,plant-A,line-A4,machine-A10,lot-1,UP,aPZT,category-3,sub-a2,18,0,18
2026-10-07,41,plant-B,line-B4,machine-B6,lot-14,UP,aPZT,pass,,0,2245,2386
2026-10-07,41,plant-B,line-B5,machine-B3,lot-32,UP,bPZT,category-2,sub-b4,2,0,2
2026-10-07,41,plant-A,line-A9,machine-A8,lot-54,UP,aPZT,category-1,sub-a3,25,0,25
2026-10-07,41,plant-B,line-B1,machine-B4,lot-45,DN,aPZT,category-2,sub-a1,8,0,8
2026-10-07,41,plant-A,line-A8,machine-A2,lot-11,UP,aPZT,category-4,sub-a9,12,0,12
2026-10-07,41,plant-A,line-A10,machine-A9,lot-29,DN,aPZT,category-5,sub-a8,23,0,23
2026-10-07,41,plant-B,line-B5,machine-B3,lot-32,DN,bPZT,pass,pass,0,2472,2588
2026-10-07,41,plant-A,line-A7,machine-A1,lot-91,DN,aPZT,category-2,sub-a10,28,0,28
2026-10-07,41,plant-A,line-A5,machine-A2,lot-80,UP,aPZT,category-2,sub-a5,1,0,1
2026-10-07,41,plant-B,line-B4,machine-B6,lot-14,DN,bPZT,pass,pass,0,2245,2300
2026-10-07,41,plant-A,line-A9,machine-A8,lot-54,DN,aPZT,category-3,sub-a8,39,0,39
2026-10-07,41,plant-A,line-A7,machine-A7,lot-44,DN,bPZT,pass,pass,0,2786,2813
2026-10-07,41,plant-B,line-B9,machine-B10,lot-6,DN,bPZT,category-1,sub-b5,8,0,8
2026-10-07,41,plant-B,line-B1,machine-B2,lot-74,UP,aPZT,category-1,sub-a9,26,0,26
2026-10-07,41,plant-A,line-A9,machine-A5,lot-70,Up,bPZT,pass,,0,2609,2718
2026-10-07,41,plant-B,line-B5,machine-B1,lot-67,DN,aPZT,category-5,sub-a3,1,0,1
2026-10-07,41,plant-A,line-A7,machine-A7,lot-44,DN,bPZT,category-1,sub-b6,18,0,18
2026-10-07,41,plant-A,line-A5,machine-A2,lot-80,DN,bPZT,pass,pass,0,2148,2181
2026-10-07,41,plant-B,line-B1,machine-B4,lot-45,UP,bPZT,category-2,sub-b1,14,0,14
2026-10-07,41,plant-B,line-B1,machine-B4,lot-45,UP,aPZT,category-4,sub-a2,6,0,6
2026-10-07,41,plant-A,line-A9,machine-A10,lot-93,DN,bPZT,category-1,sub-b10,2,0,2
2026-10-07,41,plant-A,line-A9,machine-A5,lot-70,UP,aPZT,pass,pass,0,2609,2666
2026-10-07,41,plant-A,line-A4,machine-A10,lot-1,UP,bPZT,category-2,sub-b8,2,0,2
2026-10-07,41,plant-B,line-B9,machine-B7,lot-18,DN,aPZT,pass,pass,0,2243,2246
2026-10-07,41,plant-A,line-A10,machine-A9,lot-29,DN,aPZT,category-5,sub-a10,26,0,26
2026-10-07,41,plant-A,line-A5,machine-A5,lot-2,UP,aPZT,category-1,sub-a10,23,0,23
2026-10-07,41,plant-A,line-A9,machine-A7,lot-35,DN,bPZT,category-5,sub-b2,15,0,15
2026-10-07,41,plant-B,line-B4,machine-B6,lot-14,UP,aPZT,category-4,sub-a3,12,0,12
2026-10-07,41,plant-A,line-A2,machine-A7,lot-12,UP,aPZT,category-3,sub-a3,32,0,32
2026-10-07,41,plant-A,line-A4,machine-A10,lot-1,UP,bPZT,category-4,sub-b9,10,0,10
2026-10-07,41,plant-B,line-B5,machine-B1,lot-67,UP,aPZT,category-4,sub-a9,14,0,14
2026-10-07,41,plant-B,line-B9,machine-B7,lot-18,UP,bPZT,pass,pass,0,2243,2336
2026-10-07,41,plant-B,line-B5,machine-B3,lot-32,up,aPZT,category-1,,19,0,19
2026-10-07,41,plant-A,line-A9,machine-A5,lot-70,UP,bPZT,category-4,sub-b5,39,0,39
2026-10-07,41,plant-B,line-B5,machine-B3,lot-32,UP,bPZT,category-5,sub-b7,15,0,15
2026-10-07,41,plant-A,line-A10,machine-A9,lot-29,DN,aPZT,category-4,sub-a9,30,0,30
2026-10-07,41,plant-A,line-A7,machine-A7,lot-44,UP,bPZT,category-3,sub-b2,14,0,14
2026-10-07,41,plant-A,line-A8,machine-A2,lot-73,UP,aPZT,pass,pass,0,2296,2332
2026-10-07,41,plant-B,line-B5,machine-B3,lot-32,DN,aPZT,category-5,sub-a3,24,0,24
2026-10-07,41,plant-A,line-A9,machine-A6,lot-30,UP,bPZT,category-4,sub-b5,2,0,2
2026-10-07,41,plant-A,line-A9,machine-A10,lot-93,DN,bPZT,category-4,sub-b10,34,0,34
2026-10-07,41,plant-A,line-A7,machine-A1,lot-91,DN,aPZT,category-3,sub-a8,15,0,15
2026-10-07,41,plant-B,line-B4,machine-B6,lot-14,UP,aPZT,category-1,sub-a9,36,0,36
2026-10-07,41,plant-A,line-A7,machine-A1,lot-91,UP,aPZT,pass,pass,0,2111,2143
2026-10-07,41,plant-B,line-B9,machine-B10,lot-6,DN,bPZT,category-2,sub-b6,5,0,5
2026-10-07,41,plant-A,line-A9,machine-A7,lot-35,DN,aPZT,pass,pass,0,2991,3070
2026-10-07,41,plant-A,line-A10,machine-A9,lot-29,DN,aPZT,category-2,sub-a5,31,0,31
2026-10-07,41,plant-A,line-A5,machine-A5,lot-2,UP,bPZT,category-2,sub-b4,21,0,21
2026-10-07,41,plant-B,line-B9,machine-B10,lot-6,UP,bPZT,category-3,sub-b8,15,0,15
2026-10-07,41,plant-B,line-B9,machine-B7,lot-18,UP,aPZT,category-5,sub-a5,12,0,12
2026-10-07,41,plant-B,line-B4,machine-B6,lot-14,DN,bPZT,category-2,sub-b10,37,0,37
2026-10-07,41,plant-A,line-A2,machine-A7,lot-12,UP,aPZT,pass,pass,0,2580,2599
2026-10-07,41,plant-B,line-B5,machine-B3,lot-32,DN,aPZT,category-3,sub-a5,34,0,34
2026-10-07,41,plant-A,line-A9,machine-A6,lot-30,DN,bPZT,pass,pass,0,2560,2596
2026-10-07,41,plant-B,line-B9,machine-B7,lot-65,DN,aPZT,pass,pass,0,2238,2269
2026-10-07,41,plant-A,line-A5,machine-A2,lot-80,DN,aPZT,category-4,sub-a5,32,0,32
2026-10-07,41,plant-A,line-A7,machine-A7,lot-44,DN,aPZT,pass,pass,0,2786,2835
2026-10-07,41,plant-B,line-B9,machine-B7,lot-65,DN,bPZT,category-5,sub-b6,7,0,7
2026-10-07,41,plant-A,line-A9,machine-A7,lot-35,UP,aPZT,category-3,sub-a5,7,0,7
2026-10-07,41,plant-B,line-B8,machine-B5,lot-57,DN,bPZT,category-2,sub-b3,32,0,32
2026-10-07,41,plant-A,line-A5,machine-A5,lot-2,UP,aPZT,category-5,sub-a9,25,0,25
2026-10-07,41,plant-A,line-A7,machine-A1,lot-91,UP,bPZT,category-1,sub-b7,22,0,22
2026-10-07,41,plant-B,line-B4,machine-B1,lot-56,UP,aPZT,category-3,sub-a2,34,0,34
2026-10-07,41,plant-B,line-B5,machine-B1,lot-67,UP,aPZT,category-2,sub-a3,13,0,13
2026-10-07,41,plant-B,line-B9,machine-B10,lot-6,UP,aPZT,category-3,sub-a7,23,0,23
2026-10-07,41,plant-B,line-B5,machine-B1,lot-67,UP,bPZT,pass,pass,0,2051,2118
2026-10-07,41,plant-A,line-A10,machine-A9,lot-29,UP,bPZT,category-1,sub-b4,7,0,7
2026-10-07,41,plant-B,line-B1,machine-B2,lot-74,DN,aPZT,category-2,sub-a7,37,0,37
2026-10-07,41,plant-B,line-B8,machine-B5,lot-57,UP,aPZT,category-1,sub-a5,1,0,1
2026-10-07,41,plant-A,line-A9,machine-A8,lot-54,DN,aPZT,category-5,sub-a6,20,0,20
2026-10-07,41,plant-A,line-A9,machine-A10,lot-93,DN,aPZT,pass,pass,0,2324,2434
2026-10-07,41,plant-B,line-B4,machine-B6,lot-14,UP,bPZT,category-4,sub-b4,8,0,8
2026-10-07,41,plant-A,line-A7,machine-A7,lot-44,UP,bPZT,category-2,sub-b10,2,0,2
2026-10-07,41,plant-A,line-A10,machine-A9,lot-29,UP,aPZT,category-3,sub-a1,33,0,33
2026-10-07,41,plant-B,line-B1,machine-B2,lot-74,UP,aPZT,category-5,sub-a1,5,0,5
2026-10-07,41,plant-A,line-A1,machine-A1,lot-81,UP,bPZT,category-4,sub-b1,12,0,12
2026-10-07,41,plant-A,line-A10,machine-A9,lot-29,UP,bPZT,pass,pass,0,2894,3037
2026-10-07,41,plant-B,line-B1,machine-B2,lot-74,UP,bPZT,pass,,0,2575,2670
2026-10-07,41,plant-A,line-A8,machine-A2,lot-73,UP,bPZT,category-5,sub-b2,6,0,6
2026-10-07,41,plant-B,line-B4,machine-B6,lot-14,UP,bPZT,category-1,sub-b2,33,0,33
2026-10-07,41,plant-A,line-A4,machine-A10,lot-1,DN,bPZT,category-3,sub-b3,26,0,26
2026-10-07,41,plant-A,line-A9,machine-A7,lot-35,UP,aPZT,category-1,sub-a7,27,0,27
2026-10-07,41,plant-B,line-B4,machine-B1,lot-56,UP,bPZT,category-1,sub-b5,33,0,33
2026-10-07,41,plant-A,line-A9,machine-A5,lot-70,DN,bPZT,category-1,sub-b1,3,0,3
2026-10-07,41,plant-A,line-A7,machine-A1,lot-91,UP,bPZT,pass,pass,0,2111,2195
2026-10-07,41,plant-B,line-B9,machine-B10,lot-6,UP,bPZT,category-1,sub-b2,22,0,22
2026-10-07,41,plant-A,line-A9,machine-A8,lot-54,UP,aPZT,pass,pass,0,2279,2298
2026-10-07,41,plant-A,line-A9,machine-A10,lot-93,DN,bPZT,category-4,sub-b7,5,0,5
2026-10-07,41,plant-B,line-B5,machine-B3,lot-32,UP,bPZT,category-3,sub-b9,2,0,2
2026-10-07,41,plant-A,line-A8,machine-A2,lot-11,UP,aPZT,category-2,sub-a7,32,0,32
2026-10-07,41,plant-B,line-B4,machine-B6,lot-14,UP,bPZT,category-5,sub-b4,6,0,6
2026-10-07,41,plant-A,line-A9,machine-A10,lot-93,UP,aPZT,category-2,sub-a10,22,0,22
2026-10-07,41,plant-A,line-A8,machine-A2,lot-11,DN,aPZT,category-2,sub-a2,33,0,33
2026-10-07,41,plant-B,line-B5,machine-B1,lot-67,Dn,aPZT,category-2,sub-a1,11,0,11
2026-10-07,41,plant-A,line-A9,machine-A7,lot-35,UP,aPZT,category-4,sub-a8,11,0,11
2026-10-07,41,plant-A,line-A1,machine-A1,lot-81,DN,aPZT,pass,pass,0,2383,2426
2026-10-07,41,plant-A,line-A9,machine-A10,lot-93,UP,bPZT,category-3,sub-b1,28,0,28
2026-10-07,41,plant-A,line-A1,machine-A1,lot-81,UP,aPZT,category-4,sub-a5,7,0,7
2026-10-07,41,plant-B,line-B5,machine-B1,lot-67,DN,bPZT,category-2,sub-b9,32,0,32
2026-10-07,41,plant-A,line-A10,machine-A9,lot-29,UP,bPZT,category-1,sub-b7,9,0,9
2026-10-07,41,plant-A,line-A9,machine-A7,lot-35,DN,bPZT,category-1,sub-b8,37,0,37
2026-10-07,41,plant-A,line-A8,machine-A2,lot-11,UP,aPZT,category-2,sub-a9,38,0,38
2026-10-07,41,plant-B,line-B4,machine-B6,lot-14,UP,aPZT,category-5,sub-a2,7,0,7
2026-10-07,41,plant-B,line-B4,machine-B1,lot-56,DN,bPZT,category-5,sub-b2,2,0,2
2026-10-07,41,plant-A,line-A5,machine-A5,lot-2,UP,bPZT,pass,pass,0,2054,2102
2026-10-07,41,plant-A,line-A5,machine-A5,lot-2,DN,aPZT,pass,pass,0,2054,2156
2026-10-07,41,plant-A,line-A8,machine-A2,lot-11,UP,aPZT,category-2,sub-a4,7,0,7
2026-10-07,41,plant-A,line-A10,machine-A9,lot-29,DN,aPZT,pass,pass,0,2894,2910
2026-10-07,41,plant-B,line-B4,machine-B1,lot-56,UP,bPZT,category-1,sub-b5,19,0,19
2026-10-07,41,plant-A,line-A9,machine-A8,lot-54,UP,bPZT,pass,pass,0,2279,2402
2026-10-07,41,plant-B,line-B8,machine-B5,lot-57,UP,bPZT,category-3,sub-b1,5,0,5
2026-10-07,41,plant-A,line-A5,machine-A5,lot-2,DN,bPZT,category-5,sub-b7,34,0,34
2026-10-07,41,plant-B,line-B8,machine-B5,lot-57,DN,bPZT,category-2,sub-b8,12,0,12
2026-10-07,41,plant-A,line-A2,machine-A7,lot-12,UP,bPZT,pass,pass,0,2580,2617
2026-10-07,41,plant-B,line-B5,machine-B3,lot-32,DN,aPZT,category-3,sub-a6,9,0,9
2026-10-07,41,plant-A,line-A7,machine-A7,lot-44,DN,aPZT,category-1,sub-a9,27,0,27
2026-10-07,41,plant-A,line-A9,machine-A7,lot-35,DN,bPZT,category-3,sub-b4,27,0,27
2026-10-07,41,plant-A,line-A9,machine-A6,lot-30,UP,aPZT,category-2,sub-a8,3,0,3
2026-10-07,41,plant-B,line-B9,machine-B7,lot-18,DN,aPZT,category-2,sub-a1,37,0,37
2026-10-07,41,plant-B,line-B4,machine-B1,lot-56,DN,aPZT,pass,pass,0,2539,2604
2026-10-07,41,plant-A,line-A5,machine-A5,lot-2,UP,bPZT,category-5,sub-b5,15,0,15
2026-10-07,41,plant-A,line-A5,machine-A2,lot-80,Up,aPZT,pass,,0,2148,2201
2026-10-07,41,plant-A,line-A8,machine-A2,lot-11,DN,bPZT,pass,pass,0,2685,2807
2026-10-07,41,plant-A,line-A8,machine-A2,lot-11,UP,bPZT,category-1,sub-b7,17,0,17
2026-10-07,41,plant-B,line-B5,machine-B1,lot-67,DN,aPZT,pass,pass,0,2051,2090
2026-10-07,41,plant-B,line-B1,machine-B2,lot-74,UP,aPZT,pass,pass,0,2575,2609
2026-10-07,41,plant-B,line-B4,machine-B1,lot-56,UP,bPZT,pass,pass,0,2539,2573
2026-10-07,41,plant-B,line-B8,machine-B5,lot-57,UP,bPZT,category-3,sub-b9,30,0,30
2026-10-07,41,plant-B,line-B1,machine-B2,lot-74,dn,aPZT,category-5,sub-a9,27,0,27
2026-10-07,41,plant-A,line-A8,machine-A2,lot-11,DN,bPZT,category-4,sub-b2,27,0,27
2026-10-07,41,plant-B,line-B9,machine-B7,lot-65,UP,bPZT,pass,pass,0,2238,2255
2026-10-07,41,plant-A,line-A5,machine-A2,lot-80,UP,bPZT,category-4,sub-b9,23,0,23
2026-10-07,41,plant-B,line-B9,machine-B7,lot-18,UP,aPZT,category-2,sub-a5,17,0,17
2026-10-07,41,plant-A,line-A9,machine-A10,lot-93,dn,aPZT,category-3,sub-a3,22,0,22
2026-10-07,41,plant-A,line-A2,machine-A7,lot-12,DN,bPZT,category-5,sub-b4,11,0,11
2026-10-07,41,plant-B,line-B1,machine-B4,lot-45,UP,aPZT,category-1,sub-a10,21,0,21
2026-10-07,41,plant-A,line-A8,machine-A2,lot-11,DN,aPZT,pass,pass,0,2685,2768
2026-10-07,41,plant-A,line-A9,machine-A6,lot-30,DN,aPZT,pass,pass,0,2560,2562
2026-10-07,41,plant-A,line-A2,machine-A7,lot-12,DN,aPZT,category-4,sub-a1,5,0,5
2026-10-07,41,plant-A,line-A7,machine-A1,lot-91,UP,aPZT,category-2,sub-a7,40,0,40
2026-10-07,41,plant-A,line-A9,machine-A8,lot-54,UP,bPZT,category-4,sub-b3,5,0,5
2026-10-08,41,plant-B,line-B3,machine-B3,lot-40,UP,aPZT,category-5,sub-a4,7,0,7
2026-10-08,41,plant-A,line-A2,machine-A6,lot-63,UP,aPZT,category-5,sub-a10,34,0,34
2026-10-08,41,plant-B,line-B10,machine-B10,lot-78,UP,aPZT,category-3,sub-a2,24,0,24
2026-10-08,41,plant-A,line-A7,machine-A9,lot-67,UP,bPZT,pass,pass,0,2526,2544
2026-10-08,41,plant-A,line-A8,machine-A4,lot-9,DN,bPZT,category-5,sub-b3,23,0,23
2026-10-08,41,plant-B,line-B6,machine-B3,lot-5,DN,bPZT,category-4,sub-b6,38,0,38
2026-10-08,41,plant-B,line-B8,machine-B10,lot-17,UP,aPZT,category-2,sub-a9,14,0,14
2026-10-08,41,plant-B,line-B10,machine-B10,lot-78,DN,bPZT,category-3,sub-b5,34,0,34
2026-10-08,41,plant-A,line-A6,machine-A10,lot-47,DN,aPZT,pass,pass,0,2242,2310
2026-10-08,41,plant-B,line-B9,machine-B4,lot-32,DN,aPZT,category-3,sub-a6,4,0,4
2026-10-08,41,plant-A,line-A4,machine-A10,lot-41,UP,bPZT,category-1,sub-b9,23,0,23
2026-10-08,41,plant-A,line-A6,machine-A3,lot-96,DN,aPZT,category-4,sub-a7,24,0,24
2026-10-08,41,plant-B,line-B8,machine-B10,lot-17,DN,bPZT,category-1,sub-b7,31,0,31
2026-10-08,41,plant-B,line-B7,machine-B8,lot-69,DN,aPZT,category-2,sub-a3,26,0,26
2026-10-08,41,plant-B,line-B1,machine-B8,lot-72,UP,aPZT,category-2,sub-a6,5,0,5
2026-10-08,41,plant-B,line-B1,machine-B8,lot-72,DN,aPZT,category-5,sub-a10,3,0,3
2026-10-08,41,plant-B,line-B3,machine-B3,lot-40,UP,bPZT,category-5,sub-b4,40,0,40
2026-10-08,41,plant-B,line-B3,machine-B3,lot-40,UP,bPZT,pass,pass,0,2962,3002
2026-10-08,41,plant-A,line-A4,machine-A1,lot-22,UP,bPZT,category-1,sub-b6,8,0,8
2026-10-08,41,plant-A,line-A8,machine-A1,lot-98,UP,bPZT,category-2,sub-b10,23,0,23
2026-10-08,41,plant-A,line-A4,machine-A1,lot-22,DN,aPZT,category-2,sub-a10,25,0,25
2026-10-08,41,plant-A,line-A8,machine-A4,lot-9,UP,bPZT,pass,pass,0,2426,2448
2026-10-08,41,plant-A,line-A4,machine-A1,lot-22,DN,bPZT,category-2,sub-b6,20,0,20
2026-10-08,41,plant-A,line-A4,machine-A10,lot-41,DN,bPZT,category-3,sub-b1,10,0,10
2026-10-08,41,plant-A,line-A9,machine-A8,lot-24,DN,bPZT,category-4,sub-b10,28,0,28
2026-10-08,41,plant-B,line-B8,machine-B10,lot-17,DN,aPZT,category-5,sub-a10,32,0,32
2026-10-08,41,plant-B,line-B9,machine-B5,lot-28,UP,aPZT,category-5,sub-a10,33,0,33
2026-10-08,41,plant-B,line-B1,machine-B10,lot-99,UP,bPZT,category-1,sub-b8,33,0,33
2026-10-08,41,plant-A,line-A4,machine-A1,lot-22,UP,aPZT,category-1,sub-a2,35,0,35
2026-10-08,41,plant-B,line-B9,machine-B4,lot-32,UP,bPZT,pass,pass,0,2507,2548
2026-10-08,41,plant-A,line-A9,machine-A8,lot-24,UP,bPZT,category-5,sub-b3,11,0,11
2026-10-08,41,plant-B,line-B1,machine-B8,lot-31,UP,bPZT,pass,pass,0,2094,2098
2026-10-08,41,plant-B,line-B4,machine-B2,lot-11,DN,bPZT,category-1,sub-b4,26,0,26
2026-10-08,41,plant-A,line-A6,machine-A10,lot-47,DN,bPZT,category-4,sub-b3,6,0,6
2026-10-08,41,plant-B,line-B3,machine-B3,lot-40,DN,aPZT,category-4,sub-a5,33,0,33
2026-10-08,41,plant-B,line-B10,machine-B10,lot-78,DN,aPZT,category-2,sub-a7,10,0,10
2026-10-08,41,plant-B,line-B10,machine-B6,lot-43,UP,aPZT,category-3,sub-a3,38,0,38
2026-10-08,41,plant-B,line-B9,machine-B7,lot-39,DN,bPZT,pass,pass,0,2100,2112
2026-10-08,41,plant-B,line-B1,machine-B8,lot-72,DN,aPZT,category-3,sub-a3,25,0,25
2026-10-08,41,plant-A,line-A9,machine-A8,lot-24,DN,bPZT,category-1,sub-b5,27,0,27
2026-10-08,41,plant-B,line-B1,machine-B8,lot-72,UP,bPZT,pass,pass,0,2488,2543
2026-10-08,41,plant-B,line-B1,machine-B8,lot-72,UP,bPZT,category-3,sub-b3,36,0,36
2026-10-08,41,plant-B,line-B6,machine-B3,lot-5,DN,bPZT,pass,pass,0,2731,2740
2026-10-08,41,plant-A,line-A8,machine-A1,lot-98,UP,bPZT,category-5,,26,0,26
2026-10-08,41,plant-A,line-A6,machine-A3,lot-96,DN,aPZT,category-2,sub-a3,8,0,8
2026-10-08,41,plant-A,line-A8,machine-A9,lot-64,DN,bPZT,pass,pass,0,2552,2587
2026-10-08,41,plant-B,line-B3,machine-B3,lot-40,DN,bPZT,category-4,sub-b10,37,0,37
2026-10-08,41,plant-B,line-B9,machine-B5,lot-28,DN,bPZT,category-3,sub-b5,20,0,20
2026-10-08,41,plant-B,line-B9,machine-B5,lot-28,UP,aPZT,pass,pass,0,2737,2759
2026-10-08,41,plant-A,line-A5,machine-A7,lot-48,DN,aPZT,category-2,sub-a1,6,0,6
2026-10-08,41,plant-B,line-B1,machine-B8,lot-72,UP,bPZT,category-4,sub-b3,20,0,20
2026-10-08,41,plant-A,line-A6,machine-A10,lot-47,DN,aPZT,category-1,sub-a6,26,0,26
2026-10-08,41,plant-B,line-B9,machine-B7,lot-39,DN,bPZT,category-1,sub-b6,4,0,4
2026-10-08,41,plant-B,line-B7,machine-B8,lot-69,UP,aPZT,category-3,sub-a7,7,0,7
2026-10-08,41,plant-A,line-A8,machine-A1,lot-98,DN,bPZT,category-1,sub-b4,19,0,19
2026-10-08,41,plant-A,line-A6,machine-A3,lot-96,UP,bPZT,pass,pass,0,2015,2120
2026-10-08,41,plant-A,line-A8,machine-A1,lot-98,DN,aPZT,category-2,sub-a9,30,0,30
2026-10-08,41,plant-A,line-A6,machine-A3,lot-96,UP,aPZT,category-3,sub-a9,16,0,16
2026-10-08,41,plant-A,line-A7,machine-A9,lot-67,UP,bPZT,category-4,sub-b2,6,0,6
2026-10-08,41,plant-A,line-A5,machine-A7,lot-48,DN,aPZT,category-2,sub-a4,24,0,24
2026-10-08,41,plant-A,line-A7,machine-A9,lot-67,UP,aPZT,category-4,sub-a8,18,0,18
2026-10-08,41,plant-B,line-B10,machine-B10,lot-78,UP,bPZT,category-3,sub-b1,20,0,20
2026-10-08,41,plant-A,line-A4,machine-A1,lot-22,DN,bPZT,category-4,sub-b2,7,0,7
2026-10-08,41,plant-B,line-B10,machine-B6,lot-43,UP,aPZT,category-4,sub-a1,16,0,16
2026-10-08,41,plant-A,line-A7,machine-A9,lot-67,UP,bPZT,category-2,sub-b5,30,0,30
2026-10-08,41,plant-B,line-B8,machine-B10,lot-17,UP,aPZT,category-1,sub-a4,26,0,26
2026-10-08,41,plant-B,line-B8,machine-B10,lot-17,Up,bPZT,category-4,sub-b4,17,0,17
2026-10-08,41,plant-A,line-A5,machine-A7,lot-48,UP,bPZT,pass,pass,0,2099,2129
2026-10-08,41,plant-B,line-B4,machine-B2,lot-11,DN,aPZT,category-4,sub-a6,5,0,5
2026-10-08,41,plant-B,line-B4,machine-B2,lot-11,UP,bPZT,category-4,sub-b7,33,0,33
2026-10-08,41,plant-B,line-B4,machine-B2,lot-11,UP,bPZT,pass,pass,0,2393,2398
2026-10-08,41,plant-B,line-B8,machine-B10,lot-17,UP,aPZT,category-4,sub-a7,31,0,31
2026-10-08,41,plant-B,line-B9,machine-B5,lot-28,DN,bPZT,category-1,sub-b4,2,0,2
2026-10-08,41,plant-A,line-A8,machine-A9,lot-64,DN,aPZT,category-3,sub-a3,35,0,35
2026-10-08,41,plant-A,line-A8,machine-A9,lot-64,UP,aPZT,pass,pass,0,2552,2655
2026-10-08,41,plant-A,line-A7,machine-A9,lot-67,DN,bPZT,category-2,sub-b3,26,0,26
2026-10-08,41,plant-B,line-B1,machine-B10,lot-99,UP,aPZT,category-3,sub-a3,14,0,14
2026-10-08,41,plant-B,line-B7,machine-B6,lot-52,UP,bPZT,pass,pass,0,2524,2583
2026-10-08,41,plant-A,line-A4,machine-A10,lot-41,DN,aPZT,category-5,sub-a6,17,0,17
2026-10-08,41,plant-B,line-B7,machine-B6,lot-52,UP,aPZT,category-3,sub-a10,18,0,18
2026-10-08,41,plant-B,line-B9,machine-B7,lot-39,UP,bPZT,category-1,sub-b5,27,0,27
2026-10-08,41,plant-A,line-A8,machine-A1,lot-98,UP,aPZT,category-5,sub-a9,11,0,11
2026-10-08,41,plant-A,line-A6,machine-A3,lot-96,UP,bPZT,category-2,sub-b5,31,0,31
2026-10-08,41,plant-A,line-A2,machine-A6,lot-63,DN,aPZT,pass,pass,0,2612,2618
2026-10-08,41,plant-B,line-B7,machine-B8,lot-69,DN,aPZT,category-4,sub-a6,32,0,32
2026-10-08,41,plant-A,line-A8,machine-A1,lot-98,DN,aPZT,category-5,sub-a7,10,0,10
2026-10-08,41,plant-A,line-A6,machine-A3,lot-96,UP,aPZT,category-1,sub-a4,27,0,27
2026-10-08,41,plant-A,line-A2,machine-A6,lot-63,UP,aPZT,category-3,sub-a10,19,0,19
2026-10-08,41,plant-B,line-B9,machine-B4,lot-32,UP,bPZT,category-2,sub-b6,2,0,2
2026-10-08,41,plant-B,line-B9,machine-B5,lot-28,UP,aPZT,category-2,sub-a3,9,0,9
2026-10-08,41,plant-B,line-B1,machine-B8,lot-31,UP,aPZT,pass,pass,0,2094,2122
2026-10-08,41,plant-B,line-B4,machine-B2,lot-11,DN,bPZT,category-3,sub-b2,17,0,17
2026-10-08,41,plant-A,line-A2,machine-A6,lot-63,DN,bPZT,pass,pass,0,2612,2809
2026-10-08,41,plant-B,line-B1,machine-B10,lot-99,UP,bPZT,pass,pass,0,2613,2676
2026-10-08,41,plant-B,line-B1,machine-B10,lot-99,DN,aPZT,category-1,sub-a7,29,0,29
2026-10-08,41,plant-B,line-B9,machine-B4,lot-32,DN,aPZT,category-2,sub-a6,14,0,14
2026-10-08,41,plant-B,line-B3,machine-B3,lot-40,UP,aPZT,pass,pass,0,2962,3103
2026-10-08,41,plant-B,line-B10,machine-B10,lot-78,DN,aPZT,pass,pass,0,2130,2221
2026-10-08,41,plant-A,line-A8,machine-A4,lot-9,UP,aPZT,pass,pass,0,2426,2455
2026-10-08,41,plant-B,line-B4,machine-B2,lot-11,UP,bPZT,category-5,sub-b10,12,0,12
2026-10-08,41,plant-B,line-B3,machine-B3,lot-40,UP,bPZT,category-4,sub-b7,10,0,10
2026-10-08,41,plant-B,line-B6,machine-B3,lot-5,DN,aPZT,category-5,sub-a3,9,0,9
2026-10-08,41,plant-A,line-A8,machine-A1,lot-98,UP,bPZT,pass,pass,0,2499,2571
2026-10-08,41,plant-B,line-B8,machine-B10,lot-17,UP,bPZT,category-2,sub-b6,26,0,26
2026-10-08,41,plant-B,line-B8,machine-B10,lot-17,DN,aPZT,category-4,sub-a6,4,0,4
2026-10-08,41,plant-A,line-A8,machine-A9,lot-64,DN,bPZT,category-4,sub-b3,15,0,15
2026-10-08,41,plant-B,line-B1,machine-B8,lot-31,UP,bPZT,category-2,sub-b1,21,0,21
2026-10-08,41,plant-B,line-B1,machine-B8,lot-31,DN,aPZT,category-2,sub-a9,4,0,4
2026-10-08,41,plant-B,line-B8,machine-B10,lot-17,DN,aPZT,pass,pass,0,2247,2329
2026-10-08,41,plant-B,line-B4,machine-B2,lot-11,DN,aPZT,pass,pass,0,2393,2522
2026-10-08,41,plant-A,line-A4,machine-A1,lot-22,DN,aPZT,pass,pass,0,2638,2773
2026-10-08,41,plant-B,line-B9,machine-B4,lot-32,UP,aPZT,category-1,sub-a3,8,0,8
2026-10-08,41,plant-B,line-B10,machine-B6,lot-43,UP,bPZT,category-3,sub-b7,32,0,32
2026-10-08,41,plant-B,line-B8,machine-B10,lot-17,UP,aPZT,category-2,sub-a10,27,0,27
2026-10-08,41,plant-A,line-A6,machine-A3,lot-96,UP,aPZT,pass,pass,0,2015,2077
2026-10-08,41,plant-A,line-A9,machine-A8,lot-24,DN,aPZT,category-4,sub-a10,35,0,35
2026-10-08,41,plant-B,line-B7,machine-B6,lot-52,DN,aPZT,category-5,sub-a1,38,0,38
2026-10-08,41,plant-B,line-B9,machine-B4,lot-32,DN,aPZT,category-3,sub-a5,15,0,15
2026-10-08,41,plant-A,line-A8,machine-A9,lot-64,UP,bPZT,category-2,sub-b1,40,0,40
2026-10-08,41,plant-B,line-B1,machine-B8,lot-72,DN,aPZT,pass,pass,0,2488,2547
2026-10-08,41,plant-B,line-B7,machine-B8,lot-69,UP,bPZT,category-3,sub-b1,35,0,35
2026-10-08,41,plant-B,line-B6,machine-B3,lot-5,UP,aPZT,pass,pass,0,2731,2769
2026-10-08,41,plant-A,line-A7,machine-A9,lot-67,UP,aPZT,pass,pass,0,2526,2634
2026-10-08,41,plant-B,line-B9,machine-B4,lot-32,DN,bPZT,category-3,sub-b9,39,0,39
2026-10-08,41,plant-A,line-A2,machine-A6,lot-63,UP,aPZT,category-5,sub-a2,39,0,39
2026-10-08,41,plant-B,line-B10,machine-B10,lot-78,UP,bPZT,category-1,sub-b2,37,0,37
2026-10-08,41,plant-B,line-B3,machine-B3,lot-40,UP,bPZT,category-5,sub-b10,25,0,25
2026-10-08,41,plant-A,line-A8,machine-A9,lot-64,UP,bPZT,category-3,sub-b2,15,0,15
2026-10-08,41,plant-B,line-B10,machine-B10,lot-78,UP,bPZT,pass,pass,0,2130,2164
2026-10-08,41,plant-A,line-A8,machine-A4,lot-9,UP,bPZT,category-4,sub-b7,5,0,5
2026-10-08,41,plant-B,line-B1,machine-B10,lot-99,DN,bPZT,category-2,sub-b10,28,0,28
2026-10-08,41,plant-B,line-B8,machine-B10,lot-17,UP,bPZT,pass,pass,0,2247,2398
2026-10-08,41,plant-B,line-B4,machine-B2,lot-11,UP,bPZT,category-5,sub-b5,7,0,7
2026-10-08,41,plant-A,line-A4,machine-A10,lot-41,DN,aPZT,pass,pass,0,2922,2955
2026-10-08,41,plant-A,line-A7,machine-A9,lot-67,DN,bPZT,category-2,sub-b4,6,0,6
2026-10-08,41,plant-A,line-A6,machine-A10,lot-47,UP,bPZT,category-5,sub-b6,27,0,27
2026-10-08,41,plant-B,line-B9,machine-B7,lot-39,UP,aPZT,category-2,sub-a4,12,0,12
2026-10-08,41,plant-A,line-A9,machine-A8,lot-24,DN,aPZT,category-3,sub-a3,28,0,28
2026-10-08,41,plant-A,line-A8,machine-A1,lot-98,UP,aPZT,pass,pass,0,2499,2624
2026-10-08,41,plant-B,line-B9,machine-B7,lot-39,UP,bPZT,category-4,sub-b9,4,0,4
2026-10-08,41,plant-A,line-A4,machine-A10,lot-41,UP,aPZT,category-3,sub-a1,12,0,12
2026-10-08,41,plant-B,line-B10,machine-B6,lot-43,UP,bPZT,pass,pass,0,2827,2881
2026-10-08,41,plant-B,line-B1,machine-B8,lot-72,DN,aPZT,category-5,sub-a2,22,0,22
2026-10-08,41,plant-A,line-A4,machine-A1,lot-22,UP,bPZT,category-3,sub-b6,7,0,7
2026-10-08,41,plant-B,line-B10,machine-B6,lot-43,DN,aPZT,pass,pass,0,2827,2859
2026-10-08,41,plant-B,line-B7,machine-B6,lot-52,UP,aPZT,category-3,sub-a7,3,0,3
2026-10-08,41,plant-A,line-A8,machine-A1,lot-98,DN,bPZT,category-1,sub-b2,2,0,2
2026-10-08,41,plant-A,line-A8,machine-A1,lot-98,UP,bPZT,category-5,,1,0,1
2026-10-08,41,plant-B,line-B1,machine-B10,lot-99,DN,aPZT,pass,pass,0,2613,2674
2026-10-08,41,plant-B,line-B1,machine-B10,lot-99,UP,aPZT,category-4,sub-a9,20,0,20
2026-10-08,41,plant-B,line-B3,machine-B3,lot-40,DN,bPZT,category-4,sub-b9,29,0,29
2026-10-08,41,plant-A,line-A5,machine-A7,lot-48,UP,aPZT,pass,pass,0,2099,2122
2026-10-08,41,plant-A,line-A6,machine-A3,lot-96,UP,aPZT,category-1,sub-a9,4,0,4
2026-10-08,41,plant-B,line-B1,machine-B8,lot-31,DN,bPZT,category-5,sub-b7,7,0,7
2026-10-08,41,plant-A,line-A6,machine-A3,lot-96,DN,bPZT,category-4,sub-b7,31,0,31
2026-10-08,41,plant-A,line-A8,machine-A4,lot-9,DN,aPZT,category-4,sub-a2,10,0,10
2026-10-08,41,plant-A,line-A8,machine-A9,lot-64,UP,bPZT,category-2,sub-b3,33,0,33
2026-10-08,41,plant-A,line-A6,machine-A10,lot-47,UP,bPZT,category-1,sub-b9,35,0,35
2026-10-08,41,plant-A,line-A4,machine-A1,lot-22,UP,bPZT,category-2,,37,0,37
2026-10-08,41,plant-B,line-B9,machine-B4,lot-32,UP,aPZT,pass,pass,0,2507,2608
2026-10-08,41,plant-B,line-B8,machine-B10,lot-17,UP,bPZT,category-1,sub-b7,8,0,8
2026-10-08,41,plant-A,line-A4,machine-A1,lot-22,UP,bPZT,category-3,sub-b5,24,0,24
2026-10-08,41,plant-A,line-A2,machine-A6,lot-63,UP,aPZT,category-3,sub-a3,18,0,18
2026-10-08,41,plant-A,line-A8,machine-A4,lot-9,UP,aPZT,category-3,sub-a5,12,0,12
2026-10-08,41,plant-A,line-A9,machine-A8,lot-24,DN,bPZT,pass,pass,0,2740,2836
2026-10-08,41,plant-A,line-A9,machine-A8,lot-24,UP,aPZT,pass,pass,0,2740,2869
2026-10-08,41,plant-B,line-B1,machine-B8,lot-72,UP,bPZT,category-3,sub-b1,3,0,3
2026-10-08,41,plant-B,line-B9,machine-B5,lot-28,DN,bPZT,pass,pass,0,2737,2779
2026-10-08,41,plant-A,line-A8,machine-A1,lot-98,dn,bPZT,category-4,,20,0,20
2026-10-08,41,plant-A,line-A2,machine-A6,lot-63,DN,aPZT,category-4,sub-a10,27,0,27
2026-10-08,41,plant-B,line-B9,machine-B4,lot-32,UP,bPZT,category-1,sub-b7,33,0,33
2026-10-08,41,plant-A,line-A4,machine-A1,lot-22,DN,bPZT,category-4,sub-b8,32,0,32
2026-10-08,41,plant-A,line-A9,machine-A8,lot-24,UP,bPZT,category-2,sub-b6,29,0,29
2026-10-08,41,plant-B,line-B8,machine-B10,lot-17,DN,aPZT,category-3,sub-a6,3,0,3
2026-10-08,41,plant-B,line-B9,machine-B4,lot-32,DN,bPZT,category-4,sub-b8,27,0,27
2026-10-08,41,plant-A,line-A2,machine-A6,lot-63,UP,bPZT,category-5,sub-b8,6,0,6
2026-10-08,41,plant-B,line-B7,machine-B8,lot-69,UP,aPZT,category-5,,20,0,20
2026-10-08,41,plant-B,line-B7,machine-B8,lot-69,DN,aPZT,pass,pass,0,2632,2670
2026-10-08,41,plant-A,line-A6,machine-A10,lot-47,UP,bPZT,pass,pass,0,2242,2268
2026-10-08,41,plant-B,line-B7,machine-B6,lot-52,UP,bPZT,category-1,sub-b10,8,0,8
2026-10-08,41,plant-B,line-B4,machine-B2,lot-11,UP,bPZT,category-1,sub-b6,34,0,34
2026-10-08,41,plant-B,line-B7,machine-B8,lot-69,UP,bPZT,pass,pass,0,2632,2717
2026-10-08,41,plant-B,line-B7,machine-B6,lot-52,DN,aPZT,pass,pass,0,2524,2532
2026-10-08,41,plant-A,line-A2,machine-A6,lot-63,UP,aPZT,category-3,sub-a5,2,0,2
2026-10-08,41,plant-A,line-A8,machine-A1,lot-98,DN,aPZT,category-1,sub-a2,21,0,21
2026-10-08,41,plant-A,line-A2,machine-A6,lot-63,DN,aPZT,category-3,sub-a6,20,0,20
2026-10-08,41,plant-A,line-A9,machine-A8,lot-24,DN,aPZT,category-2,sub-a2,33,0,33
2026-10-08,41,plant-B,line-B7,machine-B8,lot-69,up,bPZT,category-4,sub-b4,3,0,3
2026-10-08,41,plant-A,line-A2,machine-A6,lot-63,DN,aPZT,category-4,sub-a6,6,0,6
2026-10-08,41,plant-A,line-A8,machine-A1,lot-98,UP,bPZT,category-2,sub-b1,34,0,34
2026-10-08,41,plant-A,line-A6,machine-A3,lot-96,UP,aPZT,category-5,sub-a2,26,0,26
2026-10-08,41,plant-A,line-A4,machine-A10,lot-41,UP,bPZT,pass,pass,0,2922,2951
2026-10-08,41,plant-A,line-A4,machine-A1,lot-22,UP,bPZT,pass,pass,0,2638,2698
2026-10-08,41,plant-A,line-A8,machine-A4,lot-9,DN,bPZT,category-5,sub-b4,1,0,1
2026-10-08,41,plant-B,line-B9,machine-B7,lot-39,UP,aPZT,pass,pass,0,2100,2135
2026-10-08,41,plant-A,line-A5,machine-A7,lot-48,DN,bPZT,category-3,sub-b6,23,0,23
2026-10-08,41,plant-A,line-A2,machine-A6,lot-63,DN,aPZT,category-5,sub-a2,32,0,32
2026-10-08,41,plant-A,line-A7,machine-A9,lot-67,UP,bPZT,category-2,sub-b10,40,0,40
2026-10-08,41,plant-B,line-B8,machine-B10,lot-17,UP,aPZT,category-3,sub-a5,14,0,14
2026-10-08,41,plant-A,line-A9,machine-A8,lot-24,DN,bPZT,category-4,sub-b4,34,0,34
2026-10-09,41,plant-B,line-B1,machine-B5,lot-2,DN,bPZT,category-5,sub-b3,10,0,10
2026-10-09,41,plant-A,line-A4,machine-A8,lot-46,UP,aPZT,category-3,sub-a10,2,0,2
2026-10-09,41,plant-B,line-B4,machine-B10,lot-70,DN,bPZT,pass,pass,0,2526,2541
2026-10-09,41,plant-B,line-B1,machine-B2,lot-34,DN,bPZT,category-3,sub-b8,5,0,5
2026-10-09,41,plant-A,line-A10,machine-A2,lot-75,DN,bPZT,category-1,sub-b3,40,0,40
2026-10-09,41,plant-B,line-B9,machine-B1,lot-72,DN,aPZT,pass,pass,0,2304,2461
2026-10-09,41,plant-A,line-A2,machine-A9,lot-54,UP,aPZT,category-5,sub-a7,18,0,18
2026-10-09,41,plant-B,line-B1,machine-B8,lot-38,DN,aPZT,category-2,sub-a9,18,0,18
2026-10-09,41,plant-B,line-B9,machine-B1,lot-72,DN,bPZT,category-5,sub-b6,27,0,27
2026-10-09,41,plant-A,line-A1,machine-A3,lot-8,DN,bPZT,category-2,sub-b8,15,0,15
2026-10-09,41,plant-B,line-B1,machine-B2,lot-34,UP,aPZT,category-2,sub-a10,40,0,40
2026-10-09,41,plant-B,line-B8,machine-B2,lot-64,DN,bPZT,category-5,sub-b3,1,0,1
2026-10-09,41,plant-A,line-A4,machine-A8,lot-46,UP,bPZT,category-3,sub-b5,25,0,25
2026-10-09,41,plant-B,line-B8,machine-B2,lot-64,UP,bPZT,category-1,sub-b9,20,0,20
2026-10-09,41,plant-A,line-A9,machine-A7,lot-99,DN,aPZT,category-1,sub-a2,11,0,11
2026-10-09,41,plant-B,line-B8,machine-B2,lot-64,UP,bPZT,category-2,sub-b1,19,0,19
2026-10-09,41,plant-B,line-B4,machine-B9,lot-73,UP,aPZT,category-2,sub-a4,13,0,13
2026-10-09,41,plant-B,line-B6,machine-B8,lot-82,UP,aPZT,category-2,sub-a2,25,0,25
2026-10-09,41,plant-B,line-B6,machine-B8,lot-82,UP,aPZT,category-3,sub-a6,36,0,36
2026-10-09,41,plant-B,line-B10,machine-B10,lot-65,UP,bPZT,pass,pass,0,2278,2293
2026-10-09,41,plant-B,line-B9,machine-B1,lot-72,dn,bPZT,category-3,sub-b2,36,0,36
2026-10-09,41,plant-B,line-B1,machine-B5,lot-2,UP,bPZT,category-2,sub-b6,15,0,15
2026-10-09,41,plant-A,line-A5,machine-A9,lot-29,DN,aPZT,category-4,sub-a3,13,0,13
2026-10-09,41,plant-A,line-A1,machine-A5,lot-52,DN,aPZT,category-3,sub-a5,40,0,40
2026-10-09,41,plant-B,line-B9,machine-B1,lot-39,DN,bPZT,category-3,sub-b4,13,0,13
2026-10-09,41,plant-A,line-A5,machine-A9,lot-29,UP,aPZT,pass,pass,0,2638,2685
2026-10-09,41,plant-B,line-B9,machine-B1,lot-39,UP,aPZT,category-3,sub-a5,31,0,31
2026-10-09,41,plant-B,line-B6,machine-B8,lot-82,DN,aPZT,category-4,sub-a1,6,0,6
2026-10-09,41,plant-A,line-A10,machine-A2,lot-75,UP,aPZT,category-3,sub-a7,40,0,40
2026-10-09,41,plant-B,line-B9,machine-B1,lot-72,DN,bPZT,category-3,sub-b3,14,0,14
2026-10-09,41,plant-B,line-B4,machine-B10,lot-70,UP,aPZT,category-4,sub-a1,2,0,2
2026-10-09,41,plant-B,line-B10,machine-B10,lot-65,DN,aPZT,pass,pass,0,2278,2320
2026-10-09,41,plant-A,line-A1,machine-A5,lot-52,UP,bPZT,pass,pass,0,2174,2347
2026-10-09,41,plant-B,line-B3,machine-B7,lot-33,DN,aPZT,category-2,sub-a6,9,0,9
2026-10-09,41,plant-A,line-A5,machine-A9,lot-29,UP,aPZT,category-1,sub-a1,25,0,25
2026-10-09,41,plant-B,line-B1,machine-B2,lot-34,DN,aPZT,pass,pass,0,2194,2294
2026-10-09,41,plant-B,line-B10,machine-B10,lot-65,DN,bPZT,category-3,sub-b6,37,0,37
2026-10-09,41,plant-A,line-A10,machine-A2,lot-75,UP,bPZT,category-5,sub-b3,4,0,4
2026-10-09,41,plant-A,line-A10,machine-A2,lot-75,DN,bPZT,category-1,,22,0,22
2026-10-09,41,plant-B,line-B6,machine-B8,lot-82,UP,aPZT,category-3,sub-a8,20,0,20
2026-10-09,41,plant-A,line-A9,machine-A7,lot-99,DN,aPZT,category-2,sub-a9,31,0,31
2026-10-09,41,plant-A,line-A8,machine-A10,lot-96,DN,aPZT,pass,pass,0,2003,2067
2026-10-09,41,plant-A,line-A1,machine-A5,lot-52,UP,bPZT,category-4,sub-b3,26,0,26
2026-10-09,41,plant-B,line-B7,machine-B10,lot-13,DN,aPZT,pass,pass,0,2757,2767
2026-10-09,41,plant-A,line-A4,machine-A1,lot-91,DN,bPZT,category-1,sub-b5,17,0,17
2026-10-09,41,plant-A,line-A1,machine-A7,lot-1,UP,aPZT,pass,pass,0,2628,2681
2026-10-09,41,plant-A,line-A1,machine-A3,lot-8,UP,bPZT,category-5,sub-b1,19,0,19
2026-10-09,41,plant-A,line-A2,machine-A9,lot-54,UP,bPZT,category-4,sub-b9,30,0,30
2026-10-09,41,plant-B,line-B1,machine-B5,lot-2,UP,aPZT,category-5,sub-a10,34,0,34
2026-10-09,41,plant-B,line-B3,machine-B7,lot-33,DN,aPZT,pass,pass,0,2543,2630
2026-10-09,41,plant-A,line-A5,machine-A4,lot-50,UP,aPZT,category-2,sub-a5,8,0,8
2026-10-09,41,plant-B,line-B9,machine-B1,lot-72,DN,aPZT,category-2,sub-a10,33,0,33
2026-10-09,41,plant-A,line-A3,machine-A1,lot-44,UP,bPZT,pass,pass,0,2799,2834
2026-10-09,41,plant-A,line-A5,machine-A4,lot-50,UP,bPZT,category-5,sub-b10,35,0,35
2026-10-09,41,plant-A,line-A1,machine-A5,lot-52,DN,aPZT,category-1,sub-a3,8,0,8
2026-10-09,41,plant-B,line-B4,machine-B9,lot-73,DN,bPZT,category-1,sub-b1,37,0,37
2026-10-09,41,plant-A,line-A1,machine-A7,lot-1,UP,bPZT,category-2,sub-b2,20,0,20
2026-10-09,41,plant-B,line-B3,machine-B7,lot-33,UP,bPZT,category-4,sub-b7,10,0,10
2026-10-09,41,plant-B,line-B1,machine-B8,lot-38,UP,bPZT,category-3,sub-b5,35,0,35
2026-10-09,41,plant-A,line-A5,machine-A4,lot-50,UP,aPZT,category-5,sub-a3,15,0,15
2026-10-09,41,plant-A,line-A9,machine-A7,lot-99,UP,aPZT,category-5,sub-a5,37,0,37
2026-10-09,41,plant-A,line-A4,machine-A8,lot-46,UP,aPZT,category-1,sub-a3,8,0,8
2026-10-09,41,plant-A,line-A2,machine-A9,lot-54,DN,aPZT,category-2,sub-a4,13,0,13
2026-10-09,41,plant-A,line-A5,machine-A4,lot-50,DN,bPZT,category-3,sub-b1,6,0,6
2026-10-09,41,plant-B,line-B9,machine-B1,lot-39,UP,aPZT,pass,pass,0,2167,2197
2026-10-09,41,plant-A,line-A7,machine-A8,lot-97,DN,aPZT,category-1,sub-a5,15,0,15
2026-10-09,41,plant-A,line-A4,machine-A8,lot-46,DN,aPZT,category-3,sub-a7,17,0,17
2026-10-09,41,plant-A,line-A7,machine-A8,lot-97,UP,aPZT,category-1,sub-a1,23,0,23
2026-10-09,41,plant-B,line-B4,machine-B10,lot-70,UP,aPZT,category-1,,2,0,2
2026-10-09,41,plant-A,line-A9,machine-A7,lot-99,UP,aPZT,category-5,sub-a9,7,0,7
2026-10-09,41,plant-A,line-A4,machine-A8,lot-46,UP,aPZT,category-1,sub-a2,22,0,22
2026-10-09,41,plant-A,line-A1,machine-A3,lot-8,UP,aPZT,pass,pass,0,2168,2237
2026-10-09,41,plant-A,line-A2,machine-A9,lot-54,DN,bPZT,category-5,sub-b2,18,0,18
2026-10-09,41,plant-A,line-A9,machine-A7,lot-99,DN,bPZT,pass,pass,0,2565,2705
2026-10-09,41,plant-A,line-A4,machine-A1,lot-91,UP,bPZT,category-1,sub-b3,20,0,20
2026-10-09,41,plant-A,line-A10,machine-A2,lot-75,UP,bPZT,pass,pass,0,2819,2859
2026-10-09,41,plant-B,line-B1,machine-B2,lot-34,UP,bPZT,pass,pass,0,2194,2275
2026-10-09,41,plant-B,line-B6,machine-B8,lot-82,UP,aPZT,pass,pass,0,2223,2309
2026-10-09,41,plant-A,line-A5,machine-A4,lot-50,DN,aPZT,category-2,sub-a1,38,0,38
2026-10-09,41,plant-B,line-B1,machine-B5,lot-2,DN,bPZT,pass,pass,0,2853,2887
2026-10-09,41,plant-B,line-B9,machine-B1,lot-39,DN,aPZT,category-2,sub-a3,10,0,10
2026-10-09,41,plant-A,line-A9,machine-A7,lot-99,DN,aPZT,category-4,sub-a4,8,0,8
2026-10-09,41,plant-A,line-A5,machine-A9,lot-29,UP,bPZT,pass,pass,0,2638,2694
2026-10-09,41,plant-A,line-A5,machine-A9,lot-29,UP,bPZT,category-2,sub-b4,3,0,3
2026-10-09,41,plant-A,line-A3,machine-A1,lot-44,DN,aPZT,category-3,sub-a6,35,0,35
2026-10-09,41,plant-B,line-B9,machine-B1,lot-39,UP,bPZT,category-1,sub-b3,17,0,17
2026-10-09,41,plant-B,line-B8,machine-B2,lot-64,UP,aPZT,pass,pass,0,2596,2696
2026-10-09,41,plant-A,line-A3,machine-A1,lot-44,DN,bPZT,category-4,sub-b8,9,0,9
2026-10-09,41,plant-B,line-B9,machine-B1,lot-72,UP,bPZT,category-1,sub-b10,24,0,24
2026-10-09,41,plant-B,line-B10,machine-B10,lot-65,UP,bPZT,category-1,sub-b8,3,0,3
2026-10-09,41,plant-A,line-A4,machine-A8,lot-46,DN,aPZT,pass,pass,0,2396,2461
2026-10-09,41,plant-A,line-A5,machine-A4,lot-50,DN,bPZT,category-3,sub-b1,12,0,12
2026-10-09,41,plant-B,line-B6,machine-B8,lot-82,DN,bPZT,category-3,sub-b9,39,0,39
2026-10-09,41,plant-B,line-B10,machine-B10,lot-65,DN,aPZT,category-2,sub-a9,15,0,15
2026-10-09,41,plant-A,line-A8,machine-A10,lot-96,DN,bPZT,category-5,sub-b6,27,0,27
2026-10-09,41,plant-A,line-A1,machine-A7,lot-1,UP,bPZT,pass,pass,0,2628,2648
2026-10-09,41,plant-A,line-A8,machine-A10,lot-96,DN,bPZT,category-2,sub-b1,37,0,37
2026-10-09,41,plant-B,line-B3,machine-B7,lot-33,DN,aPZT,category-4,sub-a9,26,0,26
2026-10-09,41,plant-A,line-A1,machine-A5,lot-52,UP,bPZT,category-4,sub-b6,10,0,10
2026-10-09,41,plant-B,line-B4,machine-B10,lot-70,DN,aPZT,pass,pass,0,2526,2567
2026-10-09,41,plant-A,line-A5,machine-A9,lot-29,UP,aPZT,category-4,sub-a10,6,0,6
2026-10-09,41,plant-B,line-B9,machine-B1,lot-72,DN,bPZT,pass,pass,0,2304,2407
2026-10-09,41,plant-A,line-A5,machine-A4,lot-50,UP,aPZT,category-4,sub-a1,27,0,27
2026-10-09,41,plant-A,line-A5,machine-A4,lot-50,UP,bPZT,category-4,sub-b5,4,0,4
2026-10-09,41,plant-B,line-B1,machine-B2,lot-34,UP,bPZT,category-3,sub-b9,26,0,26
2026-10-09,41,plant-A,line-A10,machine-A2,lot-75,DN,bPZT,category-3,sub-b8,28,0,28
2026-10-09,41,plant-B,line-B3,machine-B7,lot-33,DN,bPZT,category-2,sub-b9,32,0,32
2026-10-09,41,plant-A,line-A3,machine-A1,lot-44,UP,aPZT,pass,pass,0,2799,2808
2026-10-09,41,plant-A,line-A5,machine-A4,lot-50,UP,aPZT,category-3,sub-a4,1,0,1
2026-10-09,41,plant-A,line-A1,machine-A3,lot-8,DN,bPZT,category-2,sub-b6,27,0,27
2026-10-09,41,plant-A,line-A7,machine-A8,lot-97,UP,bPZT,category-3,sub-b9,33,0,33
2026-10-09,41,plant-A,line-A1,machine-A5,lot-52,UP,aPZT,category-4,sub-a6,32,0,32
2026-10-09,41,plant-B,line-B6,machine-B8,lot-82,DN,bPZT,category-4,sub-b8,15,0,15
2026-10-09,41,plant-B,line-B4,machine-B9,lot-73,UP,aPZT,category-3,sub-a3,3,0,3
2026-10-09,41,plant-A,line-A1,machine-A3,lot-8,DN,aPZT,category-3,sub-a6,32,0,32
2026-10-09,41,plant-B,line-B3,machine-B7,lot-33,DN,bPZT,category-1,sub-b8,20,0,20
2026-10-09,41,plant-B,line-B1,machine-B8,lot-38,DN,bPZT,category-3,sub-b8,2,0,2
2026-10-09,41,plant-A,line-A4,machine-A8,lot-46,UP,bPZT,pass,pass,0,2396,2477
2026-10-09,41,plant-B,line-B7,machine-B10,lot-13,UP,bPZT,pass,pass,0,2757,2792
2026-10-09,41,plant-B,line-B9,machine-B1,lot-72,DN,bPZT,category-1,sub-b9,21,0,21
2026-10-09,41,plant-A,line-A4,machine-A1,lot-91,UP,bPZT,category-4,sub-b2,36,0,36
2026-10-09,41,plant-B,line-B10,machine-B10,lot-65,DN,bPZT,category-2,sub-b2,2,0,2
2026-10-09,41,plant-A,line-A4,machine-A8,lot-46,DN,aPZT,category-2,sub-a5,32,0,32
2026-10-09,41,plant-B,line-B1,machine-B2,lot-34,UP,bPZT,category-2,sub-b7,30,0,30
2026-10-09,41,plant-A,line-A9,machine-A7,lot-99,DN,aPZT,category-1,sub-a6,12,0,12
2026-10-09,41,plant-B,line-B9,machine-B1,lot-72,UP,aPZT,category-5,sub-a7,39,0,39
2026-10-09,41,plant-A,line-A1,machine-A7,lot-1,UP,bPZT,category-1,sub-b2,16,0,16
2026-10-09,41,plant-A,line-A7,machine-A8,lot-97,DN,aPZT,category-1,sub-a3,37,0,37
2026-10-09,41,plant-A,line-A1,machine-A7,lot-1,DN,aPZT,category-1,sub-a3,20,0,20
2026-10-09,41,plant-A,line-A4,machine-A1,lot-91,UP,aPZT,pass,pass,0,2561,2634
2026-10-09,41,plant-A,line-A5,machine-A9,lot-29,DN,bPZT,category-5,sub-b2,15,0,15
2026-10-09,41,plant-B,line-B4,machine-B9,lot-73,UP,aPZT,category-3,sub-a1,30,0,30
2026-10-09,41,plant-B,line-B6,machine-B8,lot-82,UP,bPZT,category-4,sub-b4,9,0,9
2026-10-09,41,plant-A,line-A5,machine-A4,lot-50,UP,bPZT,category-5,sub-b10,20,0,20
2026-10-09,41,plant-B,line-B1,machine-B8,lot-38,DN,aPZT,category-4,sub-a3,27,0,27
2026-10-09,41,plant-B,line-B6,machine-B8,lot-82,UP,bPZT,pass,pass,0,2223,2310
2026-10-09,41,plant-A,line-A2,machine-A9,lot-54,DN,aPZT,pass,pass,0,2533,2612
2026-10-09,41,plant-A,line-A9,machine-A7,lot-99,UP,bPZT,category-5,sub-b7,9,0,9
2026-10-09,41,plant-B,line-B8,machine-B2,lot-64,DN,bPZT,category-2,sub-b6,20,0,20
2026-10-09,41,plant-A,line-A1,machine-A3,lot-8,UP,aPZT,category-2,sub-a4,24,0,24
2026-10-09,41,plant-B,line-B7,machine-B10,lot-13,DN,aPZT,category-1,sub-a3,35,0,35
2026-10-09,41,plant-B,line-B4,machine-B10,lot-70,UP,bPZT,category-4,sub-b9,18,0,18
2026-10-09,41,plant-B,line-B6,machine-B8,lot-82,UP,bPZT,category-4,sub-b4,23,0,23
2026-10-09,41,plant-A,line-A1,machine-A3,lot-8,DN,bPZT,pass,pass,0,2168,2224
2026-10-09,41,plant-B,line-B8,machine-B2,lot-64,UP,aPZT,category-1,sub-a1,33,0,33
2026-10-09,41,plant-B,line-B3,machine-B7,lot-33,UP,bPZT,category-4,sub-b8,25,0,25
2026-10-09,41,plant-A,line-A4,machine-A1,lot-91,UP,bPZT,pass,pass,0,2561,2597
2026-10-09,41,plant-B,line-B1,machine-B2,lot-34,UP,aPZT,category-1,sub-a1,9,0,9
2026-10-09,41,plant-A,line-A5,machine-A4,lot-50,DN,bPZT,category-1,sub-b3,17,0,17
2026-10-09,41,plant-B,line-B1,machine-B2,lot-34,DN,bPZT,category-1,sub-b1,33,0,33
2026-10-09,41,plant-A,line-A9,machine-A7,lot-99,DN,aPZT,category-3,sub-a7,34,0,34
2026-10-09,41,plant-B,line-B1,machine-B8,lot-38,DN,bPZT,category-3,sub-b3,35,0,35
2026-10-09,41,plant-A,line-A2,machine-A9,lot-54,DN,bPZT,category-3,sub-b4,31,0,31
2026-10-09,41,plant-B,line-B4,machine-B10,lot-70,DN,bPZT,category-3,sub-b2,23,0,23
2026-10-09,41,plant-B,line-B1,machine-B2,lot-34,DN,aPZT,category-5,sub-a4,32,0,32
2026-10-09,41,plant-B,line-B1,machine-B8,lot-38,UP,aPZT,pass,pass,0,2084,2217
2026-10-09,41,plant-A,line-A1,machine-A5,lot-52,UP,aPZT,category-3,sub-a4,18,0,18
2026-10-09,41,plant-B,line-B9,machine-B1,lot-39,UP,bPZT,pass,pass,0,2167,2215
2026-10-09,41,plant-A,line-A2,machine-A9,lot-54,DN,bPZT,pass,pass,0,2533,2579
2026-10-09,41,plant-A,line-A1,machine-A5,lot-52,DN,aPZT,category-3,sub-a2,28,0,28
2026-10-09,41,plant-B,line-B3,machine-B7,lot-33,UP,bPZT,pass,pass,0,2543,2578
2026-10-09,41,plant-A,line-A10,machine-A2,lot-75,UP,aPZT,pass,pass,0,2819,2916
2026-10-09,41,plant-A,line-A1,machine-A5,lot-52,UP,aPZT,category-1,sub-a3,7,0,7
2026-10-09,41,plant-A,line-A5,machine-A4,lot-50,UP,bPZT,category-5,sub-b8,9,0,9
2026-10-09,41,plant-A,line-A7,machine-A8,lot-97,DN,aPZT,pass,pass,0,2474,2507
2026-10-09,41,plant-B,line-B1,machine-B5,lot-2,UP,aPZT,pass,pass,0,2853,2878
2026-10-09,41,plant-A,line-A1,machine-A5,lot-52,DN,aPZT,pass,pass,0,2174,2210
2026-10-09,41,plant-B,line-B8,machine-B2,lot-64,DN,bPZT,pass,pass,0,2596,2666
2026-10-09,41,plant-A,line-A5,machine-A9,lot-29,DN,bPZT,category-3,sub-b2,9,0,9
2026-10-09,41,plant-B,line-B9,machine-B1,lot-39,DN,aPZT,category-5,sub-a2,7,0,7
2026-10-09,41,plant-B,line-B4,machine-B9,lot-73,DN,bPZT,pass,pass,0,2084,2130
2026-10-09,41,plant-A,line-A4,machine-A8,lot-46,DN,bPZT,category-3,,40,0,40
2026-10-09,41,plant-B,line-B1,machine-B8,lot-38,UP,bPZT,category-3,,38,0,38
2026-10-09,41,plant-A,line-A5,machine-A4,lot-50,DN,aPZT,pass,pass,0,2588,2691
2026-10-09,41,plant-A,line-A7,machine-A8,lot-97,DN,aPZT,category-5,sub-a10,40,0,40
2026-10-09,41,plant-A,line-A1,machine-A5,lot-52,UP,aPZT,category-5,sub-a8,40,0,40
2026-10-09,41,plant-B,line-B9,machine-B1,lot-72,UP,bPZT,category-1,sub-b3,35,0,35
2026-10-09,41,plant-A,line-A5,machine-A4,lot-50,DN,bPZT,pass,pass,0,2588,2677
2026-10-09,41,plant-B,line-B8,machine-B2,lot-64,DN,bPZT,category-4,sub-b1,40,0,40
2026-10-09,41,plant-A,line-A1,machine-A7,lot-1,DN,bPZT,category-1,sub-b5,17,0,17
2026-10-09,41,plant-A,line-A10,machine-A2,lot-75,UP,bPZT,category-3,sub-b10,1,0,1
2026-10-09,41,plant-A,line-A2,machine-A9,lot-54,UP,aPZT,category-1,sub-a6,4,0,4
2026-10-09,41,plant-A,line-A10,machine-A2,lot-75,UP,bPZT,category-2,sub-b7,2,0,2
2026-10-09,41,plant-A,line-A4,machine-A1,lot-91,UP,aPZT,category-3,sub-a8,36,0,36
2026-10-09,41,plant-B,line-B7,machine-B10,lot-13,UP,bPZT,category-2,,10,0,10
2026-10-09,41,plant-A,line-A1,machine-A3,lot-8,UP,bPZT,category-5,sub-b8,8,0,8
2026-10-09,41,plant-A,line-A5,machine-A9,lot-29,UP,aPZT,category-5,sub-a1,12,0,12
2026-10-09,41,plant-A,line-A9,machine-A7,lot-99,DN,aPZT,pass,pass,0,2565,2574
2026-10-09,41,plant-B,line-B9,machine-B1,lot-72,DN,aPZT,category-4,sub-a2,31,0,31
2026-10-09,41,plant-B,line-B4,machine-B9,lot-73,DN,aPZT,pass,pass,0,2084,2121
2026-10-09,41,plant-B,line-B1,machine-B8,lot-38,DN,bPZT,category-5,sub-b3,23,0,23
2026-10-09,41,plant-A,line-A2,machine-A9,lot-54,Up,aPZT,category-1,,11,0,11
2026-10-09,41,plant-B,line-B8,machine-B2,lot-64,UP,aPZT,category-2,sub-a3,37,0,37
2026-10-09,41,plant-A,line-A7,machine-A8,lot-97,UP,bPZT,pass,pass,0,2474,2589
2026-10-09,41,plant-B,line-B1,machine-B2,lot-34,UP,bPZT,category-5,sub-b3,6,0,6
2026-10-09,41,plant-A,line-A5,machine-A9,lot-29,DN,bPZT,category-1,sub-b1,20,0,20
2026-10-09,41,plant-B,line-B4,machine-B10,lot-70,UP,aPZT,category-1,sub-a9,11,0,11
2026-10-09,41,plant-A,line-A8,machine-A10,lot-96,DN,aPZT,category-3,sub-a9,16,0,16
2026-10-09,41,plant-A,line-A8,machine-A10,lot-96,DN,bPZT,pass,pass,0,2003,2019
2026-10-09,41,plant-B,line-B1,machine-B8,lot-38,DN,bPZT,pass,pass,0,2084,2129
2026-10-10,41,plant-A,line-A5,machine-A6,lot-51,UP,bPZT,category-3,sub-b6,12,0,12
2026-10-10,41,plant-A,line-A10,machine-A4,lot-18,UP,aPZT,pass,pass,0,2529,2606
2026-10-10,41,plant-A,line-A3,machine-A3,lot-70,UP,aPZT,pass,pass,0,2339,2349
2026-10-10,41,plant-A,line-A7,machine-A10,lot-32,UP,bPZT,category-2,sub-b8,31,0,31
2026-10-10,41,plant-B,line-B6,machine-B8,lot-37,UP,aPZT,category-4,sub-a4,39,0,39
2026-10-10,41,plant-A,line-A5,machine-A6,lot-51,DN,bPZT,category-1,sub-b8,26,0,26
2026-10-10,41,plant-B,line-B1,machine-B7,lot-6,UP,bPZT,pass,,0,2679,2803
2026-10-10,41,plant-B,line-B3,machine-B3,lot-66,UP,aPZT,category-3,sub-a9,13,0,13
2026-10-10,41,plant-A,line-A6,machine-A8,lot-56,DN,bPZT,category-1,sub-b10,3,0,3
2026-10-10,41,plant-A,line-A4,machine-A5,lot-26,UP,bPZT,pass,pass,0,2854,2891
2026-10-10,41,plant-A,line-A8,machine-A8,lot-91,DN,aPZT,category-3,sub-a10,13,0,13
2026-10-10,41,plant-A,line-A6,machine-A8,lot-56,DN,bPZT,category-1,sub-b8,2,0,2
2026-10-10,41,plant-A,line-A10,machine-A4,lot-18,UP,bPZT,category-2,sub-b9,23,0,23
2026-10-10,41,plant-A,line-A2,machine-A10,lot-90,UP,bPZT,category-5,sub-b4,5,0,5
2026-10-10,41,plant-B,line-B3,machine-B3,lot-66,DN,aPZT,category-5,sub-a6,20,0,20
2026-10-10,41,plant-B,line-B3,machine-B3,lot-66,DN,aPZT,category-4,sub-a4,12,0,12
2026-10-10,41,plant-A,line-A3,machine-A3,lot-70,UP,bPZT,pass,pass,0,2339,2352
2026-10-10,41,plant-B,line-B8,machine-B4,lot-20,UP,bPZT,pass,pass,0,2673,2749
2026-10-10,41,plant-A,line-A6,machine-A8,lot-56,DN,aPZT,category-3,sub-a2,21,0,21
2026-10-10,41,plant-A,line-A10,machine-A4,lot-18,UP,bPZT,category-2,sub-b6,14,0,14
2026-10-10,41,plant-B,line-B1,machine-B2,lot-29,UP,bPZT,pass,pass,0,2063,2140
2026-10-10,41,plant-A,line-A1,machine-A10,lot-72,UP,aPZT,category-5,sub-a10,21,0,21
2026-10-10,41,plant-B,line-B8,machine-B4,lot-20,UP,aPZT,category-4,sub-a7,34,0,34
2026-10-10,41,plant-A,line-A9,machine-A1,lot-47,DN,bPZT,category-1,sub-b6,3,0,3
2026-10-10,41,plant-A,line-A5,machine-A6,lot-92,UP,bPZT,pass,pass,0,2716,2743
2026-10-10,41,plant-A,line-A8,machine-A9,lot-11,DN,bPZT,category-5,sub-b8,14,0,14
2026-10-10,41,plant-A,line-A1,machine-A10,lot-72,UP,bPZT,category-3,sub-b8,13,0,13
2026-10-10,41,plant-B,line-B6,machine-B8,lot-37,UP,bPZT,pass,pass,0,2561,2716
2026-10-10,41,plant-A,line-A5,machine-A6,lot-92,UP,aPZT,pass,pass,0,2716,2754
2026-10-10,41,plant-B,line-B3,machine-B3,lot-66,DN,aPZT,category-4,sub-a7,30,0,30
2026-10-10,41,plant-A,line-A8,machine-A9,lot-11,dn,aPZT,pass,pass,0,2739,2784
2026-10-10,41,plant-B,line-B6,machine-B9,lot-82,DN,aPZT,category-2,sub-a2,7,0,7
2026-10-10,41,plant-A,line-A7,machine-A10,lot-32,UP,aPZT,pass,,0,2370,2473
2026-10-10,41,plant-A,line-A9,machine-A1,lot-47,DN,aPZT,category-5,sub-a3,38,0,38
2026-10-10,41,plant-B,line-B8,machine-B5,lot-75,UP,aPZT,category-3,sub-a5,8,0,8
2026-10-10,41,plant-A,line-A5,machine-A6,lot-51,UP,bPZT,category-4,sub-b7,2,0,2
2026-10-10,41,plant-A,line-A1,machine-A10,lot-72,UP,bPZT,category-3,sub-b3,28,0,28
2026-10-10,41,plant-A,line-A6,machine-A8,lot-56,UP,aPZT,category-4,sub-a8,34,0,34
2026-10-10,41,plant-A,line-A4,machine-A5,lot-26,UP,bPZT,category-2,sub-b5,36,0,36
2026-10-10,41,plant-B,line-B1,machine-B2,lot-29,UP,aPZT,category-4,sub-a2,24,0,24
2026-10-10,41,plant-A,line-A5,machine-A6,lot-92,DN,bPZT,category-5,sub-b7,25,0,25
2026-10-10,41,plant-A,line-A1,machine-A10,lot-72,DN,bPZT,category-1,sub-b2,29,0,29
2026-10-10,41,plant-A,line-A9,machine-A1,lot-47,UP,aPZT,pass,pass,0,2534,2588
2026-10-10,41,plant-B,line-B10,machine-B8,lot-69,UP,bPZT,category-5,sub-b3,37,0,37
2026-10-10,41,plant-B,line-B3,machine-B3,lot-66,UP,bPZT,category-3,sub-b8,36,0,36
2026-10-10,41,plant-B,line-B3,machine-B3,lot-66,DN,aPZT,pass,pass,0,2795,2831
2026-10-10,41,plant-B,line-B1,machine-B7,lot-6,DN,bPZT,category-3,sub-b1,30,0,30
2026-10-10,41,plant-B,line-B8,machine-B5,lot-75,DN,bPZT,category-1,sub-b8,6,0,6
2026-10-10,41,plant-A,line-A6,machine-A8,lot-56,DN,aPZT,pass,pass,0,2588,2619
2026-10-10,41,plant-A,line-A8,machine-A9,lot-11,DN,aPZT,category-5,sub-a1,10,0,10
2026-10-10,41,plant-A,line-A8,machine-A9,lot-11,DN,aPZT,category-2,sub-a6,23,0,23
2026-10-10,41,plant-A,line-A10,machine-A4,lot-18,UP,aPZT,category-3,sub-a4,28,0,28
2026-10-10,41,plant-B,line-B8,machine-B5,lot-75,UP,bPZT,pass,pass,0,2138,2215
2026-10-10,41,plant-B,line-B10,machine-B8,lot-69,DN,bPZT,category-1,sub-b5,22,0,22
2026-10-10,41,plant-A,line-A8,machine-A9,lot-11,UP,aPZT,category-4,sub-a6,17,0,17
2026-10-10,41,plant-A,line-A7,machine-A10,lot-32,DN,bPZT,category-2,sub-b7,26,0,26
2026-10-10,41,plant-A,line-A2,machine-A10,lot-90,UP,aPZT,category-1,sub-a2,32,0,32
2026-10-10,41,plant-A,line-A10,machine-A4,lot-18,DN,bPZT,category-3,sub-b5,15,0,15
2026-10-10,41,plant-B,line-B1,machine-B2,lot-29,UP,aPZT,category-5,,14,0,14
2026-10-10,41,plant-A,line-A8,machine-A9,lot-11,UP,aPZT,category-2,sub-a3,37,0,37
2026-10-10,41,plant-B,line-B8,machine-B5,lot-75,UP,aPZT,category-1,sub-a7,30,0,30
2026-10-10,41,plant-A,line-A8,machine-A8,lot-81,DN,bPZT,category-3,sub-b10,6,0,6
2026-10-10,41,plant-B,line-B1,machine-B4,lot-71,UP,bPZT,category-4,sub-b2,16,0,16
2026-10-10,41,plant-A,line-A9,machine-A1,lot-47,UP,aPZT,category-3,sub-a2,7,0,7
2026-10-10,41,plant-A,line-A8,machine-A8,lot-81,UP,aPZT,pass,pass,0,2594,2683
2026-10-10,41,plant-A,line-A6,machine-A8,lot-56,UP,bPZT,pass,pass,0,2588,2675
2026-10-10,41,plant-B,line-B3,machine-B3,lot-66,UP,aPZT,category-2,sub-a8,13,0,13
2026-10-10,41,plant-B,line-B3,machine-B3,lot-66,DN,aPZT,category-3,sub-a2,35,0,35
2026-10-10,41,plant-B,line-B6,machine-B9,lot-82,UP,aPZT,pass,pass,0,2403,2460
2026-10-10,41,plant-B,line-B8,machine-B4,lot-20,UP,bPZT,category-2,sub-b5,3,0,3
2026-10-10,41,plant-A,line-A10,machine-A4,lot-18,DN,bPZT,pass,pass,0,2529,2624
2026-10-10,41,plant-B,line-B7,machine-B8,lot-80,DN,bPZT,pass,pass,0,2096,2125
2026-10-10,41,plant-B,line-B1,machine-B4,lot-71,UP,aPZT,category-5,sub-a7,5,0,5
2026-10-10,41,plant-A,line-A4,machine-A5,lot-26,UP,aPZT,pass,pass,0,2854,2971
2026-10-10,41,plant-B,line-B6,machine-B8,lot-37,DN,aPZT,category-5,sub-a1,7,0,7
2026-10-10,41,plant-B,line-B10,machine-B8,lot-69,UP,aPZT,category-3,sub-a1,27,0,27
2026-10-10,41,plant-A,line-A10,machine-A4,lot-18,DN,aPZT,category-5,sub-a2,7,0,7
2026-10-10,41,plant-A,line-A4,machine-A5,lot-26,UP,bPZT,category-4,sub-b7,4,0,4
2026-10-10,41,plant-A,line-A4,machine-A5,lot-26,UP,bPZT,category-4,sub-b7,9,0,9
2026-10-10,41,plant-B,line-B1,machine-B7,lot-6,DN,aPZT,category-5,sub-a6,26,0,26
2026-10-10,41,plant-B,line-B2,machine-B4,lot-77,DN,aPZT,pass,pass,0,2593,2623
2026-10-10,41,plant-A,line-A4,machine-A5,lot-26,DN,aPZT,category-1,sub-a8,10,0,10
2026-10-10,41,plant-B,line-B2,machine-B4,lot-77,DN,bPZT,category-1,sub-b10,1,0,1
2026-10-10,41,plant-A,line-A5,machine-A6,lot-51,DN,bPZT,category-2,sub-b6,23,0,23
2026-10-10,41,plant-B,line-B6,machine-B9,lot-82,UP,aPZT,category-1,sub-a4,35,0,35
2026-10-10,41,plant-A,line-A1,machine-A10,lot-72,UP,aPZT,pass,pass,0,2840,2974
2026-10-10,41,plant-A,line-A5,machine-A6,lot-51,UP,bPZT,pass,pass,0,2224,2233
2026-10-10,41,plant-B,line-B6,machine-B8,lot-37,UP,aPZT,category-4,sub-a4,30,0,30
2026-10-10,41,plant-B,line-B8,machine-B5,lot-75,UP,aPZT,category-2,sub-a10,3,0,3
2026-10-10,41,plant-A,line-A7,machine-A10,lot-32,DN,bPZT,pass,pass,0,2370,2386
2026-10-10,41,plant-A,line-A9,machine-A1,lot-47,DN,aPZT,category-2,sub-a9,26,0,26
2026-10-10,41,plant-B,line-B6,machine-B9,lot-82,DN,bPZT,pass,pass,0,2403,2456
2026-10-10,41,plant-A,line-A4,machine-A5,lot-26,UP,aPZT,category-5,sub-a10,27,0,27
2026-10-10,41,plant-A,line-A5,machine-A6,lot-51,DN,bPZT,category-3,sub-b9,38,0,38
2026-10-10,41,plant-A,line-A9,machine-A1,lot-47,DN,bPZT,category-2,sub-b1,34,0,34
2026-10-10,41,plant-B,line-B1,machine-B2,lot-29,DN,aPZT,category-3,sub-a8,39,0,39
2026-10-10,41,plant-A,line-A8,machine-A9,lot-11,DN,bPZT,category-5,sub-b7,7,0,7
2026-10-10,41,plant-A,line-A7,machine-A10,lot-32,DN,bPZT,category-5,sub-b2,22,0,22
2026-10-10,41,plant-A,line-A8,machine-A8,lot-91,DN,aPZT,pass,pass,0,2107,2143
2026-10-10,41,plant-B,line-B3,machine-B3,lot-66,DN,bPZT,pass,pass,0,2795,2918
2026-10-10,41,plant-B,line-B10,machine-B8,lot-69,DN,aPZT,pass,pass,0,2698,2787
2026-10-10,41,plant-A,line-A6,machine-A8,lot-56,DN,aPZT,category-4,sub-a4,7,0,7
2026-10-10,41,plant-B,line-B6,machine-B9,lot-82,UP,bPZT,category-5,sub-b4,31,0,31
2026-10-10,41,plant-B,line-B1,machine-B7,lot-6,UP,aPZT,pass,pass,0,2679,2709
2026-10-10,41,plant-A,line-A5,machine-A6,lot-92,UP,aPZT,category-1,sub-a1,27,0,27
2026-10-10,41,plant-A,line-A2,machine-A10,lot-90,DN,bPZT,pass,pass,0,2190,2246
2026-10-10,41,plant-A,line-A8,machine-A9,lot-11,DN,bPZT,pass,pass,0,2739,2867
2026-10-10,41,plant-B,line-B10,machine-B8,lot-69,UP,aPZT,category-4,sub-a8,20,0,20
2026-10-10,41,plant-B,line-B5,machine-B5,lot-73,DN,aPZT,pass,,0,2175,2210
2026-10-10,41,plant-B,line-B1,machine-B4,lot-71,DN,aPZT,category-3,sub-a6,20,0,20
2026-10-10,41,plant-A,line-A8,machine-A8,lot-91,DN,bPZT,category-4,sub-b2,22,0,22
2026-10-10,41,plant-A,line-A3,machine-A3,lot-70,DN,bPZT,category-2,sub-b1,10,0,10
2026-10-10,41,plant-A,line-A8,machine-A8,lot-81,DN,bPZT,category-5,sub-b7,6,0,6
2026-10-10,41,plant-A,line-A8,machine-A8,lot-81,UP,aPZT,category-2,sub-a7,19,0,19
2026-10-10,41,plant-B,line-B1,machine-B4,lot-71,DN,bPZT,pass,pass,0,2822,2847
2026-10-10,41,plant-B,line-B7,machine-B8,lot-80,UP,aPZT,pass,pass,0,2096,2118
2026-10-10,41,plant-B,line-B6,machine-B8,lot-37,UP,aPZT,category-1,sub-a4,35,0,35
2026-10-10,41,plant-B,line-B6,machine-B8,lot-37,DN,aPZT,pass,pass,0,2561,2585
2026-10-10,41,plant-B,line-B1,machine-B2,lot-29,DN,bPZT,category-4,sub-b3,39,0,39
2026-10-10,41,plant-A,line-A5,machine-A6,lot-51,DN,aPZT,pass,pass,0,2224,2407
2026-10-10,41,plant-B,line-B5,machine-B5,lot-73,DN,aPZT,category-1,sub-a9,26,0,26
2026-10-10,41,plant-B,line-B1,machine-B7,lot-6,DN,aPZT,category-1,sub-a1,27,0,27
2026-10-10,41,plant-B,line-B5,machine-B5,lot-73,DN,bPZT,category-4,sub-b1,35,0,35
2026-10-10,41,plant-B,line-B1,machine-B2,lot-29,UP,aPZT,pass,pass,0,2063,2102
2026-10-10,41,plant-B,line-B6,machine-B9,lot-82,UP,aPZT,category-1,sub-a6,11,0,11
2026-10-10,41,plant-A,line-A8,machine-A9,lot-11,DN,bPZT,category-3,sub-b10,16,0,16
2026-10-10,41,plant-A,line-A9,machine-A1,lot-47,UP,bPZT,category-5,sub-b2,17,0,17
2026-10-10,41,plant-A,line-A1,machine-A10,lot-72,UP,bPZT,category-4,sub-b3,25,0,25
2026-10-10,41,plant-A,line-A8,machine-A8,lot-91,UP,aPZT,category-1,sub-a9,22,0,22
2026-10-10,41,plant-B,line-B1,machine-B4,lot-71,UP,aPZT,pass,pass,0,2822,2872
2026-10-10,41,plant-A,line-A2,machine-A10,lot-90,DN,aPZT,category-3,sub-a7,24,0,24
2026-10-10,41,plant-A,line-A1,machine-A10,lot-72,UP,bPZT,pass,pass,0,2840,2871
2026-10-10,41,plant-A,line-A1,machine-A10,lot-72,UP,bPZT,category-2,sub-b10,17,0,17
2026-10-10,41,plant-A,line-A8,machine-A8,lot-81,UP,bPZT,pass,pass,0,2594,2613
2026-10-10,41,plant-B,line-B7,machine-B8,lot-80,UP,bPZT,category-4,sub-b7,22,0,22
2026-10-10,41,plant-B,line-B1,machine-B4,lot-71,dn,bPZT,category-3,,1,0,1
2026-10-10,41,plant-B,line-B2,machine-B4,lot-77,UP,bPZT,category-4,sub-b7,29,0,29
2026-10-10,41,plant-A,line-A9,machine-A1,lot-47,DN,aPZT,category-4,sub-a4,4,0,4
2026-10-10,41,plant-A,line-A4,machine-A5,lot-26,DN,bPZT,category-5,sub-b8,37,0,37
2026-10-10,41,plant-B,line-B1,machine-B7,lot-6,DN,aPZT,category-3,sub-a6,34,0,34
2026-10-10,41,plant-B,line-B10,machine-B8,lot-69,DN,bPZT,category-3,sub-b6,30,0,30
2026-10-10,41,plant-B,line-B8,machine-B4,lot-20,DN,aPZT,category-3,sub-a7,15,0,15
2026-10-10,41,plant-B,line-B8,machine-B4,lot-20,UP,bPZT,category-4,sub-b10,35,0,35
2026-10-10,41,plant-A,line-A8,machine-A8,lot-81,UP,bPZT,category-1,sub-b9,26,0,26
2026-10-10,41,plant-A,line-A8,machine-A8,lot-91,DN,bPZT,category-4,sub-b10,14,0,14
2026-10-10,41,plant-A,line-A8,machine-A8,lot-81,DN,bPZT,category-2,sub-b9,25,0,25
2026-10-10,41,plant-B,line-B8,machine-B4,lot-20,UP,aPZT,category-2,sub-a10,27,0,27
2026-10-10,41,plant-A,line-A5,machine-A6,lot-51,DN,bPZT,category-2,sub-b5,22,0,22
2026-10-10,41,plant-B,line-B6,machine-B8,lot-37,UP,bPZT,category-2,sub-b10,24,0,24
2026-10-10,41,plant-B,line-B1,machine-B7,lot-6,UP,aPZT,category-1,sub-a3,8,0,8
2026-10-10,41,plant-B,line-B8,machine-B4,lot-20,DN,bPZT,category-2,sub-b8,35,0,35
2026-10-10,41,plant-B,line-B6,machine-B9,lot-82,DN,bPZT,category-3,sub-b5,26,0,26
2026-10-10,41,plant-B,line-B10,machine-B8,lot-69,UP,aPZT,category-1,sub-a1,27,0,27
2026-10-10,41,plant-B,line-B10,machine-B8,lot-69,DN,bPZT,pass,pass,0,2698,2787
2026-10-10,41,plant-A,line-A8,machine-A8,lot-91,DN,bPZT,pass,pass,0,2107,2142
2026-10-10,41,plant-A,line-A8,machine-A9,lot-11,UP,aPZT,category-4,sub-a1,11,0,11
2026-10-10,41,plant-A,line-A9,machine-A1,lot-47,DN,bPZT,pass,pass,0,2534,2634
2026-10-10,41,plant-A,line-A10,machine-A4,lot-18,UP,aPZT,category-1,sub-a3,40,0,40
2026-10-10,41,plant-B,line-B6,machine-B8,lot-37,UP,aPZT,category-3,sub-a5,8,0,8
2026-10-10,41,plant-A,line-A7,machine-A10,lot-32,UP,bPZT,category-4,sub-b9,2,0,2
2026-10-10,41,plant-B,line-B5,machine-B5,lot-73,UP,aPZT,category-1,sub-a3,12,0,12
2026-10-10,41,plant-A,line-A6,machine-A8,lot-56,UP,bPZT,category-4,sub-b3,26,0,26
2026-10-10,41,plant-A,line-A9,machine-A1,lot-47,UP,aPZT,category-3,sub-a2,17,0,17
2026-10-10,41,plant-A,line-A8,machine-A8,lot-81,DN,bPZT,category-5,sub-b4,7,0,7
2026-10-10,41,plant-A,line-A1,machine-A10,lot-72,UP,aPZT,category-3,sub-a10,10,0,10
2026-10-10,41,plant-B,line-B10,machine-B8,lot-69,DN,aPZT,category-5,sub-a7,15,0,15
2026-10-10,41,plant-A,line-A4,machine-A5,lot-26,DN,bPZT,category-4,sub-b1,31,0,31
2026-10-10,41,plant-B,line-B2,machine-B4,lot-77,DN,aPZT,category-2,sub-a6,35,0,35
2026-10-10,41,plant-A,line-A10,machine-A4,lot-18,DN,aPZT,category-5,sub-a9,20,0,20
2026-10-10,41,plant-A,line-A5,machine-A6,lot-92,UP,bPZT,category-4,sub-b3,13,0,13
2026-10-10,41,plant-A,line-A3,machine-A3,lot-70,DN,aPZT,category-2,sub-a8,12,0,12
2026-10-10,41,plant-A,line-A7,machine-A10,lot-32,UP,aPZT,category-1,sub-a7,16,0,16
2026-10-10,41,plant-B,line-B1,machine-B7,lot-6,UP,aPZT,category-3,sub-a8,29,0,29
2026-10-10,41,plant-A,line-A6,machine-A8,lot-56,DN,aPZT,category-1,sub-a5,25,0,25
2026-10-10,41,plant-A,line-A3,machine-A3,lot-70,DN,aPZT,category-5,sub-a8,1,0,1
2026-10-10,41,plant-A,line-A10,machine-A4,lot-18,UP,bPZT,category-5,sub-b3,25,0,25
2026-10-10,41,plant-B,line-B8,machine-B4,lot-20,DN,aPZT,pass,pass,0,2673,2757
2026-10-10,41,plant-B,line-B8,machine-B5,lot-75,UP,aPZT,category-5,sub-a4,11,0,11
2026-10-10,41,plant-B,line-B2,machine-B4,lot-77,DN,bPZT,pass,pass,0,2593,2628
2026-10-10,41,plant-A,line-A9,machine-A1,lot-47,DN,aPZT,category-1,sub-a9,8,0,8
2026-10-10,41,plant-A,line-A8,machine-A9,lot-11,UP,bPZT,category-5,sub-b6,8,0,8
2026-10-10,41,plant-A,line-A5,machine-A6,lot-51,UP,bPZT,category-5,sub-b3,32,0,32
2026-10-10,41,plant-A,line-A7,machine-A10,lot-32,DN,bPZT,category-3,sub-b1,22,0,22
2026-10-10,41,plant-B,line-B6,machine-B8,lot-37,UP,aPZT,category-3,sub-a6,36,0,36
2026-10-10,41,plant-B,line-B8,machine-B5,lot-75,UP,aPZT,pass,pass,0,2138,2151
2026-10-10,41,plant-B,line-B5,machine-B5,lot-73,UP,bPZT,pass,pass,0,2175,2216
2026-10-10,41,plant-B,line-B8,machine-B5,lot-75,UP,aPZT,category-3,sub-a3,6,0,6
2026-10-10,41,plant-B,line-B5,machine-B5,lot-73,DN,aPZT,category-3,sub-a10,3,0,3
2026-10-10,41,plant-A,line-A2,machine-A10,lot-90,UP,bPZT,category-5,sub-b3,16,0,16
2026-10-10,41,plant-B,line-B8,machine-B5,lot-75,DN,aPZT,category-3,sub-a8,19,0,19
2026-10-10,41,plant-A,line-A8,machine-A9,lot-11,UP,aPZT,category-1,sub-a2,30,0,30
2026-10-10,41,plant-A,line-A8,machine-A8,lot-81,UP,bPZT,category-1,sub-b2,19,0,19
2026-10-10,41,plant-A,line-A5,machine-A6,lot-51,UP,bPZT,category-1,sub-b8,28,0,28
2026-10-10,41,plant-B,line-B8,machine-B5,lot-75,DN,bPZT,category-2,sub-b5,7,0,7
2026-10-10,41,plant-B,line-B7,machine-B8,lot-80,UP,aPZT,category-2,sub-a6,29,0,29
2026-10-10,41,plant-A,line-A5,machine-A6,lot-51,UP,aPZT,category-5,sub-a10,9,0,9
2026-10-10,41,plant-A,line-A2,machine-A10,lot-90,UP,aPZT,pass,pass,0,2190,2211
2026-10-10,41,plant-A,line-A1,machine-A10,lot-72,UP,bPZT,category-2,sub-b3,22,0,22
2026-10-10,41,plant-B,line-B1,machine-B4,lot-71,UP,bPZT,category-1,sub-b3,33,0,33
2026-10-10,41,plant-B,line-B8,machine-B4,lot-20,UP,bPZT,category-4,sub-b1,11,0,11
2026-10-11,41,plant-A,line-A2,machine-A5,lot-2,DN,aPZT,category-3,sub-a1,10,0,10
2026-10-11,41,plant-B,line-B5,machine-B10,lot-39,UP,aPZT,category-3,sub-a2,2,0,2
2026-10-11,41,plant-A,line-A3,machine-A10,lot-50,UP,aPZT,category-5,,31,0,31
2026-10-11,41,plant-B,line-B2,machine-B9,lot-41,DN,aPZT,pass,pass,0,2943,2991
2026-10-11,41,plant-A,line-A1,machine-A10,lot-57,UP,bPZT,category-3,sub-b4,29,0,29
2026-10-11,41,plant-A,line-A6,machine-A1,lot-90,DN,aPZT,category-4,sub-a5,37,0,37
2026-10-11,41,plant-A,line-A3,machine-A10,lot-50,DN,aPZT,category-2,sub-a9,15,0,15
2026-10-11,41,plant-A,line-A4,machine-A7,lot-49,DN,bPZT,category-1,sub-b4,28,0,28
2026-10-11,41,plant-B,line-B6,machine-B1,lot-47,DN,aPZT,category-1,sub-a5,1,0,1
2026-10-11,41,plant-A,line-A1,machine-A2,lot-85,UP,bPZT,category-1,sub-b4,29,0,29
2026-10-11,41,plant-A,line-A2,machine-A5,lot-2,DN,aPZT,category-4,sub-a7,14,0,14
2026-10-11,41,plant-A,line-A6,machine-A1,lot-90,UP,bPZT,category-4,,2,0,2
2026-10-11,41,plant-B,line-B5,machine-B10,lot-39,DN,bPZT,category-3,sub-b7,23,0,23
2026-10-11,41,plant-A,line-A2,machine-A5,lot-2,DN,aPZT,category-1,sub-a2,30,0,30
2026-10-11,41,plant-B,line-B2,machine-B2,lot-26,UP,aPZT,category-1,,11,0,11
2026-10-11,41,plant-B,line-B6,machine-B1,lot-47,UP,bPZT,category-5,sub-b8,20,0,20
2026-10-11,41,plant-B,line-B7,machine-B10,lot-11,UP,aPZT,category-1,sub-a9,13,0,13
2026-10-11,41,plant-A,line-A8,machine-A7,lot-16,UP,bPZT,pass,pass,0,2970,3090
2026-10-11,41,plant-B,line-B7,machine-B10,lot-11,UP,aPZT,pass,pass,0,2369,2393
2026-10-11,41,plant-A,line-A2,machine-A5,lot-2,DN,aPZT,category-5,sub-a1,8,0,8
2026-10-11,41,plant-B,line-B2,machine-B2,lot-26,UP,bPZT,pass,pass,0,2135,2216
2026-10-11,41,plant-B,line-B1,machine-B3,lot-8,DN,aPZT,category-2,sub-a1,26,0,26
2026-10-11,41,plant-B,line-B5,machine-B10,lot-39,UP,bPZT,pass,pass,0,2074,2102
2026-10-11,41,plant-A,line-A3,machine-A5,lot-42,UP,bPZT,category-5,sub-b10,13,0,13
2026-10-11,41,plant-A,line-A5,machine-A8,lot-31,UP,bPZT,pass,pass,0,2982,3034
2026-10-11,41,plant-A,line-A3,machine-A10,lot-50,DN,bPZT,category-2,sub-b5,13,0,13
2026-10-11,41,plant-B,line-B2,machine-B9,lot-41,UP,bPZT,pass,pass,0,2943,3033
2026-10-11,41,plant-B,line-B2,machine-B9,lot-41,DN,aPZT,category-2,sub-a7,23,0,23
2026-10-11,41,plant-B,line-B6,machine-B1,lot-47,DN,bPZT,category-4,sub-b1,8,0,8
2026-10-11,41,plant-B,line-B6,machine-B1,lot-47,DN,aPZT,category-2,sub-a5,40,0,40
2026-10-11,41,plant-B,line-B6,machine-B1,lot-47,DN,bPZT,category-5,sub-b6,29,0,29
2026-10-11,41,plant-A,line-A5,machine-A8,lot-31,DN,aPZT,category-3,sub-a7,29,0,29
2026-10-11,41,plant-B,line-B1,machine-B3,lot-4,UP,aPZT,pass,pass,0,2732,2832
2026-10-11,41,plant-A,line-A5,machine-A8,lot-31,DN,bPZT,category-1,sub-b10,26,0,26
2026-10-11,41,plant-A,line-A5,machine-A1,lot-70,DN,aPZT,category-4,sub-a2,29,0,29
2026-10-11,41,plant-A,line-A1,machine-A10,lot-57,UP,aPZT,category-1,sub-a1,18,0,18
2026-10-11,41,plant-A,line-A4,machine-A7,lot-49,DN,bPZT,pass,pass,0,2541,2601
2026-10-11,41,plant-A,line-A1,machine-A10,lot-57,DN,aPZT,category-3,sub-a1,29,0,29
2026-10-11,41,plant-B,line-B5,machine-B10,lot-39,UP,bPZT,category-1,sub-b10,36,0,36
2026-10-11,41,plant-A,line-A4,machine-A7,lot-49,UP,bPZT,category-3,sub-b5,37,0,37
2026-10-11,41,plant-A,line-A1,machine-A2,lot-85,UP,aPZT,pass,pass,0,2536,2599
2026-10-11,41,plant-A,line-A8,machine-A6,lot-97,UP,bPZT,category-3,sub-b10,4,0,4
2026-10-11,41,plant-A,line-A3,machine-A10,lot-50,DN,aPZT,category-5,sub-a8,22,0,22
2026-10-11,41,plant-B,line-B6,machine-B1,lot-47,UP,bPZT,pass,pass,0,2705,2819
2026-10-11,41,plant-A,line-A8,machine-A7,lot-16,UP,bPZT,category-4,sub-b9,33,0,33
2026-10-11,41,plant-A,line-A8,machine-A7,lot-16,DN,bPZT,category-2,sub-b7,28,0,28
2026-10-11,41,plant-A,line-A4,machine-A8,lot-5,UP,aPZT,category-4,sub-a3,35,0,35
2026-10-11,41,plant-B,line-B1,machine-B3,lot-8,DN,bPZT,category-4,sub-b1,23,0,23
2026-10-11,41,plant-B,line-B7,machine-B10,lot-11,UP,aPZT,category-1,sub-a9,37,0,37
2026-10-11,41,plant-A,line-A8,machine-A7,lot-16,DN,aPZT,category-5,sub-a7,40,0,40
2026-10-11,41,plant-A,line-A6,machine-A1,lot-90,DN,bPZT,category-5,sub-b3,36,0,36
2026-10-11,41,plant-B,line-B7,machine-B10,lot-11,UP,bPZT,category-1,sub-b6,17,0,17
2026-10-11,41,plant-A,line-A6,machine-A1,lot-90,UP,aPZT,category-5,sub-a2,28,0,28
2026-10-11,41,plant-A,line-A6,machine-A1,lot-90,UP,bPZT,category-5,sub-b6,24,0,24
2026-10-11,41,plant-A,line-A6,machine-A6,lot-35,dN,bPZT,pass,pass,0,2324,2341
2026-10-11,41,plant-A,line-A1,machine-A10,lot-57,DN,aPZT,category-4,sub-a1,39,0,39
2026-10-11,41,plant-B,line-B2,machine-B9,lot-41,UP,bPZT,category-2,sub-b4,25,0,25
2026-10-11,41,plant-A,line-A8,machine-A6,lot-97,UP,aPZT,category-2,sub-a4,6,0,6
2026-10-11,41,plant-A,line-A3,machine-A10,lot-50,DN,bPZT,pass,pass,0,2120,2222
2026-10-11,41,plant-A,line-A2,machine-A1,lot-96,DN,bPZT,pass,pass,0,2653,2708
2026-10-11,41,plant-B,line-B7,machine-B10,lot-11,UP,bPZT,category-4,sub-b5,7,0,7
2026-10-11,41,plant-A,line-A5,machine-A1,lot-70,UP,bPZT,category-5,sub-b3,39,0,39
2026-10-11,41,plant-B,line-B1,machine-B3,lot-4,UP,bPZT,category-2,sub-b7,32,0,32
2026-10-11,41,plant-A,line-A6,machine-A6,lot-35,DN,bPZT,category-2,sub-b2,13,0,13
2026-10-11,41,plant-B,line-B1,machine-B3,lot-4,DN,bPZT,category-5,sub-b9,28,0,28
2026-10-11,41,plant-B,line-B7,machine-B7,lot-21,DN,aPZT,pass,pass,0,2185,2219
2026-10-11,41,plant-A,line-A1,machine-A2,lot-85,UP,aPZT,category-4,sub-a4,25,0,25
2026-10-11,41,plant-B,line-B2,machine-B2,lot-26,DN,aPZT,category-4,sub-a1,35,0,35
2026-10-11,41,plant-A,line-A2,machine-A1,lot-96,UP,aPZT,category-2,sub-a5,16,0,16
2026-10-11,41,plant-A,line-A1,machine-A10,lot-57,DN,bPZT,pass,pass,0,2963,3175
2026-10-11,41,plant-A,line-A4,machine-A8,lot-5,UP,bPZT,pass,pass,0,2055,2090
2026-10-11,41,plant-B,line-B4,machine-B1,lot-74,DN,bPZT,category-3,sub-b7,28,0,28
2026-10-11,41,plant-A,line-A8,machine-A6,lot-97,DN,bPZT,category-3,sub-b7,39,0,39
2026-10-11,41,plant-B,line-B4,machine-B1,lot-74,UP,aPZT,pass,pass,0,2643,2671
2026-10-11,41,plant-B,line-B4,machine-B1,lot-74,DN,bPZT,pass,pass,0,2643,2679
2026-10-11,41,plant-B,line-B2,machine-B2,lot-26,DN,aPZT,category-3,sub-a6,30,0,30
2026-10-11,41,plant-B,line-B2,machine-B9,lot-41,UP,bPZT,category-4,sub-b8,1,0,1
2026-10-11,41,plant-A,line-A6,machine-A1,lot-90,UP,aPZT,pass,pass,0,2245,2348
2026-10-11,41,plant-A,line-A3,machine-A5,lot-42,DN,bPZT,pass,pass,0,2102,2173
2026-10-11,41,plant-B,line-B2,machine-B2,lot-26,DN,aPZT,category-1,sub-a5,1,0,1
2026-10-11,41,plant-A,line-A3,machine-A10,lot-50,UP,bPZT,category-4,sub-b4,32,0,32
2026-10-11,41,plant-B,line-B6,machine-B1,lot-47,UP,aPZT,category-5,sub-a3,19,0,19
2026-10-11,41,plant-A,line-A3,machine-A5,lot-42,UP,aPZT,category-5,sub-a9,21,0,21
2026-10-11,41,plant-B,line-B2,machine-B9,lot-41,UP,aPZT,category-4,sub-a8,13,0,13
2026-10-11,41,plant-B,line-B2,machine-B9,lot-41,UP,aPZT,category-3,sub-a7,39,0,39
2026-10-11,41,plant-B,line-B7,machine-B10,lot-11,DN,aPZT,category-3,sub-a6,4,0,4
2026-10-11,41,plant-A,line-A5,machine-A1,lot-70,DN,bPZT,category-5,sub-b9,1,0,1
2026-10-11,41,plant-B,line-B4,machine-B1,lot-74,UP,aPZT,category-5,,10,0,10
2026-10-11,41,plant-B,line-B2,machine-B2,lot-26,UP,aPZT,pass,pass,0,2135,2170
2026-10-11,41,plant-A,line-A1,machine-A2,lot-85,DN,aPZT,category-1,sub-a10,13,0,13
2026-10-11,41,plant-A,line-A4,machine-A7,lot-49,DN,bPZT,category-1,sub-b3,4,0,4
2026-10-11,41,plant-B,line-B1,machine-B3,lot-4,DN,bPZT,category-1,sub-b2,40,0,40
2026-10-11,41,plant-B,line-B7,machine-B10,lot-11,DN,bPZT,pass,pass,0,2369,2502
2026-10-11,41,plant-A,line-A4,machine-A7,lot-49,DN,aPZT,category-4,sub-a7,2,0,2
2026-10-11,41,plant-A,line-A1,machine-A1,lot-13,DN,aPZT,category-3,sub-a1,29,0,29
2026-10-11,41,plant-A,line-A3,machine-A10,lot-50,DN,aPZT,category-1,sub-a8,34,0,34
2026-10-11,41,plant-B,line-B7,machine-B10,lot-11,UP,aPZT,category-3,sub-a2,29,0,29
2026-10-11,41,plant-B,line-B1,machine-B3,lot-8,DN,aPZT,pass,pass,0,2758,2852
2026-10-11,41,plant-A,line-A8,machine-A7,lot-16,DN,aPZT,pass,pass,0,2970,3031
2026-10-11,41,plant-B,line-B3,machine-B8,lot-99,UP,bPZT,category-5,sub-b2,34,0,34
2026-10-11,41,plant-B,line-B5,machine-B10,lot-39,DN,aPZT,category-2,sub-a8,26,0,26
2026-10-11,41,plant-A,line-A1,machine-A2,lot-85,DN,aPZT,category-5,sub-a10,8,0,8
2026-10-11,41,plant-A,line-A1,machine-A2,lot-85,DN,aPZT,category-2,sub-a9,28,0,28
2026-10-11,41,plant-A,line-A2,machine-A5,lot-2,DN,aPZT,pass,pass,0,2939,2982
2026-10-11,41,plant-A,line-A5,machine-A8,lot-31,UP,aPZT,category-3,sub-a5,1,0,1
2026-10-11,41,plant-B,line-B5,machine-B10,lot-39,UP,bPZT,category-5,sub-b1,11,0,11
2026-10-11,41,plant-A,line-A2,machine-A1,lot-96,UP,bPZT,category-2,sub-b6,35,0,35
2026-10-11,41,plant-B,line-B2,machine-B2,lot-26,UP,aPZT,category-5,sub-a2,4,0,4
2026-10-11,41,plant-A,line-A1,machine-A1,lot-13,DN,aPZT,category-5,sub-a5,16,0,16
2026-10-11,41,plant-B,line-B2,machine-B9,lot-41,DN,aPZT,category-1,sub-a8,15,0,15
2026-10-11,41,plant-B,line-B3,machine-B8,lot-99,UP,bPZT,pass,pass,0,2350,2379
2026-10-11,41,plant-A,line-A8,machine-A6,lot-97,UP,aPZT,category-1,sub-a8,17,0,17
2026-10-11,41,plant-A,line-A1,machine-A10,lot-57,UP,aPZT,category-2,sub-a6,36,0,36
2026-10-11,41,plant-A,line-A8,machine-A6,lot-97,DN,bPZT,category-2,sub-b9,20,0,20
2026-10-11,41,plant-A,line-A1,machine-A1,lot-13,DN,aPZT,pass,pass,0,2241,2279
2026-10-11,41,plant-B,line-B6,machine-B1,lot-47,DN,aPZT,pass,pass,0,2705,2762
2026-10-11,41,plant-B,line-B3,machine-B8,lot-99,DN,aPZT,pass,pass,0,2350,2457
2026-10-11,41,plant-B,line-B1,machine-B3,lot-8,UP,bPZT,category-4,sub-b1,33,0,33
2026-10-11,41,plant-B,line-B2,machine-B2,lot-26,UP,bPZT,category-4,sub-b3,12,0,12
2026-10-11,41,plant-A,line-A1,machine-A2,lot-85,DN,bPZT,category-5,sub-b8,10,0,10
2026-10-11,41,plant-A,line-A1,machine-A2,lot-85,DN,bPZT,category-1,sub-b10,24,0,24
2026-10-11,41,plant-A,line-A2,machine-A5,lot-2,DN,aPZT,category-3,sub-a10,24,0,24
2026-10-11,41,plant-A,line-A1,machine-A2,lot-85,DN,bPZT,pass,pass,0,2536,2630
2026-10-11,41,plant-A,line-A3,machine-A10,lot-50,DN,bPZT,category-1,sub-b7,13,0,13
2026-10-11,41,plant-B,line-B7,machine-B7,lot-21,DN,aPZT,category-1,sub-a7,28,0,28
2026-10-11,41,plant-A,line-A8,machine-A6,lot-97,DN,aPZT,pass,pass,0,2088,2168
2026-10-11,41,plant-A,line-A4,machine-A8,lot-5,DN,bPZT,category-5,sub-b1,15,0,15
2026-10-11,41,plant-A,line-A1,machine-A2,lot-85,DN,aPZT,category-4,sub-a1,20,0,20
2026-10-11,41,plant-A,line-A5,machine-A1,lot-70,UP,aPZT,category-3,sub-a9,40,0,40
2026-10-11,41,plant-A,line-A4,machine-A7,lot-49,DN,aPZT,pass,pass,0,2541,2616
2026-10-11,41,plant-A,line-A6,machine-A1,lot-90,DN,bPZT,pass,pass,0,2245,2310
2026-10-11,41,plant-B,line-B2,machine-B9,lot-41,UP,bPZT,category-1,sub-b5,11,0,11
2026-10-11,41,plant-A,line-A2,machine-A1,lot-96,UP,aPZT,pass,pass,0,2653,2715
2026-10-11,41,plant-A,line-A4,machine-A7,lot-49,UP,aPZT,category-5,sub-a7,31,0,31
2026-10-11,41,plant-B,line-B5,machine-B10,lot-39,DN,aPZT,pass,pass,0,2074,2144
2026-10-11,41,plant-A,line-A3,machine-A5,lot-42,DN,aPZT,category-4,sub-a6,31,0,31
2026-10-11,41,plant-A,line-A6,machine-A6,lot-35,DN,bPZT,category-1,sub-b1,30,0,30
2026-10-11,41,plant-A,line-A4,machine-A8,lot-5,DN,aPZT,pass,pass,0,2055,2121
2026-10-11,41,plant-B,line-B1,machine-B3,lot-8,DN,bPZT,pass,pass,0,2758,2810
2026-10-11,41,plant-A,line-A6,machine-A6,lot-35,DN,aPZT,category-2,sub-a3,17,0,17
2026-10-11,41,plant-B,line-B1,machine-B3,lot-4,DN,bPZT,pass,pass,0,2732,2753
2026-10-11,41,plant-A,line-A1,machine-A1,lot-13,UP,aPZT,category-1,sub-a7,29,0,29
2026-10-11,41,plant-A,line-A4,machine-A8,lot-5,DN,bPZT,category-5,sub-b9,27,0,27
2026-10-11,41,plant-A,line-A5,machine-A8,lot-31,UP,bPZT,category-2,sub-b3,29,0,29
2026-10-11,41,plant-B,line-B1,machine-B3,lot-4,UP,aPZT,category-5,sub-a3,21,0,21
2026-10-11,41,plant-B,line-B6,machine-B1,lot-47,DN,aPZT,category-4,sub-a2,39,0,39
2026-10-11,41,plant-A,line-A8,machine-A7,lot-16,UP,aPZT,category-3,sub-a2,6,0,6
2026-10-11,41,plant-A,line-A8,machine-A7,lot-16,UP,aPZT,category-4,sub-a2,28,0,28
2026-10-11,41,plant-A,line-A4,machine-A7,lot-49,DN,bPZT,category-3,sub-b9,6,0,6
2026-10-11,41,plant-A,line-A2,machine-A1,lot-96,UP,aPZT,category-1,sub-a8,39,0,39
2026-10-11,41,plant-B,line-B1,machine-B3,lot-8,UP,bPZT,category-5,sub-b4,11,0,11
2026-10-11,41,plant-A,line-A5,machine-A1,lot-70,DN,bPZT,pass,pass,0,2079,2157
2026-10-11,41,plant-B,line-B3,machine-B8,lot-99,DN,aPZT,category-4,sub-a7,29,0,29
2026-10-11,41,plant-B,line-B2,machine-B9,lot-41,DN,bPZT,category-4,sub-b3,11,0,11
2026-10-11,41,plant-A,line-A3,machine-A10,lot-50,DN,aPZT,pass,pass,0,2120,2178
2026-10-11,41,plant-A,line-A3,machine-A5,lot-42,UP,aPZT,pass,pass,0,2102,2115
2026-10-11,41,plant-A,line-A4,machine-A8,lot-5,UP,bPZT,category-2,sub-b7,21,0,21
2026-10-11,41,plant-A,line-A6,machine-A6,lot-35,DN,aPZT,pass,pass,0,2324,2377
2026-10-11,41,plant-B,line-B7,machine-B7,lot-21,DN,aPZT,category-2,sub-a6,33,0,33
2026-10-11,41,plant-B,line-B3,machine-B8,lot-99,UP,bPZT,category-1,sub-b10,40,0,40
2026-10-11,41,plant-A,line-A1,machine-A10,lot-57,UP,aPZT,category-5,sub-a4,39,0,39
2026-10-11,41,plant-B,line-B4,machine-B1,lot-74,DN,aPZT,category-5,sub-a6,21,0,21
2026-10-11,41,plant-A,line-A5,machine-A8,lot-31,UP,aPZT,category-2,sub-a2,22,0,22
2026-10-11,41,plant-A,line-A6,machine-A1,lot-90,UP,bPZT,category-2,sub-b8,26,0,26
2026-10-11,41,plant-A,line-A1,machine-A10,lot-57,dn,aPZT,category-2,,26,0,26
2026-10-11,41,plant-B,line-B7,machine-B7,lot-21,DN,bPZT,category-4,sub-b7,34,0,34
2026-10-11,41,plant-A,line-A3,machine-A5,lot-42,UP,aPZT,category-4,sub-a3,18,0,18
2026-10-11,41,plant-A,line-A2,machine-A1,lot-96,UP,bPZT,category-1,sub-b3,27,0,27
2026-10-11,41,plant-A,line-A1,machine-A1,lot-13,DN,bPZT,pass,pass,0,2241,2315
2026-10-11,41,plant-B,line-B7,machine-B10,lot-11,UP,aPZT,category-3,sub-a9,29,0,29
2026-10-11,41,plant-A,line-A6,machine-A6,lot-35,UP,bPZT,category-4,sub-b2,10,0,10
2026-10-11,41,plant-A,line-A5,machine-A1,lot-70,UP,aPZT,pass,pass,0,2079,2119
2026-10-11,41,plant-A,line-A1,machine-A10,lot-57,DN,aPZT,category-5,sub-a3,25,0,25
2026-10-11,41,plant-A,line-A5,machine-A8,lot-31,DN,aPZT,pass,pass,0,2982,3037
2026-10-11,41,plant-B,line-B6,machine-B1,lot-47,DN,aPZT,category-1,sub-a8,15,0,15
2026-10-11,41,plant-A,line-A2,machine-A5,lot-2,UP,bPZT,category-2,sub-b9,17,0,17
2026-10-11,41,plant-B,line-B2,machine-B2,lot-26,UP,bPZT,category-3,sub-b7,23,0,23
2026-10-11,41,plant-A,line-A8,machine-A6,lot-97,DN,bPZT,pass,pass,0,2088,2111
2026-10-11,41,plant-A,line-A2,machine-A5,lot-2,UP,bPZT,pass,pass,0,2939,3025
2026-10-11,41,plant-A,line-A4,machine-A7,lot-49,UP,aPZT,category-1,sub-a4,5,0,5
2026-10-11,41,plant-B,line-B7,machine-B7,lot-21,UP,aPZT,category-1,sub-a5,21,0,21
2026-10-11,41,plant-B,line-B4,machine-B1,lot-74,DN,aPZT,category-3,sub-a3,5,0,5
2026-10-11,41,plant-A,line-A3,machine-A5,lot-42,UP,aPZT,category-5,sub-a7,1,0,1
2026-10-11,41,plant-A,line-A4,machine-A7,lot-49,DN,aPZT,category-3,,22,0,22
2026-10-11,41,plant-B,line-B7,machine-B7,lot-21,DN,bPZT,pass,pass,0,2185,2290
2026-10-11,41,plant-A,line-A2,machine-A5,lot-2,DN,bPZT,category-2,sub-b6,26,0,26
2026-10-11,41,plant-B,line-B1,machine-B3,lot-8,DN,bPZT,category-1,sub-b9,27,0,27
2026-10-11,41,plant-A,line-A1,machine-A10,lot-57,DN,aPZT,pass,pass,0,2963,2992
2026-10-11,41,plant-A,line-A8,machine-A6,lot-97,UP,bPZT,category-2,sub-b10,17,0,17
2026-10-11,41,plant-A,line-A4,machine-A8,lot-5,UP,bPZT,category-1,sub-b10,3,0,3
2026-10-11,41,plant-A,line-A1,machine-A1,lot-13,UP,bPZT,category-1,sub-b2,10,0,10
2026-10-11,41,plant-A,line-A1,machine-A1,lot-13,UP,bPZT,category-1,sub-b7,28,0,28
2026-10-11,41,plant-A,line-A8,machine-A7,lot-16,UP,aPZT,category-1,sub-a10,35,0,35
2026-10-11,41,plant-B,line-B3,machine-B8,lot-99,DN,bPZT,category-3,sub-b7,33,0,33
2026-10-11,41,plant-B,line-B7,machine-B10,lot-11,Up,aPZT,category-4,,21,0,21
2026-10-11,41,plant-A,line-A5,machine-A1,lot-70,DN,aPZT,category-2,sub-a10,9,0,9
2026-10-11,41,plant-A,line-A8,machine-A7,lot-16,DN,aPZT,category-3,sub-a6,11,0,11
2026-10-11,41,plant-A,line-A6,machine-A1,lot-90,UP,bPZT,category-4,sub-b2,15,0,15
2026-10-11,41,plant-B,line-B1,machine-B3,lot-8,UP,aPZT,category-1,sub-a9,26,0,26
2026-10-11,41,plant-B,line-B7,machine-B7,lot-21,UP,aPZT,category-4,sub-a2,23,0,23
2026-10-12,42,plant-B,line-B1,machine-B1,lot-43,UP,aPZT,category-2,sub-a7,36,0,36
2026-10-12,42,plant-A,line-A2,machine-A3,lot-21,UP,aPZT,category-5,sub-a5,25,0,25
2026-10-12,42,plant-A,line-A9,machine-A6,lot-39,UP,aPZT,category-1,sub-a2,27,0,27
2026-10-12,42,plant-A,line-A3,machine-A5,lot-29,DN,bPZT,category-3,sub-b1,28,0,28
2026-10-12,42,plant-A,line-A6,machine-A6,lot-8,DN,bPZT,pass,pass,0,2039,2091
2026-10-12,42,plant-B,line-B10,machine-B2,lot-96,DN,bPZT,category-4,sub-b3,17,0,17
2026-10-12,42,plant-B,line-B6,machine-B5,lot-12,UP,bPZT,category-2,sub-b4,29,0,29
2026-10-12,42,plant-B,line-B8,machine-B3,lot-47,UP,bPZT,category-4,sub-b4,1,0,1
2026-10-12,42,plant-B,line-B1,machine-B1,lot-43,DN,aPZT,category-2,sub-a8,23,0,23
2026-10-12,42,plant-B,line-B3,machine-B8,lot-79,DN,aPZT,pass,pass,0,2364,2385
2026-10-12,42,plant-A,line-A9,machine-A5,lot-24,UP,bPZT,category-1,sub-b7,34,0,34
2026-10-12,42,plant-B,line-B1,machine-B1,lot-43,DN,aPZT,category-1,sub-a5,24,0,24
2026-10-12,42,plant-B,line-B8,machine-B3,lot-47,DN,bPZT,category-5,sub-b2,31,0,31
2026-10-12,42,plant-B,line-B10,machine-B2,lot-96,DN,aPZT,category-4,sub-a6,3,0,3
2026-10-12,42,plant-A,line-A6,machine-A6,lot-8,UP,aPZT,pass,pass,0,2039,2047
2026-10-12,42,plant-B,line-B10,machine-B9,lot-60,DN,bPZT,pass,pass,0,2845,2907
2026-10-12,42,plant-B,line-B8,machine-B3,lot-47,UP,aPZT,pass,pass,0,2261,2374
2026-10-12,42,plant-B,line-B6,machine-B5,lot-12,dN,bPZT,category-2,,15,0,15
2026-10-12,42,plant-A,line-A9,machine-A5,lot-24,UP,bPZT,category-5,sub-b3,29,0,29
2026-10-12,42,plant-B,line-B5,machine-B10,lot-57,UP,bPZT,pass,pass,0,2094,2121
2026-10-12,42,plant-A,line-A5,machine-A2,lot-88,DN,bPZT,category-4,sub-b4,26,0,26
2026-10-12,42,plant-B,line-B2,machine-B9,lot-46,DN,aPZT,category-5,,2,0,2
2026-10-12,42,plant-B,line-B8,machine-B3,lot-47,DN,bPZT,category-5,sub-b8,3,0,3
2026-10-12,42,plant-A,line-A6,machine-A2,lot-91,DN,bPZT,pass,pass,0,2279,2340
2026-10-12,42,plant-A,line-A5,machine-A2,lot-88,UP,bPZT,category-3,sub-b8,18,0,18
2026-10-12,42,plant-B,line-B3,machine-B4,lot-7,UP,bPZT,category-2,sub-b9,21,0,21
2026-10-12,42,plant-B,line-B6,machine-B5,lot-12,UP,aPZT,category-4,sub-a2,11,0,11
2026-10-12,42,plant-A,line-A2,machine-A3,lot-21,DN,bPZT,category-3,sub-b9,15,0,15
2026-10-12,42,plant-A,line-A5,machine-A2,lot-88,UP,aPZT,category-1,sub-a1,32,0,32
2026-10-12,42,plant-A,line-A3,machine-A5,lot-29,DN,bPZT,category-2,sub-b9,28,0,28
2026-10-12,42,plant-B,line-B1,machine-B6,lot-1,DN,bPZT,category-2,,39,0,39
2026-10-12,42,plant-A,line-A3,machine-A9,lot-14,DN,aPZT,pass,pass,0,2481,2551
2026-10-12,42,plant-B,line-B9,machine-B3,lot-6,UP,bPZT,category-4,sub-b6,35,0,35
2026-10-12,42,plant-A,line-A3,machine-A5,lot-29,UP,bPZT,category-1,sub-b7,17,0,17
2026-10-12,42,plant-A,line-A3,machine-A9,lot-14,UP,aPZT,category-2,sub-a3,3,0,3
2026-10-12,42,plant-B,line-B8,machine-B3,lot-47,UP,bPZT,category-1,sub-b2,24,0,24
2026-10-12,42,plant-B,line-B1,machine-B1,lot-43,UP,aPZT,pass,pass,0,2491,2492
2026-10-12,42,plant-A,line-A8,machine-A3,lot-64,DN,aPZT,category-1,sub-a2,16,0,16
2026-10-12,42,plant-B,line-B8,machine-B8,lot-82,UP,bPZT,category-5,sub-b1,23,0,23
2026-10-12,42,plant-A,line-A2,machine-A3,lot-21,UP,bPZT,category-1,sub-b3,20,0,20
2026-10-12,42,plant-A,line-A3,machine-A9,lot-14,DN,aPZT,category-4,sub-a6,40,0,40
2026-10-12,42,plant-B,line-B10,machine-B2,lot-96,UP,bPZT,category-2,sub-b1,16,0,16
2026-10-12,42,plant-B,line-B9,machine-B3,lot-6,DN,bPZT,pass,pass,0,2968,3028
2026-10-12,42,plant-A,line-A2,machine-A3,lot-21,UP,aPZT,pass,pass,0,2386,2480
2026-10-12,42,plant-A,line-A3,machine-A5,lot-29,UP,bPZT,pass,pass,0,2978,3039
2026-10-12,42,plant-A,line-A6,machine-A2,lot-91,UP,bPZT,category-2,sub-b6,16,0,16
2026-10-12,42,plant-B,line-B5,machine-B9,lot-32,UP,aPZT,category-2,sub-a9,11,0,11
2026-10-12,42,plant-B,line-B5,machine-B9,lot-32,DN,aPZT,category-4,sub-a7,10,0,10
2026-10-12,42,plant-A,line-A3,machine-A5,lot-29,UP,aPZT,pass,pass,0,2978,3051
2026-10-12,42,plant-A,line-A9,machine-A5,lot-24,dn,aPZT,category-3,sub-a2,27,0,27
2026-10-12,42,plant-B,line-B2,machine-B9,lot-46,UP,aPZT,category-5,sub-a9,19,0,19
2026-10-12,42,plant-A,line-A2,machine-A3,lot-21,UP,aPZT,category-1,sub-a3,1,0,1
2026-10-12,42,plant-B,line-B1,machine-B1,lot-43,DN,aPZT,category-5,sub-a9,39,0,39
2026-10-12,42,plant-A,line-A4,machine-A9,lot-55,UP,bPZT,category-3,sub-b7,24,0,24
2026-10-12,42,plant-B,line-B1,machine-B1,lot-43,DN,aPZT,category-4,sub-a10,27,0,27
2026-10-12,42,plant-B,line-B5,machine-B9,lot-32,UP,aPZT,category-1,sub-a5,7,0,7
2026-10-12,42,plant-B,line-B6,machine-B5,lot-12,UP,bPZT,category-2,sub-b5,27,0,27
2026-10-12,42,plant-B,line-B3,machine-B4,lot-7,UP,aPZT,category-4,sub-a7,37,0,37
2026-10-12,42,plant-A,line-A3,machine-A9,lot-14,DN,aPZT,category-1,sub-a2,39,0,39
2026-10-12,42,plant-A,line-A5,machine-A2,lot-88,UP,bPZT,pass,pass,0,2613,2691
2026-10-12,42,plant-B,line-B5,machine-B10,lot-57,DN,aPZT,pass,pass,0,2094,2101
2026-10-12,42,plant-B,line-B8,machine-B8,lot-82,DN,aPZT,pass,pass,0,2311,2334
2026-10-12,42,plant-B,line-B9,machine-B3,lot-6,DN,bPZT,category-5,sub-b9,37,0,37
2026-10-12,42,plant-B,line-B6,machine-B5,lot-12,DN,aPZT,category-3,sub-a7,29,0,29
2026-10-12,42,plant-B,line-B3,machine-B4,lot-7,UP,aPZT,category-3,sub-a5,10,0,10
2026-10-12,42,plant-B,line-B8,machine-B3,lot-47,DN,bPZT,category-5,sub-b10,10,0,10
2026-10-12,42,plant-A,line-A5,machine-A3,lot-97,DN,bPZT,category-4,sub-b4,4,0,4
2026-10-12,42,plant-A,line-A2,machine-A3,lot-21,UP,bPZT,category-4,sub-b1,33,0,33
2026-10-12,42,plant-B,line-B10,machine-B2,lot-96,Up,bPZT,category-4,sub-b8,24,0,24
2026-10-12,42,plant-B,line-B2,machine-B9,lot-46,DN,bPZT,category-3,sub-b4,10,0,10
2026-10-12,42,plant-B,line-B3,machine-B8,lot-79,UP,bPZT,category-2,sub-b2,21,0,21
2026-10-12,42,plant-A,line-A4,machine-A9,lot-55,UP,bPZT,category-5,sub-b7,17,0,17
2026-10-12,42,plant-A,line-A6,machine-A2,lot-91,UP,aPZT,category-3,sub-a9,32,0,32
2026-10-12,42,plant-A,line-A9,machine-A5,lot-24,UP,aPZT,pass,pass,0,2897,3004
2026-10-12,42,plant-B,line-B5,machine-B10,lot-57,DN,bPZT,category-3,sub-b9,7,0,7
2026-10-12,42,plant-B,line-B10,machine-B2,lot-96,UP,bPZT,category-5,sub-b2,35,0,35
2026-10-12,42,plant-B,line-B1,machine-B1,lot-43,DN,aPZT,category-1,sub-a10,30,0,30
2026-10-12,42,plant-A,line-A5,machine-A2,lot-88,DN,aPZT,category-2,sub-a9,3,0,3
2026-10-12,42,plant-B,line-B3,machine-B4,lot-7,DN,aPZT,category-4,sub-a8,1,0,1
2026-10-12,42,plant-A,line-A4,machine-A9,lot-55,UP,bPZT,pass,pass,0,2995,3056
2026-10-12,42,plant-A,line-A5,machine-A2,lot-88,DN,bPZT,category-5,sub-b10,29,0,29
2026-10-12,42,plant-B,line-B1,machine-B6,lot-1,DN,aPZT,category-2,sub-a6,39,0,39
2026-10-12,42,plant-B,line-B10,machine-B2,lot-96,UP,bPZT,category-1,sub-b10,2,0,2
2026-10-12,42,plant-A,line-A6,machine-A2,lot-91,UP,aPZT,category-5,sub-a8,10,0,10
2026-10-12,42,plant-B,line-B8,machine-B8,lot-82,DN,bPZT,pass,pass,0,2311,2312
2026-10-12,42,plant-B,line-B3,machine-B8,lot-79,DN,aPZT,category-5,sub-a7,1,0,1
2026-10-12,42,plant-A,line-A8,machine-A3,lot-64,UP,aPZT,category-2,sub-a4,29,0,29
2026-10-12,42,plant-B,line-B10,machine-B9,lot-60,DN,bPZT,category-3,sub-b8,20,0,20
2026-10-12,42,plant-A,line-A9,machine-A6,lot-39,DN,bPZT,pass,pass,0,2030,2077
2026-10-12,42,plant-B,line-B1,machine-B6,lot-1,UP,aPZT,category-1,sub-a9,28,0,28
2026-10-12,42,plant-B,line-B2,machine-B9,lot-46,uP,bPZT,category-3,,5,0,5
2026-10-12,42,plant-B,line-B8,machine-B3,lot-47,UP,bPZT,category-1,,4,0,4
2026-10-12,42,plant-B,line-B8,machine-B3,lot-47,DN,bPZT,pass,pass,0,2261,2269
2026-10-12,42,plant-A,line-A9,machine-A5,lot-24,DN,bPZT,category-3,sub-b5,38,0,38
2026-10-12,42,plant-A,line-A5,machine-A2,lot-88,DN,bPZT,category-3,sub-b1,6,0,6
2026-10-12,42,plant-A,line-A5,machine-A3,lot-97,UP,aPZT,category-3,sub-a8,2,0,2
2026-10-12,42,plant-A,line-A9,machine-A5,lot-24,UP,bPZT,pass,pass,0,2897,2975
2026-10-12,42,plant-B,line-B10,machine-B9,lot-60,DN,aPZT,category-5,sub-a7,12,0,12
2026-10-12,42,plant-B,line-B2,machine-B9,lot-46,DN,aPZT,pass,pass,0,2205,2267
2026-10-12,42,plant-A,line-A4,machine-A9,lot-55,DN,aPZT,pass,pass,0,2995,3071
2026-10-12,42,plant-A,line-A6,machine-A6,lot-8,DN,aPZT,category-3,sub-a7,12,0,12
2026-10-12,42,plant-A,line-A9,machine-A6,lot-39,UP,aPZT,category-1,sub-a7,20,0,20
2026-10-12,42,plant-B,line-B9,machine-B3,lot-6,DN,aPZT,category-3,sub-a10,37,0,37
2026-10-12,42,plant-B,line-B8,machine-B3,lot-47,UP,bPZT,category-4,sub-b10,40,0,40
2026-10-12,42,plant-A,line-A9,machine-A5,lot-24,UP,aPZT,category-2,sub-a5,24,0,24
2026-10-12,42,plant-B,line-B2,machine-B9,lot-46,UP,aPZT,category-3,sub-a1,40,0,40
2026-10-12,42,plant-B,line-B10,machine-B9,lot-60,UP,aPZT,category-4,sub-a3,21,0,21
2026-10-12,42,plant-A,line-A3,machine-A5,lot-29,UP,aPZT,category-1,sub-a2,27,0,27
2026-10-12,42,plant-B,line-B1,machine-B6,lot-1,DN,aPZT,category-1,sub-a2,29,0,29
2026-10-12,42,plant-B,line-B9,machine-B3,lot-6,UP,bPZT,category-3,sub-b9,13,0,13
2026-10-12,42,plant-A,line-A9,machine-A7,lot-83,DN,aPZT,category-3,sub-a8,7,0,7
2026-10-12,42,plant-A,line-A9,machine-A6,lot-39,UP,bPZT,category-4,sub-b4,9,0,9
2026-10-12,42,plant-B,line-B10,machine-B2,lot-96,UP,bPZT,pass,pass,0,2520,2523
2026-10-12,42,plant-A,line-A6,machine-A6,lot-8,UP,aPZT,category-4,sub-a2,40,0,40
2026-10-12,42,plant-A,line-A3,machine-A5,lot-29,UP,aPZT,category-2,sub-a3,13,0,13
2026-10-12,42,plant-B,line-B9,machine-B3,lot-6,Up,bPZT,category-1,sub-b3,37,0,37
2026-10-12,42,plant-A,line-A9,machine-A7,lot-83,DN,bPZT,category-3,sub-b10,8,0,8
2026-10-12,42,plant-B,line-B1,machine-B6,lot-1,DN,aPZT,category-1,sub-a1,9,0,9
2026-10-12,42,plant-A,line-A5,machine-A2,lot-88,DN,aPZT,category-2,sub-a9,10,0,10
2026-10-12,42,plant-A,line-A2,machine-A3,lot-21,DN,aPZT,category-5,sub-a1,39,0,39
2026-10-12,42,plant-B,line-B3,machine-B4,lot-7,UP,bPZT,category-5,sub-b4,2,0,2
2026-10-12,42,plant-A,line-A5,machine-A2,lot-88,UP,aPZT,pass,pass,0,2613,2692
2026-10-12,42,plant-B,line-B1,machine-B1,lot-43,UP,aPZT,category-3,sub-a1,33,0,33
2026-10-12,42,plant-A,line-A2,machine-A3,lot-21,DN,bPZT,category-4,sub-b10,26,0,26
2026-10-12,42,plant-B,line-B5,machine-B10,lot-57,UP,aPZT,category-3,sub-a9,12,0,12
2026-10-12,42,plant-B,line-B3,machine-B4,lot-7,DN,bPZT,pass,pass,0,2061,2109
2026-10-12,42,plant-B,line-B5,machine-B9,lot-32,DN,bPZT,category-3,sub-b7,3,0,3
2026-10-12,42,plant-B,line-B1,machine-B1,lot-43,dN,aPZT,category-5,sub-a5,25,0,25
2026-10-12,42,plant-B,line-B2,machine-B9,lot-46,DN,bPZT,category-1,sub-b8,20,0,20
2026-10-12,42,plant-B,line-B5,machine-B9,lot-32,DN,bPZT,pass,pass,0,2681,2787
2026-10-12,42,plant-A,line-A9,machine-A5,lot-24,UP,bPZT,category-2,sub-b9,6,0,6
2026-10-12,42,plant-B,line-B1,machine-B6,lot-1,DN,aPZT,pass,pass,0,2999,3038
2026-10-12,42,plant-A,line-A6,machine-A2,lot-91,UP,aPZT,pass,pass,0,2279,2343
2026-10-12,42,plant-B,line-B6,machine-B5,lot-12,UP,bPZT,pass,pass,0,2963,3055
2026-10-12,42,plant-B,line-B5,machine-B9,lot-32,UP,aPZT,category-2,sub-a10,18,0,18
2026-10-12,42,plant-A,line-A3,machine-A5,lot-29,UP,aPZT,category-1,sub-a3,21,0,21
2026-10-12,42,plant-B,line-B6,machine-B5,lot-12,UP,aPZT,category-5,sub-a3,18,0,18
2026-10-12,42,plant-A,line-A2,machine-A3,lot-21,UP,bPZT,pass,pass,0,2386,2459
2026-10-12,42,plant-B,line-B5,machine-B10,lot-57,UP,aPZT,category-1,sub-a3,15,0,15
2026-10-12,42,plant-B,line-B5,machine-B9,lot-32,DN,aPZT,category-5,sub-a9,38,0,38
2026-10-12,42,plant-B,line-B10,machine-B2,lot-96,UP,bPZT,category-5,sub-b6,12,0,12
2026-10-12,42,plant-B,line-B3,machine-B8,lot-79,DN,aPZT,category-3,sub-a3,31,0,31
2026-10-12,42,plant-A,line-A5,machine-A2,lot-88,DN,aPZT,category-3,sub-a7,33,0,33
2026-10-12,42,plant-B,line-B3,machine-B8,lot-79,DN,aPZT,category-2,sub-a6,5,0,5
2026-10-12,42,plant-A,line-A4,machine-A9,lot-55,UP,bPZT,category-2,sub-b1,35,0,35
2026-10-12,42,plant-B,line-B2,machine-B9,lot-46,DN,bPZT,pass,pass,0,2205,2266
2026-10-12,42,plant-B,line-B1,machine-B1,lot-43,DN,bPZT,category-4,sub-b10,1,0,1
2026-10-12,42,plant-A,line-A3,machine-A9,lot-14,UP,bPZT,category-1,sub-b7,36,0,36
2026-10-12,42,plant-B,line-B1,machine-B1,lot-43,UP,bPZT,pass,pass,0,2491,2753
2026-10-12,42,plant-A,line-A9,machine-A6,lot-39,UP,aPZT,pass,pass,0,2030,2076
2026-10-12,42,plant-A,line-A4,machine-A9,lot-55,UP,aPZT,category-5,sub-a10,38,0,38
2026-10-12,42,plant-A,line-A3,machine-A9,lot-14,UP,bPZT,pass,pass,0,2481,2584
2026-10-12,42,plant-B,line-B10,machine-B2,lot-96,DN,bPZT,category-3,sub-b9,10,0,10
2026-10-12,42,plant-B,line-B5,machine-B9,lot-32,UP,aPZT,category-2,sub-a7,22,0,22
2026-10-12,42,plant-A,line-A6,machine-A2,lot-91,DN,aPZT,category-5,sub-a6,19,0,19
2026-10-12,42,plant-A,line-A8,machine-A3,lot-64,DN,bPZT,pass,pass,0,2859,2909
2026-10-12,42,plant-B,line-B3,machine-B4,lot-7,DN,bPZT,category-5,sub-b9,9,0,9
2026-10-12,42,plant-A,line-A6,machine-A2,lot-91,UP,bPZT,category-2,sub-b1,9,0,9
2026-10-12,42,plant-A,line-A8,machine-A3,lot-64,dN,bPZT,category-2,sub-b2,20,0,20
2026-10-12,42,plant-A,line-A2,machine-A3,lot-21,UP,aPZT,category-4,sub-a2,8,0,8
2026-10-12,42,plant-A,line-A9,machine-A7,lot-83,DN,bPZT,pass,pass,0,2845,2881
2026-10-12,42,plant-B,line-B1,machine-B6,lot-1,DN,aPZT,category-2,sub-a2,36,0,36
2026-10-12,42,plant-B,line-B1,machine-B6,lot-1,UP,aPZT,category-4,sub-a4,4,0,4
2026-10-12,42,plant-A,line-A4,machine-A9,lot-55,DN,aPZT,category-2,sub-a7,23,0,23
2026-10-12,42,plant-B,line-B5,machine-B9,lot-32,DN,aPZT,pass,pass,0,2681,2684
2026-10-12,42,plant-A,line-A8,machine-A3,lot-64,UP,aPZT,category-1,sub-a9,5,0,5
2026-10-12,42,plant-A,line-A8,machine-A3,lot-64,UP,bPZT,category-3,sub-b3,11,0,11
2026-10-12,42,plant-A,line-A8,machine-A3,lot-64,DN,bPZT,category-1,sub-b1,8,0,8
2026-10-12,42,plant-B,line-B6,machine-B5,lot-12,DN,bPZT,category-3,,31,0,31
2026-10-12,42,plant-A,line-A9,machine-A5,lot-24,UP,aPZT,category-2,sub-a10,27,0,27
2026-10-12,42,plant-B,line-B10,machine-B9,lot-60,DN,aPZT,pass,pass,0,2845,2872
2026-10-12,42,plant-B,line-B3,machine-B8,lot-79,UP,bPZT,pass,pass,0,2364,2426
2026-10-12,42,plant-A,line-A3,machine-A9,lot-14,DN,aPZT,category-1,sub-a5,21,0,21
2026-10-12,42,plant-B,line-B6,machine-B5,lot-12,UP,aPZT,category-5,sub-a2,34,0,34
2026-10-12,42,plant-B,line-B8,machine-B8,lot-82,UP,aPZT,category-2,sub-a4,1,0,1
2026-10-12,42,plant-B,line-B10,machine-B9,lot-60,UP,bPZT,category-5,sub-b8,7,0,7
2026-10-12,42,plant-B,line-B1,machine-B1,lot-43,UP,aPZT,category-1,sub-a3,15,0,15
2026-10-12,42,plant-B,line-B1,machine-B1,lot-43,DN,aPZT,category-4,sub-a4,10,0,10
2026-10-12,42,plant-B,line-B6,machine-B5,lot-12,DN,aPZT,pass,pass,0,2963,3095
2026-10-12,42,plant-B,line-B1,machine-B6,lot-1,DN,bPZT,pass,pass,0,2999,3145
2026-10-12,42,plant-A,line-A5,machine-A3,lot-97,DN,aPZT,pass,pass,0,2773,2777
2026-10-12,42,plant-A,line-A9,machine-A7,lot-83,UP,aPZT,pass,pass,0,2845,2853
2026-10-12,42,plant-A,line-A9,machine-A7,lot-83,UP,aPZT,category-5,sub-a7,22,0,22
2026-10-12,42,plant-A,line-A3,machine-A9,lot-14,DN,bPZT,category-3,sub-b6,34,0,34
2026-10-12,42,plant-A,line-A8,machine-A3,lot-64,UP,aPZT,pass,pass,0,2859,2898
2026-10-12,42,plant-A,line-A9,machine-A7,lot-83,UP,aPZT,category-4,sub-a1,7,0,7
2026-10-12,42,plant-B,line-B6,machine-B5,lot-12,DN,bPZT,category-2,sub-b7,30,0,30
2026-10-12,42,plant-A,line-A5,machine-A3,lot-97,UP,bPZT,pass,pass,0,2773,2775
2026-10-12,42,plant-B,line-B10,machine-B9,lot-60,DN,aPZT,category-5,sub-a3,29,0,29
2026-10-12,42,plant-B,line-B9,machine-B3,lot-6,UP,aPZT,pass,pass,0,2968,3090
2026-10-12,42,plant-B,line-B9,machine-B3,lot-6,UP,aPZT,category-1,sub-a6,23,0,23
2026-10-12,42,plant-B,line-B10,machine-B2,lot-96,DN,aPZT,pass,pass,0,2520,2636
2026-10-12,42,plant-A,line-A6,machine-A6,lot-8,DN,bPZT,category-1,sub-b10,8,0,8
2026-10-12,42,plant-A,line-A9,machine-A6,lot-39,UP,bPZT,category-2,,37,0,37
2026-10-12,42,plant-A,line-A6,machine-A2,lot-91,UP,bPZT,category-5,sub-b6,39,0,39
2026-10-12,42,plant-B,line-B3,machine-B8,lot-79,UP,aPZT,category-1,sub-a10,25,0,25
2026-10-12,42,plant-B,line-B3,machine-B4,lot-7,UP,aPZT,pass,pass,0,2061,2093
2026-10-12,42,plant-B,line-B2,machine-B9,lot-46,UP,bPZT,category-3,sub-b1,27,0,27
2026-10-12,42,plant-B,line-B1,machine-B6,lot-1,UP,aPZT,category-4,sub-a4,1,0,1
2026-10-12,42,plant-B,line-B8,machine-B3,lot-47,UP,aPZT,category-4,sub-a5,8,0,8
2026-10-13,42,plant-B,line-B10,machine-B1,lot-65,UP,aPZT,category-5,sub-a1,7,0,7
2026-10-13,42,plant-B,line-B6,machine-B5,lot-48,UP,aPZT,category-4,sub-a10,1,0,1
2026-10-13,42,plant-B,line-B6,machine-B8,lot-68,DN,aPZT,category-5,sub-a6,36,0,36
2026-10-13,42,plant-B,line-B9,machine-B1,lot-86,DN,aPZT,category-2,sub-a4,39,0,39
2026-10-13,42,plant-A,line-A2,machine-A4,lot-71,UP,bPZT,pass,pass,0,2528,2640
2026-10-13,42,plant-B,line-B8,machine-B3,lot-44,UP,bPZT,pass,pass,0,2168,2313
2026-10-13,42,plant-A,line-A2,machine-A4,lot-71,UP,bPZT,category-2,sub-b1,4,0,4
2026-10-13,42,plant-B,line-B9,machine-B1,lot-86,UP,bPZT,category-3,,17,0,17
2026-10-13,42,plant-A,line-A8,machine-A7,lot-32,DN,bPZT,pass,pass,0,2776,2844
2026-10-13,42,plant-A,line-A1,machine-A1,lot-31,DN,aPZT,category-5,sub-a3,7,0,7
2026-10-13,42,plant-B,line-B7,machine-B3,lot-39,UP,bPZT,pass,pass,0,2616,2655
2026-10-13,42,plant-A,line-A8,machine-A7,lot-32,UP,aPZT,category-4,sub-a2,8,0,8
2026-10-13,42,plant-B,line-B7,machine-B3,lot-39,UP,bPZT,category-5,sub-b3,36,0,36
2026-10-13,42,plant-B,line-B8,machine-B3,lot-44,UP,aPZT,category-4,sub-a3,36,0,36
2026-10-13,42,plant-B,line-B10,machine-B4,lot-84,UP,bPZT,pass,pass,0,2550,2593
2026-10-13,42,plant-B,line-B10,machine-B4,lot-84,DN,aPZT,category-3,sub-a2,9,0,9
2026-10-13,42,plant-A,line-A3,machine-A10,lot-87,DN,aPZT,category-3,sub-a7,12,0,12
2026-10-13,42,plant-B,line-B3,machine-B2,lot-73,UP,aPZT,category-5,sub-a9,24,0,24
2026-10-13,42,plant-B,line-B1,machine-B2,lot-88,DN,aPZT,category-4,sub-a2,18,0,18
2026-10-13,42,plant-B,line-B9,machine-B1,lot-86,DN,bPZT,category-5,sub-b6,23,0,23
2026-10-13,42,plant-B,line-B4,machine-B9,lot-96,UP,bPZT,category-5,sub-b9,2,0,2
2026-10-13,42,plant-B,line-B6,machine-B8,lot-68,DN,bPZT,category-2,sub-b7,23,0,23
2026-10-13,42,plant-B,line-B8,machine-B3,lot-44,DN,aPZT,pass,pass,0,2168,2216
2026-10-13,42,plant-A,line-A1,machine-A1,lot-31,UP,aPZT,category-3,sub-a9,29,0,29
2026-10-13,42,plant-B,line-B6,machine-B5,lot-48,DN,aPZT,category-2,sub-a9,25,0,25
2026-10-13,42,plant-B,line-B8,machine-B3,lot-44,DN,aPZT,category-5,sub-a2,39,0,39
2026-10-13,42,plant-B,line-B9,machine-B1,lot-86,UP,bPZT,category-3,sub-b10,1,0,1
2026-10-13,42,plant-B,line-B1,machine-B2,lot-88,DN,aPZT,category-2,sub-a6,32,0,32
2026-10-13,42,plant-B,line-B6,machine-B5,lot-48,UP,bPZT,category-4,sub-b3,36,0,36
2026-10-13,42,plant-B,line-B10,machine-B4,lot-84,UP,aPZT,category-1,sub-a5,1,0,1
2026-10-13,42,plant-A,line-A2,machine-A7,lot-18,UP,aPZT,category-1,,15,0,15
2026-10-13,42,plant-A,line-A9,machine-A3,lot-17,DN,aPZT,category-3,sub-a8,11,0,11
2026-10-13,42,plant-B,line-B7,machine-B3,lot-39,DN,aPZT,pass,pass,0,2616,2685
2026-10-13,42,plant-A,line-A1,machine-A1,lot-31,UP,bPZT,pass,pass,0,2493,2578
2026-10-13,42,plant-A,line-A2,machine-A4,lot-71,DN,aPZT,category-4,sub-a1,33,0,33
2026-10-13,42,plant-B,line-B2,machine-B7,lot-30,DN,aPZT,category-4,sub-a2,10,0,10
2026-10-13,42,plant-B,line-B9,machine-B1,lot-86,UP,bPZT,category-1,sub-b2,6,0,6
2026-10-13,42,plant-A,line-A9,machine-A3,lot-17,DN,bPZT,category-4,sub-b7,5,0,5
2026-10-13,42,plant-B,line-B4,machine-B9,lot-96,DN,bPZT,pass,pass,0,2340,2372
2026-10-13,42,plant-A,line-A2,machine-A7,lot-18,DN,aPZT,category-1,sub-a1,34,0,34
2026-10-13,42,plant-B,line-B6,machine-B8,lot-68,DN,bPZT,pass,pass,0,2574,2707
2026-10-13,42,plant-B,line-B10,machine-B1,lot-65,UP,bPZT,category-3,sub-b8,40,0,40
2026-10-13,42,plant-B,line-B1,machine-B2,lot-88,UP,bPZT,category-2,sub-b7,21,0,21
2026-10-13,42,plant-B,line-B6,machine-B8,lot-68,DN,bPZT,category-3,sub-b8,35,0,35
2026-10-13,42,plant-B,line-B3,machine-B8,lot-75,UP,bPZT,pass,pass,0,2987,3038
2026-10-13,42,plant-B,line-B10,machine-B8,lot-89,DN,bPZT,category-1,sub-b4,7,0,7
2026-10-13,42,plant-B,line-B7,machine-B3,lot-39,UP,bPZT,category-3,sub-b2,33,0,33
2026-10-13,42,plant-B,line-B10,machine-B1,lot-65,DN,bPZT,category-3,sub-b1,29,0,29
2026-10-13,42,plant-A,line-A9,machine-A3,lot-17,DN,aPZT,category-5,sub-a1,17,0,17
2026-10-13,42,plant-B,line-B3,machine-B2,lot-73,UP,aPZT,category-5,sub-a6,31,0,31
2026-10-13,42,plant-B,line-B7,machine-B8,lot-25,Dn,bPZT,category-4,,34,0,34
2026-10-13,42,plant-A,line-A2,machine-A4,lot-71,DN,aPZT,category-5,sub-a7,19,0,19
2026-10-13,42,plant-A,line-A5,machine-A3,lot-64,DN,aPZT,category-4,sub-a9,25,0,25
2026-10-13,42,plant-B,line-B3,machine-B2,lot-73,DN,aPZT,category-4,sub-a8,32,0,32
2026-10-13,42,plant-B,line-B4,machine-B9,lot-96,UP,bPZT,category-5,sub-b10,35,0,35
2026-10-13,42,plant-B,line-B1,machine-B2,lot-88,DN,bPZT,pass,pass,0,2462,2524
2026-10-13,42,plant-A,line-A3,machine-A10,lot-87,UP,aPZT,category-1,sub-a6,17,0,17
2026-10-13,42,plant-B,line-B4,machine-B9,lot-96,UP,bPZT,category-5,sub-b5,13,0,13
2026-10-13,42,plant-B,line-B1,machine-B1,lot-72,UP,aPZT,category-5,sub-a5,29,0,29
2026-10-13,42,plant-B,line-B3,machine-B2,lot-73,DN,aPZT,category-2,sub-a5,16,0,16
2026-10-13,42,plant-B,line-B10,machine-B1,lot-65,DN,aPZT,category-2,sub-a6,1,0,1
2026-10-13,42,plant-B,line-B10,machine-B4,lot-84,DN,aPZT,pass,pass,0,2550,2607
2026-10-13,42,plant-B,line-B1,machine-B2,lot-88,DN,aPZT,category-4,sub-a3,9,0,9
2026-10-13,42,plant-A,line-A5,machine-A9,lot-91,UP,bPZT,pass,pass,0,2305,2313
2026-10-13,42,plant-B,line-B1,machine-B2,lot-88,DN,bPZT,category-1,sub-b6,6,0,6
2026-10-13,42,plant-A,line-A1,machine-A1,lot-31,DN,aPZT,category-5,sub-a8,19,0,19
2026-10-13,42,plant-B,line-B2,machine-B7,lot-30,DN,aPZT,category-5,sub-a8,37,0,37
2026-10-13,42,plant-A,line-A2,machine-A7,lot-18,DN,bPZT,pass,pass,0,2558,2637
2026-10-13,42,plant-B,line-B7,machine-B8,lot-25,UP,bPZT,pass,pass,0,2599,2613
2026-10-13,42,plant-B,line-B6,machine-B8,lot-68,DN,bPZT,category-3,sub-b9,30,0,30
2026-10-13,42,plant-B,line-B9,machine-B1,lot-86,DN,bPZT,category-3,sub-b9,32,0,32
2026-10-13,42,plant-B,line-B3,machine-B2,lot-73,UP,aPZT,pass,pass,0,2283,2292
2026-10-13,42,plant-B,line-B3,machine-B8,lot-75,DN,bPZT,category-5,sub-b6,34,0,34
2026-10-13,42,plant-B,line-B8,machine-B3,lot-44,DN,bPZT,category-3,sub-b2,9,0,9
2026-10-13,42,plant-B,line-B1,machine-B2,lot-88,DN,aPZT,pass,pass,0,2462,2503
2026-10-13,42,plant-A,line-A3,machine-A10,lot-87,UP,bPZT,category-3,sub-b9,37,0,37
2026-10-13,42,plant-A,line-A5,machine-A9,lot-91,DN,bPZT,category-3,sub-b10,39,0,39
2026-10-13,42,plant-A,line-A5,machine-A9,lot-91,DN,bPZT,category-5,sub-b2,4,0,4
2026-10-13,42,plant-A,line-A2,machine-A4,lot-71,DN,aPZT,category-2,sub-a10,38,0,38
2026-10-13,42,plant-B,line-B6,machine-B5,lot-48,DN,aPZT,pass,pass,0,2268,2324
2026-10-13,42,plant-B,line-B10,machine-B1,lot-65,UP,aPZT,pass,pass,0,2327,2405
2026-10-13,42,plant-B,line-B9,machine-B1,lot-86,DN,bPZT,category-3,sub-b2,21,0,21
2026-10-13,42,plant-B,line-B10,machine-B8,lot-89,DN,bPZT,category-2,sub-b4,32,0,32
2026-10-13,42,plant-A,line-A8,machine-A7,lot-8,DN,aPZT,pass,pass,0,2715,2766
2026-10-13,42,plant-B,line-B10,machine-B1,lot-65,DN,bPZT,pass,,0,2327,2335
2026-10-13,42,plant-A,line-A8,machine-A7,lot-8,DN,aPZT,category-5,sub-a6,13,0,13
2026-10-13,42,plant-B,line-B1,machine-B2,lot-88,UP,bPZT,category-1,sub-b1,14,0,14
2026-10-13,42,plant-B,line-B7,machine-B8,lot-25,DN,bPZT,category-2,sub-b9,34,0,34
2026-10-13,42,plant-A,line-A2,machine-A4,lot-71,DN,aPZT,category-4,sub-a2,3,0,3
2026-10-13,42,plant-B,line-B3,machine-B8,lot-75,UP,bPZT,category-4,sub-b1,8,0,8
2026-10-13,42,plant-B,line-B7,machine-B3,lot-39,DN,aPZT,category-2,sub-a6,39,0,39
2026-10-13,42,plant-A,line-A1,machine-A1,lot-31,UP,bPZT,category-4,sub-b2,20,0,20
2026-10-13,42,plant-A,line-A3,machine-A10,lot-87,DN,aPZT,pass,pass,0,2326,2363
2026-10-13,42,plant-B,line-B4,machine-B9,lot-96,DN,bPZT,category-1,sub-b3,20,0,20
2026-10-13,42,plant-A,line-A8,machine-A7,lot-8,UP,bPZT,category-1,sub-b3,25,0,25
2026-10-13,42,plant-B,line-B6,machine-B7,lot-14,DN,aPZT,pass,pass,0,2755,2777
2026-10-13,42,plant-B,line-B10,machine-B8,lot-89,UP,bPZT,category-5,sub-b1,22,0,22
2026-10-13,42,plant-B,line-B6,machine-B5,lot-48,DN,bPZT,category-4,sub-b6,20,0,20
2026-10-13,42,plant-B,line-B3,machine-B2,lot-73,DN,bPZT,category-2,sub-b5,9,0,9
2026-10-13,42,plant-A,line-A8,machine-A7,lot-8,UP,bPZT,pass,pass,0,2715,2750
2026-10-13,42,plant-B,line-B8,machine-B3,lot-44,UP,aPZT,category-5,sub-a3,13,0,13
2026-10-13,42,plant-B,line-B1,machine-B1,lot-72,DN,aPZT,pass,pass,0,2745,2838
2026-10-13,42,plant-B,line-B3,machine-B8,lot-75,up,aPZT,pass,pass,0,2987,3029
2026-10-13,42,plant-A,line-A8,machine-A7,lot-32,DN,aPZT,category-1,sub-a2,3,0,3
2026-10-13,42,plant-B,line-B7,machine-B8,lot-25,DN,aPZT,category-4,sub-a1,14,0,14
2026-10-13,42,plant-A,line-A2,machine-A7,lot-18,UP,aPZT,pass,pass,0,2558,2562
2026-10-13,42,plant-A,line-A3,machine-A10,lot-87,UP,bPZT,pass,pass,0,2326,2361
2026-10-13,42,plant-B,line-B9,machine-B1,lot-86,UP,aPZT,pass,pass,0,2102,2279
2026-10-13,42,plant-A,line-A2,machine-A4,lot-71,UP,aPZT,category-2,,19,0,19
2026-10-13,42,plant-A,line-A8,machine-A7,lot-32,DN,bPZT,category-2,sub-b8,20,0,20
2026-10-13,42,plant-B,line-B10,machine-B8,lot-89,UP,aPZT,category-1,sub-a5,13,0,13
2026-10-13,42,plant-A,line-A8,machine-A7,lot-8,DN,aPZT,category-2,,22,0,22
2026-10-13,42,plant-B,line-B4,machine-B9,lot-96,UP,aPZT,pass,pass,0,2340,2486
2026-10-13,42,plant-B,line-B7,machine-B8,lot-25,UP,bPZT,category-3,sub-b5,36,0,36
2026-10-13,42,plant-A,line-A9,machine-A3,lot-17,DN,aPZT,pass,pass,0,2584,2613
2026-10-13,42,plant-B,line-B6,machine-B8,lot-68,DN,aPZT,pass,,0,2574,2685
2026-10-13,42,plant-B,line-B4,machine-B9,lot-96,UP,aPZT,category-1,sub-a6,32,0,32
2026-10-13,42,plant-A,line-A1,machine-A1,lot-31,DN,aPZT,category-5,sub-a5,1,0,1
2026-10-13,42,plant-B,line-B9,machine-B1,lot-86,UP,bPZT,pass,pass,0,2102,2141
2026-10-13,42,plant-B,line-B4,machine-B9,lot-96,DN,bPZT,category-4,sub-b5,17,0,17
2026-10-13,42,plant-A,line-A5,machine-A9,lot-91,DN,bPZT,category-1,sub-b2,12,0,12
2026-10-13,42,plant-B,line-B3,machine-B2,lot-73,UP,bPZT,pass,pass,0,2283,2437
2026-10-13,42,plant-B,line-B6,machine-B8,lot-68,UP,aPZT,category-2,sub-a7,28,0,28
2026-10-13,42,plant-B,line-B10,machine-B8,lot-89,Dn,aPZT,pass,,0,2995,3058
2026-10-13,42,plant-A,line-A5,machine-A3,lot-64,UP,bPZT,pass,pass,0,2610,2702
2026-10-13,42,plant-A,line-A8,machine-A7,lot-32,UP,aPZT,category-1,sub-a6,23,0,23
2026-10-13,42,plant-B,line-B2,machine-B7,lot-30,DN,aPZT,category-4,sub-a6,12,0,12
2026-10-13,42,plant-B,line-B2,machine-B7,lot-30,DN,aPZT,category-3,sub-a5,12,0,12
2026-10-13,42,plant-B,line-B8,machine-B3,lot-44,DN,aPZT,category-4,sub-a8,18,0,18
2026-10-13,42,plant-B,line-B1,machine-B1,lot-72,DN,aPZT,category-5,sub-a5,37,0,37
2026-10-13,42,plant-B,line-B2,machine-B7,lot-30,DN,aPZT,category-2,sub-a5,6,0,6
2026-10-13,42,plant-B,line-B6,machine-B5,lot-48,DN,aPZT,category-3,sub-a4,8,0,8
2026-10-13,42,plant-A,line-A2,machine-A4,lot-71,UP,aPZT,pass,pass,0,2528,2565
2026-10-13,42,plant-B,line-B6,machine-B7,lot-14,DN,aPZT,category-1,sub-a4,12,0,12
2026-10-13,42,plant-B,line-B1,machine-B2,lot-88,UP,aPZT,category-4,sub-a2,3,0,3
2026-10-13,42,plant-A,line-A8,machine-A7,lot-32,DN,aPZT,pass,pass,0,2776,2796
2026-10-13,42,plant-B,line-B9,machine-B1,lot-86,UP,bPZT,category-4,sub-b8,19,0,19
2026-10-13,42,plant-B,line-B10,machine-B4,lot-84,DN,bPZT,category-1,sub-b4,35,0,35
2026-10-13,42,plant-B,line-B9,machine-B1,lot-86,DN,bPZT,category-4,sub-b5,15,0,15
2026-10-13,42,plant-A,line-A5,machine-A3,lot-64,DN,aPZT,category-1,sub-a10,38,0,38
2026-10-13,42,plant-A,line-A9,machine-A3,lot-17,DN,aPZT,category-3,sub-a9,24,0,24
2026-10-13,42,plant-B,line-B3,machine-B2,lot-73,UP,aPZT,category-2,sub-a4,32,0,32
2026-10-13,42,plant-B,line-B6,machine-B8,lot-68,DN,bPZT,category-2,sub-b4,21,0,21
2026-10-13,42,plant-B,line-B8,machine-B3,lot-44,DN,aPZT,category-4,sub-a8,39,0,39
2026-10-13,42,plant-B,line-B10,machine-B8,lot-89,DN,aPZT,category-3,sub-a5,18,0,18
2026-10-13,42,plant-B,line-B6,machine-B8,lot-68,UP,aPZT,category-5,sub-a8,5,0,5
2026-10-13,42,plant-A,line-A9,machine-A3,lot-17,DN,aPZT,category-1,sub-a2,32,0,32
2026-10-13,42,plant-B,line-B4,machine-B9,lot-96,DN,bPZT,category-1,sub-b1,34,0,34
2026-10-13,42,plant-B,line-B9,machine-B1,lot-86,UP,bPZT,category-2,sub-b6,12,0,12
2026-10-13,42,plant-B,line-B3,machine-B8,lot-75,DN,aPZT,category-1,sub-a1,39,0,39
2026-10-13,42,plant-A,line-A1,machine-A1,lot-31,DN,aPZT,pass,pass,0,2493,2522
2026-10-13,42,plant-B,line-B2,machine-B7,lot-30,UP,bPZT,pass,pass,0,2970,3047
2026-10-13,42,plant-B,line-B10,machine-B4,lot-84,UP,aPZT,category-5,sub-a4,33,0,33
2026-10-13,42,plant-A,line-A8,machine-A7,lot-32,DN,aPZT,category-2,sub-a1,12,0,12
2026-10-13,42,plant-B,line-B10,machine-B1,lot-65,DN,bPZT,category-4,sub-b3,9,0,9
2026-10-13,42,plant-B,line-B1,machine-B1,lot-72,UP,bPZT,pass,pass,0,2745,2822
2026-10-13,42,plant-B,line-B6,machine-B8,lot-68,UP,aPZT,category-5,sub-a2,40,0,40
2026-10-13,42,plant-A,line-A2,machine-A7,lot-18,DN,aPZT,category-3,sub-a7,23,0,23
2026-10-13,42,plant-B,line-B6,machine-B7,lot-14,UP,aPZT,category-1,sub-a8,14,0,14
2026-10-13,42,plant-B,line-B1,machine-B1,lot-72,UP,aPZT,category-3,,11,0,11
2026-10-13,42,plant-B,line-B6,machine-B5,lot-48,UP,bPZT,pass,pass,0,2268,2338
2026-10-13,42,plant-A,line-A5,machine-A3,lot-64,UP,aPZT,category-3,sub-a5,9,0,9
2026-10-13,42,plant-B,line-B9,machine-B1,lot-86,DN,bPZT,category-5,sub-b5,31,0,31
2026-10-13,42,plant-B,line-B8,machine-B3,lot-44,DN,bPZT,category-5,sub-b6,39,0,39
2026-10-13,42,plant-A,line-A1,machine-A1,lot-31,UP,bPZT,category-5,sub-b5,9,0,9
2026-10-13,42,plant-A,line-A2,machine-A4,lot-71,DN,bPZT,category-1,sub-b3,33,0,33
2026-10-13,42,plant-A,line-A8,machine-A7,lot-32,DN,aPZT,category-3,sub-a4,22,0,22
2026-10-13,42,plant-A,line-A9,machine-A3,lot-17,DN,bPZT,category-3,sub-b1,24,0,24
2026-10-13,42,plant-A,line-A5,machine-A9,lot-91,UP,bPZT,category-5,sub-b7,31,0,31
2026-10-13,42,plant-A,line-A5,machine-A3,lot-64,DN,aPZT,category-5,sub-a5,20,0,20
2026-10-13,42,plant-A,line-A9,machine-A3,lot-17,DN,bPZT,pass,pass,0,2584,2697
2026-10-13,42,plant-A,line-A3,machine-A10,lot-87,DN,aPZT,category-3,sub-a1,2,0,2
2026-10-13,42,plant-A,line-A2,machine-A7,lot-18,DN,bPZT,category-3,sub-b8,4,0,4
2026-10-13,42,plant-B,line-B4,machine-B9,lot-96,UP,bPZT,category-5,sub-b8,14,0,14
2026-10-13,42,plant-A,line-A5,machine-A9,lot-91,DN,aPZT,category-3,sub-a10,8,0,8
2026-10-13,42,plant-B,line-B1,machine-B1,lot-72,DN,bPZT,category-5,sub-b9,25,0,25
2026-10-13,42,plant-B,line-B6,machine-B8,lot-68,UP,aPZT,category-2,sub-a1,24,0,24
2026-10-13,42,plant-B,line-B4,machine-B9,lot-96,DN,bPZT,category-2,sub-b4,11,0,11
2026-10-13,42,plant-B,line-B2,machine-B7,lot-30,DN,aPZT,pass,pass,0,2970,2989
2026-10-13,42,plant-A,line-A3,machine-A10,lot-87,UP,aPZT,category-2,,4,0,4
2026-10-13,42,plant-B,line-B7,machine-B8,lot-25,UP,aPZT,pass,,0,2599,2703
2026-10-13,42,plant-A,line-A1,machine-A1,lot-31,DN,aPZT,category-5,sub-a7,29,0,29
2026-10-13,42,plant-A,line-A8,machine-A7,lot-8,DN,bPZT,category-5,sub-b4,26,0,26
2026-10-13,42,plant-A,line-A5,machine-A3,lot-64,UP,bPZT,category-1,sub-b4,25,0,25
2026-10-13,42,plant-B,line-B2,machine-B7,lot-30,UP,bPZT,category-1,sub-b7,19,0,19
2026-10-13,42,plant-B,line-B1,machine-B1,lot-72,DN,bPZT,category-2,sub-b6,37,0,37
2026-10-13,42,plant-B,line-B6,machine-B8,lot-68,UP,bPZT,category-5,sub-b6,2,0,2
2026-10-13,42,plant-A,line-A5,machine-A9,lot-91,DN,aPZT,pass,pass,0,2305,2391
2026-10-13,42,plant-B,line-B6,machine-B7,lot-14,UP,bPZT,pass,pass,0,2755,2781
2026-10-13,42,plant-B,line-B3,machine-B2,lot-73,DN,aPZT,category-5,sub-a5,19,0,19
2026-10-13,42,plant-A,line-A9,machine-A3,lot-17,UP,aPZT,category-5,sub-a7,29,0,29
2026-10-13,42,plant-A,line-A2,machine-A7,lot-18,UP,aPZT,category-3,sub-a2,7,0,7
2026-10-13,42,plant-A,line-A5,machine-A3,lot-64,UP,aPZT,pass,pass,0,2610,2635
2026-10-13,42,plant-B,line-B10,machine-B8,lot-89,UP,bPZT,pass,pass,0,2995,3026
2026-10-13,42,plant-B,line-B6,machine-B7,lot-14,uP,bPZT,category-5,,22,0,22
2026-10-13,42,plant-B,line-B10,machine-B8,lot-89,UP,bPZT,category-3,sub-b4,2,0,2
2026-10-13,42,plant-B,line-B10,machine-B4,lot-84,UP,bPZT,category-1,sub-b6,22,0,22
2026-10-13,42,plant-B,line-B1,machine-B1,lot-72,DN,bPZT,category-4,sub-b1,31,0,31
2026-10-13,42,plant-B,line-B6,machine-B5,lot-48,UP,aPZT,category-1,sub-a10,36,0,36
2026-10-13,42,plant-B,line-B3,machine-B8,lot-75,UP,aPZT,category-1,sub-a6,12,0,12
2026-10-14,42,plant-A,line-A8,machine-A4,lot-65,DN,aPZT,category-1,sub-a7,19,0,19
2026-10-14,42,plant-B,line-B3,machine-B7,lot-53,UP,bPZT,pass,pass,0,2627,2689
2026-10-14,42,plant-B,line-B8,machine-B5,lot-7,DN,bPZT,category-4,sub-b7,11,0,11
2026-10-14,42,plant-B,line-B7,machine-B1,lot-26,dn,aPZT,pass,pass,0,2230,2332
2026-10-14,42,plant-B,line-B2,machine-B6,lot-43,UP,bPZT,pass,pass,0,2208,2307
2026-10-14,42,plant-A,line-A10,machine-A4,lot-70,DN,bPZT,category-5,sub-b6,9,0,9
2026-10-14,42,plant-B,line-B1,machine-B7,lot-86,DN,bPZT,category-5,sub-b4,13,0,13
2026-10-14,42,plant-A,line-A5,machine-A10,lot-20,UP,aPZT,category-5,sub-a3,21,0,21
2026-10-14,42,plant-A,line-A5,machine-A3,lot-8,DN,bPZT,category-1,sub-b3,3,0,3
2026-10-14,42,plant-A,line-A6,machine-A1,lot-1,DN,aPZT,category-3,sub-a1,17,0,17
2026-10-14,42,plant-A,line-A6,machine-A1,lot-1,up,bPZT,category-1,sub-b6,20,0,20
2026-10-14,42,plant-A,line-A3,machine-A5,lot-95,DN,bPZT,category-5,sub-b10,28,0,28
2026-10-14,42,plant-A,line-A5,machine-A8,lot-32,up,aPZT,category-3,,33,0,33
2026-10-14,42,plant-A,line-A5,machine-A3,lot-54,DN,bPZT,category-1,sub-b10,26,0,26
2026-10-14,42,plant-B,line-B3,machine-B7,lot-53,UP,aPZT,category-1,sub-a7,28,0,28
2026-10-14,42,plant-A,line-A5,machine-A8,lot-32,UP,aPZT,category-4,sub-a9,30,0,30
2026-10-14,42,plant-A,line-A5,machine-A3,lot-54,UP,bPZT,category-5,sub-b9,21,0,21
2026-10-14,42,plant-A,line-A1,machine-A2,lot-60,DN,aPZT,category-1,sub-a3,2,0,2
2026-10-14,42,plant-B,line-B2,machine-B6,lot-43,DN,aPZT,category-1,sub-a2,2,0,2
2026-10-14,42,plant-A,line-A1,machine-A2,lot-60,DN,aPZT,category-1,sub-a7,25,0,25
2026-10-14,42,plant-A,line-A5,machine-A8,lot-32,DN,bPZT,category-1,sub-b7,2,0,2
2026-10-14,42,plant-A,line-A5,machine-A8,lot-32,UP,aPZT,category-4,sub-a4,32,0,32
2026-10-14,42,plant-A,line-A7,machine-A7,lot-68,DN,bPZT,pass,pass,0,2246,2376
2026-10-14,42,plant-A,line-A3,machine-A5,lot-95,UP,aPZT,category-2,sub-a6,37,0,37
2026-10-14,42,plant-B,line-B2,machine-B2,lot-39,UP,bPZT,pass,pass,0,2520,2553
2026-10-14,42,plant-A,line-A7,machine-A7,lot-98,UP,aPZT,category-5,sub-a10,9,0,9
2026-10-14,42,plant-A,line-A10,machine-A4,lot-70,UP,aPZT,category-4,sub-a8,33,0,33
2026-10-14,42,plant-A,line-A7,machine-A7,lot-68,UP,aPZT,pass,pass,0,2246,2270
2026-10-14,42,plant-A,line-A5,machine-A3,lot-8,UP,aPZT,category-1,sub-a6,31,0,31
2026-10-14,42,plant-A,line-A7,machine-A7,lot-98,UP,bPZT,category-2,sub-b8,40,0,40
2026-10-14,42,plant-B,line-B2,machine-B3,lot-14,DN,bPZT,pass,pass,0,2081,2116
2026-10-14,42,plant-B,line-B2,machine-B6,lot-43,UP,aPZT,category-2,sub-a1,8,0,8
2026-10-14,42,plant-A,line-A5,machine-A3,lot-54,UP,aPZT,category-4,sub-a4,1,0,1
2026-10-14,42,plant-B,line-B1,machine-B7,lot-86,UP,aPZT,category-4,sub-a8,33,0,33
2026-10-14,42,plant-B,line-B2,machine-B3,lot-14,DN,aPZT,pass,pass,0,2081,2142
2026-10-14,42,plant-A,line-A7,machine-A7,lot-68,DN,bPZT,category-2,sub-b5,4,0,4
2026-10-14,42,plant-A,line-A7,machine-A7,lot-98,DN,bPZT,category-3,sub-b6,7,0,7
2026-10-14,42,plant-A,line-A5,machine-A8,lot-32,UP,aPZT,pass,pass,0,2985,2987
2026-10-14,42,plant-A,line-A5,machine-A3,lot-8,DN,aPZT,pass,pass,0,2678,2715
2026-10-14,42,plant-A,line-A10,machine-A4,lot-70,DN,bPZT,category-2,sub-b10,37,0,37
2026-10-14,42,plant-B,line-B7,machine-B1,lot-26,DN,aPZT,category-5,sub-a8,10,0,10
2026-10-14,42,plant-A,line-A5,machine-A3,lot-54,DN,aPZT,category-3,sub-a4,25,0,25
2026-10-14,42,plant-B,line-B2,machine-B6,lot-43,UP,aPZT,pass,pass,0,2208,2244
2026-10-14,42,plant-B,line-B2,machine-B10,lot-42,UP,aPZT,category-5,sub-a10,3,0,3
2026-10-14,42,plant-B,line-B2,machine-B10,lot-42,DN,aPZT,category-5,sub-a3,15,0,15
2026-10-14,42,plant-B,line-B8,machine-B5,lot-7,UP,bPZT,category-4,sub-b4,5,0,5
2026-10-14,42,plant-B,line-B3,machine-B4,lot-93,UP,aPZT,category-2,sub-a9,37,0,37
2026-10-14,42,plant-A,line-A5,machine-A10,lot-20,DN,bPZT,pass,pass,0,2863,2884
2026-10-14,42,plant-A,line-A3,machine-A5,lot-95,DN,aPZT,category-1,sub-a3,28,0,28
2026-10-14,42,plant-A,line-A10,machine-A4,lot-70,UP,bPZT,pass,pass,0,2594,2642
2026-10-14,42,plant-B,line-B2,machine-B10,lot-42,UP,bPZT,category-5,,25,0,25
2026-10-14,42,plant-A,line-A7,machine-A7,lot-68,DN,aPZT,category-1,sub-a8,38,0,38
2026-10-14,42,plant-B,line-B2,machine-B6,lot-43,dN,aPZT,category-5,,7,0,7
2026-10-14,42,plant-B,line-B8,machine-B5,lot-7,DN,bPZT,pass,pass,0,2751,2763
2026-10-14,42,plant-A,line-A1,machine-A2,lot-60,DN,bPZT,category-3,sub-b6,23,0,23
2026-10-14,42,plant-A,line-A6,machine-A1,lot-1,DN,aPZT,category-2,sub-a4,15,0,15
2026-10-14,42,plant-B,line-B7,machine-B1,lot-26,UP,aPZT,category-4,sub-a4,7,0,7
2026-10-14,42,plant-B,line-B2,machine-B6,lot-43,UP,bPZT,category-3,sub-b1,2,0,2
2026-10-14,42,plant-A,line-A6,machine-A1,lot-1,UP,aPZT,category-2,sub-a6,40,0,40
2026-10-14,42,plant-B,line-B3,machine-B4,lot-93,UP,aPZT,category-5,sub-a5,19,0,19
2026-10-14,42,plant-B,line-B3,machine-B4,lot-93,UP,bPZT,pass,pass,0,2595,2688
2026-10-14,42,plant-A,line-A7,machine-A7,lot-68,UP,aPZT,category-5,sub-a8,14,0,14
2026-10-14,42,plant-B,line-B8,machine-B8,lot-4,DN,bPZT,pass,pass,0,2395,2445
2026-10-14,42,plant-B,line-B2,machine-B6,lot-43,UP,aPZT,category-5,sub-a8,18,0,18
2026-10-14,42,plant-B,line-B1,machine-B7,lot-86,UP,aPZT,category-2,sub-a1,27,0,27
2026-10-14,42,plant-A,line-A5,machine-A8,lot-32,DN,bPZT,pass,pass,0,2985,3219
2026-10-14,42,plant-B,line-B7,machine-B1,lot-26,DN,bPZT,category-1,sub-b5,36,0,36
2026-10-14,42,plant-A,line-A5,machine-A3,lot-54,UP,bPZT,category-3,sub-b6,25,0,25
2026-10-14,42,plant-B,line-B2,machine-B2,lot-39,DN,bPZT,category-4,sub-b3,29,0,29
2026-10-14,42,plant-A,line-A1,machine-A2,lot-60,UP,aPZT,pass,pass,0,2610,2633
2026-10-14,42,plant-B,line-B2,machine-B10,lot-42,UP,bPZT,category-3,sub-b10,40,0,40
2026-10-14,42,plant-A,line-A5,machine-A3,lot-8,DN,bPZT,pass,pass,0,2678,2749
2026-10-14,42,plant-A,line-A6,machine-A1,lot-1,DN,aPZT,category-5,sub-a7,13,0,13
2026-10-14,42,plant-B,line-B2,machine-B10,lot-42,DN,aPZT,category-5,sub-a10,21,0,21
2026-10-14,42,plant-B,line-B2,machine-B3,lot-14,UP,aPZT,category-5,sub-a9,20,0,20
2026-10-14,42,plant-A,line-A8,machine-A4,lot-65,UP,bPZT,category-1,sub-b8,39,0,39
2026-10-14,42,plant-B,line-B1,machine-B7,lot-86,DN,aPZT,category-1,sub-a10,12,0,12
2026-10-14,42,plant-B,line-B2,machine-B10,lot-42,DN,aPZT,pass,pass,0,2428,2493
2026-10-14,42,plant-A,line-A5,machine-A8,lot-32,DN,aPZT,category-5,sub-a9,8,0,8
2026-10-14,42,plant-B,line-B2,machine-B6,lot-43,UP,aPZT,category-2,sub-a5,19,0,19
2026-10-14,42,plant-B,line-B2,machine-B2,lot-39,UP,aPZT,category-4,sub-a6,33,0,33
2026-10-14,42,plant-A,line-A5,machine-A3,lot-8,DN,aPZT,category-4,sub-a3,27,0,27
2026-10-14,42,plant-A,line-A3,machine-A9,lot-77,UP,bPZT,category-4,sub-b4,20,0,20
2026-10-14,42,plant-B,line-B1,machine-B7,lot-86,UP,bPZT,pass,pass,0,2096,2207
2026-10-14,42,plant-A,line-A5,machine-A3,lot-54,DN,aPZT,pass,pass,0,2984,3056
2026-10-14,42,plant-A,line-A7,machine-A7,lot-68,DN,bPZT,category-2,sub-b7,8,0,8
2026-10-14,42,plant-A,line-A7,machine-A7,lot-98,UP,aPZT,pass,pass,0,2659,2799
2026-10-14,42,plant-B,line-B2,machine-B2,lot-39,UP,bPZT,category-4,sub-b1,18,0,18
2026-10-14,42,plant-A,line-A3,machine-A9,lot-77,UP,bPZT,category-3,sub-b1,3,0,3
2026-10-14,42,plant-A,line-A5,machine-A8,lot-32,DN,aPZT,category-1,sub-a1,40,0,40
2026-10-14,42,plant-A,line-A4,machine-A4,lot-92,UP,bPZT,pass,pass,0,2211,2268
2026-10-14,42,plant-A,line-A5,machine-A3,lot-54,UP,bPZT,pass,pass,0,2984,3074
2026-10-14,42,plant-A,line-A3,machine-A5,lot-95,DN,bPZT,category-5,sub-b9,18,0,18
2026-10-14,42,plant-A,line-A7,machine-A7,lot-68,DN,bPZT,category-3,sub-b6,12,0,12
2026-10-14,42,plant-B,line-B8,machine-B8,lot-4,UP,bPZT,category-5,sub-b4,23,0,23
2026-10-14,42,plant-A,line-A3,machine-A8,lot-19,UP,aPZT,pass,pass,0,2599,2610
2026-10-14,42,plant-B,line-B2,machine-B3,lot-14,UP,aPZT,category-5,sub-a7,2,0,2
2026-10-14,42,plant-A,line-A10,machine-A4,lot-70,DN,bPZT,category-3,sub-b6,29,0,29
2026-10-14,42,plant-A,line-A8,machine-A4,lot-65,UP,aPZT,category-3,sub-a4,6,0,6
2026-10-14,42,plant-B,line-B5,machine-B8,lot-85,DN,bPZT,category-2,sub-b2,25,0,25
2026-10-14,42,plant-B,line-B8,machine-B5,lot-7,DN,bPZT,category-1,sub-b6,26,0,26
2026-10-14,42,plant-B,line-B8,machine-B5,lot-7,UP,bPZT,category-4,sub-b3,39,0,39
2026-10-14,42,plant-A,line-A5,machine-A3,lot-54,DN,aPZT,category-5,sub-a10,30,0,30
2026-10-14,42,plant-B,line-B7,machine-B1,lot-26,DN,bPZT,category-3,sub-b6,35,0,35
2026-10-14,42,plant-A,line-A8,machine-A4,lot-65,DN,bPZT,category-1,sub-b8,15,0,15
2026-10-14,42,plant-A,line-A7,machine-A7,lot-68,UP,aPZT,category-5,sub-a5,6,0,6
2026-10-14,42,plant-A,line-A5,machine-A10,lot-20,DN,bPZT,category-1,sub-b6,15,0,15
2026-10-14,42,plant-A,line-A5,machine-A3,lot-8,DN,aPZT,category-3,sub-a6,13,0,13
2026-10-14,42,plant-B,line-B2,machine-B6,lot-43,UP,aPZT,category-5,sub-a1,33,0,33
2026-10-14,42,plant-A,line-A5,machine-A3,lot-8,DN,bPZT,category-1,sub-b9,13,0,13
2026-10-14,42,plant-B,line-B7,machine-B1,lot-26,UP,bPZT,category-3,sub-b6,31,0,31
2026-10-14,42,plant-B,line-B5,machine-B8,lot-85,DN,aPZT,pass,pass,0,2396,2448
2026-10-14,42,plant-A,line-A7,machine-A7,lot-98,UP,bPZT,pass,pass,0,2659,2675
2026-10-14,42,plant-A,line-A4,machine-A4,lot-92,UP,bPZT,category-5,sub-b4,39,0,39
2026-10-14,42,plant-A,line-A3,machine-A5,lot-95,UP,aPZT,category-2,sub-a2,23,0,23
2026-10-14,42,plant-A,line-A5,machine-A8,lot-32,DN,aPZT,category-4,sub-a7,33,0,33
2026-10-14,42,plant-A,line-A7,machine-A7,lot-68,UP,aPZT,category-2,sub-a2,14,0,14
2026-10-14,42,plant-A,line-A7,machine-A7,lot-98,UP,bPZT,category-5,sub-b4,40,0,40
2026-10-14,42,plant-A,line-A5,machine-A10,lot-20,DN,aPZT,pass,pass,0,2863,2879
2026-10-14,42,plant-A,line-A3,machine-A8,lot-19,UP,bPZT,category-4,sub-b6,11,0,11
2026-10-14,42,plant-B,line-B3,machine-B7,lot-53,DN,aPZT,category-5,sub-a6,34,0,34
2026-10-14,42,plant-B,line-B3,machine-B4,lot-93,DN,aPZT,category-3,sub-a2,37,0,37
2026-10-14,42,plant-B,line-B8,machine-B8,lot-4,DN,bPZT,category-1,sub-b7,12,0,12
2026-10-14,42,plant-B,line-B3,machine-B7,lot-53,UP,bPZT,category-4,sub-b4,20,0,20
2026-10-14,42,plant-A,line-A6,machine-A1,lot-1,DN,bPZT,pass,pass,0,2518,2631
2026-10-14,42,plant-B,line-B5,machine-B8,lot-85,UP,bPZT,pass,pass,0,2396,2429
2026-10-14,42,plant-A,line-A3,machine-A9,lot-77,UP,bPZT,pass,pass,0,2733,2742
2026-10-14,42,plant-B,line-B1,machine-B7,lot-86,DN,aPZT,category-1,sub-a1,9,0,9
2026-10-14,42,plant-B,line-B3,machine-B7,lot-53,DN,aPZT,pass,pass,0,2627,2650
2026-10-14,42,plant-A,line-A4,machine-A4,lot-92,DN,bPZT,category-4,sub-b6,17,0,17
2026-10-14,42,plant-B,line-B3,machine-B7,lot-53,UP,bPZT,category-3,sub-b3,3,0,3
2026-10-14,42,plant-A,line-A5,machine-A10,lot-20,DN,bPZT,category-3,sub-b10,1,0,1
2026-10-14,42,plant-A,line-A8,machine-A4,lot-65,DN,aPZT,category-4,sub-a6,39,0,39
2026-10-14,42,plant-A,line-A3,machine-A8,lot-19,UP,aPZT,category-2,sub-a2,17,0,17
2026-10-14,42,plant-B,line-B8,machine-B5,lot-7,UP,bPZT,category-4,sub-b3,38,0,38
2026-10-14,42,plant-B,line-B2,machine-B2,lot-39,DN,bPZT,category-1,sub-b5,22,0,22
2026-10-14,42,plant-B,line-B1,machine-B7,lot-86,UP,aPZT,category-1,sub-a1,30,0,30
2026-10-14,42,plant-B,line-B2,machine-B2,lot-39,UP,bPZT,category-3,sub-b4,40,0,40
2026-10-14,42,plant-A,line-A4,machine-A4,lot-92,DN,aPZT,category-1,sub-a7,23,0,23
2026-10-14,42,plant-A,line-A3,machine-A9,lot-77,DN,aPZT,category-1,sub-a9,9,0,9
2026-10-14,42,plant-A,line-A7,machine-A7,lot-68,UP,aPZT,category-5,sub-a4,32,0,32
2026-10-14,42,plant-B,line-B5,machine-B8,lot-85,UP,aPZT,category-3,sub-a7,33,0,33
2026-10-14,42,plant-B,line-B8,machine-B8,lot-4,DN,aPZT,category-3,sub-a8,16,0,16
2026-10-14,42,plant-A,line-A7,machine-A7,lot-98,DN,bPZT,category-3,sub-b7,6,0,6
2026-10-14,42,plant-B,line-B5,machine-B8,lot-85,DN,bPZT,category-5,sub-b8,27,0,27
2026-10-14,42,plant-A,line-A3,machine-A9,lot-77,UP,aPZT,pass,pass,0,2733,2756
2026-10-14,42,plant-B,line-B2,machine-B10,lot-42,DN,bPZT,pass,pass,0,2428,2528
2026-10-14,42,plant-A,line-A1,machine-A2,lot-60,UP,bPZT,pass,pass,0,2610,2651
2026-10-14,42,plant-A,line-A5,machine-A3,lot-54,DN,aPZT,category-5,sub-a10,34,0,34
2026-10-14,42,plant-A,line-A3,machine-A8,lot-19,UP,aPZT,category-4,sub-a3,12,0,12
2026-10-14,42,plant-A,line-A3,machine-A8,lot-19,DN,bPZT,pass,pass,0,2599,2646
2026-10-14,42,plant-A,line-A3,machine-A5,lot-95,UP,aPZT,category-5,sub-a9,19,0,19
2026-10-14,42,plant-B,line-B3,machine-B4,lot-93,DN,bPZT,category-1,sub-b3,30,0,30
2026-10-14,42,plant-A,line-A8,machine-A4,lot-65,UP,aPZT,pass,pass,0,2310,2364
2026-10-14,42,plant-A,line-A5,machine-A3,lot-8,UP,bPZT,category-5,sub-b9,21,0,21
2026-10-14,42,plant-A,line-A4,machine-A4,lot-92,UP,aPZT,pass,pass,0,2211,2296
2026-10-14,42,plant-A,line-A4,machine-A4,lot-92,UP,aPZT,category-1,sub-a9,33,0,33
2026-10-14,42,plant-B,line-B8,machine-B8,lot-4,UP,aPZT,pass,pass,0,2395,2515
2026-10-14,42,plant-A,line-A10,machine-A4,lot-70,UP,aPZT,category-2,sub-a5,15,0,15
2026-10-14,42,plant-B,line-B8,machine-B5,lot-7,UP,aPZT,pass,pass,0,2751,2907
2026-10-14,42,plant-B,line-B2,machine-B10,lot-42,DN,aPZT,category-1,sub-a3,12,0,12
2026-10-14,42,plant-B,line-B2,machine-B6,lot-43,DN,aPZT,category-4,sub-a8,12,0,12
2026-10-14,42,plant-B,line-B8,machine-B5,lot-7,DN,bPZT,category-4,sub-b6,22,0,22
2026-10-14,42,plant-A,line-A5,machine-A8,lot-32,UP,aPZT,category-3,sub-a7,39,0,39
2026-10-14,42,plant-A,line-A7,machine-A7,lot-98,UP,bPZT,category-4,sub-b8,30,0,30
2026-10-14,42,plant-A,line-A4,machine-A4,lot-92,UP,bPZT,category-2,sub-b3,29,0,29
2026-10-14,42,plant-A,line-A5,machine-A8,lot-32,UP,aPZT,category-2,sub-a10,19,0,19
2026-10-14,42,plant-A,line-A10,machine-A4,lot-70,UP,aPZT,pass,pass,0,2594,2669
2026-10-14,42,plant-A,line-A8,machine-A4,lot-65,UP,bPZT,pass,pass,0,2310,2374
2026-10-14,42,plant-A,line-A7,machine-A7,lot-98,DN,bPZT,category-1,sub-b10,17,0,17
2026-10-14,42,plant-B,line-B3,machine-B4,lot-93,UP,aPZT,pass,pass,0,2595,2625
2026-10-14,42,plant-B,line-B2,machine-B10,lot-42,DN,aPZT,category-1,sub-a2,28,0,28
2026-10-14,42,plant-B,line-B2,machine-B10,lot-42,DN,aPZT,category-1,sub-a10,21,0,21
2026-10-14,42,plant-A,line-A6,machine-A1,lot-1,DN,aPZT,pass,,0,2518,2565
2026-10-14,42,plant-A,line-A7,machine-A7,lot-98,UP,aPZT,category-4,sub-a7,7,0,7
2026-10-14,42,plant-B,line-B8,machine-B8,lot-4,DN,bPZT,category-4,sub-b10,37,0,37
2026-10-14,42,plant-B,line-B1,machine-B7,lot-86,UP,aPZT,pass,pass,0,2096,2109
2026-10-14,42,plant-A,line-A6,machine-A1,lot-1,UP,aPZT,category-3,sub-a8,28,0,28
2026-10-14,42,plant-A,line-A3,machine-A8,lot-19,UP,aPZT,category-2,sub-a7,17,0,17
2026-10-14,42,plant-A,line-A3,machine-A5,lot-95,UP,bPZT,pass,pass,0,2306,2444
2026-10-14,42,plant-A,line-A1,machine-A2,lot-60,UP,aPZT,category-1,sub-a4,14,0,14
2026-10-14,42,plant-B,line-B2,machine-B2,lot-39,UP,aPZT,pass,pass,0,2520,2694
2026-10-14,42,plant-A,line-A4,machine-A4,lot-92,UP,aPZT,category-1,sub-a6,1,0,1
2026-10-14,42,plant-A,line-A3,machine-A5,lot-95,DN,aPZT,category-1,sub-a7,31,0,31
2026-10-14,42,plant-B,line-B2,machine-B6,lot-43,DN,bPZT,category-5,sub-b3,34,0,34
2026-10-14,42,plant-B,line-B2,machine-B2,lot-39,UP,bPZT,category-5,sub-b2,38,0,38
2026-10-14,42,plant-B,line-B2,machine-B3,lot-14,UP,bPZT,category-4,sub-b5,27,0,27
2026-10-14,42,plant-B,line-B8,machine-B5,lot-7,DN,aPZT,category-1,sub-a7,12,0,12
2026-10-14,42,plant-B,line-B7,machine-B1,lot-26,DN,bPZT,pass,pass,0,2230,2247
2026-10-14,42,plant-B,line-B8,machine-B8,lot-4,UP,bPZT,category-5,sub-b9,11,0,11
2026-10-14,42,plant-B,line-B2,machine-B3,lot-14,DN,bPZT,category-5,sub-b4,34,0,34
2026-10-14,42,plant-A,line-A3,machine-A8,lot-19,DN,aPZT,category-5,sub-a7,1,0,1
2026-10-14,42,plant-B,line-B2,machine-B2,lot-39,UP,bPZT,category-2,sub-b6,27,0,27
2026-10-14,42,plant-A,line-A6,machine-A1,lot-1,UP,bPZT,category-3,sub-b3,27,0,27
2026-10-14,42,plant-B,line-B8,machine-B8,lot-4,UP,aPZT,category-3,sub-a1,34,0,34
2026-10-14,42,plant-A,line-A3,machine-A5,lot-95,UP,aPZT,pass,pass,0,2306,2352
2026-10-14,42,plant-B,line-B2,machine-B3,lot-14,UP,aPZT,category-3,sub-a1,13,0,13
2026-10-14,42,plant-B,line-B8,machine-B8,lot-4,Dn,bPZT,category-1,sub-b3,37,0,37
2026-10-14,42,plant-A,line-A7,machine-A7,lot-68,UP,aPZT,category-2,sub-a1,26,0,26
2026-10-14,42,plant-B,line-B8,machine-B5,lot-7,DN,bPZT,category-4,sub-b4,15,0,15
2026-10-15,42,plant-B,line-B8,machine-B8,lot-96,UP,bPZT,category-2,sub-b2,11,0,11
2026-10-15,42,plant-B,line-B8,machine-B7,lot-28,UP,aPZT,category-4,sub-a2,17,0,17
2026-10-15,42,plant-A,line-A6,machine-A3,lot-23,UP,aPZT,pass,pass,0,2344,2361
2026-10-15,42,plant-A,line-A4,machine-A9,lot-3,DN,aPZT,category-2,sub-a1,1,0,1
2026-10-15,42,plant-A,line-A2,machine-A2,lot-81,DN,bPZT,category-2,sub-b1,39,0,39
2026-10-15,42,plant-A,line-A4,machine-A9,lot-3,DN,bPZT,pass,pass,0,2412,2570
2026-10-15,42,plant-B,line-B5,machine-B6,lot-26,DN,bPZT,category-5,sub-b2,19,0,19
2026-10-15,42,plant-A,line-A6,machine-A10,lot-84,DN,aPZT,category-3,,32,0,32
2026-10-15,42,plant-A,line-A7,machine-A5,lot-85,DN,aPZT,category-4,sub-a4,36,0,36
2026-10-15,42,plant-B,line-B1,machine-B5,lot-21,UP,aPZT,category-3,sub-a3,15,0,15
2026-10-15,42,plant-B,line-B5,machine-B6,lot-26,UP,bPZT,category-5,sub-b5,16,0,16
2026-10-15,42,plant-B,line-B4,machine-B9,lot-9,UP,bPZT,category-1,sub-b8,15,0,15
2026-10-15,42,plant-B,line-B6,machine-B9,lot-88,UP,aPZT,category-3,sub-a1,10,0,10
2026-10-15,42,plant-A,line-A4,machine-A9,lot-3,DN,aPZT,category-3,sub-a9,24,0,24
2026-10-15,42,plant-B,line-B8,machine-B7,lot-28,Up,aPZT,category-1,,26,0,26
2026-10-15,42,plant-B,line-B8,machine-B1,lot-38,DN,bPZT,category-3,sub-b4,25,0,25
2026-10-15,42,plant-A,line-A2,machine-A2,lot-81,UP,bPZT,category-4,sub-b5,30,0,30
2026-10-15,42,plant-A,line-A5,machine-A10,lot-77,UP,bPZT,pass,pass,0,2713,2863
2026-10-15,42,plant-B,line-B5,machine-B2,lot-39,DN,bPZT,category-4,sub-b10,25,0,25
2026-10-15,42,plant-A,line-A3,machine-A10,lot-87,UP,bPZT,category-3,sub-b8,28,0,28
2026-10-15,42,plant-B,line-B8,machine-B8,lot-96,DN,bPZT,pass,pass,0,2015,2047
2026-10-15,42,plant-A,line-A4,machine-A9,lot-3,DN,aPZT,category-4,sub-a5,19,0,19
2026-10-15,42,plant-B,line-B5,machine-B6,lot-26,DN,bPZT,pass,pass,0,2348,2488
2026-10-15,42,plant-A,line-A3,machine-A10,lot-87,UP,bPZT,category-5,sub-b1,20,0,20
2026-10-15,42,plant-B,line-B3,machine-B9,lot-82,DN,bPZT,category-5,sub-b10,31,0,31
2026-10-15,42,plant-B,line-B6,machine-B9,lot-88,DN,aPZT,category-3,sub-a7,32,0,32
2026-10-15,42,plant-A,line-A3,machine-A4,lot-97,UP,aPZT,category-5,sub-a7,28,0,28
2026-10-15,42,plant-B,line-B1,machine-B5,lot-21,DN,aPZT,category-5,sub-a10,27,0,27
2026-10-15,42,plant-B,line-B5,machine-B10,lot-92,UP,bPZT,category-4,sub-b1,9,0,9
2026-10-15,42,plant-A,line-A6,machine-A6,lot-31,UP,aPZT,pass,pass,0,2370,2421
2026-10-15,42,plant-A,line-A9,machine-A2,lot-94,UP,aPZT,category-5,sub-a5,29,0,29
2026-10-15,42,plant-A,line-A7,machine-A5,lot-85,DN,aPZT,category-3,sub-a8,27,0,27
2026-10-15,42,plant-A,line-A7,machine-A9,lot-93,DN,aPZT,pass,pass,0,2738,2766
2026-10-15,42,plant-A,line-A5,machine-A10,lot-77,DN,aPZT,category-3,sub-a6,33,0,33
2026-10-15,42,plant-B,line-B7,machine-B1,lot-54,UP,aPZT,category-4,,10,0,10
2026-10-15,42,plant-B,line-B5,machine-B10,lot-92,UP,bPZT,category-5,sub-b5,23,0,23
2026-10-15,42,plant-B,line-B8,machine-B1,lot-38,DN,bPZT,category-3,,40,0,40
2026-10-15,42,plant-B,line-B5,machine-B2,lot-39,UP,aPZT,category-4,sub-a10,15,0,15
2026-10-15,42,plant-B,line-B5,machine-B10,lot-92,DN,aPZT,category-1,sub-a7,27,0,27
2026-10-15,42,plant-B,line-B4,machine-B9,lot-9,DN,bPZT,category-5,sub-b8,26,0,26
2026-10-15,42,plant-B,line-B8,machine-B8,lot-96,DN,bPZT,category-2,sub-b3,13,0,13
2026-10-15,42,plant-B,line-B1,machine-B5,lot-21,UP,aPZT,pass,pass,0,2154,2188
2026-10-15,42,plant-B,line-B7,machine-B1,lot-54,DN,bPZT,pass,pass,0,2691,2723
2026-10-15,42,plant-B,line-B6,machine-B9,lot-88,DN,bPZT,category-2,sub-b6,6,0,6
2026-10-15,42,plant-A,line-A2,machine-A2,lot-81,DN,aPZT,category-1,sub-a8,2,0,2
2026-10-15,42,plant-B,line-B1,machine-B5,lot-21,DN,aPZT,category-1,sub-a4,6,0,6
2026-10-15,42,plant-B,line-B5,machine-B2,lot-39,dN,bPZT,category-3,,18,0,18
2026-10-15,42,plant-B,line-B5,machine-B6,lot-26,DN,aPZT,category-4,sub-a8,39,0,39
2026-10-15,42,plant-A,line-A7,machine-A5,lot-85,UP,aPZT,category-2,sub-a9,31,0,31
2026-10-15,42,plant-B,line-B3,machine-B9,lot-82,DN,aPZT,category-2,sub-a10,8,0,8
2026-10-15,42,plant-B,line-B6,machine-B10,lot-62,UP,aPZT,category-2,sub-a8,20,0,20
2026-10-15,42,plant-B,line-B6,machine-B9,lot-88,UP,aPZT,category-3,sub-a3,3,0,3
2026-10-15,42,plant-A,line-A4,machine-A9,lot-3,DN,aPZT,category-1,sub-a10,35,0,35
2026-10-15,42,plant-A,line-A7,machine-A5,lot-85,DN,bPZT,category-5,sub-b6,21,0,21
2026-10-15,42,plant-B,line-B6,machine-B9,lot-88,DN,bPZT,category-1,sub-b4,14,0,14
2026-10-15,42,plant-B,line-B1,machine-B5,lot-21,DN,aPZT,category-2,sub-a10,3,0,3
2026-10-15,42,plant-B,line-B5,machine-B2,lot-39,UP,aPZT,category-3,sub-a5,29,0,29
2026-10-15,42,plant-A,line-A7,machine-A9,lot-93,UP,bPZT,category-1,sub-b8,2,0,2
2026-10-15,42,plant-A,line-A6,machine-A8,lot-14,DN,bPZT,category-4,sub-b10,4,0,4
2026-10-15,42,plant-A,line-A6,machine-A8,lot-14,UP,aPZT,category-1,,30,0,30
2026-10-15,42,plant-B,line-B5,machine-B2,lot-39,DN,aPZT,category-1,sub-a1,16,0,16
2026-10-15,42,plant-A,line-A9,machine-A2,lot-94,DN,bPZT,pass,pass,0,2552,2588
2026-10-15,42,plant-A,line-A2,machine-A2,lot-81,DN,bPZT,category-5,sub-b9,9,0,9
2026-10-15,42,plant-A,line-A2,machine-A2,lot-81,UP,bPZT,category-1,sub-b5,15,0,15
2026-10-15,42,plant-B,line-B8,machine-B7,lot-28,DN,aPZT,category-2,sub-a7,3,0,3
2026-10-15,42,plant-A,line-A9,machine-A2,lot-94,UP,bPZT,category-1,sub-b6,6,0,6
2026-10-15,42,plant-B,line-B8,machine-B5,lot-70,DN,aPZT,category-4,sub-a6,38,0,38
2026-10-15,42,plant-A,line-A7,machine-A5,lot-85,UP,aPZT,category-2,sub-a5,16,0,16
2026-10-15,42,plant-A,line-A6,machine-A6,lot-31,UP,aPZT,category-1,sub-a5,20,0,20
2026-10-15,42,plant-A,line-A4,machine-A9,lot-3,DN,aPZT,category-3,sub-a1,39,0,39
2026-10-15,42,plant-A,line-A6,machine-A3,lot-23,DN,bPZT,category-1,sub-b10,10,0,10
2026-10-15,42,plant-B,line-B8,machine-B8,lot-96,UP,aPZT,pass,pass,0,2015,2094
2026-10-15,42,plant-A,line-A6,machine-A8,lot-14,Dn,bPZT,category-3,sub-b8,3,0,3
2026-10-15,42,plant-A,line-A7,machine-A5,lot-85,UP,bPZT,category-2,sub-b3,23,0,23
2026-10-15,42,plant-A,line-A6,machine-A8,lot-14,DN,bPZT,category-2,sub-b3,26,0,26
2026-10-15,42,plant-B,line-B5,machine-B2,lot-39,UP,bPZT,category-2,sub-b6,1,0,1
2026-10-15,42,plant-A,line-A2,machine-A2,lot-81,DN,aPZT,category-4,sub-a2,29,0,29
2026-10-15,42,plant-A,line-A7,machine-A5,lot-85,UP,aPZT,pass,pass,0,2853,2897
2026-10-15,42,plant-B,line-B3,machine-B9,lot-82,DN,aPZT,category-1,sub-a6,14,0,14
2026-10-15,42,plant-B,line-B4,machine-B9,lot-9,DN,aPZT,category-4,sub-a4,9,0,9
2026-10-15,42,plant-B,line-B1,machine-B5,lot-21,UP,bPZT,pass,pass,0,2154,2243
2026-10-15,42,plant-B,line-B8,machine-B7,lot-28,UP,bPZT,pass,pass,0,2775,2906
2026-10-15,42,plant-B,line-B1,machine-B5,lot-21,UP,aPZT,category-4,,37,0,37
2026-10-15,42,plant-B,line-B6,machine-B9,lot-88,DN,aPZT,category-4,sub-a8,25,0,25
2026-10-15,42,plant-A,line-A6,machine-A8,lot-14,DN,bPZT,category-1,sub-b2,14,0,14
2026-10-15,42,plant-B,line-B8,machine-B8,lot-96,UP,bPZT,category-2,sub-b4,4,0,4
2026-10-15,42,plant-A,line-A6,machine-A8,lot-14,DN,bPZT,pass,pass,0,2086,2116
2026-10-15,42,plant-B,line-B5,machine-B10,lot-92,DN,aPZT,pass,pass,0,2738,2843
2026-10-15,42,plant-B,line-B7,machine-B1,lot-54,DN,aPZT,category-3,sub-a6,3,0,3
2026-10-15,42,plant-A,line-A2,machine-A2,lot-81,UP,bPZT,pass,pass,0,2416,2447
2026-10-15,42,plant-B,line-B8,machine-B5,lot-70,UP,bPZT,pass,pass,0,2609,2647
2026-10-15,42,plant-B,line-B8,machine-B1,lot-38,UP,aPZT,category-3,sub-a10,37,0,37
2026-10-15,42,plant-A,line-A7,machine-A9,lot-93,UP,bPZT,category-5,sub-b8,5,0,5
2026-10-15,42,plant-A,line-A7,machine-A5,lot-85,UP,bPZT,pass,pass,0,2853,3015
2026-10-15,42,plant-B,line-B3,machine-B9,lot-82,DN,bPZT,category-1,,9,0,9
2026-10-15,42,plant-B,line-B6,machine-B10,lot-62,UP,aPZT,category-2,sub-a8,24,0,24
2026-10-15,42,plant-A,line-A7,machine-A9,lot-93,UP,aPZT,category-1,sub-a9,34,0,34
2026-10-15,42,plant-A,line-A3,machine-A10,lot-87,UP,bPZT,category-4,sub-b8,39,0,39
2026-10-15,42,plant-A,line-A4,machine-A9,lot-3,UP,bPZT,category-1,sub-b9,12,0,12
2026-10-15,42,plant-B,line-B8,machine-B8,lot-96,DN,aPZT,category-4,sub-a8,32,0,32
2026-10-15,42,plant-A,line-A4,machine-A9,lot-3,UP,aPZT,category-2,sub-a4,28,0,28
2026-10-15,42,plant-B,line-B5,machine-B6,lot-26,DN,aPZT,pass,pass,0,2348,2383
2026-10-15,42,plant-B,line-B6,machine-B10,lot-62,UP,bPZT,pass,pass,0,2648,2785
2026-10-15,42,plant-B,line-B3,machine-B9,lot-82,UP,bPZT,category-2,sub-b2,36,0,36
2026-10-15,42,plant-A,line-A6,machine-A3,lot-23,DN,aPZT,category-1,sub-a3,33,0,33
2026-10-15,42,plant-A,line-A3,machine-A4,lot-97,DN,bPZT,category-5,sub-b10,18,0,18
2026-10-15,42,plant-B,line-B8,machine-B7,lot-28,UP,aPZT,category-5,sub-a6,23,0,23
2026-10-15,42,plant-A,line-A6,machine-A8,lot-14,UP,bPZT,category-5,sub-b3,36,0,36
2026-10-15,42,plant-A,line-A5,machine-A10,lot-77,UP,aPZT,category-5,sub-a1,33,0,33
2026-10-15,42,plant-A,line-A6,machine-A3,lot-23,DN,bPZT,category-1,sub-b1,1,0,1
2026-10-15,42,plant-A,line-A5,machine-A10,lot-77,DN,aPZT,category-5,sub-a1,27,0,27
2026-10-15,42,plant-A,line-A6,machine-A10,lot-84,UP,bPZT,pass,pass,0,2759,2791
2026-10-15,42,plant-B,line-B5,machine-B10,lot-92,DN,aPZT,category-4,sub-a7,9,0,9
2026-10-15,42,plant-B,line-B6,machine-B10,lot-62,DN,aPZT,category-1,sub-a3,20,0,20
2026-10-15,42,plant-A,line-A5,machine-A10,lot-77,UP,aPZT,category-3,sub-a5,17,0,17
2026-10-15,42,plant-A,line-A5,machine-A10,lot-77,UP,bPZT,category-3,sub-b8,31,0,31
2026-10-15,42,plant-B,line-B1,machine-B5,lot-21,DN,aPZT,category-4,sub-a1,1,0,1
2026-10-15,42,plant-B,line-B7,machine-B1,lot-54,DN,aPZT,pass,pass,0,2691,2694
2026-10-15,42,plant-A,line-A3,machine-A4,lot-97,DN,bPZT,category-5,sub-b6,27,0,27
2026-10-15,42,plant-B,line-B5,machine-B6,lot-26,UP,aPZT,category-5,sub-a9,38,0,38
2026-10-15,42,plant-A,line-A3,machine-A10,lot-87,DN,bPZT,category-1,sub-b9,35,0,35
2026-10-15,42,plant-A,line-A6,machine-A3,lot-23,DN,bPZT,category-3,sub-b9,6,0,6
2026-10-15,42,plant-B,line-B3,machine-B9,lot-82,DN,bPZT,pass,pass,0,2862,2884
2026-10-15,42,plant-A,line-A6,machine-A10,lot-84,UP,bPZT,category-5,sub-b1,18,0,18
2026-10-15,42,plant-B,line-B5,machine-B2,lot-39,DN,bPZT,pass,pass,0,2680,2740
2026-10-15,42,plant-A,line-A3,machine-A4,lot-97,UP,bPZT,category-2,sub-b4,39,0,39
2026-10-15,42,plant-A,line-A2,machine-A2,lot-81,DN,bPZT,category-5,sub-b7,12,0,12
2026-10-15,42,plant-A,line-A7,machine-A5,lot-85,DN,aPZT,category-3,sub-a4,13,0,13
2026-10-15,42,plant-B,line-B6,machine-B10,lot-62,UP,bPZT,category-5,sub-b2,28,0,28
2026-10-15,42,plant-B,line-B8,machine-B1,lot-38,UP,aPZT,pass,pass,0,2219,2322
2026-10-15,42,plant-B,line-B1,machine-B5,lot-21,DN,bPZT,category-4,sub-b7,25,0,25
2026-10-15,42,plant-B,line-B5,machine-B10,lot-92,UP,bPZT,category-4,sub-b5,35,0,35
2026-10-15,42,plant-A,line-A3,machine-A10,lot-87,DN,bPZT,category-4,sub-b9,12,0,12
2026-10-15,42,plant-B,line-B6,machine-B9,lot-88,DN,bPZT,category-1,sub-b1,13,0,13
2026-10-15,42,plant-A,line-A9,machine-A2,lot-94,UP,bPZT,category-5,sub-b4,10,0,10
2026-10-15,42,plant-A,line-A3,machine-A4,lot-97,DN,bPZT,category-4,sub-b10,29,0,29
2026-10-15,42,plant-B,line-B6,machine-B9,lot-88,UP,aPZT,category-3,sub-a2,32,0,32
2026-10-15,42,plant-A,line-A7,machine-A9,lot-93,UP,bPZT,category-3,sub-b8,21,0,21
2026-10-15,42,plant-B,line-B5,machine-B10,lot-92,DN,bPZT,category-4,sub-b9,38,0,38
2026-10-15,42,plant-B,line-B8,machine-B7,lot-28,DN,aPZT,category-4,sub-a4,2,0,2
2026-10-15,42,plant-B,line-B8,machine-B7,lot-28,DN,bPZT,category-5,sub-b8,12,0,12
2026-10-15,42,plant-A,line-A3,machine-A4,lot-97,UP,bPZT,pass,pass,0,2379,2407
2026-10-15,42,plant-A,line-A3,machine-A10,lot-87,DN,bPZT,pass,pass,0,2448,2477
2026-10-15,42,plant-B,line-B4,machine-B9,lot-9,UP,aPZT,pass,pass,0,2768,2854
2026-10-15,42,plant-B,line-B8,machine-B7,lot-28,DN,aPZT,category-1,sub-a3,32,0,32
2026-10-15,42,plant-A,line-A6,machine-A6,lot-31,UP,bPZT,category-2,sub-b9,20,0,20
2026-10-15,42,plant-B,line-B8,machine-B8,lot-96,UP,bPZT,category-2,sub-b3,11,0,11
2026-10-15,42,plant-A,line-A3,machine-A10,lot-87,DN,aPZT,pass,pass,0,2448,2624
2026-10-15,42,plant-A,line-A6,machine-A3,lot-23,UP,aPZT,category-1,sub-a2,14,0,14
2026-10-15,42,plant-B,line-B6,machine-B10,lot-62,UP,aPZT,pass,pass,0,2648,2676
2026-10-15,42,plant-A,line-A3,machine-A4,lot-97,DN,aPZT,pass,pass,0,2379,2492
2026-10-15,42,plant-B,line-B5,machine-B2,lot-39,UP,bPZT,category-5,sub-b6,27,0,27
2026-10-15,42,plant-B,line-B3,machine-B9,lot-82,UP,bPZT,category-3,sub-b10,1,0,1
2026-10-15,42,plant-B,line-B6,machine-B10,lot-62,DN,aPZT,category-4,sub-a2,12,0,12
2026-10-15,42,plant-B,line-B4,machine-B9,lot-9,DN,bPZT,pass,pass,0,2768,2777
2026-10-15,42,plant-B,line-B3,machine-B9,lot-82,DN,bPZT,category-5,sub-b9,8,0,8
2026-10-15,42,plant-A,line-A9,machine-A2,lot-94,DN,aPZT,category-3,sub-a6,7,0,7
2026-10-15,42,plant-B,line-B6,machine-B10,lot-62,DN,aPZT,category-4,sub-a3,35,0,35
2026-10-15,42,plant-B,line-B5,machine-B6,lot-26,UP,aPZT,category-4,sub-a5,15,0,15
2026-10-15,42,plant-A,line-A5,machine-A10,lot-77,dn,aPZT,pass,pass,0,2713,2744
2026-10-15,42,plant-A,line-A6,machine-A10,lot-84,DN,aPZT,pass,pass,0,2759,2777
2026-10-15,42,plant-B,line-B6,machine-B10,lot-62,DN,aPZT,category-3,sub-a9,26,0,26
2026-10-15,42,plant-B,line-B5,machine-B10,lot-92,UP,bPZT,pass,pass,0,2738,2812
2026-10-15,42,plant-A,line-A6,machine-A6,lot-31,UP,bPZT,category-1,sub-b8,20,0,20
2026-10-15,42,plant-B,line-B8,machine-B7,lot-28,DN,aPZT,category-2,sub-a9,28,0,28
2026-10-15,42,plant-B,line-B8,machine-B5,lot-70,UP,aPZT,pass,pass,0,2609,2635
2026-10-15,42,plant-A,line-A4,machine-A9,lot-3,UP,aPZT,category-2,sub-a5,12,0,12
2026-10-15,42,plant-B,line-B8,machine-B7,lot-28,UP,aPZT,pass,pass,0,2775,2787
2026-10-15,42,plant-B,line-B6,machine-B9,lot-88,DN,aPZT,pass,pass,0,2958,2991
2026-10-15,42,plant-B,line-B8,machine-B5,lot-70,DN,bPZT,category-1,sub-b7,26,0,26
2026-10-15,42,plant-A,line-A6,machine-A3,lot-23,up,bPZT,pass,,0,2344,2391
2026-10-15,42,plant-A,line-A5,machine-A10,lot-77,UP,aPZT,category-3,sub-a1,40,0,40
2026-10-15,42,plant-B,line-B8,machine-B8,lot-96,UP,bPZT,category-5,sub-b1,40,0,40
2026-10-15,42,plant-B,line-B5,machine-B6,lot-26,DN,aPZT,category-2,sub-a2,35,0,35
2026-10-15,42,plant-A,line-A3,machine-A10,lot-87,UP,aPZT,category-5,sub-a6,29,0,29
2026-10-15,42,plant-B,line-B5,machine-B10,lot-92,DN,aPZT,category-4,sub-a2,38,0,38
2026-10-15,42,plant-A,line-A6,machine-A6,lot-31,DN,bPZT,pass,pass,0,2370,2390
2026-10-15,42,plant-B,line-B7,machine-B1,lot-54,DN,aPZT,category-2,sub-a6,19,0,19
2026-10-15,42,plant-A,line-A7,machine-A5,lot-85,UP,aPZT,category-4,sub-a1,39,0,39
2026-10-15,42,plant-B,line-B7,machine-B1,lot-54,UP,bPZT,category-4,sub-b5,3,0,3
2026-10-15,42,plant-B,line-B6,machine-B9,lot-88,UP,bPZT,pass,pass,0,2958,3060
2026-10-15,42,plant-B,line-B1,machine-B5,lot-21,UP,bPZT,category-2,sub-b1,9,0,9
2026-10-15,42,plant-B,line-B4,machine-B9,lot-9,DN,bPZT,category-1,sub-b5,2,0,2
2026-10-15,42,plant-B,line-B4,machine-B9,lot-9,DN,bPZT,category-1,sub-b10,14,0,14
2026-10-15,42,plant-B,line-B5,machine-B2,lot-39,UP,aPZT,pass,pass,0,2680,2751
2026-10-15,42,plant-A,line-A6,machine-A6,lot-31,UP,bPZT,category-3,sub-b3,11,0,11
2026-10-15,42,plant-A,line-A3,machine-A10,lot-87,DN,bPZT,category-3,sub-b9,11,0,11
2026-10-15,42,plant-B,line-B8,machine-B1,lot-38,DN,bPZT,category-3,sub-b10,38,0,38
2026-10-15,42,plant-B,line-B4,machine-B9,lot-9,DN,bPZT,category-4,sub-b1,29,0,29
2026-10-15,42,plant-A,line-A9,machine-A2,lot-94,UP,aPZT,pass,pass,0,2552,2582
2026-10-15,42,plant-A,line-A3,machine-A10,lot-87,UP,bPZT,category-1,sub-b1,31,0,31
2026-10-15,42,plant-B,line-B3,machine-B9,lot-82,UP,aPZT,pass,pass,0,2862,2947
2026-10-15,42,plant-B,line-B5,machine-B6,lot-26,DN,aPZT,category-2,sub-a10,13,0,13
2026-10-15,42,plant-A,line-A6,machine-A8,lot-14,UP,aPZT,pass,pass,0,2086,2175
2026-10-15,42,plant-A,line-A6,machine-A8,lot-14,UP,bPZT,category-5,sub-b1,6,0,6
2026-10-15,42,plant-A,line-A2,machine-A2,lot-81,DN,aPZT,pass,pass,0,2416,2521
2026-10-15,42,plant-A,line-A4,machine-A9,lot-3,DN,aPZT,pass,pass,0,2412,2424
2026-10-15,42,plant-B,line-B8,machine-B1,lot-38,DN,bPZT,pass,pass,0,2219,2256
2026-10-15,42,plant-A,line-A9,machine-A2,lot-94,DN,bPZT,category-3,sub-b6,14,0,14
2026-10-15,42,plant-A,line-A7,machine-A9,lot-93,UP,bPZT,pass,pass,0,2738,2772
2026-10-16,42,plant-A,line-A5,machine-A9,lot-54,DN,aPZT,category-5,sub-a1,13,0,13
2026-10-16,42,plant-A,line-A3,machine-A2,lot-57,DN,bPZT,category-5,sub-b2,31,0,31
2026-10-16,42,plant-B,line-B7,machine-B4,lot-19,UP,bPZT,pass,pass,0,2527,2648
2026-10-16,42,plant-A,line-A5,machine-A10,lot-47,DN,bPZT,category-1,sub-b8,20,0,20
2026-10-16,42,plant-A,line-A8,machine-A1,lot-39,DN,aPZT,pass,pass,0,2361,2382
2026-10-16,42,plant-B,line-B7,machine-B10,lot-20,DN,bPZT,category-4,sub-b1,4,0,4
2026-10-16,42,plant-A,line-A3,machine-A2,lot-57,UP,aPZT,category-3,sub-a5,37,0,37
2026-10-16,42,plant-B,line-B6,machine-B2,lot-67,DN,aPZT,category-5,sub-a1,2,0,2
2026-10-16,42,plant-B,line-B10,machine-B1,lot-97,DN,aPZT,pass,pass,0,2319,2349
2026-10-16,42,plant-B,line-B10,machine-B1,lot-97,UP,bPZT,category-2,sub-b3,18,0,18
2026-10-16,42,plant-A,line-A5,machine-A6,lot-24,UP,aPZT,pass,,0,2769,2772
2026-10-16,42,plant-A,line-A8,machine-A1,lot-39,UP,aPZT,category-4,,9,0,9
2026-10-16,42,plant-A,line-A8,machine-A1,lot-39,DN,aPZT,category-4,sub-a9,28,0,28
2026-10-16,42,plant-B,line-B7,machine-B4,lot-19,DN,bPZT,category-1,sub-b4,15,0,15
2026-10-16,42,plant-B,line-B4,machine-B8,lot-33,DN,bPZT,category-5,sub-b6,13,0,13
2026-10-16,42,plant-B,line-B7,machine-B2,lot-100,UP,aPZT,pass,pass,0,2406,2513
2026-10-16,42,plant-A,line-A5,machine-A10,lot-8,UP,aPZT,category-5,sub-a10,31,0,31
2026-10-16,42,plant-B,line-B9,machine-B6,lot-74,DN,aPZT,pass,pass,0,2744,2786
2026-10-16,42,plant-B,line-B5,machine-B6,lot-56,UP,bPZT,pass,pass,0,2824,2904
2026-10-16,42,plant-B,line-B6,machine-B2,lot-67,DN,bPZT,category-2,sub-b8,25,0,25
2026-10-16,42,plant-B,line-B10,machine-B1,lot-97,UP,aPZT,category-5,sub-a3,22,0,22
2026-10-16,42,plant-B,line-B7,machine-B4,lot-19,UP,aPZT,category-1,sub-a8,15,0,15
2026-10-16,42,plant-A,line-A5,machine-A10,lot-47,DN,bPZT,category-4,sub-b8,33,0,33
2026-10-16,42,plant-B,line-B1,machine-B4,lot-99,DN,bPZT,category-1,sub-b5,9,0,9
2026-10-16,42,plant-B,line-B1,machine-B4,lot-99,UP,bPZT,pass,pass,0,2137,2164
2026-10-16,42,plant-A,line-A5,machine-A6,lot-66,UP,aPZT,category-3,sub-a4,36,0,36
2026-10-16,42,plant-B,line-B7,machine-B5,lot-76,DN,aPZT,pass,pass,0,2213,2295
2026-10-16,42,plant-A,line-A5,machine-A6,lot-66,DN,bPZT,category-2,sub-b10,31,0,31
2026-10-16,42,plant-A,line-A10,machine-A5,lot-5,DN,bPZT,category-2,sub-b2,31,0,31
2026-10-16,42,plant-A,line-A5,machine-A10,lot-47,DN,bPZT,category-2,sub-b6,2,0,2
2026-10-16,42,plant-B,line-B5,machine-B6,lot-56,UP,aPZT,category-1,sub-a2,28,0,28
2026-10-16,42,plant-A,line-A8,machine-A10,lot-70,DN,bPZT,category-3,,21,0,21
2026-10-16,42,plant-B,line-B4,machine-B7,lot-62,UP,aPZT,pass,pass,0,2278,2317
2026-10-16,42,plant-B,line-B7,machine-B4,lot-19,UP,aPZT,category-3,sub-a10,39,0,39
2026-10-16,42,plant-A,line-A5,machine-A9,lot-54,UP,aPZT,category-4,sub-a10,28,0,28
2026-10-16,42,plant-A,line-A9,machine-A1,lot-42,UP,aPZT,pass,pass,0,2310,2345
2026-10-16,42,plant-A,line-A5,machine-A10,lot-47,DN,bPZT,pass,,0,2301,2302
2026-10-16,42,plant-A,line-A10,machine-A5,lot-5,UP,bPZT,category-4,sub-b3,6,0,6
2026-10-16,42,plant-B,line-B7,machine-B2,lot-100,UP,bPZT,category-2,sub-b2,28,0,28
2026-10-16,42,plant-B,line-B6,machine-B2,lot-67,DN,aPZT,category-5,sub-a6,20,0,20
2026-10-16,42,plant-B,line-B2,machine-B5,lot-30,DN,aPZT,category-3,sub-a2,27,0,27
2026-10-16,42,plant-B,line-B7,machine-B4,lot-19,DN,aPZT,category-4,sub-a3,26,0,26
2026-10-16,42,plant-A,line-A5,machine-A9,lot-54,UP,aPZT,pass,pass,0,2228,2271
2026-10-16,42,plant-A,line-A5,machine-A10,lot-8,DN,bPZT,category-2,sub-b4,39,0,39
2026-10-16,42,plant-B,line-B1,machine-B4,lot-99,Dn,aPZT,pass,,0,2137,2301
2026-10-16,42,plant-B,line-B5,machine-B6,lot-56,UP,bPZT,category-3,sub-b1,5,0,5
2026-10-16,42,plant-B,line-B4,machine-B7,lot-62,UP,aPZT,category-2,sub-a9,31,0,31
2026-10-16,42,plant-A,line-A3,machine-A2,lot-57,DN,bPZT,pass,pass,0,2833,2871
2026-10-16,42,plant-B,line-B7,machine-B10,lot-20,DN,bPZT,category-3,sub-b7,16,0,16
2026-10-16,42,plant-A,line-A5,machine-A9,lot-54,DN,bPZT,category-4,sub-b5,34,0,34
2026-10-16,42,plant-B,line-B2,machine-B5,lot-30,UP,bPZT,category-5,sub-b2,7,0,7
2026-10-16,42,plant-A,line-A9,machine-A8,lot-79,DN,bPZT,pass,pass,0,2422,2686
2026-10-16,42,plant-A,line-A5,machine-A10,lot-47,DN,bPZT,category-5,sub-b3,5,0,5
2026-10-16,42,plant-A,line-A9,machine-A8,lot-79,UP,aPZT,category-4,sub-a10,38,0,38
2026-10-16,42,plant-A,line-A8,machine-A10,lot-70,UP,aPZT,pass,pass,0,2721,2777
2026-10-16,42,plant-B,line-B5,machine-B6,lot-56,UP,bPZT,category-4,sub-b5,34,0,34
2026-10-16,42,plant-B,line-B1,machine-B4,lot-99,DN,bPZT,category-2,sub-b7,22,0,22
2026-10-16,42,plant-B,line-B4,machine-B8,lot-33,UP,bPZT,category-5,sub-b10,38,0,38
2026-10-16,42,plant-B,line-B10,machine-B1,lot-97,UP,bPZT,category-2,sub-b8,5,0,5
2026-10-16,42,plant-B,line-B7,machine-B4,lot-19,UP,aPZT,category-5,sub-a10,5,0,5
2026-10-16,42,plant-B,line-B5,machine-B6,lot-56,DN,bPZT,category-1,sub-b5,3,0,3
2026-10-16,42,plant-A,line-A8,machine-A10,lot-70,UP,aPZT,category-3,sub-a8,27,0,27
2026-10-16,42,plant-A,line-A9,machine-A1,lot-42,UP,bPZT,category-2,sub-b1,16,0,16
2026-10-16,42,plant-A,line-A10,machine-A5,lot-5,DN,bPZT,category-2,sub-b6,17,0,17
2026-10-16,42,plant-A,line-A9,machine-A1,lot-42,DN,aPZT,category-3,sub-a7,1,0,1
2026-10-16,42,plant-B,line-B9,machine-B6,lot-74,DN,bPZT,category-3,sub-b10,28,0,28
2026-10-16,42,plant-B,line-B6,machine-B2,lot-67,DN,aPZT,category-2,sub-a4,19,0,19
2026-10-16,42,plant-A,line-A10,machine-A5,lot-5,DN,bPZT,category-3,sub-b1,6,0,6
2026-10-16,42,plant-A,line-A5,machine-A10,lot-8,UP,aPZT,category-4,sub-a10,5,0,5
2026-10-16,42,plant-A,line-A9,machine-A1,lot-42,DN,bPZT,category-2,sub-b3,19,0,19
2026-10-16,42,plant-B,line-B1,machine-B4,lot-99,UP,bPZT,category-3,sub-b3,16,0,16
2026-10-16,42,plant-B,line-B7,machine-B10,lot-20,DN,aPZT,pass,pass,0,2050,2076
2026-10-16,42,plant-A,line-A5,machine-A6,lot-66,UP,aPZT,category-2,sub-a2,5,0,5
2026-10-16,42,plant-B,line-B1,machine-B4,lot-99,UP,bPZT,category-4,sub-b6,40,0,40
2026-10-16,42,plant-A,line-A5,machine-A10,lot-8,UP,aPZT,category-1,sub-a5,12,0,12
2026-10-16,42,plant-A,line-A5,machine-A9,lot-54,DN,bPZT,category-3,sub-b6,9,0,9
2026-10-16,42,plant-B,line-B2,machine-B5,lot-30,DN,bPZT,pass,pass,0,2631,2697
2026-10-16,42,plant-A,line-A9,machine-A8,lot-79,DN,aPZT,category-5,sub-a1,32,0,32
2026-10-16,42,plant-A,line-A2,machine-A10,lot-96,Up,bPZT,category-1,sub-b8,13,0,13
2026-10-16,42,plant-B,line-B2,machine-B5,lot-30,UP,aPZT,pass,pass,0,2631,2653
2026-10-16,42,plant-A,line-A8,machine-A1,lot-39,UP,bPZT,category-2,sub-b10,13,0,13
2026-10-16,42,plant-B,line-B6,machine-B2,lot-67,UP,aPZT,category-3,sub-a1,20,0,20
2026-10-16,42,plant-A,line-A9,machine-A1,lot-42,UP,aPZT,category-1,sub-a9,15,0,15
2026-10-16,42,plant-B,line-B10,machine-B1,lot-97,UP,bPZT,category-5,sub-b6,7,0,7
2026-10-16,42,plant-A,line-A5,machine-A10,lot-47,DN,aPZT,pass,pass,0,2301,2428
2026-10-16,42,plant-B,line-B5,machine-B6,lot-56,UP,aPZT,category-5,sub-a8,3,0,3
2026-10-16,42,plant-B,line-B4,machine-B7,lot-62,UP,bPZT,category-3,sub-b4,34,0,34
2026-10-16,42,plant-B,line-B7,machine-B5,lot-76,DN,bPZT,pass,pass,0,2213,2273
2026-10-16,42,plant-A,line-A9,machine-A8,lot-79,DN,aPZT,category-4,sub-a1,8,0,8
2026-10-16,42,plant-A,line-A9,machine-A8,lot-79,DN,aPZT,category-5,sub-a3,19,0,19
2026-10-16,42,plant-B,line-B6,machine-B2,lot-67,UP,aPZT,pass,pass,0,2474,2499
2026-10-16,42,plant-A,line-A9,machine-A8,lot-79,UP,aPZT,category-3,sub-a8,20,0,20
2026-10-16,42,plant-B,line-B4,machine-B8,lot-33,DN,bPZT,category-4,sub-b4,26,0,26
2026-10-16,42,plant-B,line-B7,machine-B4,lot-19,DN,aPZT,pass,pass,0,2527,2544
2026-10-16,42,plant-B,line-B10,machine-B1,lot-97,UP,aPZT,category-3,sub-a3,16,0,16
2026-10-16,42,plant-B,line-B6,machine-B2,lot-67,UP,aPZT,category-4,sub-a4,6,0,6
2026-10-16,42,plant-A,line-A5,machine-A6,lot-24,UP,bPZT,category-1,sub-b2,3,0,3
2026-10-16,42,plant-A,line-A3,machine-A2,lot-57,UP,aPZT,category-5,sub-a10,1,0,1
2026-10-16,42,plant-B,line-B4,machine-B7,lot-62,DN,bPZT,category-4,sub-b2,5,0,5
2026-10-16,42,plant-B,line-B7,machine-B2,lot-100,UP,bPZT,category-3,sub-b10,34,0,34
2026-10-16,42,plant-B,line-B2,machine-B5,lot-30,UP,aPZT,category-3,sub-a10,13,0,13
2026-10-16,42,plant-A,line-A5,machine-A10,lot-47,DN,bPZT,category-1,sub-b10,36,0,36
2026-10-16,42,plant-A,line-A5,machine-A10,lot-8,DN,aPZT,category-3,sub-a10,6,0,6
2026-10-16,42,plant-B,line-B9,machine-B6,lot-74,DN,aPZT,category-2,sub-a7,21,0,21
2026-10-16,42,plant-A,line-A5,machine-A6,lot-66,DN,aPZT,category-2,sub-a8,25,0,25
2026-10-16,42,plant-B,line-B7,machine-B10,lot-20,DN,bPZT,pass,pass,0,2050,2089
2026-10-16,42,plant-A,line-A5,machine-A9,lot-54,UP,aPZT,category-5,sub-a10,35,0,35
2026-10-16,42,plant-B,line-B7,machine-B5,lot-76,DN,bPZT,category-1,sub-b4,14,0,14
2026-10-16,42,plant-B,line-B7,machine-B2,lot-100,UP,bPZT,pass,pass,0,2406,2457
2026-10-16,42,plant-A,line-A5,machine-A10,lot-8,DN,aPZT,category-4,sub-a2,1,0,1
2026-10-16,42,plant-A,line-A5,machine-A10,lot-47,UP,bPZT,category-5,sub-b7,18,0,18
2026-10-16,42,plant-A,line-A5,machine-A10,lot-47,DN,bPZT,category-4,sub-b9,13,0,13
2026-10-16,42,plant-B,line-B7,machine-B10,lot-20,DN,aPZT,category-3,sub-a2,35,0,35
2026-10-16,42,plant-A,line-A5,machine-A10,lot-8,dN,aPZT,pass,,0,2755,2794
2026-10-16,42,plant-B,line-B7,machine-B10,lot-20,DN,bPZT,category-2,sub-b4,6,0,6
2026-10-16,42,plant-A,line-A8,machine-A10,lot-70,UP,bPZT,category-1,sub-b3,26,0,26
2026-10-16,42,plant-A,line-A8,machine-A10,lot-70,DN,aPZT,category-1,sub-a6,17,0,17
2026-10-16,42,plant-B,line-B7,machine-B5,lot-76,UP,aPZT,category-2,sub-a3,34,0,34
2026-10-16,42,plant-A,line-A8,machine-A1,lot-39,DN,bPZT,category-4,sub-b10,8,0,8
2026-10-16,42,plant-A,line-A5,machine-A6,lot-24,DN,aPZT,category-4,sub-a2,34,0,34
2026-10-16,42,plant-B,line-B7,machine-B2,lot-100,UP,aPZT,category-1,sub-a4,33,0,33
2026-10-16,42,plant-A,line-A5,machine-A6,lot-66,DN,aPZT,pass,pass,0,2523,2569
2026-10-16,42,plant-B,line-B2,machine-B5,lot-30,UP,bPZT,category-4,sub-b2,15,0,15
2026-10-16,42,plant-B,line-B4,machine-B8,lot-33,DN,bPZT,pass,pass,0,2243,2271
2026-10-16,42,plant-A,line-A9,machine-A1,lot-42,DN,aPZT,category-3,sub-a9,25,0,25
2026-10-16,42,plant-B,line-B4,machine-B8,lot-33,uP,bPZT,category-3,,23,0,23
2026-10-16,42,plant-B,line-B7,machine-B2,lot-100,DN,bPZT,category-2,sub-b8,36,0,36
2026-10-16,42,plant-A,line-A5,machine-A9,lot-54,UP,bPZT,pass,pass,0,2228,2333
2026-10-16,42,plant-B,line-B4,machine-B7,lot-62,DN,bPZT,pass,pass,0,2278,2312
2026-10-16,42,plant-A,line-A2,machine-A10,lot-96,DN,bPZT,pass,pass,0,2029,2066
2026-10-16,42,plant-A,line-A8,machine-A10,lot-70,DN,bPZT,pass,pass,0,2721,2765
2026-10-16,42,plant-B,line-B5,machine-B6,lot-56,DN,aPZT,pass,pass,0,2824,2920
2026-10-16,42,plant-B,line-B4,machine-B6,lot-36,DN,bPZT,pass,pass,0,2552,2555
2026-10-16,42,plant-B,line-B4,machine-B8,lot-33,UP,aPZT,pass,,0,2243,2408
2026-10-16,42,plant-B,line-B5,machine-B6,lot-56,DN,bPZT,category-2,sub-b3,28,0,28
2026-10-16,42,plant-B,line-B7,machine-B4,lot-19,UP,bPZT,category-4,sub-b2,2,0,2
2026-10-16,42,plant-B,line-B7,machine-B2,lot-100,DN,bPZT,category-1,sub-b4,9,0,9
2026-10-16,42,plant-A,line-A9,machine-A8,lot-79,UP,aPZT,category-5,sub-a4,33,0,33
2026-10-16,42,plant-B,line-B2,machine-B5,lot-30,DN,aPZT,category-1,sub-a3,26,0,26
2026-10-16,42,plant-B,line-B7,machine-B5,lot-76,DN,bPZT,category-2,sub-b3,29,0,29
2026-10-16,42,plant-A,line-A9,machine-A8,lot-79,UP,aPZT,category-5,sub-a1,25,0,25
2026-10-16,42,plant-A,line-A8,machine-A1,lot-39,UP,aPZT,category-5,sub-a9,14,0,14
2026-10-16,42,plant-A,line-A3,machine-A2,lot-57,DN,aPZT,pass,pass,0,2833,2864
2026-10-16,42,plant-B,line-B4,machine-B6,lot-36,UP,bPZT,category-4,sub-b2,25,0,25
2026-10-16,42,plant-B,line-B7,machine-B10,lot-20,UP,aPZT,category-5,sub-a8,4,0,4
2026-10-16,42,plant-B,line-B4,machine-B7,lot-62,DN,aPZT,category-4,sub-a9,3,0,3
2026-10-16,42,plant-A,line-A5,machine-A6,lot-66,DN,bPZT,category-4,sub-b7,15,0,15
2026-10-16,42,plant-A,line-A5,machine-A10,lot-8,DN,aPZT,category-4,sub-a4,27,0,27
2026-10-16,42,plant-B,line-B10,machine-B1,lot-97,DN,aPZT,category-5,sub-a8,28,0,28
2026-10-16,42,plant-A,line-A10,machine-A5,lot-5,DN,bPZT,pass,pass,0,2463,2492
2026-10-16,42,plant-A,line-A8,machine-A1,lot-39,DN,aPZT,category-2,sub-a5,3,0,3
2026-10-16,42,plant-A,line-A9,machine-A1,lot-42,UP,bPZT,pass,pass,0,2310,2387
2026-10-16,42,plant-A,line-A5,machine-A9,lot-54,DN,aPZT,category-3,sub-a8,18,0,18
2026-10-16,42,plant-B,line-B10,machine-B1,lot-97,UP,aPZT,category-3,sub-a1,4,0,4
2026-10-16,42,plant-B,line-B9,machine-B6,lot-74,DN,bPZT,category-1,sub-b9,3,0,3
2026-10-16,42,plant-B,line-B9,machine-B6,lot-74,UP,bPZT,pass,pass,0,2744,2774
2026-10-16,42,plant-B,line-B1,machine-B4,lot-99,UP,bPZT,category-2,sub-b5,9,0,9
2026-10-16,42,plant-B,line-B4,machine-B8,lot-33,UP,bPZT,category-1,sub-b5,37,0,37
2026-10-16,42,plant-A,line-A5,machine-A10,lot-8,UP,bPZT,pass,pass,0,2755,2837
2026-10-16,42,plant-A,line-A10,machine-A5,lot-5,UP,aPZT,pass,pass,0,2463,2553
2026-10-16,42,plant-B,line-B5,machine-B6,lot-56,UP,aPZT,category-4,sub-a6,9,0,9
2026-10-16,42,plant-B,line-B7,machine-B4,lot-19,DN,aPZT,category-5,sub-a4,36,0,36
2026-10-16,42,plant-A,line-A2,machine-A10,lot-96,DN,aPZT,pass,pass,0,2029,2042
2026-10-16,42,plant-B,line-B6,machine-B2,lot-67,UP,aPZT,category-1,sub-a7,26,0,26
2026-10-16,42,plant-A,line-A8,machine-A1,lot-39,UP,bPZT,pass,pass,0,2361,2415
2026-10-16,42,plant-A,line-A10,machine-A5,lot-5,UP,bPZT,category-4,sub-b8,30,0,30
2026-10-16,42,plant-B,line-B6,machine-B2,lot-67,DN,bPZT,pass,pass,0,2474,2567
2026-10-16,42,plant-B,line-B1,machine-B4,lot-99,UP,bPZT,category-3,,17,0,17
2026-10-16,42,plant-B,line-B1,machine-B4,lot-99,UP,bPZT,category-3,sub-b6,31,0,31
2026-10-16,42,plant-A,line-A8,machine-A10,lot-70,UP,bPZT,category-1,sub-b8,9,0,9
2026-10-16,42,plant-B,line-B1,machine-B4,lot-99,DN,bPZT,category-1,sub-b1,20,0,20
2026-10-16,42,plant-A,line-A5,machine-A6,lot-66,UP,bPZT,pass,pass,0,2523,2589
2026-10-16,42,plant-A,line-A9,machine-A8,lot-79,UP,aPZT,category-3,sub-a10,18,0,18
2026-10-16,42,plant-B,line-B5,machine-B6,lot-56,UP,aPZT,category-2,sub-a5,10,0,10
2026-10-16,42,plant-B,line-B4,machine-B8,lot-33,UP,bPZT,category-4,sub-b2,28,0,28
2026-10-16,42,plant-B,line-B7,machine-B5,lot-76,UP,aPZT,category-2,sub-a4,26,0,26
2026-10-16,42,plant-A,line-A9,machine-A8,lot-79,UP,aPZT,category-5,sub-a3,23,0,23
2026-10-16,42,plant-A,line-A9,machine-A1,lot-42,UP,aPZT,category-4,sub-a5,36,0,36
2026-10-16,42,plant-A,line-A9,machine-A8,lot-79,DN,aPZT,category-2,sub-a6,26,0,26
2026-10-16,42,plant-A,line-A5,machine-A6,lot-24,UP,bPZT,pass,pass,0,2769,2803
2026-10-16,42,plant-B,line-B4,machine-B8,lot-33,uP,aPZT,category-2,sub-a6,28,0,28
2026-10-16,42,plant-A,line-A9,machine-A8,lot-79,DN,aPZT,pass,pass,0,2422,2457
2026-10-16,42,plant-A,line-A5,machine-A10,lot-47,DN,aPZT,category-2,sub-a7,1,0,1
2026-10-16,42,plant-A,line-A10,machine-A5,lot-5,DN,aPZT,category-5,sub-a4,29,0,29
2026-10-16,42,plant-B,line-B4,machine-B6,lot-36,UP,bPZT,category-5,sub-b9,37,0,37
2026-10-16,42,plant-B,line-B4,machine-B6,lot-36,DN,aPZT,pass,pass,0,2552,2614
2026-10-16,42,plant-B,line-B9,machine-B6,lot-74,DN,bPZT,category-5,sub-b6,11,0,11
2026-10-16,42,plant-B,line-B7,machine-B5,lot-76,DN,bPZT,category-4,sub-b4,39,0,39
2026-10-16,42,plant-B,line-B1,machine-B4,lot-99,UP,aPZT,category-4,sub-a5,27,0,27
2026-10-16,42,plant-A,line-A2,machine-A10,lot-96,UP,aPZT,category-1,sub-a1,37,0,37
2026-10-16,42,plant-B,line-B7,machine-B2,lot-100,DN,aPZT,category-2,sub-a2,18,0,18
2026-10-16,42,plant-B,line-B5,machine-B6,lot-56,up,bPZT,category-2,sub-b4,26,0,26
2026-10-16,42,plant-B,line-B5,machine-B6,lot-56,DN,aPZT,category-4,sub-a9,30,0,30
2026-10-16,42,plant-A,line-A9,machine-A8,lot-79,DN,bPZT,category-5,sub-b1,35,0,35
2026-10-16,42,plant-A,line-A9,machine-A8,lot-79,UP,aPZT,category-1,sub-a2,22,0,22
2026-10-16,42,plant-B,line-B4,machine-B6,lot-36,UP,aPZT,category-2,sub-a9,3,0,3
2026-10-16,42,plant-B,line-B9,machine-B6,lot-74,UP,aPZT,category-5,sub-a10,9,0,9
2026-10-16,42,plant-B,line-B10,machine-B1,lot-97,UP,bPZT,pass,pass,0,2319,2420
2026-10-16,42,plant-B,line-B10,machine-B1,lot-97,DN,aPZT,category-3,sub-a7,31,0,31
2026-10-16,42,plant-A,line-A5,machine-A9,lot-54,DN,aPZT,category-5,sub-a9,11,0,11
2026-10-17,42,plant-A,line-A7,machine-A6,lot-4,UP,bPZT,category-2,sub-b8,37,0,37
2026-10-17,42,plant-B,line-B7,machine-B3,lot-22,DN,bPZT,category-2,sub-b6,29,0,29
2026-10-17,42,plant-A,line-A7,machine-A6,lot-4,UP,aPZT,category-5,sub-a9,5,0,5
2026-10-17,42,plant-B,line-B6,machine-B10,lot-54,DN,aPZT,pass,pass,0,2412,2464
2026-10-17,42,plant-A,line-A10,machine-A7,lot-20,DN,aPZT,category-3,sub-a9,23,0,23
2026-10-17,42,plant-B,line-B7,machine-B3,lot-22,UP,aPZT,category-1,sub-a2,16,0,16
2026-10-17,42,plant-A,line-A10,machine-A5,lot-33,UP,aPZT,category-1,sub-a9,36,0,36
2026-10-17,42,plant-B,line-B7,machine-B3,lot-22,DN,bPZT,category-1,sub-b5,13,0,13
2026-10-17,42,plant-A,line-A8,machine-A7,lot-13,DN,bPZT,category-4,sub-b2,14,0,14
2026-10-17,42,plant-B,line-B6,machine-B10,lot-54,UP,aPZT,category-3,sub-a2,7,0,7
2026-10-17,42,plant-B,line-B7,machine-B4,lot-39,UP,aPZT,pass,pass,0,2075,2242
2026-10-17,42,plant-A,line-A7,machine-A6,lot-4,DN,bPZT,category-2,sub-b5,26,0,26
2026-10-17,42,plant-B,line-B6,machine-B10,lot-54,UP,aPZT,category-3,sub-a8,28,0,28
2026-10-17,42,plant-B,line-B8,machine-B10,lot-41,UP,bPZT,category-5,sub-b7,38,0,38
2026-10-17,42,plant-B,line-B8,machine-B10,lot-41,UP,bPZT,category-3,sub-b10,34,0,34
2026-10-17,42,plant-B,line-B6,machine-B10,lot-54,UP,aPZT,category-1,sub-a6,13,0,13
2026-10-17,42,plant-B,line-B8,machine-B9,lot-24,DN,bPZT,category-4,sub-b7,12,0,12
2026-10-17,42,plant-A,line-A10,machine-A7,lot-20,DN,aPZT,category-2,sub-a2,32,0,32
2026-10-17,42,plant-B,line-B6,machine-B10,lot-52,DN,bPZT,category-1,sub-b7,4,0,4
2026-10-17,42,plant-A,line-A8,machine-A7,lot-13,DN,aPZT,category-2,sub-a3,18,0,18
2026-10-17,42,plant-A,line-A8,machine-A9,lot-32,DN,bPZT,category-5,,31,0,31
2026-10-17,42,plant-B,line-B8,machine-B10,lot-41,DN,aPZT,category-3,sub-a1,14,0,14
2026-10-17,42,plant-B,line-B4,machine-B9,lot-5,UP,aPZT,category-5,sub-a7,28,0,28
2026-10-17,42,plant-B,line-B7,machine-B4,lot-39,UP,bPZT,category-2,sub-b7,25,0,25
2026-10-17,42,plant-A,line-A10,machine-A9,lot-36,Up,bPZT,pass,pass,0,2150,2177
2026-10-17,42,plant-B,line-B7,machine-B2,lot-73,DN,bPZT,category-4,sub-b7,23,0,23
2026-10-17,42,plant-B,line-B3,machine-B8,lot-76,UP,bPZT,category-2,sub-b6,37,0,37
2026-10-17,42,plant-B,line-B8,machine-B10,lot-41,UP,aPZT,category-5,sub-a10,32,0,32
2026-10-17,42,plant-B,line-B7,machine-B2,lot-73,DN,bPZT,category-2,sub-b6,26,0,26
2026-10-17,42,plant-B,line-B7,machine-B4,lot-39,UP,bPZT,category-4,sub-b1,22,0,22
2026-10-17,42,plant-B,line-B4,machine-B9,lot-5,UP,aPZT,category-3,sub-a1,7,0,7
2026-10-17,42,plant-B,line-B3,machine-B8,lot-76,DN,bPZT,pass,pass,0,2610,2615
2026-10-17,42,plant-B,line-B7,machine-B2,lot-73,DN,bPZT,category-3,sub-b10,19,0,19
2026-10-17,42,plant-A,line-A10,machine-A9,lot-36,DN,bPZT,category-2,sub-b7,10,0,10
2026-10-17,42,plant-A,line-A10,machine-A5,lot-33,DN,aPZT,category-1,sub-a5,37,0,37
2026-10-17,42,plant-A,line-A9,machine-A10,lot-65,DN,bPZT,pass,pass,0,2899,2925
2026-10-17,42,plant-B,line-B9,machine-B10,lot-80,uP,bPZT,category-5,,10,0,10
2026-10-17,42,plant-A,line-A5,machine-A9,lot-63,UP,aPZT,pass,,0,2416,2447
2026-10-17,42,plant-A,line-A9,machine-A10,lot-65,DN,bPZT,category-2,sub-b10,9,0,9
2026-10-17,42,plant-A,line-A10,machine-A7,lot-20,DN,aPZT,category-3,sub-a3,1,0,1
2026-10-17,42,plant-B,line-B10,machine-B4,lot-98,DN,aPZT,category-4,sub-a7,35,0,35
2026-10-17,42,plant-B,line-B8,machine-B10,lot-41,UP,bPZT,category-2,sub-b9,16,0,16
2026-10-17,42,plant-B,line-B2,machine-B3,lot-53,DN,aPZT,pass,pass,0,2418,2504
2026-10-17,42,plant-A,line-A5,machine-A6,lot-9,UP,bPZT,category-4,sub-b7,9,0,9
2026-10-17,42,plant-B,line-B2,machine-B3,lot-53,UP,bPZT,category-1,sub-b5,40,0,40
2026-10-17,42,plant-A,line-A5,machine-A9,lot-63,DN,bPZT,category-3,sub-b1,16,0,16
2026-10-17,42,plant-B,line-B2,machine-B3,lot-28,DN,bPZT,category-5,sub-b8,26,0,26
2026-10-17,42,plant-B,line-B6,machine-B10,lot-54,DN,aPZT,category-3,sub-a9,6,0,6
2026-10-17,42,plant-B,line-B7,machine-B3,lot-22,DN,aPZT,pass,pass,0,2576,2618
2026-10-17,42,plant-A,line-A5,machine-A6,lot-9,UP,bPZT,category-2,sub-b8,23,0,23
2026-10-17,42,plant-B,line-B8,machine-B9,lot-24,DN,aPZT,pass,pass,0,2969,3025
2026-10-17,42,plant-A,line-A10,machine-A5,lot-33,DN,bPZT,pass,pass,0,2090,2163
2026-10-17,42,plant-A,line-A8,machine-A7,lot-13,DN,bPZT,category-4,sub-b4,16,0,16
2026-10-17,42,plant-A,line-A8,machine-A7,lot-13,DN,bPZT,category-3,sub-b3,26,0,26
2026-10-17,42,plant-B,line-B8,machine-B9,lot-24,UP,bPZT,category-3,sub-b7,38,0,38
2026-10-17,42,plant-A,line-A5,machine-A6,lot-9,UP,bPZT,pass,pass,0,2387,2397
2026-10-17,42,plant-A,line-A5,machine-A6,lot-9,DN,bPZT,category-5,sub-b3,10,0,10
2026-10-17,42,plant-A,line-A2,machine-A7,lot-23,DN,bPZT,category-5,sub-b10,20,0,20
2026-10-17,42,plant-A,line-A10,machine-A7,lot-20,DN,aPZT,category-4,sub-a4,25,0,25
2026-10-17,42,plant-B,line-B7,machine-B2,lot-73,DN,bPZT,pass,pass,0,2404,2476
2026-10-17,42,plant-A,line-A10,machine-A5,lot-33,UP,aPZT,pass,pass,0,2090,2172
2026-10-17,42,plant-B,line-B2,machine-B3,lot-53,UP,aPZT,category-2,sub-a8,15,0,15
2026-10-17,42,plant-A,line-A8,machine-A7,lot-13,DN,bPZT,pass,pass,0,2303,2321
2026-10-17,42,plant-A,line-A10,machine-A7,lot-20,DN,bPZT,pass,pass,0,2704,2811
2026-10-17,42,plant-B,line-B6,machine-B10,lot-52,DN,aPZT,category-5,sub-a7,26,0,26
2026-10-17,42,plant-B,line-B7,machine-B2,lot-73,UP,aPZT,category-4,sub-a5,34,0,34
2026-10-17,42,plant-A,line-A10,machine-A9,lot-36,DN,bPZT,category-3,sub-b4,32,0,32
2026-10-17,42,plant-B,line-B5,machine-B2,lot-48,UP,bPZT,pass,pass,0,2278,2282
2026-10-17,42,plant-A,line-A10,machine-A9,lot-36,UP,bPZT,category-1,sub-b9,6,0,6
2026-10-17,42,plant-B,line-B5,machine-B2,lot-48,DN,bPZT,category-4,sub-b1,14,0,14
2026-10-17,42,plant-A,line-A10,machine-A7,lot-20,DN,aPZT,category-4,sub-a1,9,0,9
2026-10-17,42,plant-B,line-B6,machine-B10,lot-52,DN,aPZT,category-2,sub-a9,21,0,21
2026-10-17,42,plant-B,line-B5,machine-B2,lot-48,DN,aPZT,pass,pass,0,2278,2353
2026-10-17,42,plant-A,line-A9,machine-A10,lot-65,Up,aPZT,pass,,0,2899,2908
2026-10-17,42,plant-B,line-B10,machine-B4,lot-98,UP,aPZT,category-4,sub-a7,22,0,22
2026-10-17,42,plant-B,line-B6,machine-B10,lot-52,DN,aPZT,category-3,sub-a6,10,0,10
2026-10-17,42,plant-B,line-B6,machine-B10,lot-54,UP,bPZT,pass,pass,0,2412,2486
2026-10-17,42,plant-A,line-A7,machine-A6,lot-4,UP,bPZT,pass,pass,0,2510,2550
2026-10-17,42,plant-A,line-A5,machine-A6,lot-9,DN,aPZT,category-3,sub-a2,10,0,10
2026-10-17,42,plant-A,line-A7,machine-A6,lot-4,DN,bPZT,category-5,sub-b6,39,0,39
2026-10-17,42,plant-B,line-B8,machine-B10,lot-41,DN,aPZT,pass,pass,0,2917,3041
2026-10-17,42,plant-A,line-A8,machine-A7,lot-13,UP,bPZT,category-4,sub-b3,40,0,40
2026-10-17,42,plant-B,line-B6,machine-B10,lot-54,UP,bPZT,category-4,sub-b1,40,0,40
2026-10-17,42,plant-B,line-B10,machine-B4,lot-98,UP,bPZT,category-3,sub-b5,37,0,37
2026-10-17,42,plant-A,line-A10,machine-A7,lot-20,UP,bPZT,category-3,sub-b9,10,0,10
2026-10-17,42,plant-A,line-A8,machine-A7,lot-13,UP,bPZT,category-2,sub-b2,5,0,5
2026-10-17,42,plant-B,line-B6,machine-B10,lot-54,UP,aPZT,category-5,sub-a3,16,0,16
2026-10-17,42,plant-B,line-B4,machine-B9,lot-5,DN,bPZT,pass,pass,0,2695,2826
2026-10-17,42,plant-A,line-A5,machine-A6,lot-9,DN,bPZT,category-2,sub-b10,31,0,31
2026-10-17,42,plant-A,line-A8,machine-A7,lot-13,UP,aPZT,pass,pass,0,2303,2426
2026-10-17,42,plant-B,line-B2,machine-B3,lot-28,Dn,bPZT,category-4,,27,0,27
2026-10-17,42,plant-B,line-B6,machine-B10,lot-54,DN,bPZT,category-5,sub-b9,12,0,12
2026-10-17,42,plant-B,line-B4,machine-B9,lot-5,UP,aPZT,category-1,sub-a3,22,0,22
2026-10-17,42,plant-B,line-B3,machine-B8,lot-76,UP,aPZT,pass,pass,0,2610,2697
2026-10-17,42,plant-B,line-B5,machine-B2,lot-48,DN,aPZT,category-3,sub-a10,4,0,4
2026-10-17,42,plant-B,line-B6,machine-B10,lot-52,DN,bPZT,category-1,sub-b6,40,0,40
2026-10-17,42,plant-A,line-A10,machine-A9,lot-36,UP,aPZT,pass,pass,0,2150,2305
2026-10-17,42,plant-A,line-A9,machine-A10,lot-65,UP,aPZT,category-2,sub-a5,6,0,6
2026-10-17,42,plant-B,line-B3,machine-B8,lot-76,UP,bPZT,category-1,sub-b10,11,0,11
2026-10-17,42,plant-B,line-B2,machine-B3,lot-28,UP,bPZT,category-3,sub-b10,18,0,18
2026-10-17,42,plant-B,line-B10,machine-B4,lot-98,DN,bPZT,pass,pass,0,2631,2755
2026-10-17,42,plant-A,line-A2,machine-A7,lot-23,DN,aPZT,category-4,sub-a6,40,0,40
2026-10-17,42,plant-B,line-B4,machine-B9,lot-5,UP,aPZT,category-4,sub-a7,3,0,3
2026-10-17,42,plant-A,line-A2,machine-A7,lot-23,UP,aPZT,category-3,sub-a4,4,0,4
2026-10-17,42,plant-B,line-B7,machine-B2,lot-73,UP,aPZT,pass,pass,0,2404,2484
2026-10-17,42,plant-B,line-B2,machine-B3,lot-28,DN,bPZT,category-3,sub-b2,37,0,37
2026-10-17,42,plant-A,line-A5,machine-A6,lot-9,UP,aPZT,pass,pass,0,2387,2569
2026-10-17,42,plant-A,line-A8,machine-A9,lot-32,DN,aPZT,pass,pass,0,2481,2512
2026-10-17,42,plant-A,line-A5,machine-A9,lot-63,DN,bPZT,pass,pass,0,2416,2447
2026-10-17,42,plant-A,line-A9,machine-A10,lot-65,DN,aPZT,category-2,sub-a7,20,0,20
2026-10-17,42,plant-B,line-B10,machine-B4,lot-98,UP,aPZT,pass,pass,0,2631,2668
2026-10-17,42,plant-B,line-B6,machine-B10,lot-52,DN,aPZT,category-4,sub-a8,40,0,40
2026-10-17,42,plant-B,line-B4,machine-B9,lot-5,UP,aPZT,category-1,sub-a3,36,0,36
2026-10-17,42,plant-B,line-B8,machine-B9,lot-24,UP,bPZT,category-4,sub-b1,1,0,1
2026-10-17,42,plant-B,line-B3,machine-B6,lot-92,DN,aPZT,pass,pass,0,2693,2726
2026-10-17,42,plant-B,line-B3,machine-B6,lot-92,UP,bPZT,pass,pass,0,2693,2702
2026-10-17,42,plant-B,line-B7,machine-B2,lot-73,DN,aPZT,category-4,sub-a8,38,0,38
2026-10-17,42,plant-B,line-B8,machine-B9,lot-24,UP,bPZT,category-5,sub-b8,5,0,5
2026-10-17,42,plant-B,line-B7,machine-B4,lot-39,UP,bPZT,category-4,,38,0,38
2026-10-17,42,plant-A,line-A8,machine-A9,lot-32,UP,bPZT,pass,pass,0,2481,2534
2026-10-17,42,plant-A,line-A8,machine-A9,lot-32,DN,aPZT,category-2,sub-a2,7,0,7
2026-10-17,42,plant-A,line-A10,machine-A9,lot-36,UP,bPZT,category-4,sub-b6,37,0,37
2026-10-17,42,plant-B,line-B7,machine-B4,lot-39,UP,bPZT,category-1,sub-b3,22,0,22
2026-10-17,42,plant-A,line-A5,machine-A6,lot-9,DN,bPZT,category-5,sub-b1,10,0,10
2026-10-17,42,plant-B,line-B8,machine-B10,lot-41,DN,bPZT,pass,pass,0,2917,2980
2026-10-17,42,plant-A,line-A10,machine-A9,lot-36,UP,bPZT,category-4,sub-b5,26,0,26
2026-10-17,42,plant-A,line-A5,machine-A9,lot-63,UP,aPZT,category-2,sub-a4,2,0,2
2026-10-17,42,plant-B,line-B9,machine-B10,lot-80,UP,bPZT,pass,pass,0,2946,2969
2026-10-17,42,plant-B,line-B7,machine-B4,lot-39,DN,bPZT,pass,pass,0,2075,2115
2026-10-17,42,plant-B,line-B8,machine-B10,lot-41,UP,aPZT,category-4,sub-a3,17,0,17
2026-10-17,42,plant-A,line-A2,machine-A7,lot-23,UP,bPZT,pass,pass,0,2312,2356
2026-10-17,42,plant-A,line-A8,machine-A9,lot-32,DN,aPZT,category-1,sub-a7,20,0,20
2026-10-17,42,plant-A,line-A10,machine-A7,lot-20,UP,aPZT,category-4,sub-a5,2,0,2
2026-10-17,42,plant-B,line-B6,machine-B10,lot-52,DN,aPZT,category-2,sub-a2,2,0,2
2026-10-17,42,plant-A,line-A5,machine-A9,lot-63,UP,aPZT,category-4,sub-a3,12,0,12
2026-10-17,42,plant-B,line-B8,machine-B9,lot-24,DN,bPZT,pass,pass,0,2969,2981
2026-10-17,42,plant-A,line-A10,machine-A5,lot-33,DN,bPZT,category-5,sub-b7,33,0,33
2026-10-17,42,plant-B,line-B3,machine-B6,lot-92,DN,bPZT,category-5,sub-b10,33,0,33
2026-10-17,42,plant-A,line-A5,machine-A6,lot-9,UP,bPZT,category-1,sub-b10,15,0,15
2026-10-17,42,plant-A,line-A5,machine-A6,lot-9,DN,bPZT,category-3,sub-b7,12,0,12
2026-10-17,42,plant-B,line-B4,machine-B9,lot-5,UP,bPZT,category-5,sub-b5,29,0,29
2026-10-17,42,plant-A,line-A5,machine-A9,lot-63,DN,aPZT,category-1,sub-a7,17,0,17
2026-10-17,42,plant-A,line-A10,machine-A5,lot-33,UP,bPZT,category-5,sub-b5,35,0,35
2026-10-17,42,plant-B,line-B6,machine-B10,lot-52,UP,aPZT,category-4,sub-a2,9,0,9
2026-10-17,42,plant-A,line-A10,machine-A9,lot-36,DN,bPZT,category-3,sub-b5,18,0,18
2026-10-17,42,plant-B,line-B9,machine-B10,lot-80,DN,aPZT,pass,pass,0,2946,2956
2026-10-17,42,plant-B,line-B2,machine-B3,lot-28,DN,bPZT,category-5,sub-b9,2,0,2
2026-10-17,42,plant-B,line-B2,machine-B3,lot-28,DN,aPZT,category-2,sub-a4,24,0,24
2026-10-17,42,plant-B,line-B7,machine-B4,lot-39,UP,aPZT,category-1,sub-a2,19,0,19
2026-10-17,42,plant-A,line-A7,machine-A6,lot-4,UP,aPZT,pass,pass,0,2510,2634
2026-10-17,42,plant-A,line-A10,machine-A7,lot-20,DN,bPZT,category-1,sub-b8,36,0,36
2026-10-17,42,plant-B,line-B7,machine-B3,lot-22,UP,aPZT,category-2,sub-a3,18,0,18
2026-10-17,42,plant-A,line-A7,machine-A6,lot-4,UP,aPZT,category-5,sub-a3,9,0,9
2026-10-17,42,plant-B,line-B2,machine-B3,lot-53,DN,bPZT,category-1,sub-b7,25,0,25
2026-10-17,42,plant-A,line-A7,machine-A6,lot-4,UP,aPZT,category-4,sub-a2,26,0,26
2026-10-17,42,plant-B,line-B2,machine-B3,lot-53,DN,bPZT,pass,pass,0,2418,2452
2026-10-17,42,plant-B,line-B7,machine-B2,lot-73,UP,bPZT,category-4,sub-b10,12,0,12
2026-10-17,42,plant-B,line-B9,machine-B10,lot-80,DN,aPZT,category-2,sub-a6,23,0,23
2026-10-17,42,plant-A,line-A10,machine-A7,lot-20,DN,aPZT,category-3,sub-a10,15,0,15
2026-10-17,42,plant-B,line-B2,machine-B3,lot-28,UP,bPZT,category-2,sub-b4,13,0,13
2026-10-17,42,plant-A,line-A8,machine-A9,lot-32,up,aPZT,category-4,,26,0,26
2026-10-17,42,plant-A,line-A5,machine-A6,lot-9,DN,bPZT,category-5,sub-b9,40,0,40
2026-10-17,42,plant-B,line-B7,machine-B4,lot-39,DN,aPZT,category-2,sub-a10,21,0,21
2026-10-17,42,plant-A,line-A5,machine-A6,lot-9,UP,bPZT,category-2,sub-b6,32,0,32
2026-10-17,42,plant-B,line-B10,machine-B4,lot-98,uP,aPZT,category-1,,5,0,5
2026-10-17,42,plant-B,line-B7,machine-B4,lot-39,dn,bPZT,category-4,,15,0,15
2026-10-17,42,plant-A,line-A10,machine-A9,lot-36,DN,aPZT,category-2,sub-a1,27,0,27
2026-10-17,42,plant-A,line-A10,machine-A7,lot-20,DN,aPZT,pass,pass,0,2704,2763
2026-10-17,42,plant-B,line-B5,machine-B2,lot-48,UP,bPZT,category-4,sub-b5,29,0,29
2026-10-17,42,plant-A,line-A7,machine-A6,lot-4,DN,bPZT,category-4,sub-b5,22,0,22
2026-10-17,42,plant-B,line-B4,machine-B9,lot-5,DN,aPZT,category-3,sub-a1,11,0,11
2026-10-17,42,plant-B,line-B8,machine-B9,lot-24,UP,aPZT,category-4,sub-a6,12,0,12
2026-10-17,42,plant-B,line-B2,machine-B3,lot-28,UP,aPZT,category-4,,37,0,37
2026-10-17,42,plant-B,line-B10,machine-B4,lot-98,UP,aPZT,category-1,sub-a7,24,0,24
2026-10-17,42,plant-B,line-B4,machine-B9,lot-5,UP,aPZT,category-5,sub-a3,24,0,24
2026-10-17,42,plant-B,line-B3,machine-B6,lot-92,DN,aPZT,category-5,sub-a5,9,0,9
2026-10-17,42,plant-B,line-B6,machine-B10,lot-54,DN,aPZT,category-5,sub-a6,4,0,4
2026-10-17,42,plant-A,line-A2,machine-A7,lot-23,DN,aPZT,pass,pass,0,2312,2332
2026-10-17,42,plant-B,line-B7,machine-B3,lot-22,UP,bPZT,pass,pass,0,2576,2610
2026-10-17,42,plant-B,line-B4,machine-B9,lot-5,DN,bPZT,category-3,sub-b2,31,0,31
2026-10-17,42,plant-B,line-B2,machine-B3,lot-28,DN,bPZT,pass,pass,0,2206,2267
2026-10-17,42,plant-B,line-B3,machine-B8,lot-76,UP,bPZT,category-3,sub-b3,39,0,39
2026-10-17,42,plant-B,line-B10,machine-B4,lot-98,dN,aPZT,category-4,,38,0,38
2026-10-17,42,plant-A,line-A5,machine-A9,lot-63,UP,bPZT,category-3,sub-b10,15,0,15
2026-10-17,42,plant-B,line-B6,machine-B10,lot-52,UP,aPZT,category-1,sub-a9,10,0,10
2026-10-17,42,plant-B,line-B5,machine-B2,lot-48,DN,bPZT,category-5,sub-b4,32,0,32
2026-10-17,42,plant-B,line-B7,machine-B4,lot-39,DN,bPZT,category-4,sub-b7,12,0,12
2026-10-17,42,plant-B,line-B8,machine-B10,lot-41,DN,bPZT,category-4,sub-b4,36,0,36
2026-10-17,42,plant-B,line-B2,machine-B3,lot-53,UP,aPZT,category-4,sub-a2,19,0,19
2026-10-17,42,plant-B,line-B7,machine-B4,lot-39,UP,bPZT,category-3,sub-b9,33,0,33
2026-10-17,42,plant-A,line-A10,machine-A7,lot-20,UP,bPZT,category-5,sub-b6,13,0,13
2026-10-17,42,plant-B,line-B4,machine-B9,lot-5,DN,aPZT,pass,pass,0,2695,2755
2026-10-17,42,plant-B,line-B3,machine-B8,lot-76,UP,aPZT,category-4,,5,0,5
2026-10-17,42,plant-A,line-A10,machine-A5,lot-33,DN,bPZT,category-5,sub-b9,14,0,14
2026-10-17,42,plant-A,line-A10,machine-A9,lot-36,DN,bPZT,category-4,sub-b8,26,0,26
2026-10-17,42,plant-B,line-B6,machine-B10,lot-52,UP,aPZT,pass,,0,2695,2739
2026-10-17,42,plant-B,line-B2,machine-B3,lot-53,DN,bPZT,category-1,sub-b7,21,0,21
2026-10-17,42,plant-B,line-B2,machine-B3,lot-28,UP,aPZT,pass,pass,0,2206,2329
2026-10-17,42,plant-A,line-A8,machine-A7,lot-13,DN,bPZT,category-5,sub-b5,22,0,22
2026-10-17,42,plant-B,line-B6,machine-B10,lot-52,DN,bPZT,pass,pass,0,2695,2813
2026-10-18,42,plant-B,line-B7,machine-B2,lot-77,DN,bPZT,pass,pass,0,2055,2062
2026-10-18,42,plant-A,line-A7,machine-A7,lot-90,DN,bPZT,pass,pass,0,2093,2174
2026-10-18,42,plant-B,line-B6,machine-B9,lot-50,DN,bPZT,category-5,sub-b7,24,0,24
2026-10-18,42,plant-A,line-A1,machine-A8,lot-25,DN,bPZT,category-2,sub-b6,25,0,25
2026-10-18,42,plant-B,line-B1,machine-B9,lot-88,DN,bPZT,category-2,sub-b5,29,0,29
2026-10-18,42,plant-B,line-B8,machine-B2,lot-81,UP,aPZT,category-1,sub-a3,2,0,2
2026-10-18,42,plant-B,line-B5,machine-B5,lot-56,UP,aPZT,category-2,sub-a10,36,0,36
2026-10-18,42,plant-B,line-B1,machine-B10,lot-41,DN,bPZT,pass,pass,0,2054,2107
2026-10-18,42,plant-B,line-B7,machine-B1,lot-82,DN,bPZT,pass,pass,0,2896,2915
2026-10-18,42,plant-B,line-B3,machine-B5,lot-78,DN,aPZT,pass,pass,0,2047,2134
2026-10-18,42,plant-A,line-A6,machine-A8,lot-79,up,aPZT,category-4,sub-a6,27,0,27
2026-10-18,42,plant-B,line-B10,machine-B6,lot-100,UP,bPZT,category-3,sub-b7,7,0,7
2026-10-18,42,plant-B,line-B10,machine-B5,lot-26,DN,bPZT,category-3,sub-b6,28,0,28
2026-10-18,42,plant-A,line-A7,machine-A7,lot-90,dn,aPZT,category-3,sub-a10,7,0,7
2026-10-18,42,plant-B,line-B3,machine-B5,lot-78,DN,aPZT,category-2,sub-a2,25,0,25
2026-10-18,42,plant-B,line-B4,machine-B3,lot-18,UP,aPZT,category-2,,22,0,22
2026-10-18,42,plant-B,line-B3,machine-B5,lot-78,UP,aPZT,category-1,sub-a6,16,0,16
2026-10-18,42,plant-A,line-A7,machine-A8,lot-11,DN,bPZT,category-4,sub-b1,11,0,11
2026-10-18,42,plant-B,line-B3,machine-B5,lot-78,DN,aPZT,category-1,sub-a1,13,0,13
2026-10-18,42,plant-A,line-A7,machine-A8,lot-11,DN,bPZT,category-4,sub-b8,10,0,10
2026-10-18,42,plant-B,line-B7,machine-B1,lot-82,UP,aPZT,category-4,sub-a7,2,0,2
2026-10-18,42,plant-B,line-B5,machine-B2,lot-70,DN,aPZT,category-3,sub-a10,28,0,28
2026-10-18,42,plant-A,line-A8,machine-A1,lot-96,DN,aPZT,pass,pass,0,2306,2364
2026-10-18,42,plant-B,line-B5,machine-B2,lot-70,UP,bPZT,category-1,sub-b7,26,0,26
2026-10-18,42,plant-B,line-B1,machine-B10,lot-41,DN,aPZT,category-5,sub-a2,17,0,17
2026-10-18,42,plant-A,line-A1,machine-A8,lot-25,DN,bPZT,category-1,sub-b3,39,0,39
2026-10-18,42,plant-A,line-A5,machine-A6,lot-12,UP,bPZT,category-4,sub-b8,32,0,32
2026-10-18,42,plant-A,line-A7,machine-A7,lot-90,DN,bPZT,category-3,sub-b3,13,0,13
2026-10-18,42,plant-B,line-B1,machine-B2,lot-86,UP,aPZT,category-3,sub-a9,5,0,5
2026-10-18,42,plant-B,line-B5,machine-B5,lot-56,DN,aPZT,pass,pass,0,2127,2154
2026-10-18,42,plant-A,line-A2,machine-A4,lot-92,DN,bPZT,category-1,sub-b7,35,0,35
2026-10-18,42,plant-B,line-B1,machine-B2,lot-86,DN,aPZT,category-4,sub-a5,26,0,26
2026-10-18,42,plant-B,line-B9,machine-B9,lot-30,UP,aPZT,category-5,sub-a7,19,0,19
2026-10-18,42,plant-B,line-B10,machine-B5,lot-26,DN,aPZT,category-4,sub-a3,23,0,23
2026-10-18,42,plant-B,line-B8,machine-B2,lot-81,UP,aPZT,category-2,sub-a2,40,0,40
2026-10-18,42,plant-B,line-B3,machine-B5,lot-78,UP,bPZT,category-2,sub-b7,20,0,20
2026-10-18,42,plant-B,line-B3,machine-B5,lot-78,UP,bPZT,category-3,sub-b6,12,0,12
2026-10-18,42,plant-A,line-A7,machine-A3,lot-15,DN,bPZT,category-1,sub-b2,12,0,12
2026-10-18,42,plant-A,line-A7,machine-A8,lot-11,DN,bPZT,category-2,sub-b2,4,0,4
2026-10-18,42,plant-B,line-B1,machine-B10,lot-41,UP,bPZT,category-3,sub-b1,23,0,23
2026-10-18,42,plant-B,line-B4,machine-B3,lot-18,DN,bPZT,category-4,sub-b6,14,0,14
2026-10-18,42,plant-A,line-A9,machine-A7,lot-23,UP,aPZT,category-4,sub-a5,29,0,29
2026-10-18,42,plant-B,line-B5,machine-B5,lot-56,DN,bPZT,pass,pass,0,2127,2257
2026-10-18,42,plant-B,line-B6,machine-B9,lot-50,dn,bPZT,pass,,0,2815,2863
2026-10-18,42,plant-B,line-B10,machine-B5,lot-26,Up,bPZT,category-1,sub-b9,22,0,22
2026-10-18,42,plant-B,line-B8,machine-B2,lot-81,UP,aPZT,category-2,sub-a10,6,0,6
2026-10-18,42,plant-A,line-A9,machine-A7,lot-23,DN,bPZT,category-5,sub-b3,17,0,17
2026-10-18,42,plant-A,line-A6,machine-A8,lot-79,DN,aPZT,category-1,sub-a9,9,0,9
2026-10-18,42,plant-B,line-B1,machine-B9,lot-88,UP,aPZT,category-5,sub-a8,10,0,10
2026-10-18,42,plant-B,line-B10,machine-B6,lot-100,DN,aPZT,category-4,sub-a3,12,0,12
2026-10-18,42,plant-B,line-B6,machine-B9,lot-50,DN,aPZT,category-2,sub-a9,23,0,23
2026-10-18,42,plant-A,line-A7,machine-A3,lot-15,UP,aPZT,pass,pass,0,2927,2963
2026-10-18,42,plant-B,line-B5,machine-B5,lot-56,UP,aPZT,category-4,sub-a10,4,0,4
2026-10-18,42,plant-B,line-B4,machine-B3,lot-18,DN,bPZT,pass,pass,0,2815,2857
2026-10-18,42,plant-A,line-A2,machine-A4,lot-92,UP,bPZT,pass,pass,0,2901,2963
2026-10-18,42,plant-A,line-A2,machine-A4,lot-92,UP,aPZT,category-4,sub-a1,33,0,33
2026-10-18,42,plant-B,line-B6,machine-B9,lot-50,UP,bPZT,category-1,sub-b4,12,0,12
2026-10-18,42,plant-B,line-B4,machine-B3,lot-18,UP,aPZT,pass,pass,0,2815,2831
2026-10-18,42,plant-B,line-B1,machine-B10,lot-41,UP,bPZT,category-4,sub-b9,31,0,31
2026-10-18,42,plant-B,line-B1,machine-B10,lot-41,DN,bPZT,category-2,sub-b4,24,0,24
2026-10-18,42,plant-B,line-B1,machine-B2,lot-86,UP,aPZT,pass,pass,0,2745,2754
2026-10-18,42,plant-B,line-B7,machine-B2,lot-77,DN,bPZT,category-2,sub-b1,15,0,15
2026-10-18,42,plant-B,line-B6,machine-B9,lot-50,UP,aPZT,category-5,sub-a3,25,0,25
2026-10-18,42,plant-A,line-A6,machine-A8,lot-79,UP,bPZT,category-3,sub-b4,26,0,26
2026-10-18,42,plant-B,line-B1,machine-B2,lot-86,UP,bPZT,category-2,sub-b7,9,0,9
2026-10-18,42,plant-A,line-A7,machine-A8,lot-11,UP,bPZT,category-2,sub-b8,21,0,21
2026-10-18,42,plant-B,line-B7,machine-B2,lot-77,UP,aPZT,category-5,sub-a5,5,0,5
2026-10-18,42,plant-B,line-B7,machine-B1,lot-82,DN,bPZT,category-3,sub-b9,12,0,12
2026-10-18,42,plant-A,line-A9,machine-A5,lot-83,UP,aPZT,pass,pass,0,2007,2046
2026-10-18,42,plant-B,line-B5,machine-B5,lot-56,UP,aPZT,category-1,sub-a3,12,0,12
2026-10-18,42,plant-B,line-B5,machine-B5,lot-56,DN,bPZT,category-1,sub-b2,27,0,27
2026-10-18,42,plant-A,line-A7,machine-A8,lot-11,UP,bPZT,category-4,sub-b7,9,0,9
2026-10-18,42,plant-A,line-A6,machine-A8,lot-79,DN,aPZT,pass,pass,0,2644,2670
2026-10-18,42,plant-A,line-A9,machine-A5,lot-83,UP,aPZT,category-1,sub-a6,40,0,40
2026-10-18,42,plant-A,line-A9,machine-A5,lot-83,UP,bPZT,pass,pass,0,2007,2077
2026-10-18,42,plant-B,line-B7,machine-B2,lot-77,UP,bPZT,category-1,sub-b4,25,0,25
2026-10-18,42,plant-B,line-B7,machine-B2,lot-77,DN,aPZT,pass,pass,0,2055,2158
2026-10-18,42,plant-A,line-A7,machine-A7,lot-90,UP,aPZT,category-2,sub-a4,29,0,29
2026-10-18,42,plant-B,line-B1,machine-B2,lot-86,UP,bPZT,pass,pass,0,2745,2811
2026-10-18,42,plant-A,line-A6,machine-A8,lot-79,UP,aPZT,category-2,,31,0,31
2026-10-18,42,plant-A,line-A8,machine-A1,lot-96,DN,bPZT,pass,pass,0,2306,2363
2026-10-18,42,plant-B,line-B8,machine-B2,lot-81,UP,bPZT,category-2,sub-b3,36,0,36
2026-10-18,42,plant-B,line-B10,machine-B6,lot-100,UP,bPZT,category-3,sub-b5,38,0,38
2026-10-18,42,plant-A,line-A6,machine-A8,lot-79,DN,aPZT,category-5,sub-a2,17,0,17
2026-10-18,42,plant-B,line-B3,machine-B5,lot-78,DN,aPZT,category-2,sub-a2,6,0,6
2026-10-18,42,plant-A,line-A5,machine-A6,lot-12,DN,aPZT,pass,pass,0,2957,3012
2026-10-18,42,plant-B,line-B7,machine-B1,lot-82,UP,bPZT,category-3,sub-b7,29,0,29
2026-10-18,42,plant-A,line-A8,machine-A1,lot-96,DN,bPZT,category-5,sub-b10,15,0,15
2026-10-18,42,plant-A,line-A8,machine-A1,lot-96,DN,bPZT,category-4,sub-b5,18,0,18
2026-10-18,42,plant-A,line-A8,machine-A1,lot-96,UP,aPZT,category-1,sub-a2,30,0,30
2026-10-18,42,plant-B,line-B9,machine-B9,lot-30,DN,bPZT,category-5,sub-b5,15,0,15
2026-10-18,42,plant-B,line-B10,machine-B6,lot-100,UP,bPZT,pass,pass,0,2877,2962
2026-10-18,42,plant-A,line-A1,machine-A8,lot-25,DN,bPZT,category-5,sub-b9,14,0,14
2026-10-18,42,plant-B,line-B10,machine-B9,lot-22,UP,bPZT,pass,pass,0,2043,2064
2026-10-18,42,plant-B,line-B5,machine-B5,lot-56,DN,aPZT,category-2,sub-a2,27,0,27
2026-10-18,42,plant-A,line-A5,machine-A6,lot-12,UP,aPZT,category-1,sub-a2,29,0,29
2026-10-18,42,plant-B,line-B1,machine-B9,lot-88,DN,bPZT,category-4,sub-b2,13,0,13
2026-10-18,42,plant-B,line-B9,machine-B9,lot-30,UP,bPZT,pass,pass,0,2557,2576
2026-10-18,42,plant-A,line-A6,machine-A8,lot-79,UP,aPZT,category-3,sub-a9,21,0,21
2026-10-18,42,plant-A,line-A2,machine-A4,lot-92,DN,bPZT,category-4,sub-b10,21,0,21
2026-10-18,42,plant-B,line-B1,machine-B10,lot-41,DN,aPZT,pass,pass,0,2054,2132
2026-10-18,42,plant-A,line-A7,machine-A7,lot-90,DN,aPZT,category-4,sub-a9,14,0,14
2026-10-18,42,plant-B,line-B10,machine-B6,lot-100,DN,bPZT,category-5,sub-b9,28,0,28
2026-10-18,42,plant-B,line-B1,machine-B2,lot-86,UP,aPZT,category-2,sub-a9,6,0,6
2026-10-18,42,plant-A,line-A6,machine-A8,lot-79,DN,aPZT,category-5,sub-a7,35,0,35
2026-10-18,42,plant-B,line-B10,machine-B6,lot-100,UP,aPZT,category-5,sub-a6,11,0,11
2026-10-18,42,plant-B,line-B7,machine-B1,lot-82,UP,aPZT,category-4,sub-a7,10,0,10
2026-10-18,42,plant-A,line-A7,machine-A8,lot-11,DN,aPZT,pass,pass,0,2738,2803
2026-10-18,42,plant-B,line-B5,machine-B5,lot-56,DN,aPZT,category-4,sub-a9,18,0,18
2026-10-18,42,plant-A,line-A9,machine-A5,lot-83,DN,bPZT,category-5,sub-b4,39,0,39
2026-10-18,42,plant-B,line-B3,machine-B5,lot-78,UP,bPZT,category-5,sub-b10,9,0,9
2026-10-18,42,plant-A,line-A5,machine-A6,lot-12,DN,aPZT,category-2,sub-a8,9,0,9
2026-10-18,42,plant-A,line-A9,machine-A5,lot-83,UP,aPZT,category-2,sub-a6,15,0,15
2026-10-18,42,plant-B,line-B4,machine-B3,lot-18,UP,aPZT,category-1,sub-a2,20,0,20
2026-10-18,42,plant-B,line-B10,machine-B6,lot-100,DN,aPZT,category-5,sub-a1,12,0,12
2026-10-18,42,plant-A,line-A2,machine-A4,lot-92,UP,bPZT,category-3,sub-b5,29,0,29
2026-10-18,42,plant-B,line-B7,machine-B2,lot-77,UP,aPZT,category-2,sub-a10,2,0,2
2026-10-18,42,plant-B,line-B10,machine-B9,lot-22,Up,aPZT,category-4,,21,0,21
2026-10-18,42,plant-B,line-B8,machine-B2,lot-81,DN,bPZT,category-2,sub-b6,16,0,16
2026-10-18,42,plant-A,line-A2,machine-A4,lot-92,DN,bPZT,category-5,sub-b8,4,0,4
2026-10-18,42,plant-B,line-B9,machine-B9,lot-30,DN,bPZT,category-5,sub-b8,36,0,36
2026-10-18,42,plant-B,line-B1,machine-B9,lot-88,UP,bPZT,category-4,sub-b5,37,0,37
2026-10-18,42,plant-A,line-A1,machine-A8,lot-25,DN,bPZT,category-5,sub-b2,39,0,39
2026-10-18,42,plant-B,line-B10,machine-B6,lot-100,DN,aPZT,category-3,sub-a2,15,0,15
2026-10-18,42,plant-A,line-A7,machine-A3,lot-15,DN,bPZT,category-5,sub-b1,24,0,24
2026-10-18,42,plant-B,line-B10,machine-B6,lot-100,DN,aPZT,pass,pass,0,2877,2950
2026-10-18,42,plant-A,line-A5,machine-A6,lot-12,DN,bPZT,category-2,sub-b9,11,0,11
2026-10-18,42,plant-B,line-B5,machine-B5,lot-56,DN,aPZT,category-4,sub-a8,12,0,12
2026-10-18,42,plant-A,line-A7,machine-A8,lot-11,UP,bPZT,pass,pass,0,2738,2766
2026-10-18,42,plant-A,line-A9,machine-A7,lot-23,UP,aPZT,category-2,sub-a5,14,0,14
2026-10-18,42,plant-B,line-B3,machine-B5,lot-78,DN,aPZT,category-2,sub-a1,3,0,3
2026-10-18,42,plant-A,line-A1,machine-A8,lot-25,UP,bPZT,pass,pass,0,2993,3054
2026-10-18,42,plant-B,line-B8,machine-B2,lot-81,UP,bPZT,category-2,sub-b10,39,0,39
2026-10-18,42,plant-B,line-B10,machine-B9,lot-22,UP,aPZT,pass,pass,0,2043,2077
2026-10-18,42,plant-B,line-B4,machine-B3,lot-18,DN,bPZT,category-1,sub-b6,2,0,2
2026-10-18,42,plant-B,line-B7,machine-B1,lot-82,UP,aPZT,pass,pass,0,2896,2937
2026-10-18,42,plant-B,line-B10,machine-B5,lot-26,DN,aPZT,pass,pass,0,2253,2373
2026-10-18,42,plant-B,line-B7,machine-B1,lot-82,UP,aPZT,category-5,sub-a9,7,0,7
2026-10-18,42,plant-B,line-B1,machine-B9,lot-88,UP,bPZT,category-1,sub-b1,29,0,29
2026-10-18,42,plant-A,line-A1,machine-A8,lot-25,DN,aPZT,category-3,sub-a4,21,0,21
2026-10-18,42,plant-B,line-B7,machine-B2,lot-77,DN,bPZT,category-1,sub-b6,16,0,16
2026-10-18,42,plant-A,line-A8,machine-A1,lot-96,UP,aPZT,category-5,sub-a6,13,0,13
2026-10-18,42,plant-B,line-B7,machine-B2,lot-77,DN,bPZT,category-3,sub-b6,10,0,10
2026-10-18,42,plant-A,line-A5,machine-A6,lot-12,Up,bPZT,category-3,sub-b8,12,0,12
2026-10-18,42,plant-A,line-A8,machine-A1,lot-96,DN,aPZT,category-2,sub-a6,8,0,8
2026-10-18,42,plant-A,line-A7,machine-A3,lot-15,DN,aPZT,category-2,sub-a5,34,0,34
2026-10-18,42,plant-B,line-B1,machine-B9,lot-88,DN,aPZT,category-4,sub-a6,12,0,12
2026-10-18,42,plant-A,line-A9,machine-A7,lot-23,DN,aPZT,category-5,sub-a3,39,0,39
2026-10-18,42,plant-B,line-B10,machine-B5,lot-26,DN,bPZT,pass,pass,0,2253,2287
2026-10-18,42,plant-B,line-B9,machine-B9,lot-30,UP,bPZT,category-1,sub-b8,32,0,32
2026-10-18,42,plant-B,line-B3,machine-B5,lot-78,DN,bPZT,category-4,sub-b5,39,0,39
2026-10-18,42,plant-A,line-A7,machine-A3,lot-15,DN,bPZT,pass,pass,0,2927,2968
2026-10-18,42,plant-A,line-A7,machine-A7,lot-90,UP,aPZT,category-2,sub-a1,13,0,13
2026-10-18,42,plant-B,line-B10,machine-B6,lot-100,DN,aPZT,category-2,sub-a2,35,0,35
2026-10-18,42,plant-A,line-A7,machine-A7,lot-90,UP,aPZT,pass,pass,0,2093,2106
2026-10-18,42,plant-A,line-A9,machine-A7,lot-23,UP,aPZT,category-1,sub-a7,14,0,14
2026-10-18,42,plant-A,line-A2,machine-A4,lot-92,UP,aPZT,category-1,sub-a8,29,0,29
2026-10-18,42,plant-A,line-A9,machine-A5,lot-83,DN,aPZT,category-2,sub-a10,15,0,15
2026-10-18,42,plant-B,line-B1,machine-B2,lot-86,UP,aPZT,category-4,sub-a9,29,0,29
2026-10-18,42,plant-B,line-B10,machine-B9,lot-22,UP,bPZT,category-2,sub-b5,34,0,34
2026-10-18,42,plant-B,line-B1,machine-B10,lot-41,DN,aPZT,category-4,sub-a10,36,0,36
2026-10-18,42,plant-A,line-A7,machine-A8,lot-11,UP,bPZT,category-5,sub-b7,10,0,10
2026-10-18,42,plant-A,line-A2,machine-A4,lot-92,DN,bPZT,category-3,sub-b9,34,0,34
2026-10-18,42,plant-B,line-B1,machine-B9,lot-88,DN,bPZT,category-4,sub-b8,26,0,26
2026-10-18,42,plant-B,line-B5,machine-B2,lot-70,DN,bPZT,pass,pass,0,2887,2915
2026-10-18,42,plant-A,line-A5,machine-A6,lot-12,DN,bPZT,pass,pass,0,2957,2995
2026-10-18,42,plant-B,line-B8,machine-B2,lot-81,DN,bPZT,category-4,sub-b3,13,0,13
2026-10-18,42,plant-A,line-A9,machine-A7,lot-23,UP,aPZT,pass,pass,0,2464,2499
2026-10-18,42,plant-B,line-B9,machine-B9,lot-30,Dn,bPZT,category-5,,2,0,2
2026-10-18,42,plant-B,line-B5,machine-B5,lot-56,UP,aPZT,category-4,sub-a9,21,0,21
2026-10-18,42,plant-A,line-A8,machine-A1,lot-96,Dn,bPZT,category-3,sub-b5,25,0,25
2026-10-18,42,plant-B,line-B1,machine-B9,lot-88,DN,bPZT,pass,pass,0,2661,2683
2026-10-18,42,plant-A,line-A7,machine-A7,lot-90,DN,aPZT,category-1,sub-a6,18,0,18
2026-10-18,42,plant-A,line-A9,machine-A7,lot-23,UP,bPZT,pass,pass,0,2464,2560
2026-10-18,42,plant-A,line-A2,machine-A4,lot-92,UP,bPZT,category-4,sub-b1,7,0,7
2026-10-18,42,plant-B,line-B7,machine-B2,lot-77,DN,bPZT,category-4,sub-b10,37,0,37
2026-10-18,42,plant-B,line-B3,machine-B5,lot-78,DN,bPZT,pass,pass,0,2047,2110
2026-10-18,42,plant-A,line-A8,machine-A1,lot-96,UP,aPZT,category-4,sub-a6,6,0,6
2026-10-18,42,plant-B,line-B9,machine-B9,lot-30,UP,aPZT,pass,pass,0,2557,2642
2026-10-18,42,plant-B,line-B5,machine-B2,lot-70,UP,aPZT,pass,pass,0,2887,2913
2026-10-18,42,plant-A,line-A2,machine-A4,lot-92,UP,aPZT,pass,pass,0,2901,3058
2026-10-18,42,plant-B,line-B10,machine-B5,lot-26,DN,bPZT,category-1,sub-b7,31,0,31
2026-10-18,42,plant-A,line-A1,machine-A8,lot-25,UP,aPZT,pass,pass,0,2993,3135
2026-10-18,42,plant-A,line-A1,machine-A8,lot-25,UP,aPZT,category-5,sub-a5,40,0,40
2026-10-18,42,plant-A,line-A6,machine-A8,lot-79,DN,bPZT,pass,pass,0,2644,2823
2026-10-18,42,plant-A,line-A2,machine-A4,lot-92,UP,bPZT,category-2,sub-b1,27,0,27
2026-10-18,42,plant-B,line-B10,machine-B5,lot-26,DN,bPZT,category-1,sub-b10,7,0,7
2026-10-18,42,plant-B,line-B8,machine-B2,lot-81,UP,bPZT,pass,pass,0,2176,2224
2026-10-18,42,plant-A,line-A1,machine-A8,lot-25,UP,bPZT,category-4,sub-b8,25,0,25
2026-10-18,42,plant-A,line-A7,machine-A8,lot-11,DN,aPZT,category-1,sub-a3,28,0,28
2026-10-18,42,plant-A,line-A6,machine-A8,lot-79,UP,aPZT,category-4,sub-a9,39,0,39
2026-10-18,42,plant-B,line-B1,machine-B9,lot-88,DN,aPZT,pass,pass,0,2661,2795
2026-10-18,42,plant-B,line-B6,machine-B9,lot-50,UP,bPZT,category-1,sub-b6,31,0,31
2026-10-18,42,plant-B,line-B10,machine-B5,lot-26,UP,bPZT,category-5,sub-b4,32,0,32
2026-10-18,42,plant-B,line-B3,machine-B5,lot-78,UP,bPZT,category-2,sub-b1,7,0,7
2026-10-18,42,plant-B,line-B6,machine-B9,lot-50,DN,aPZT,pass,pass,0,2815,2882
2026-10-18,42,plant-B,line-B8,machine-B2,lot-81,DN,aPZT,pass,pass,0,2176,2280
2026-10-18,42,plant-A,line-A9,machine-A7,lot-23,DN,bPZT,category-5,sub-b9,18,0,18
2026-10-18,42,plant-B,line-B10,machine-B5,lot-26,Up,aPZT,category-2,sub-a1,11,0,11
2026-10-18,42,plant-A,line-A7,machine-A3,lot-15,UP,aPZT,category-3,sub-a10,7,0,7
2026-10-19,43,plant-A,line-A2,machine-A9,lot-72,UP,bPZT,category-4,sub-b1,26,0,26
2026-10-19,43,plant-B,line-B2,machine-B3,lot-4,DN,aPZT,category-2,sub-a9,5,0,5
2026-10-19,43,plant-A,line-A4,machine-A6,lot-62,UP,bPZT,category-3,sub-b4,13,0,13
2026-10-19,43,plant-A,line-A2,machine-A3,lot-8,DN,aPZT,category-3,sub-a1,22,0,22
2026-10-19,43,plant-B,line-B1,machine-B8,lot-96,DN,aPZT,category-2,sub-a8,35,0,35
2026-10-19,43,plant-B,line-B1,machine-B8,lot-96,DN,bPZT,pass,pass,0,2187,2269
2026-10-19,43,plant-A,line-A10,machine-A8,lot-39,UP,aPZT,category-5,sub-a7,11,0,11
2026-10-19,43,plant-A,line-A9,machine-A10,lot-12,DN,aPZT,category-5,sub-a8,17,0,17
2026-10-19,43,plant-B,line-B1,machine-B8,lot-96,DN,aPZT,category-4,sub-a3,17,0,17
2026-10-19,43,plant-B,line-B5,machine-B5,lot-46,DN,bPZT,category-4,sub-b6,30,0,30
2026-10-19,43,plant-B,line-B1,machine-B8,lot-96,DN,bPZT,category-1,sub-b1,17,0,17
2026-10-19,43,plant-B,line-B2,machine-B3,lot-4,DN,aPZT,category-1,sub-a3,3,0,3
2026-10-19,43,plant-B,line-B1,machine-B8,lot-96,DN,bPZT,category-2,sub-b9,20,0,20
2026-10-19,43,plant-B,line-B5,machine-B5,lot-46,DN,bPZT,pass,pass,0,2805,2838
2026-10-19,43,plant-B,line-B7,machine-B6,lot-98,UP,bPZT,category-4,sub-b4,40,0,40
2026-10-19,43,plant-B,line-B6,machine-B5,lot-44,DN,bPZT,category-5,sub-b5,19,0,19
2026-10-19,43,plant-A,line-A7,machine-A2,lot-49,DN,aPZT,category-4,sub-a6,32,0,32
2026-10-19,43,plant-B,line-B1,machine-B5,lot-23,DN,aPZT,pass,pass,0,2629,2689
2026-10-19,43,plant-B,line-B7,machine-B6,lot-98,UP,bPZT,category-4,sub-b3,17,0,17
2026-10-19,43,plant-A,line-A4,machine-A6,lot-62,DN,aPZT,pass,pass,0,2042,2064
2026-10-19,43,plant-A,line-A2,machine-A3,lot-8,DN,aPZT,pass,pass,0,2013,2050
2026-10-19,43,plant-A,line-A10,machine-A3,lot-83,DN,bPZT,category-5,sub-b7,22,0,22
2026-10-19,43,plant-A,line-A9,machine-A10,lot-12,DN,aPZT,pass,pass,0,2136,2150
2026-10-19,43,plant-A,line-A2,machine-A1,lot-41,UP,bPZT,category-4,sub-b6,19,0,19
2026-10-19,43,plant-A,line-A5,machine-A7,lot-92,DN,bPZT,category-1,sub-b1,4,0,4
2026-10-19,43,plant-A,line-A6,machine-A9,lot-91,DN,aPZT,pass,pass,0,2984,3072
2026-10-19,43,plant-A,line-A5,machine-A7,lot-92,UP,aPZT,category-3,sub-a1,28,0,28
2026-10-19,43,plant-A,line-A10,machine-A8,lot-39,DN,aPZT,category-4,sub-a3,35,0,35
2026-10-19,43,plant-A,line-A5,machine-A3,lot-70,UP,aPZT,category-2,sub-a2,5,0,5
2026-10-19,43,plant-B,line-B6,machine-B5,lot-44,DN,bPZT,category-1,sub-b10,15,0,15
2026-10-19,43,plant-A,line-A10,machine-A1,lot-51,UP,bPZT,category-4,sub-b10,8,0,8
2026-10-19,43,plant-B,line-B6,machine-B5,lot-44,DN,bPZT,category-5,sub-b6,25,0,25
2026-10-19,43,plant-B,line-B1,machine-B8,lot-96,DN,bPZT,category-4,sub-b9,32,0,32
2026-10-19,43,plant-A,line-A5,machine-A3,lot-70,DN,bPZT,category-3,,38,0,38
2026-10-19,43,plant-B,line-B3,machine-B7,lot-24,DN,bPZT,category-3,sub-b2,17,0,17
2026-10-19,43,plant-A,line-A5,machine-A3,lot-70,UP,aPZT,category-2,sub-a10,39,0,39
2026-10-19,43,plant-A,line-A9,machine-A10,lot-12,UP,aPZT,category-3,sub-a1,40,0,40
2026-10-19,43,plant-B,line-B9,machine-B6,lot-11,DN,aPZT,category-5,sub-a8,28,0,28
2026-10-19,43,plant-B,line-B8,machine-B3,lot-32,UP,bPZT,category-2,sub-b9,26,0,26
2026-10-19,43,plant-B,line-B5,machine-B5,lot-46,DN,aPZT,pass,pass,0,2805,2894
2026-10-19,43,plant-A,line-A10,machine-A4,lot-22,UP,aPZT,category-2,sub-a3,6,0,6
2026-10-19,43,plant-A,line-A7,machine-A2,lot-49,DN,aPZT,category-3,sub-a9,7,0,7
2026-10-19,43,plant-B,line-B3,machine-B7,lot-24,UP,bPZT,pass,pass,0,2144,2183
2026-10-19,43,plant-A,line-A5,machine-A3,lot-70,uP,bPZT,category-1,,11,0,11
2026-10-19,43,plant-A,line-A7,machine-A2,lot-49,DN,bPZT,category-5,sub-b10,15,0,15
2026-10-19,43,plant-A,line-A2,machine-A3,lot-8,DN,bPZT,category-3,sub-b9,24,0,24
2026-10-19,43,plant-B,line-B3,machine-B7,lot-24,DN,bPZT,category-1,sub-b6,27,0,27
2026-10-19,43,plant-A,line-A2,machine-A9,lot-72,DN,bPZT,category-3,sub-b8,34,0,34
2026-10-19,43,plant-A,line-A9,machine-A10,lot-12,UP,bPZT,category-3,sub-b9,14,0,14
2026-10-19,43,plant-A,line-A10,machine-A1,lot-51,DN,bPZT,category-3,sub-b4,12,0,12
2026-10-19,43,plant-B,line-B9,machine-B6,lot-11,UP,aPZT,category-2,sub-a8,2,0,2
2026-10-19,43,plant-B,line-B5,machine-B5,lot-46,DN,bPZT,category-3,sub-b2,3,0,3
2026-10-19,43,plant-A,line-A10,machine-A3,lot-83,DN,aPZT,category-1,sub-a10,27,0,27
2026-10-19,43,plant-B,line-B8,machine-B3,lot-32,UP,aPZT,category-3,sub-a4,25,0,25
2026-10-19,43,plant-A,line-A2,machine-A9,lot-72,UP,bPZT,pass,pass,0,2801,2857
2026-10-19,43,plant-B,line-B3,machine-B7,lot-24,UP,aPZT,category-4,sub-a8,39,0,39
2026-10-19,43,plant-B,line-B2,machine-B10,lot-60,UP,bPZT,category-1,sub-b4,30,0,30
2026-10-19,43,plant-A,line-A10,machine-A8,lot-39,UP,aPZT,category-4,sub-a2,31,0,31
2026-10-19,43,plant-A,line-A7,machine-A2,lot-49,UP,bPZT,pass,pass,0,2414,2484
2026-10-19,43,plant-A,line-A5,machine-A3,lot-70,UP,bPZT,category-5,sub-b3,34,0,34
2026-10-19,43,plant-B,line-B6,machine-B5,lot-44,DN,aPZT,category-1,sub-a1,33,0,33
2026-10-19,43,plant-B,line-B3,machine-B7,lot-24,UP,bPZT,category-4,sub-b10,32,0,32
2026-10-19,43,plant-B,line-B6,machine-B5,lot-44,UP,aPZT,category-3,sub-a9,31,0,31
2026-10-19,43,plant-B,line-B2,machine-B5,lot-25,UP,bPZT,category-2,sub-b10,39,0,39
2026-10-19,43,plant-B,line-B2,machine-B10,lot-60,UP,aPZT,category-3,sub-a9,20,0,20
2026-10-19,43,plant-A,line-A2,machine-A9,lot-72,DN,aPZT,category-2,sub-a8,18,0,18
2026-10-19,43,plant-A,line-A9,machine-A10,lot-12,UP,aPZT,category-2,sub-a4,10,0,10
2026-10-19,43,plant-A,line-A10,machine-A3,lot-83,UP,aPZT,category-2,sub-a10,30,0,30
2026-10-19,43,plant-B,line-B9,machine-B6,lot-11,UP,aPZT,pass,,0,2636,2649
2026-10-19,43,plant-B,line-B6,machine-B5,lot-44,DN,bPZT,category-1,sub-b4,18,0,18
2026-10-19,43,plant-A,line-A10,machine-A3,lot-83,DN,aPZT,pass,pass,0,2108,2194
2026-10-19,43,plant-B,line-B10,machine-B4,lot-7,UP,bPZT,category-3,sub-b5,11,0,11
2026-10-19,43,plant-B,line-B2,machine-B5,lot-25,UP,aPZT,category-3,sub-a9,20,0,20
2026-10-19,43,plant-B,line-B2,machine-B3,lot-4,UP,bPZT,category-3,sub-b4,18,0,18
2026-10-19,43,plant-A,line-A10,machine-A3,lot-83,DN,bPZT,category-2,sub-b6,9,0,9
2026-10-19,43,plant-B,line-B1,machine-B5,lot-23,DN,aPZT,category-2,sub-a5,19,0,19
2026-10-19,43,plant-A,line-A10,machine-A3,lot-83,UP,bPZT,pass,pass,0,2108,2187
2026-10-19,43,plant-B,line-B8,machine-B3,lot-32,Dn,aPZT,category-2,,12,0,12
2026-10-19,43,plant-A,line-A5,machine-A7,lot-92,DN,aPZT,pass,pass,0,2064,2157
2026-10-19,43,plant-A,line-A5,machine-A7,lot-92,DN,bPZT,category-2,sub-b1,28,0,28
2026-10-19,43,plant-B,line-B8,machine-B3,lot-32,DN,aPZT,category-1,sub-a4,7,0,7
2026-10-19,43,plant-B,line-B2,machine-B5,lot-25,DN,aPZT,pass,pass,0,2562,2617
2026-10-19,43,plant-A,line-A6,machine-A9,lot-91,DN,aPZT,category-1,sub-a2,31,0,31
2026-10-19,43,plant-A,line-A4,machine-A6,lot-62,UP,aPZT,category-2,sub-a6,8,0,8
2026-10-19,43,plant-B,line-B10,machine-B4,lot-7,UP,bPZT,pass,pass,0,2076,2082
2026-10-19,43,plant-A,line-A10,machine-A8,lot-39,DN,bPZT,category-4,sub-b6,39,0,39
2026-10-19,43,plant-A,line-A2,machine-A9,lot-72,UP,bPZT,category-1,sub-b4,8,0,8
2026-10-19,43,plant-B,line-B1,machine-B8,lot-96,DN,aPZT,category-3,sub-a5,30,0,30
2026-10-19,43,plant-B,line-B5,machine-B5,lot-46,UP,bPZT,category-1,sub-b5,21,0,21
2026-10-19,43,plant-A,line-A10,machine-A4,lot-22,UP,bPZT,pass,pass,0,2862,2868
2026-10-19,43,plant-A,line-A9,machine-A10,lot-12,DN,aPZT,category-2,sub-a7,5,0,5
2026-10-19,43,plant-A,line-A7,machine-A2,lot-49,DN,aPZT,category-5,sub-a8,11,0,11
2026-10-19,43,plant-A,line-A10,machine-A4,lot-22,DN,aPZT,pass,pass,0,2862,2878
2026-10-19,43,plant-B,line-B2,machine-B3,lot-4,DN,bPZT,pass,pass,0,2977,3013
2026-10-19,43,plant-A,line-A7,machine-A2,lot-49,UP,bPZT,category-2,sub-b7,3,0,3
2026-10-19,43,plant-A,line-A2,machine-A1,lot-41,UP,bPZT,pass,pass,0,2427,2440
2026-10-19,43,plant-A,line-A10,machine-A8,lot-39,DN,aPZT,category-1,sub-a1,33,0,33
2026-10-19,43,plant-B,line-B2,machine-B5,lot-25,DN,aPZT,category-1,sub-a6,3,0,3
2026-10-19,43,plant-B,line-B7,machine-B6,lot-98,UP,aPZT,pass,,0,2495,2552
2026-10-19,43,plant-A,line-A10,machine-A1,lot-51,DN,bPZT,category-2,sub-b4,1,0,1
2026-10-19,43,plant-B,line-B5,machine-B5,lot-46,UP,bPZT,category-1,sub-b4,35,0,35
2026-10-19,43,plant-A,line-A5,machine-A7,lot-92,UP,bPZT,pass,pass,0,2064,2092
2026-10-19,43,plant-B,line-B2,machine-B10,lot-60,DN,aPZT,category-1,sub-a7,15,0,15
2026-10-19,43,plant-A,line-A6,machine-A9,lot-91,DN,bPZT,category-2,sub-b5,20,0,20
2026-10-19,43,plant-A,line-A10,machine-A1,lot-51,UP,aPZT,pass,pass,0,2792,2853
2026-10-19,43,plant-B,line-B2,machine-B5,lot-25,DN,aPZT,category-2,sub-a10,13,0,13
2026-10-19,43,plant-B,line-B8,machine-B3,lot-32,DN,aPZT,category-3,sub-a10,19,0,19
2026-10-19,43,plant-A,line-A2,machine-A9,lot-72,DN,aPZT,category-4,sub-a3,38,0,38
2026-10-19,43,plant-A,line-A10,machine-A8,lot-39,DN,aPZT,category-1,,10,0,10
2026-10-19,43,plant-B,line-B8,machine-B3,lot-32,UP,aPZT,category-3,sub-a3,8,0,8
2026-10-19,43,plant-B,line-B6,machine-B5,lot-44,UP,aPZT,category-3,sub-a1,29,0,29
2026-10-19,43,plant-A,line-A7,machine-A2,lot-49,DN,aPZT,category-3,sub-a5,20,0,20
2026-10-19,43,plant-A,line-A6,machine-A9,lot-91,DN,bPZT,category-3,sub-b4,23,0,23
2026-10-19,43,plant-B,line-B3,machine-B7,lot-24,DN,aPZT,pass,pass,0,2144,2220
2026-10-19,43,plant-B,line-B9,machine-B6,lot-11,DN,bPZT,pass,pass,0,2636,2682
2026-10-19,43,plant-B,line-B2,machine-B10,lot-60,UP,aPZT,pass,pass,0,2476,2506
2026-10-19,43,plant-A,line-A5,machine-A3,lot-70,DN,aPZT,pass,pass,0,2644,2839
2026-10-19,43,plant-B,line-B10,machine-B4,lot-7,UP,bPZT,category-3,sub-b7,34,0,34
2026-10-19,43,plant-B,line-B1,machine-B5,lot-23,UP,bPZT,pass,pass,0,2629,2711
2026-10-19,43,plant-B,line-B2,machine-B10,lot-60,UP,aPZT,category-5,sub-a6,40,0,40
2026-10-19,43,plant-A,line-A7,machine-A2,lot-49,DN,aPZT,pass,pass,0,2414,2490
2026-10-19,43,plant-A,line-A7,machine-A2,lot-49,DN,bPZT,category-3,,33,0,33
2026-10-19,43,plant-A,line-A6,machine-A9,lot-91,DN,bPZT,pass,pass,0,2984,3078
2026-10-19,43,plant-A,line-A6,machine-A9,lot-91,DN,aPZT,category-2,sub-a2,23,0,23
2026-10-19,43,plant-B,line-B8,machine-B3,lot-32,UP,aPZT,category-5,sub-a1,8,0,8
2026-10-19,43,plant-A,line-A5,machine-A3,lot-70,DN,bPZT,category-1,sub-b5,31,0,31
2026-10-19,43,plant-A,line-A4,machine-A6,lot-62,DN,aPZT,category-2,sub-a4,13,0,13
2026-10-19,43,plant-A,line-A4,machine-A6,lot-62,DN,bPZT,pass,pass,0,2042,2093
2026-10-19,43,plant-A,line-A2,machine-A1,lot-41,UP,bPZT,category-2,sub-b9,26,0,26
2026-10-19,43,plant-A,line-A10,machine-A4,lot-22,DN,bPZT,category-2,sub-b3,4,0,4
2026-10-19,43,plant-A,line-A5,machine-A3,lot-70,Dn,aPZT,category-3,sub-a2,31,0,31
2026-10-19,43,plant-A,line-A6,machine-A9,lot-91,UP,aPZT,category-1,sub-a7,40,0,40
2026-10-19,43,plant-B,line-B1,machine-B5,lot-23,DN,aPZT,category-2,sub-a6,38,0,38
2026-10-19,43,plant-B,line-B2,machine-B3,lot-4,DN,aPZT,category-4,sub-a10,19,0,19
2026-10-19,43,plant-B,line-B2,machine-B5,lot-25,UP,bPZT,category-1,sub-b8,11,0,11
2026-10-19,43,plant-A,line-A5,machine-A3,lot-70,UP,bPZT,category-4,sub-b9,28,0,28
2026-10-19,43,plant-A,line-A10,machine-A1,lot-51,DN,bPZT,pass,pass,0,2792,2851
2026-10-19,43,plant-B,line-B1,machine-B5,lot-23,DN,bPZT,category-5,sub-b9,39,0,39
2026-10-19,43,plant-B,line-B10,machine-B4,lot-7,UP,bPZT,category-5,sub-b9,7,0,7
2026-10-19,43,plant-A,line-A2,machine-A1,lot-41,UP,bPZT,category-2,sub-b8,35,0,35
2026-10-19,43,plant-A,line-A2,machine-A1,lot-41,DN,bPZT,category-1,sub-b1,16,0,16
2026-10-19,43,plant-A,line-A2,machine-A3,lot-8,DN,bPZT,pass,pass,0,2013,2035
2026-10-19,43,plant-A,line-A2,machine-A1,lot-41,DN,bPZT,category-4,sub-b5,6,0,6
2026-10-19,43,plant-A,line-A10,machine-A1,lot-51,UP,bPZT,category-3,sub-b8,40,0,40
2026-10-19,43,plant-A,line-A2,machine-A1,lot-41,DN,bPZT,category-3,sub-b10,22,0,22
2026-10-19,43,plant-B,line-B6,machine-B5,lot-44,DN,bPZT,category-2,sub-b9,13,0,13
2026-10-19,43,plant-A,line-A10,machine-A3,lot-83,DN,aPZT,category-4,sub-a2,22,0,22
2026-10-19,43,plant-B,line-B7,machine-B6,lot-98,UP,aPZT,category-2,sub-a4,6,0,6
2026-10-19,43,plant-A,line-A10,machine-A1,lot-51,DN,aPZT,category-5,sub-a9,24,0,24
2026-10-19,43,plant-B,line-B6,machine-B5,lot-44,DN,aPZT,pass,pass,0,2959,3105
2026-10-19,43,plant-A,line-A10,machine-A1,lot-51,DN,aPZT,category-4,sub-a9,35,0,35
2026-10-19,43,plant-B,line-B6,machine-B5,lot-44,UP,bPZT,category-4,sub-b5,33,0,33
2026-10-19,43,plant-B,line-B8,machine-B3,lot-32,UP,aPZT,pass,pass,0,2462,2489
2026-10-19,43,plant-A,line-A10,machine-A8,lot-39,UP,bPZT,pass,pass,0,2663,2833
2026-10-19,43,plant-B,line-B9,machine-B6,lot-11,DN,bPZT,category-3,sub-b2,13,0,13
2026-10-19,43,plant-B,line-B2,machine-B10,lot-60,UP,aPZT,category-1,sub-a5,6,0,6
2026-10-19,43,plant-A,line-A5,machine-A3,lot-70,UP,bPZT,category-1,sub-b9,40,0,40
2026-10-19,43,plant-A,line-A2,machine-A1,lot-41,DN,aPZT,pass,pass,0,2427,2601
2026-10-19,43,plant-B,line-B8,machine-B3,lot-32,DN,bPZT,pass,pass,0,2462,2541
2026-10-19,43,plant-A,line-A10,machine-A8,lot-39,DN,aPZT,category-5,sub-a4,16,0,16
2026-10-19,43,plant-B,line-B2,machine-B3,lot-4,DN,aPZT,category-2,sub-a9,9,0,9
2026-10-19,43,plant-A,line-A10,machine-A4,lot-22,up,bPZT,category-4,sub-b10,12,0,12
2026-10-19,43,plant-B,line-B10,machine-B4,lot-7,UP,bPZT,category-2,sub-b7,39,0,39
2026-10-19,43,plant-B,line-B5,machine-B5,lot-46,UP,aPZT,category-1,sub-a1,33,0,33
2026-10-19,43,plant-A,line-A5,machine-A7,lot-92,UP,bPZT,category-5,sub-b10,39,0,39
2026-10-19,43,plant-A,line-A5,machine-A7,lot-92,uP,bPZT,category-2,sub-b5,22,0,22
2026-10-19,43,plant-A,line-A2,machine-A1,lot-41,UP,bPZT,category-5,sub-b2,17,0,17
2026-10-19,43,plant-A,line-A5,machine-A3,lot-70,UP,bPZT,pass,pass,0,2644,2719
2026-10-19,43,plant-B,line-B6,machine-B5,lot-44,DN,bPZT,category-1,sub-b7,21,0,21
2026-10-19,43,plant-A,line-A2,machine-A1,lot-41,DN,aPZT,category-1,sub-a10,13,0,13
2026-10-19,43,plant-B,line-B2,machine-B10,lot-60,UP,bPZT,pass,pass,0,2476,2557
2026-10-19,43,plant-A,line-A10,machine-A3,lot-83,UP,bPZT,category-3,sub-b9,31,0,31
2026-10-19,43,plant-B,line-B2,machine-B3,lot-4,DN,aPZT,pass,pass,0,2977,3020
2026-10-19,43,plant-A,line-A7,machine-A2,lot-49,UP,bPZT,category-2,sub-b1,25,0,25
2026-10-19,43,plant-A,line-A4,machine-A6,lot-62,UP,bPZT,category-3,sub-b7,9,0,9
2026-10-19,43,plant-A,line-A5,machine-A3,lot-70,DN,bPZT,category-1,,13,0,13
2026-10-19,43,plant-B,line-B2,machine-B3,lot-4,UP,bPZT,category-3,sub-b10,25,0,25
2026-10-19,43,plant-A,line-A10,machine-A8,lot-39,UP,aPZT,category-2,sub-a2,34,0,34
2026-10-19,43,plant-B,line-B1,machine-B8,lot-96,UP,aPZT,pass,pass,0,2187,2256
2026-10-19,43,plant-A,line-A9,machine-A10,lot-12,DN,bPZT,pass,pass,0,2136,2208
2026-10-19,43,plant-B,line-B10,machine-B4,lot-7,DN,aPZT,pass,pass,0,2076,2167
2026-10-19,43,plant-B,line-B8,machine-B3,lot-32,DN,bPZT,category-4,sub-b1,1,0,1
2026-10-19,43,plant-B,line-B6,machine-B5,lot-44,DN,bPZT,pass,pass,0,2959,3052
2026-10-19,43,plant-A,line-A2,machine-A3,lot-8,DN,bPZT,category-2,sub-b8,13,0,13
2026-10-19,43,plant-A,line-A6,machine-A9,lot-91,UP,bPZT,category-3,sub-b7,23,0,23
2026-10-19,43,plant-A,line-A4,machine-A6,lot-62,DN,aPZT,category-2,sub-a4,30,0,30
2026-10-19,43,plant-B,line-B2,machine-B5,lot-25,DN,bPZT,category-4,sub-b8,5,0,5
2026-10-19,43,plant-B,line-B7,machine-B6,lot-98,UP,bPZT,pass,pass,0,2495,2501
2026-10-19,43,plant-A,line-A6,machine-A9,lot-91,DN,bPZT,category-5,sub-b2,22,0,22
2026-10-19,43,plant-B,line-B1,machine-B5,lot-23,DN,bPZT,category-5,sub-b10,21,0,21
2026-10-19,43,plant-A,line-A10,machine-A8,lot-39,UP,aPZT,pass,pass,0,2663,2702
2026-10-19,43,plant-B,line-B9,machine-B6,lot-11,UP,aPZT,category-4,sub-a2,16,0,16
2026-10-19,43,plant-A,line-A10,machine-A3,lot-83,DN,bPZT,category-2,sub-b1,24,0,24
2026-10-19,43,plant-B,line-B2,machine-B5,lot-25,DN,bPZT,pass,pass,0,2562,2598
2026-10-19,43,plant-A,line-A2,machine-A9,lot-72,DN,aPZT,pass,pass,0,2801,2875
2026-10-19,43,plant-B,line-B10,machine-B4,lot-7,DN,aPZT,category-4,sub-a8,6,0,6
2026-10-19,43,plant-A,line-A2,machine-A9,lot-72,DN,bPZT,category-5,sub-b8,6,0,6
2026-10-19,43,plant-A,line-A2,machine-A1,lot-41,DN,bPZT,category-3,sub-b9,33,0,33
2026-10-19,43,plant-B,line-B1,machine-B5,lot-23,UP,aPZT,category-5,sub-a9,25,0,25
2026-10-19,43,plant-B,line-B6,machine-B5,lot-44,DN,bPZT,category-4,sub-b10,2,0,2
2026-10-20,43,plant-B,line-B9,machine-B9,lot-78,DN,aPZT,pass,pass,0,2413,2549
2026-10-20,43,plant-B,line-B8,machine-B6,lot-87,DN,aPZT,pass,pass,0,2964,3043
2026-10-20,43,plant-B,line-B4,machine-B10,lot-80,UP,bPZT,category-3,sub-b7,5,0,5
2026-10-20,43,plant-B,line-B8,machine-B6,lot-87,DN,bPZT,pass,pass,0,2964,3075
2026-10-20,43,plant-A,line-A4,machine-A4,lot-82,DN,bPZT,category-5,sub-b6,27,0,27
2026-10-20,43,plant-B,line-B2,machine-B1,lot-66,DN,aPZT,category-1,sub-a4,10,0,10
2026-10-20,43,plant-A,line-A5,machine-A8,lot-43,DN,aPZT,category-2,sub-a9,40,0,40
2026-10-20,43,plant-B,line-B8,machine-B4,lot-12,DN,aPZT,category-3,sub-a4,20,0,20
2026-10-20,43,plant-B,line-B3,machine-B10,lot-88,DN,aPZT,category-1,sub-a4,32,0,32
2026-10-20,43,plant-A,line-A1,machine-A10,lot-9,UP,bPZT,pass,pass,0,2461,2535
2026-10-20,43,plant-A,line-A4,machine-A4,lot-82,DN,aPZT,pass,pass,0,2084,2111
2026-10-20,43,plant-B,line-B9,machine-B9,lot-78,UP,bPZT,category-4,sub-b2,13,0,13
2026-10-20,43,plant-B,line-B10,machine-B3,lot-28,UP,bPZT,category-3,sub-b8,15,0,15
2026-10-20,43,plant-B,line-B9,machine-B10,lot-58,DN,aPZT,pass,pass,0,2891,2899
2026-10-20,43,plant-B,line-B8,machine-B6,lot-87,UP,aPZT,category-4,sub-a6,33,0,33
2026-10-20,43,plant-B,line-B3,machine-B10,lot-88,UP,aPZT,category-5,sub-a1,28,0,28
2026-10-20,43,plant-A,line-A7,machine-A1,lot-97,DN,aPZT,pass,pass,0,2494,2598
2026-10-20,43,plant-B,line-B4,machine-B6,lot-53,DN,bPZT,category-2,sub-b8,36,0,36
2026-10-20,43,plant-B,line-B8,machine-B6,lot-87,DN,aPZT,category-1,sub-a3,15,0,15
2026-10-20,43,plant-A,line-A5,machine-A8,lot-43,DN,aPZT,category-2,sub-a2,30,0,30
2026-10-20,43,plant-B,line-B2,machine-B1,lot-66,DN,bPZT,category-3,sub-b10,21,0,21
2026-10-20,43,plant-B,line-B2,machine-B1,lot-13,DN,aPZT,category-2,sub-a4,20,0,20
2026-10-20,43,plant-B,line-B8,machine-B4,lot-12,UP,bPZT,category-2,sub-b8,40,0,40
2026-10-20,43,plant-B,line-B2,machine-B4,lot-1,DN,bPZT,category-1,sub-b3,22,0,22
2026-10-20,43,plant-B,line-B2,machine-B1,lot-13,DN,aPZT,category-4,sub-a4,3,0,3
2026-10-20,43,plant-A,line-A7,machine-A9,lot-2,UP,aPZT,category-5,sub-a9,32,0,32
2026-10-20,43,plant-B,line-B1,machine-B1,lot-5,UP,bPZT,category-4,sub-b4,17,0,17
2026-10-20,43,plant-B,line-B9,machine-B10,lot-58,UP,bPZT,pass,pass,0,2891,2925
2026-10-20,43,plant-A,line-A2,machine-A7,lot-16,UP,bPZT,category-5,sub-b4,10,0,10
2026-10-20,43,plant-B,line-B8,machine-B4,lot-12,DN,aPZT,category-4,sub-a4,10,0,10
2026-10-20,43,plant-A,line-A7,machine-A9,lot-2,UP,bPZT,category-4,sub-b2,27,0,27
2026-10-20,43,plant-B,line-B5,machine-B1,lot-83,DN,bPZT,category-5,sub-b10,25,0,25
2026-10-20,43,plant-B,line-B2,machine-B1,lot-13,UP,aPZT,category-4,sub-a10,21,0,21
2026-10-20,43,plant-A,line-A7,machine-A1,lot-97,UP,aPZT,category-3,sub-a3,3,0,3
2026-10-20,43,plant-A,line-A7,machine-A1,lot-97,UP,bPZT,category-2,sub-b4,19,0,19
2026-10-20,43,plant-B,line-B9,machine-B9,lot-78,UP,bPZT,category-3,sub-b10,19,0,19
2026-10-20,43,plant-A,line-A1,machine-A10,lot-9,DN,bPZT,category-4,sub-b4,25,0,25
2026-10-20,43,plant-B,line-B9,machine-B9,lot-78,DN,aPZT,category-4,sub-a7,24,0,24
2026-10-20,43,plant-A,line-A9,machine-A6,lot-29,DN,aPZT,category-5,sub-a5,2,0,2
2026-10-20,43,plant-A,line-A6,machine-A7,lot-74,UP,aPZT,category-4,sub-a8,15,0,15
2026-10-20,43,plant-A,line-A1,machine-A10,lot-9,UP,bPZT,category-4,sub-b8,34,0,34
2026-10-20,43,plant-A,line-A6,machine-A7,lot-74,UP,aPZT,category-1,sub-a2,17,0,17
2026-10-20,43,plant-A,line-A3,machine-A2,lot-48,DN,aPZT,category-2,sub-a8,21,0,21
2026-10-20,43,plant-B,line-B2,machine-B1,lot-13,UP,bPZT,category-1,sub-b1,2,0,2
2026-10-20,43,plant-B,line-B2,machine-B4,lot-1,DN,bPZT,category-1,sub-b4,14,0,14
2026-10-20,43,plant-A,line-A4,machine-A4,lot-82,dN,aPZT,category-5,,2,0,2
2026-10-20,43,plant-A,line-A3,machine-A2,lot-48,UP,aPZT,category-5,sub-a7,19,0,19
2026-10-20,43,plant-B,line-B2,machine-B1,lot-13,DN,bPZT,category-2,sub-b6,25,0,25
2026-10-20,43,plant-B,line-B1,machine-B1,lot-5,DN,aPZT,category-2,sub-a5,40,0,40
2026-10-20,43,plant-A,line-A7,machine-A9,lot-2,UP,bPZT,category-1,sub-b4,37,0,37
2026-10-20,43,plant-A,line-A3,machine-A2,lot-48,DN,aPZT,category-5,sub-a8,29,0,29
2026-10-20,43,plant-B,line-B4,machine-B10,lot-80,UP,bPZT,category-3,sub-b9,3,0,3
2026-10-20,43,plant-A,line-A5,machine-A8,lot-43,UP,aPZT,category-1,sub-a1,28,0,28
2026-10-20,43,plant-B,line-B8,machine-B4,lot-12,DN,aPZT,category-4,sub-a8,37,0,37
2026-10-20,43,plant-B,line-B2,machine-B1,lot-66,DN,aPZT,category-2,sub-a7,11,0,11
2026-10-20,43,plant-A,line-A7,machine-A9,lot-2,UP,bPZT,category-3,sub-b10,30,0,30
2026-10-20,43,plant-B,line-B5,machine-B1,lot-83,DN,aPZT,category-1,sub-a5,31,0,31
2026-10-20,43,plant-B,line-B9,machine-B9,lot-78,DN,bPZT,category-3,sub-b5,14,0,14
2026-10-20,43,plant-A,line-A10,machine-A2,lot-70,DN,aPZT,category-3,sub-a9,13,0,13
2026-10-20,43,plant-A,line-A2,machine-A7,lot-16,DN,bPZT,category-5,sub-b1,24,0,24
2026-10-20,43,plant-A,line-A1,machine-A10,lot-9,UP,aPZT,category-4,sub-a10,40,0,40
2026-10-20,43,plant-A,line-A2,machine-A7,lot-16,UP,bPZT,category-3,sub-b9,12,0,12
2026-10-20,43,plant-A,line-A9,machine-A6,lot-29,UP,bPZT,pass,pass,0,2586,2588
2026-10-20,43,plant-A,line-A9,machine-A6,lot-29,DN,bPZT,category-4,sub-b2,26,0,26
2026-10-20,43,plant-B,line-B4,machine-B6,lot-53,UP,aPZT,category-1,sub-a7,24,0,24
2026-10-20,43,plant-B,line-B4,machine-B6,lot-53,DN,aPZT,pass,pass,0,2666,2737
2026-10-20,43,plant-A,line-A10,machine-A2,lot-70,UP,bPZT,pass,pass,0,2081,2190
2026-10-20,43,plant-A,line-A7,machine-A9,lot-2,DN,aPZT,pass,,0,2714,2846
2026-10-20,43,plant-A,line-A2,machine-A7,lot-16,DN,bPZT,pass,pass,0,2768,2783
2026-10-20,43,plant-A,line-A2,machine-A7,lot-16,UP,aPZT,pass,pass,0,2768,2863
2026-10-20,43,plant-B,line-B4,machine-B10,lot-80,UP,bPZT,category-2,sub-b8,12,0,12
2026-10-20,43,plant-B,line-B4,machine-B6,lot-53,DN,bPZT,category-1,sub-b10,6,0,6
2026-10-20,43,plant-A,line-A8,machine-A4,lot-73,dN,bPZT,category-5,,20,0,20
2026-10-20,43,plant-A,line-A9,machine-A9,lot-6,UP,bPZT,category-4,sub-b10,8,0,8
2026-10-20,43,plant-A,line-A10,machine-A2,lot-70,dn,aPZT,category-1,sub-a5,38,0,38
2026-10-20,43,plant-B,line-B3,machine-B10,lot-88,DN,bPZT,category-3,sub-b5,19,0,19
2026-10-20,43,plant-B,line-B8,machine-B4,lot-12,UP,aPZT,category-4,sub-a3,37,0,37
2026-10-20,43,plant-A,line-A9,machine-A9,lot-6,DN,bPZT,pass,pass,0,2180,2211
2026-10-20,43,plant-A,line-A5,machine-A8,lot-43,UP,aPZT,category-5,sub-a3,34,0,34
2026-10-20,43,plant-B,line-B5,machine-B1,lot-83,DN,aPZT,category-3,sub-a10,13,0,13
2026-10-20,43,plant-B,line-B5,machine-B1,lot-83,DN,bPZT,pass,pass,0,2156,2271
2026-10-20,43,plant-B,line-B9,machine-B9,lot-78,UP,aPZT,category-3,sub-a2,16,0,16
2026-10-20,43,plant-B,line-B3,machine-B10,lot-88,DN,bPZT,category-3,sub-b5,9,0,9
2026-10-20,43,plant-B,line-B8,machine-B4,lot-12,DN,aPZT,pass,pass,0,2791,2852
2026-10-20,43,plant-B,line-B2,machine-B1,lot-13,UP,bPZT,category-5,sub-b9,24,0,24
2026-10-20,43,plant-B,line-B8,machine-B6,lot-87,UP,bPZT,category-4,sub-b1,33,0,33
2026-10-20,43,plant-B,line-B9,machine-B9,lot-78,DN,bPZT,category-2,sub-b8,28,0,28
2026-10-20,43,plant-B,line-B2,machine-B4,lot-1,DN,bPZT,category-3,sub-b6,2,0,2
2026-10-20,43,plant-B,line-B3,machine-B10,lot-88,UP,bPZT,category-1,sub-b7,3,0,3
2026-10-20,43,plant-B,line-B2,machine-B4,lot-1,DN,aPZT,category-1,sub-a1,21,0,21
2026-10-20,43,plant-A,line-A2,machine-A7,lot-16,UP,bPZT,category-4,sub-b3,7,0,7
2026-10-20,43,plant-A,line-A9,machine-A6,lot-29,UP,aPZT,pass,pass,0,2586,2624
2026-10-20,43,plant-B,line-B5,machine-B1,lot-83,UP,aPZT,category-2,sub-a4,37,0,37
2026-10-20,43,plant-A,line-A4,machine-A4,lot-82,DN,bPZT,pass,pass,0,2084,2194
2026-10-20,43,plant-B,line-B9,machine-B9,lot-78,UP,bPZT,pass,pass,0,2413,2453
2026-10-20,43,plant-B,line-B4,machine-B10,lot-80,UP,aPZT,category-2,sub-a5,5,0,5
2026-10-20,43,plant-B,line-B2,machine-B4,lot-1,DN,bPZT,category-4,sub-b3,14,0,14
2026-10-20,43,plant-A,line-A7,machine-A9,lot-2,DN,aPZT,category-1,sub-a2,19,0,19
2026-10-20,43,plant-A,line-A7,machine-A9,lot-2,DN,bPZT,category-1,sub-b6,11,0,11
2026-10-20,43,plant-A,line-A6,machine-A7,lot-74,UP,aPZT,category-3,sub-a8,13,0,13
2026-10-20,43,plant-A,line-A7,machine-A1,lot-97,DN,bPZT,pass,pass,0,2494,2505
2026-10-20,43,plant-B,line-B9,machine-B10,lot-58,DN,bPZT,category-5,sub-b2,8,0,8
2026-10-20,43,plant-A,line-A9,machine-A6,lot-29,DN,bPZT,category-5,sub-b5,12,0,12
2026-10-20,43,plant-A,line-A10,machine-A2,lot-70,UP,bPZT,category-4,sub-b2,4,0,4
2026-10-20,43,plant-A,line-A4,machine-A4,lot-82,UP,aPZT,category-3,sub-a10,11,0,11
2026-10-20,43,plant-B,line-B8,machine-B6,lot-87,UP,aPZT,category-3,sub-a9,27,0,27
2026-10-20,43,plant-A,line-A1,machine-A10,lot-9,DN,aPZT,pass,pass,0,2461,2541
2026-10-20,43,plant-A,line-A8,machine-A4,lot-73,UP,bPZT,category-3,sub-b10,23,0,23
2026-10-20,43,plant-B,line-B2,machine-B1,lot-66,DN,bPZT,pass,pass,0,2349,2439
2026-10-20,43,plant-B,line-B8,machine-B6,lot-87,Up,bPZT,category-4,sub-b9,19,0,19
2026-10-20,43,plant-B,line-B1,machine-B1,lot-5,DN,aPZT,category-2,sub-a9,30,0,30
2026-10-20,43,plant-B,line-B2,machine-B1,lot-66,DN,aPZT,category-4,sub-a1,32,0,32
2026-10-20,43,plant-B,line-B8,machine-B4,lot-12,DN,bPZT,category-4,sub-b4,13,0,13
2026-10-20,43,plant-B,line-B1,machine-B1,lot-5,DN,bPZT,pass,pass,0,2207,2280
2026-10-20,43,plant-A,line-A8,machine-A4,lot-73,DN,bPZT,category-2,sub-b1,6,0,6
2026-10-20,43,plant-B,line-B8,machine-B4,lot-12,UP,bPZT,pass,pass,0,2791,2895
2026-10-20,43,plant-B,line-B3,machine-B10,lot-88,UP,aPZT,pass,pass,0,2545,2576
2026-10-20,43,plant-B,line-B4,machine-B6,lot-53,DN,aPZT,category-5,sub-a10,35,0,35
2026-10-20,43,plant-B,line-B4,machine-B10,lot-80,DN,aPZT,category-5,sub-a2,7,0,7
2026-10-20,43,plant-A,line-A9,machine-A9,lot-6,DN,aPZT,pass,pass,0,2180,2193
2026-10-20,43,plant-A,line-A7,machine-A1,lot-97,UP,bPZT,category-1,sub-b10,34,0,34
2026-10-20,43,plant-B,line-B2,machine-B1,lot-66,UP,aPZT,category-4,sub-a6,17,0,17
2026-10-20,43,plant-B,line-B4,machine-B10,lot-80,UP,bPZT,pass,pass,0,2948,2960
2026-10-20,43,plant-A,line-A10,machine-A2,lot-70,DN,bPZT,category-1,sub-b7,18,0,18
2026-10-20,43,plant-A,line-A7,machine-A1,lot-97,DN,bPZT,category-2,sub-b3,14,0,14
2026-10-20,43,plant-A,line-A8,machine-A4,lot-73,UP,bPZT,category-3,sub-b1,16,0,16
2026-10-20,43,plant-B,line-B4,machine-B6,lot-53,UP,bPZT,pass,pass,0,2666,2725
2026-10-20,43,plant-A,line-A10,machine-A2,lot-70,UP,aPZT,category-5,sub-a10,31,0,31
2026-10-20,43,plant-A,line-A10,machine-A2,lot-70,UP,aPZT,category-3,sub-a6,27,0,27
2026-10-20,43,plant-B,line-B4,machine-B10,lot-80,DN,bPZT,category-3,sub-b3,29,0,29
2026-10-20,43,plant-A,line-A2,machine-A7,lot-16,DN,bPZT,category-2,sub-b10,35,0,35
2026-10-20,43,plant-B,line-B2,machine-B4,lot-1,DN,aPZT,pass,pass,0,2111,2207
2026-10-20,43,plant-A,line-A3,machine-A2,lot-48,UP,aPZT,pass,pass,0,2639,2678
2026-10-20,43,plant-A,line-A9,machine-A9,lot-6,DN,bPZT,category-5,sub-b8,5,0,5
2026-10-20,43,plant-B,line-B9,machine-B9,lot-78,DN,bPZT,category-3,sub-b7,39,0,39
2026-10-20,43,plant-A,line-A5,machine-A8,lot-43,DN,bPZT,category-5,sub-b6,10,0,10
2026-10-20,43,plant-A,line-A4,machine-A4,lot-82,DN,aPZT,category-3,sub-a10,36,0,36
2026-10-20,43,plant-B,line-B4,machine-B6,lot-53,DN,bPZT,category-4,sub-b10,29,0,29
2026-10-20,43,plant-B,line-B1,machine-B1,lot-5,DN,bPZT,category-3,sub-b2,10,0,10
2026-10-20,43,plant-B,line-B4,machine-B10,lot-80,UP,aPZT,pass,pass,0,2948,3009
2026-10-20,43,plant-A,line-A1,machine-A10,lot-9,UP,bPZT,category-1,sub-b9,21,0,21
2026-10-20,43,plant-A,line-A6,machine-A7,lot-74,UP,bPZT,pass,pass,0,2048,2123
2026-10-20,43,plant-A,line-A2,machine-A7,lot-16,UP,aPZT,category-3,sub-a5,15,0,15
2026-10-20,43,plant-A,line-A7,machine-A9,lot-2,DN,bPZT,category-3,sub-b8,22,0,22
2026-10-20,43,plant-B,line-B10,machine-B3,lot-28,UP,aPZT,pass,pass,0,2921,2936
2026-10-20,43,plant-B,line-B2,machine-B1,lot-13,UP,bPZT,pass,pass,0,2646,2690
2026-10-20,43,plant-A,line-A3,machine-A2,lot-48,UP,aPZT,category-4,sub-a9,7,0,7
2026-10-20,43,plant-B,line-B1,machine-B1,lot-5,DN,aPZT,pass,pass,0,2207,2270
2026-10-20,43,plant-A,line-A5,machine-A8,lot-43,UP,bPZT,pass,pass,0,2281,2413
2026-10-20,43,plant-B,line-B3,machine-B10,lot-88,UP,bPZT,pass,pass,0,2545,2631
2026-10-20,43,plant-B,line-B2,machine-B4,lot-1,UP,bPZT,category-3,sub-b2,39,0,39
2026-10-20,43,plant-A,line-A4,machine-A4,lot-82,DN,aPZT,category-2,sub-a5,35,0,35
2026-10-20,43,plant-B,line-B3,machine-B10,lot-88,DN,aPZT,category-4,sub-a1,26,0,26
2026-10-20,43,plant-A,line-A3,machine-A2,lot-48,UP,bPZT,category-4,sub-b4,32,0,32
2026-10-20,43,plant-A,line-A7,machine-A1,lot-97,DN,bPZT,category-1,sub-b9,36,0,36
2026-10-20,43,plant-A,line-A1,machine-A10,lot-9,UP,aPZT,category-4,sub-a1,26,0,26
2026-10-20,43,plant-A,line-A9,machine-A9,lot-6,UP,aPZT,category-3,sub-a1,10,0,10
2026-10-20,43,plant-A,line-A8,machine-A4,lot-73,DN,aPZT,pass,pass,0,2965,3042
2026-10-20,43,plant-B,line-B5,machine-B1,lot-83,UP,aPZT,category-4,sub-a2,11,0,11
2026-10-20,43,plant-B,line-B8,machine-B6,lot-87,DN,aPZT,category-5,sub-a3,36,0,36
2026-10-20,43,plant-A,line-A10,machine-A2,lot-70,DN,aPZT,pass,pass,0,2081,2103
2026-10-20,43,plant-A,line-A6,machine-A7,lot-74,UP,bPZT,category-2,sub-b9,29,0,29
2026-10-20,43,plant-A,line-A4,machine-A4,lot-82,UP,aPZT,category-4,sub-a3,26,0,26
2026-10-20,43,plant-A,line-A7,machine-A1,lot-97,DN,bPZT,category-1,sub-b1,1,0,1
2026-10-20,43,plant-A,line-A3,machine-A2,lot-48,UP,aPZT,category-4,sub-a5,2,0,2
2026-10-20,43,plant-A,line-A8,machine-A4,lot-73,DN,bPZT,pass,pass,0,2965,3009
2026-10-20,43,plant-B,line-B8,machine-B6,lot-87,DN,bPZT,category-4,sub-b8,27,0,27
2026-10-20,43,plant-B,line-B5,machine-B1,lot-83,UP,aPZT,category-3,sub-a10,23,0,23
2026-10-20,43,plant-A,line-A5,machine-A8,lot-43,UP,aPZT,pass,pass,0,2281,2291
2026-10-20,43,plant-A,line-A6,machine-A7,lot-74,DN,aPZT,category-2,sub-a5,11,0,11
2026-10-20,43,plant-B,line-B2,machine-B4,lot-1,DN,bPZT,category-3,sub-b8,5,0,5
2026-10-20,43,plant-B,line-B2,machine-B1,lot-66,DN,aPZT,pass,pass,0,2349,2370
2026-10-20,43,plant-B,line-B10,machine-B3,lot-28,DN,aPZT,category-1,sub-a3,23,0,23
2026-10-20,43,plant-B,line-B1,machine-B1,lot-5,DN,bPZT,category-4,sub-b3,36,0,36
2026-10-20,43,plant-A,line-A1,machine-A10,lot-9,DN,aPZT,category-5,sub-a1,8,0,8
2026-10-20,43,plant-B,line-B2,machine-B1,lot-13,UP,aPZT,pass,pass,0,2646,2697
2026-10-20,43,plant-B,line-B10,machine-B3,lot-28,DN,bPZT,pass,pass,0,2921,2944
2026-10-20,43,plant-A,line-A2,machine-A7,lot-16,UP,bPZT,category-2,sub-b4,7,0,7
2026-10-20,43,plant-A,line-A3,machine-A2,lot-48,DN,aPZT,category-3,sub-a8,35,0,35
2026-10-20,43,plant-B,line-B8,machine-B4,lot-12,DN,bPZT,category-2,sub-b6,8,0,8
2026-10-20,43,plant-B,line-B2,machine-B4,lot-1,DN,bPZT,pass,pass,0,2111,2132
2026-10-20,43,plant-A,line-A7,machine-A9,lot-2,DN,bPZT,pass,pass,0,2714,2765
2026-10-20,43,plant-A,line-A6,machine-A7,lot-74,DN,aPZT,pass,pass,0,2048,2098
2026-10-20,43,plant-B,line-B4,machine-B10,lot-80,DN,bPZT,category-1,sub-b7,12,0,12
2026-10-20,43,plant-A,line-A8,machine-A4,lot-73,UP,aPZT,category-1,sub-a9,13,0,13
2026-10-20,43,plant-A,line-A3,machine-A2,lot-48,DN,bPZT,pass,pass,0,2639,2752
2026-10-20,43,plant-A,line-A7,machine-A9,lot-2,UP,bPZT,category-1,sub-b9,5,0,5
2026-10-20,43,plant-B,line-B9,machine-B9,lot-78,DN,bPZT,category-3,sub-b6,23,0,23
2026-10-20,43,plant-B,line-B2,machine-B1,lot-66,DN,aPZT,category-4,sub-a5,20,0,20
2026-10-20,43,plant-A,line-A6,machine-A7,lot-74,UP,aPZT,category-5,sub-a6,19,0,19
2026-10-20,43,plant-A,line-A3,machine-A2,lot-48,DN,bPZT,category-4,sub-b3,7,0,7
2026-10-20,43,plant-A,line-A6,machine-A7,lot-74,DN,bPZT,category-4,sub-b7,21,0,21
2026-10-20,43,plant-A,line-A8,machine-A4,lot-73,UP,bPZT,category-3,sub-b6,12,0,12
2026-10-20,43,plant-B,line-B9,machine-B10,lot-58,UP,aPZT,category-2,sub-a5,34,0,34
2026-10-20,43,plant-A,line-A9,machine-A9,lot-6,UP,aPZT,category-5,sub-a7,9,0,9
2026-10-20,43,plant-A,line-A7,machine-A1,lot-97,DN,aPZT,category-5,,8,0,8
2026-10-20,43,plant-A,line-A8,machine-A4,lot-73,UP,aPZT,category-1,sub-a9,31,0,31
2026-10-20,43,plant-A,line-A9,machine-A9,lot-6,DN,aPZT,category-3,sub-a9,12,0,12
2026-10-20,43,plant-B,line-B5,machine-B1,lot-83,DN,aPZT,pass,pass,0,2156,2181
2026-10-20,43,plant-B,line-B1,machine-B1,lot-5,DN,aPZT,category-1,sub-a4,3,0,3
2026-10-21,43,plant-A,line-A10,machine-A9,lot-2,UP,aPZT,category-5,sub-a2,30,0,30
2026-10-21,43,plant-B,line-B4,machine-B1,lot-32,UP,aPZT,pass,pass,0,2430,2444
2026-10-21,43,plant-B,line-B4,machine-B1,lot-32,DN,bPZT,category-3,sub-b1,14,0,14
2026-10-21,43,plant-A,line-A5,machine-A5,lot-25,DN,bPZT,category-2,sub-b10,25,0,25
2026-10-21,43,plant-B,line-B2,machine-B4,lot-38,UP,bPZT,category-2,sub-b3,15,0,15
2026-10-21,43,plant-B,line-B2,machine-B8,lot-15,UP,bPZT,pass,pass,0,2277,2318
2026-10-21,43,plant-B,line-B10,machine-B9,lot-54,UP,bPZT,category-3,sub-b10,18,0,18
2026-10-21,43,plant-A,line-A7,machine-A10,lot-12,DN,aPZT,pass,pass,0,2446,2470
2026-10-21,43,plant-B,line-B9,machine-B1,lot-21,DN,bPZT,category-5,sub-b2,18,0,18
2026-10-21,43,plant-B,line-B3,machine-B3,lot-74,UP,aPZT,pass,pass,0,2267,2345
2026-10-21,43,plant-B,line-B10,machine-B9,lot-54,DN,bPZT,category-2,sub-b8,37,0,37
2026-10-21,43,plant-A,line-A4,machine-A8,lot-8,UP,aPZT,category-4,sub-a4,26,0,26
2026-10-21,43,plant-A,line-A4,machine-A8,lot-8,DN,bPZT,pass,pass,0,2664,2728
2026-10-21,43,plant-B,line-B7,machine-B3,lot-37,UP,bPZT,pass,pass,0,2826,2879
2026-10-21,43,plant-A,line-A7,machine-A4,lot-96,UP,bPZT,category-5,sub-b4,30,0,30
2026-10-21,43,plant-A,line-A9,machine-A6,lot-55,UP,bPZT,pass,pass,0,2798,2917
2026-10-21,43,plant-A,line-A7,machine-A10,lot-12,UP,aPZT,category-5,sub-a7,18,0,18
2026-10-21,43,plant-B,line-B4,machine-B1,lot-32,DN,aPZT,category-3,sub-a10,28,0,28
2026-10-21,43,plant-A,line-A5,machine-A5,lot-25,DN,bPZT,category-4,sub-b5,37,0,37
2026-10-21,43,plant-B,line-B8,machine-B6,lot-56,DN,bPZT,pass,pass,0,2777,2856
2026-10-21,43,plant-A,line-A2,machine-A10,lot-50,UP,bPZT,category-2,sub-b9,36,0,36
2026-10-21,43,plant-A,line-A9,machine-A6,lot-60,DN,aPZT,pass,pass,0,2122,2185
2026-10-21,43,plant-A,line-A7,machine-A4,lot-96,UP,aPZT,category-1,sub-a8,35,0,35
2026-10-21,43,plant-B,line-B7,machine-B3,lot-37,UP,aPZT,category-1,sub-a5,16,0,16
2026-10-21,43,plant-B,line-B2,machine-B7,lot-85,DN,bPZT,category-4,sub-b10,21,0,21
2026-10-21,43,plant-A,line-A9,machine-A6,lot-55,DN,aPZT,category-5,sub-a2,22,0,22
2026-10-21,43,plant-A,line-A7,machine-A4,lot-96,UP,bPZT,category-1,sub-b9,21,0,21
2026-10-21,43,plant-B,line-B8,machine-B6,lot-56,DN,bPZT,category-3,,25,0,25
2026-10-21,43,plant-B,line-B2,machine-B7,lot-85,UP,aPZT,category-5,sub-a8,9,0,9
2026-10-21,43,plant-B,line-B10,machine-B6,lot-89,DN,bPZT,pass,pass,0,2725,2731
2026-10-21,43,plant-B,line-B9,machine-B1,lot-21,UP,aPZT,pass,pass,0,2751,2786
2026-10-21,43,plant-A,line-A10,machine-A9,lot-2,UP,aPZT,pass,pass,0,2225,2250
2026-10-21,43,plant-B,line-B3,machine-B3,lot-74,DN,bPZT,category-1,sub-b6,7,0,7
2026-10-21,43,plant-A,line-A5,machine-A5,lot-25,UP,bPZT,category-3,sub-b4,27,0,27
2026-10-21,43,plant-A,line-A4,machine-A8,lot-8,UP,bPZT,category-2,sub-b8,4,0,4
2026-10-21,43,plant-B,line-B3,machine-B3,lot-74,DN,aPZT,category-4,sub-a5,36,0,36
2026-10-21,43,plant-A,line-A7,machine-A10,lot-12,DN,aPZT,category-2,sub-a7,30,0,30
2026-10-21,43,plant-B,line-B2,machine-B4,lot-38,UP,aPZT,pass,pass,0,2656,2807
2026-10-21,43,plant-A,line-A7,machine-A4,lot-96,DN,aPZT,category-4,sub-a5,22,0,22
2026-10-21,43,plant-B,line-B3,machine-B3,lot-74,DN,bPZT,pass,pass,0,2267,2303
2026-10-21,43,plant-B,line-B2,machine-B4,lot-38,DN,bPZT,category-2,sub-b3,31,0,31
2026-10-21,43,plant-A,line-A9,machine-A6,lot-55,UP,aPZT,pass,pass,0,2798,2822
2026-10-21,43,plant-B,line-B9,machine-B1,lot-21,DN,bPZT,pass,pass,0,2751,2797
2026-10-21,43,plant-A,line-A5,machine-A8,lot-100,UP,bPZT,category-3,sub-b3,5,0,5
2026-10-21,43,plant-A,line-A9,machine-A6,lot-55,DN,aPZT,category-2,sub-a2,18,0,18
2026-10-21,43,plant-A,line-A7,machine-A10,lot-12,UP,aPZT,category-3,sub-a6,40,0,40
2026-10-21,43,plant-A,line-A7,machine-A10,lot-12,UP,aPZT,category-2,sub-a10,16,0,16
2026-10-21,43,plant-B,line-B9,machine-B1,lot-21,UP,bPZT,category-2,sub-b7,9,0,9
2026-10-21,43,plant-A,line-A9,machine-A6,lot-55,DN,aPZT,category-5,sub-a3,22,0,22
2026-10-21,43,plant-B,line-B2,machine-B6,lot-51,UP,bPZT,category-4,sub-b1,21,0,21
2026-10-21,43,plant-A,line-A9,machine-A10,lot-30,UP,bPZT,category-4,sub-b6,34,0,34
2026-10-21,43,plant-A,line-A9,machine-A6,lot-60,DN,bPZT,category-4,sub-b5,5,0,5
2026-10-21,43,plant-A,line-A10,machine-A9,lot-2,DN,bPZT,category-5,sub-b2,24,0,24
2026-10-21,43,plant-A,line-A9,machine-A6,lot-60,UP,aPZT,category-5,sub-a10,38,0,38
2026-10-21,43,plant-A,line-A2,machine-A10,lot-50,DN,bPZT,pass,pass,0,2895,2948
2026-10-21,43,plant-B,line-B8,machine-B6,lot-56,DN,aPZT,category-3,sub-a3,35,0,35
2026-10-21,43,plant-B,line-B8,machine-B6,lot-56,DN,aPZT,category-3,sub-a10,4,0,4
2026-10-21,43,plant-A,line-A5,machine-A5,lot-25,UP,bPZT,category-1,sub-b6,21,0,21
2026-10-21,43,plant-B,line-B3,machine-B3,lot-74,DN,bPZT,category-4,sub-b6,37,0,37
2026-10-21,43,plant-A,line-A9,machine-A6,lot-60,Up,bPZT,category-4,,36,0,36
2026-10-21,43,plant-A,line-A9,machine-A6,lot-60,DN,aPZT,category-2,sub-a3,36,0,36
2026-10-21,43,plant-A,line-A10,machine-A9,lot-2,DN,bPZT,pass,pass,0,2225,2259
2026-10-21,43,plant-A,line-A5,machine-A5,lot-25,DN,aPZT,pass,pass,0,2392,2628
2026-10-21,43,plant-B,line-B2,machine-B4,lot-38,UP,bPZT,category-3,sub-b2,38,0,38
2026-10-21,43,plant-A,line-A5,machine-A5,lot-25,UP,bPZT,category-4,sub-b1,17,0,17
2026-10-21,43,plant-A,line-A9,machine-A10,lot-30,UP,bPZT,category-3,sub-b4,30,0,30
2026-10-21,43,plant-B,line-B10,machine-B9,lot-54,UP,aPZT,category-5,sub-a3,7,0,7
2026-10-21,43,plant-A,line-A2,machine-A10,lot-50,DN,bPZT,category-1,sub-b7,21,0,21
2026-10-21,43,plant-B,line-B2,machine-B4,lot-38,DN,bPZT,category-1,sub-b8,27,0,27
2026-10-21,43,plant-B,line-B10,machine-B9,lot-54,DN,bPZT,category-3,sub-b5,3,0,3
2026-10-21,43,plant-B,line-B2,machine-B7,lot-85,DN,bPZT,category-1,sub-b4,9,0,9
2026-10-21,43,plant-A,line-A7,machine-A10,lot-12,DN,bPZT,category-5,sub-b10,16,0,16
2026-10-21,43,plant-A,line-A5,machine-A5,lot-25,UP,bPZT,category-5,sub-b4,8,0,8
2026-10-21,43,plant-A,line-A5,machine-A5,lot-25,UP,bPZT,category-4,sub-b5,20,0,20
2026-10-21,43,plant-B,line-B4,machine-B9,lot-84,UP,aPZT,category-1,sub-a8,14,0,14
2026-10-21,43,plant-B,line-B4,machine-B9,lot-84,DN,bPZT,pass,pass,0,2541,2607
2026-10-21,43,plant-A,line-A9,machine-A6,lot-60,uP,bPZT,category-3,sub-b3,22,0,22
2026-10-21,43,plant-A,line-A9,machine-A6,lot-55,UP,aPZT,category-5,sub-a1,28,0,28
2026-10-21,43,plant-A,line-A9,machine-A10,lot-30,DN,bPZT,category-5,sub-b6,6,0,6
2026-10-21,43,plant-B,line-B2,machine-B6,lot-51,UP,bPZT,category-1,sub-b10,11,0,11
2026-10-21,43,plant-B,line-B2,machine-B8,lot-15,UP,aPZT,pass,pass,0,2277,2327
2026-10-21,43,plant-A,line-A2,machine-A10,lot-98,DN,bPZT,category-2,sub-b4,36,0,36
2026-10-21,43,plant-B,line-B7,machine-B3,lot-37,DN,aPZT,category-2,sub-a4,12,0,12
2026-10-21,43,plant-B,line-B3,machine-B3,lot-74,UP,bPZT,category-2,,1,0,1
2026-10-21,43,plant-A,line-A7,machine-A10,lot-12,UP,aPZT,category-2,,24,0,24
2026-10-21,43,plant-A,line-A9,machine-A10,lot-30,UP,bPZT,category-2,sub-b3,6,0,6
2026-10-21,43,plant-A,line-A4,machine-A1,lot-44,DN,aPZT,category-3,sub-a1,23,0,23
2026-10-21,43,plant-A,line-A5,machine-A5,lot-25,UP,bPZT,category-2,sub-b9,24,0,24
2026-10-21,43,plant-A,line-A7,machine-A4,lot-96,uP,bPZT,category-5,,24,0,24
2026-10-21,43,plant-A,line-A1,machine-A2,lot-58,UP,bPZT,category-5,sub-b7,29,0,29
2026-10-21,43,plant-B,line-B2,machine-B4,lot-38,UP,aPZT,category-3,sub-a8,38,0,38
2026-10-21,43,plant-A,line-A1,machine-A2,lot-58,UP,aPZT,category-2,sub-a5,13,0,13
2026-10-21,43,plant-A,line-A9,machine-A10,lot-30,UP,aPZT,pass,pass,0,2427,2567
2026-10-21,43,plant-B,line-B9,machine-B1,lot-21,DN,bPZT,category-4,sub-b6,3,0,3
2026-10-21,43,plant-A,line-A2,machine-A10,lot-50,DN,aPZT,category-2,sub-a5,35,0,35
2026-10-21,43,plant-B,line-B2,machine-B4,lot-38,UP,aPZT,category-1,sub-a3,5,0,5
2026-10-21,43,plant-B,line-B10,machine-B6,lot-89,DN,bPZT,category-2,sub-b4,15,0,15
2026-10-21,43,plant-B,line-B10,machine-B9,lot-54,UP,aPZT,pass,pass,0,2515,2600
2026-10-21,43,plant-B,line-B4,machine-B1,lot-32,UP,aPZT,category-4,sub-a6,10,0,10
2026-10-21,43,plant-A,line-A10,machine-A9,lot-2,DN,aPZT,category-5,sub-a2,4,0,4
2026-10-21,43,plant-A,line-A4,machine-A8,lot-8,DN,aPZT,category-3,sub-a2,14,0,14
2026-10-21,43,plant-A,line-A2,machine-A10,lot-98,UP,aPZT,category-1,sub-a9,15,0,15
2026-10-21,43,plant-B,line-B10,machine-B9,lot-54,DN,bPZT,category-2,sub-b3,21,0,21
2026-10-21,43,plant-A,line-A4,machine-A1,lot-44,DN,aPZT,category-1,sub-a3,16,0,16
2026-10-21,43,plant-A,line-A1,machine-A2,lot-58,DN,aPZT,category-2,sub-a6,40,0,40
2026-10-21,43,plant-B,line-B3,machine-B3,lot-74,UP,bPZT,category-2,sub-b10,2,0,2
2026-10-21,43,plant-B,line-B2,machine-B7,lot-85,DN,bPZT,pass,pass,0,2779,2818
2026-10-21,43,plant-B,line-B4,machine-B9,lot-84,DN,bPZT,category-4,sub-b1,24,0,24
2026-10-21,43,plant-B,line-B4,machine-B9,lot-84,UP,aPZT,category-2,sub-a5,25,0,25
2026-10-21,43,plant-A,line-A7,machine-A4,lot-96,DN,bPZT,pass,pass,0,2022,2079
2026-10-21,43,plant-B,line-B4,machine-B9,lot-84,DN,aPZT,category-4,sub-a9,6,0,6
2026-10-21,43,plant-B,line-B10,machine-B9,lot-54,DN,bPZT,category-5,sub-b8,6,0,6
2026-10-21,43,plant-B,line-B9,machine-B1,lot-21,DN,bPZT,category-1,sub-b3,5,0,5
2026-10-21,43,plant-A,line-A5,machine-A5,lot-25,DN,bPZT,category-2,sub-b9,24,0,24
2026-10-21,43,plant-A,line-A9,machine-A10,lot-30,DN,bPZT,category-1,sub-b2,34,0,34
2026-10-21,43,plant-A,line-A2,machine-A10,lot-50,DN,aPZT,category-2,sub-a1,18,0,18
2026-10-21,43,plant-A,line-A2,machine-A10,lot-50,UP,aPZT,pass,pass,0,2895,3021
2026-10-21,43,plant-A,line-A10,machine-A9,lot-2,DN,bPZT,category-2,sub-b4,1,0,1
2026-10-21,43,plant-B,line-B3,machine-B3,lot-74,UP,bPZT,category-5,sub-b9,10,0,10
2026-10-21,43,plant-B,line-B7,machine-B3,lot-37,UP,bPZT,category-3,sub-b3,2,0,2
2026-10-21,43,plant-A,line-A4,machine-A1,lot-44,Up,aPZT,category-1,,35,0,35
2026-10-21,43,plant-A,line-A5,machine-A8,lot-100,UP,bPZT,category-2,sub-b9,17,0,17
2026-10-21,43,plant-A,line-A9,machine-A6,lot-60,DN,bPZT,pass,pass,0,2122,2196
2026-10-21,43,plant-A,line-A5,machine-A5,lot-25,dn,bPZT,category-1,,31,0,31
2026-10-21,43,plant-B,line-B8,machine-B6,lot-56,UP,aPZT,pass,pass,0,2777,2834
2026-10-21,43,plant-B,line-B7,machine-B3,lot-37,UP,aPZT,pass,pass,0,2826,2846
2026-10-21,43,plant-A,line-A9,machine-A10,lot-30,UP,bPZT,pass,pass,0,2427,2431
2026-10-21,43,plant-A,line-A9,machine-A10,lot-30,UP,bPZT,category-5,,10,0,10
2026-10-21,43,plant-A,line-A9,machine-A10,lot-30,UP,bPZT,category-5,sub-b9,20,0,20
2026-10-21,43,plant-B,line-B2,machine-B8,lot-15,UP,bPZT,category-4,sub-b4,10,0,10
2026-10-21,43,plant-B,line-B2,machine-B8,lot-15,UP,aPZT,category-1,sub-a3,18,0,18
2026-10-21,43,plant-A,line-A2,machine-A10,lot-98,UP,bPZT,pass,pass,0,2710,2725
2026-10-21,43,plant-B,line-B2,machine-B6,lot-51,UP,bPZT,pass,pass,0,2903,2922
2026-10-21,43,plant-B,line-B10,machine-B6,lot-89,UP,aPZT,category-4,sub-a5,6,0,6
2026-10-21,43,plant-A,line-A4,machine-A1,lot-44,UP,bPZT,pass,pass,0,2774,2879
2026-10-21,43,plant-A,line-A1,machine-A2,lot-58,DN,aPZT,pass,pass,0,2867,2896
2026-10-21,43,plant-A,line-A5,machine-A8,lot-100,UP,bPZT,pass,pass,0,2882,2890
2026-10-21,43,plant-B,line-B2,machine-B8,lot-15,UP,aPZT,category-3,sub-a3,23,0,23
2026-10-21,43,plant-A,line-A4,machine-A8,lot-8,UP,bPZT,category-2,sub-b8,20,0,20
2026-10-21,43,plant-A,line-A4,machine-A1,lot-44,UP,aPZT,category-4,sub-a8,31,0,31
2026-10-21,43,plant-B,line-B4,machine-B9,lot-84,UP,bPZT,category-3,sub-b5,12,0,12
2026-10-21,43,plant-B,line-B7,machine-B3,lot-37,UP,aPZT,category-1,sub-a3,12,0,12
2026-10-21,43,plant-A,line-A4,machine-A8,lot-8,UP,aPZT,pass,pass,0,2664,2697
2026-10-21,43,plant-B,line-B4,machine-B9,lot-84,DN,aPZT,category-2,sub-a9,13,0,13
2026-10-21,43,plant-A,line-A7,machine-A10,lot-12,DN,aPZT,category-5,sub-a4,18,0,18
2026-10-21,43,plant-B,line-B7,machine-B3,lot-37,DN,bPZT,category-5,sub-b9,18,0,18
2026-10-21,43,plant-B,line-B2,machine-B7,lot-85,UP,aPZT,category-3,sub-a3,2,0,2
2026-10-21,43,plant-B,line-B8,machine-B6,lot-56,UP,bPZT,category-2,sub-b2,32,0,32
2026-10-21,43,plant-B,line-B2,machine-B7,lot-85,UP,aPZT,category-4,sub-a10,28,0,28
2026-10-21,43,plant-A,line-A5,machine-A5,lot-25,UP,aPZT,category-1,sub-a8,37,0,37
2026-10-21,43,plant-A,line-A7,machine-A4,lot-96,UP,bPZT,category-5,sub-b9,34,0,34
2026-10-21,43,plant-A,line-A9,machine-A6,lot-55,UP,aPZT,category-2,sub-a7,29,0,29
2026-10-21,43,plant-A,line-A7,machine-A10,lot-12,UP,bPZT,pass,pass,0,2446,2646
2026-10-21,43,plant-A,line-A9,machine-A6,lot-55,DN,bPZT,category-5,sub-b8,24,0,24
2026-10-21,43,plant-A,line-A4,machine-A8,lot-8,UP,bPZT,category-3,sub-b4,9,0,9
2026-10-21,43,plant-A,line-A7,machine-A4,lot-96,DN,bPZT,category-2,sub-b4,38,0,38
2026-10-21,43,plant-A,line-A4,machine-A8,lot-8,UP,aPZT,category-4,sub-a2,24,0,24
2026-10-21,43,plant-B,line-B7,machine-B3,lot-37,DN,aPZT,category-4,sub-a2,3,0,3
2026-10-21,43,plant-A,line-A4,machine-A1,lot-44,DN,bPZT,category-1,sub-b2,12,0,12
2026-10-21,43,plant-A,line-A5,machine-A5,lot-25,UP,bPZT,pass,pass,0,2392,2429
2026-10-21,43,plant-A,line-A2,machine-A10,lot-98,UP,aPZT,pass,pass,0,2710,2746
2026-10-21,43,plant-B,line-B2,machine-B7,lot-85,DN,aPZT,pass,pass,0,2779,2809
2026-10-21,43,plant-A,line-A7,machine-A4,lot-96,UP,bPZT,category-1,sub-b9,18,0,18
2026-10-21,43,plant-B,line-B2,machine-B6,lot-51,UP,aPZT,category-5,sub-a2,19,0,19
2026-10-21,43,plant-B,line-B10,machine-B9,lot-54,DN,bPZT,pass,pass,0,2515,2532
2026-10-21,43,plant-B,line-B4,machine-B9,lot-84,UP,aPZT,pass,pass,0,2541,2577
2026-10-21,43,plant-A,line-A7,machine-A10,lot-12,DN,bPZT,category-1,,8,0,8
2026-10-21,43,plant-B,line-B4,machine-B1,lot-32,DN,aPZT,category-1,,32,0,32
2026-10-21,43,plant-B,line-B10,machine-B9,lot-54,DN,aPZT,category-1,sub-a4,2,0,2
2026-10-21,43,plant-B,line-B9,machine-B1,lot-21,UP,aPZT,category-2,sub-a7,27,0,27
2026-10-21,43,plant-A,line-A5,machine-A8,lot-100,UP,bPZT,category-3,sub-b9,38,0,38
2026-10-21,43,plant-B,line-B7,machine-B3,lot-37,UP,aPZT,category-2,sub-a6,10,0,10
2026-10-21,43,plant-A,line-A2,machine-A10,lot-50,UP,bPZT,category-5,sub-b4,37,0,37
2026-10-21,43,plant-A,line-A7,machine-A4,lot-96,DN,aPZT,pass,pass,0,2022,2187
2026-10-21,43,plant-B,line-B8,machine-B6,lot-56,UP,aPZT,category-3,sub-a7,17,0,17
2026-10-21,43,plant-B,line-B2,machine-B6,lot-51,UP,bPZT,category-2,sub-b2,10,0,10
2026-10-21,43,plant-B,line-B10,machine-B6,lot-89,UP,aPZT,pass,pass,0,2725,2740
2026-10-21,43,plant-B,line-B2,machine-B6,lot-51,DN,aPZT,pass,pass,0,2903,2945
2026-10-21,43,plant-B,line-B2,machine-B4,lot-38,UP,bPZT,pass,pass,0,2656,2699
2026-10-21,43,plant-B,line-B10,machine-B9,lot-54,DN,aPZT,category-2,sub-a8,8,0,8
2026-10-21,43,plant-B,line-B2,machine-B8,lot-15,DN,bPZT,category-2,sub-b1,40,0,40
2026-10-21,43,plant-B,line-B4,machine-B1,lot-32,up,aPZT,category-5,sub-a9,19,0,19
2026-10-21,43,plant-B,line-B4,machine-B1,lot-32,UP,aPZT,category-2,sub-a7,14,0,14
2026-10-21,43,plant-A,line-A2,machine-A10,lot-50,DN,bPZT,category-3,sub-b5,25,0,25
2026-10-21,43,plant-A,line-A1,machine-A2,lot-58,dN,bPZT,pass,,0,2867,2927
2026-10-21,43,plant-B,line-B4,machine-B1,lot-32,DN,bPZT,pass,pass,0,2430,2533
2026-10-21,43,plant-A,line-A5,machine-A8,lot-100,DN,aPZT,pass,pass,0,2882,2942
2026-10-21,43,plant-B,line-B9,machine-B1,lot-21,UP,aPZT,category-5,sub-a10,19,0,19
2026-10-21,43,plant-A,line-A2,machine-A10,lot-50,DN,bPZT,category-4,sub-b1,7,0,7
2026-10-21,43,plant-B,line-B4,machine-B9,lot-84,DN,aPZT,category-1,sub-a6,8,0,8
2026-10-21,43,plant-A,line-A7,machine-A10,lot-12,DN,aPZT,category-2,sub-a2,24,0,24
2026-10-21,43,plant-A,line-A5,machine-A5,lot-25,UP,bPZT,category-4,sub-b1,2,0,2
2026-10-21,43,plant-A,line-A1,machine-A2,lot-58,UP,aPZT,category-4,sub-a4,7,0,7
2026-10-21,43,plant-A,line-A4,machine-A1,lot-44,UP,aPZT,pass,pass,0,2774,2786
2026-10-21,43,plant-B,line-B3,machine-B3,lot-74,DN,bPZT,category-3,sub-b6,21,0,21
2026-10-21,43,plant-A,line-A5,machine-A8,lot-100,DN,aPZT,category-2,,8,0,8
2026-10-21,43,plant-A,line-A9,machine-A10,lot-30,DN,aPZT,category-3,sub-a5,4,0,4
2026-10-21,43,plant-A,line-A7,machine-A10,lot-12,DN,aPZT,category-3,sub-a3,30,0,30
2026-10-21,43,plant-B,line-B8,machine-B6,lot-56,UP,aPZT,category-4,sub-a6,23,0,23
2026-10-21,43,plant-B,line-B2,machine-B4,lot-38,UP,bPZT,category-3,sub-b10,40,0,40
2026-10-22,43,plant-A,line-A8,machine-A1,lot-82,DN,bPZT,category-1,sub-b7,8,0,8
2026-10-22,43,plant-A,line-A6,machine-A9,lot-75,DN,bPZT,pass,pass,0,2398,2401
2026-10-22,43,plant-A,line-A5,machine-A2,lot-45,DN,bPZT,pass,pass,0,2894,2972
2026-10-22,43,plant-B,line-B8,machine-B8,lot-90,UP,aPZT,category-1,sub-a3,23,0,23
2026-10-22,43,plant-A,line-A5,machine-A2,lot-45,DN,bPZT,category-1,sub-b5,15,0,15
2026-10-22,43,plant-B,line-B5,machine-B7,lot-61,DN,bPZT,category-4,,3,0,3
2026-10-22,43,plant-A,line-A6,machine-A8,lot-49,DN,bPZT,category-4,sub-b2,5,0,5
2026-10-22,43,plant-B,line-B9,machine-B3,lot-8,DN,aPZT,category-4,sub-a3,1,0,1
2026-10-22,43,plant-B,line-B4,machine-B10,lot-26,UP,bPZT,pass,pass,0,2109,2188
2026-10-22,43,plant-B,line-B1,machine-B1,lot-43,UP,aPZT,category-4,sub-a4,2,0,2
2026-10-22,43,plant-B,line-B6,machine-B4,lot-51,DN,aPZT,category-2,sub-a7,5,0,5
2026-10-22,43,plant-A,line-A4,machine-A9,lot-6,DN,bPZT,category-3,sub-b8,32,0,32
2026-10-22,43,plant-B,line-B8,machine-B8,lot-90,UP,bPZT,pass,pass,0,2048,2087
2026-10-22,43,plant-A,line-A5,machine-A10,lot-1,UP,aPZT,category-2,sub-a9,26,0,26
2026-10-22,43,plant-A,line-A9,machine-A7,lot-27,UP,aPZT,category-1,sub-a8,28,0,28
2026-10-22,43,plant-A,line-A8,machine-A1,lot-82,DN,aPZT,category-1,sub-a5,18,0,18
2026-10-22,43,plant-A,line-A4,machine-A9,lot-6,DN,aPZT,category-5,sub-a1,31,0,31
2026-10-22,43,plant-B,line-B3,machine-B6,lot-38,UP,bPZT,category-5,sub-b10,12,0,12
2026-10-22,43,plant-A,line-A5,machine-A10,lot-1,UP,aPZT,category-1,sub-a7,6,0,6
2026-10-22,43,plant-B,line-B3,machine-B6,lot-38,DN,aPZT,pass,pass,0,2814,2870
2026-10-22,43,plant-A,line-A5,machine-A5,lot-13,DN,aPZT,category-4,sub-a2,5,0,5
2026-10-22,43,plant-A,line-A7,machine-A3,lot-32,UP,bPZT,category-1,sub-b5,36,0,36
2026-10-22,43,plant-B,line-B5,machine-B4,lot-94,DN,bPZT,category-1,sub-b9,26,0,26
2026-10-22,43,plant-A,line-A10,machine-A7,lot-58,DN,aPZT,category-1,sub-a4,4,0,4
2026-10-22,43,plant-B,line-B4,machine-B2,lot-9,UP,bPZT,category-5,sub-b4,38,0,38
2026-10-22,43,plant-A,line-A5,machine-A10,lot-1,UP,aPZT,category-3,sub-a5,5,0,5
2026-10-22,43,plant-A,line-A8,machine-A1,lot-82,DN,bPZT,category-4,sub-b4,36,0,36
2026-10-22,43,plant-A,line-A9,machine-A7,lot-27,DN,bPZT,category-4,sub-b8,22,0,22
2026-10-22,43,plant-A,line-A1,machine-A4,lot-77,DN,aPZT,pass,pass,0,2713,2759
2026-10-22,43,plant-B,line-B2,machine-B10,lot-25,UP,bPZT,pass,pass,0,2553,2676
2026-10-22,43,plant-A,line-A7,machine-A3,lot-32,DN,bPZT,category-4,sub-b6,10,0,10
2026-10-22,43,plant-A,line-A8,machine-A1,lot-82,DN,bPZT,category-5,sub-b6,19,0,19
2026-10-22,43,plant-B,line-B4,machine-B5,lot-87,UP,bPZT,category-1,sub-b2,36,0,36
2026-10-22,43,plant-B,line-B6,machine-B5,lot-10,UP,aPZT,category-1,sub-a2,2,0,2
2026-10-22,43,plant-B,line-B9,machine-B3,lot-8,DN,bPZT,category-5,sub-b8,38,0,38
2026-10-22,43,plant-B,line-B1,machine-B1,lot-43,DN,bPZT,category-2,sub-b9,19,0,19
2026-10-22,43,plant-A,line-A8,machine-A1,lot-82,UP,aPZT,pass,pass,0,2353,2563
2026-10-22,43,plant-B,line-B2,machine-B10,lot-25,DN,bPZT,category-4,sub-b6,14,0,14
2026-10-22,43,plant-A,line-A1,machine-A8,lot-22,UP,aPZT,category-4,sub-a9,14,0,14
2026-10-22,43,plant-A,line-A6,machine-A9,lot-75,UP,bPZT,category-1,sub-b8,2,0,2
2026-10-22,43,plant-A,line-A1,machine-A4,lot-77,DN,bPZT,pass,pass,0,2713,2758
2026-10-22,43,plant-A,line-A9,machine-A7,lot-27,UP,aPZT,category-3,sub-a7,25,0,25
2026-10-22,43,plant-B,line-B9,machine-B3,lot-8,UP,bPZT,category-2,sub-b4,9,0,9
2026-10-22,43,plant-A,line-A4,machine-A9,lot-6,DN,bPZT,category-4,sub-b3,18,0,18
2026-10-22,43,plant-A,line-A5,machine-A10,lot-1,DN,bPZT,pass,pass,0,2420,2503
2026-10-22,43,plant-B,line-B4,machine-B10,lot-26,UP,aPZT,pass,pass,0,2109,2188
2026-10-22,43,plant-A,line-A9,machine-A7,lot-27,UP,aPZT,category-1,sub-a10,26,0,26
2026-10-22,43,plant-B,line-B4,machine-B2,lot-9,DN,aPZT,pass,pass,0,2694,2793
2026-10-22,43,plant-B,line-B5,machine-B4,lot-94,UP,bPZT,category-2,sub-b6,24,0,24
2026-10-22,43,plant-B,line-B2,machine-B10,lot-25,DN,aPZT,category-1,sub-a3,19,0,19
2026-10-22,43,plant-B,line-B5,machine-B4,lot-94,UP,bPZT,category-1,sub-b2,40,0,40
2026-10-22,43,plant-A,line-A9,machine-A7,lot-27,UP,aPZT,category-3,sub-a2,11,0,11
2026-10-22,43,plant-B,line-B6,machine-B4,lot-51,UP,aPZT,category-5,sub-a2,28,0,28
2026-10-22,43,plant-A,line-A8,machine-A1,lot-82,UP,bPZT,category-3,sub-b1,36,0,36
2026-10-22,43,plant-B,line-B4,machine-B10,lot-26,UP,aPZT,category-3,sub-a3,19,0,19
2026-10-22,43,plant-A,line-A5,machine-A2,lot-45,DN,aPZT,category-2,sub-a6,38,0,38
2026-10-22,43,plant-B,line-B3,machine-B3,lot-62,Up,bPZT,pass,pass,0,2270,2306
2026-10-22,43,plant-B,line-B5,machine-B4,lot-94,DN,bPZT,pass,pass,0,2635,2678
2026-10-22,43,plant-A,line-A10,machine-A7,lot-58,UP,aPZT,pass,pass,0,2590,2631
2026-10-22,43,plant-B,line-B4,machine-B5,lot-87,UP,aPZT,category-5,sub-a1,26,0,26
2026-10-22,43,plant-A,line-A5,machine-A5,lot-13,DN,aPZT,pass,pass,0,2568,2638
2026-10-22,43,plant-B,line-B5,machine-B4,lot-94,UP,aPZT,pass,pass,0,2635,2725
2026-10-22,43,plant-A,line-A8,machine-A1,lot-82,UP,aPZT,category-2,sub-a10,8,0,8
2026-10-22,43,plant-B,line-B6,machine-B5,lot-10,DN,aPZT,pass,pass,0,2649,2748
2026-10-22,43,plant-B,line-B3,machine-B6,lot-38,DN,bPZT,category-3,sub-b5,36,0,36
2026-10-22,43,plant-A,line-A10,machine-A7,lot-58,DN,aPZT,category-1,sub-a9,1,0,1
2026-10-22,43,plant-A,line-A8,machine-A1,lot-82,DN,bPZT,category-5,sub-b10,19,0,19
2026-10-22,43,plant-B,line-B3,machine-B6,lot-38,UP,aPZT,category-5,sub-a6,13,0,13
2026-10-22,43,plant-A,line-A5,machine-A10,lot-1,DN,aPZT,category-5,sub-a2,11,0,11
2026-10-22,43,plant-A,line-A1,machine-A4,lot-77,DN,aPZT,category-1,sub-a7,24,0,24
2026-10-22,43,plant-B,line-B5,machine-B7,lot-61,DN,bPZT,category-3,sub-b3,32,0,32
2026-10-22,43,plant-B,line-B4,machine-B2,lot-9,UP,aPZT,category-1,sub-a4,9,0,9
2026-10-22,43,plant-B,line-B1,machine-B1,lot-43,DN,bPZT,pass,pass,0,2428,2435
2026-10-22,43,plant-A,line-A7,machine-A3,lot-32,UP,bPZT,category-5,sub-b8,16,0,16
2026-10-22,43,plant-A,line-A6,machine-A9,lot-75,UP,bPZT,category-3,sub-b4,2,0,2
2026-10-22,43,plant-A,line-A6,machine-A8,lot-49,UP,bPZT,category-4,sub-b9,20,0,20
2026-10-22,43,plant-A,line-A5,machine-A5,lot-13,DN,bPZT,category-2,sub-b5,5,0,5
2026-10-22,43,plant-B,line-B6,machine-B4,lot-51,UP,bPZT,pass,pass,0,2921,3030
2026-10-22,43,plant-B,line-B4,machine-B10,lot-26,DN,bPZT,category-5,sub-b10,23,0,23
2026-10-22,43,plant-B,line-B5,machine-B7,lot-61,DN,bPZT,category-3,sub-b9,33,0,33
2026-10-22,43,plant-A,line-A8,machine-A1,lot-82,DN,bPZT,category-3,sub-b4,15,0,15
2026-10-22,43,plant-B,line-B4,machine-B2,lot-9,DN,bPZT,category-4,sub-b10,35,0,35
2026-10-22,43,plant-B,line-B2,machine-B10,lot-25,UP,aPZT,category-4,sub-a8,18,0,18
2026-10-22,43,plant-A,line-A5,machine-A2,lot-45,DN,aPZT,category-1,sub-a4,40,0,40
2026-10-22,43,plant-B,line-B6,machine-B5,lot-10,DN,bPZT,category-4,sub-b9,27,0,27
2026-10-22,43,plant-B,line-B9,machine-B3,lot-8,DN,aPZT,pass,pass,0,2263,2317
2026-10-22,43,plant-B,line-B2,machine-B10,lot-25,DN,aPZT,category-4,sub-a3,31,0,31
2026-10-22,43,plant-A,line-A7,machine-A3,lot-32,DN,bPZT,category-4,sub-b4,10,0,10
2026-10-22,43,plant-A,line-A1,machine-A8,lot-22,UP,bPZT,category-4,sub-b7,8,0,8
2026-10-22,43,plant-A,line-A5,machine-A10,lot-1,UP,aPZT,pass,pass,0,2420,2445
2026-10-22,43,plant-A,line-A1,machine-A8,lot-22,DN,aPZT,pass,pass,0,2645,2678
2026-10-22,43,plant-A,line-A6,machine-A8,lot-49,UP,bPZT,pass,pass,0,2774,2780
2026-10-22,43,plant-B,line-B3,machine-B6,lot-38,UP,aPZT,category-5,sub-a8,10,0,10
2026-10-22,43,plant-B,line-B6,machine-B4,lot-51,DN,aPZT,category-2,sub-a10,23,0,23
2026-10-22,43,plant-B,line-B2,machine-B10,lot-25,UP,aPZT,category-5,sub-a7,19,0,19
2026-10-22,43,plant-B,line-B4,machine-B2,lot-9,DN,aPZT,category-4,sub-a4,34,0,34
2026-10-22,43,plant-B,line-B5,machine-B7,lot-61,DN,bPZT,pass,pass,0,2561,2588
2026-10-22,43,plant-A,line-A5,machine-A5,lot-13,DN,bPZT,category-2,sub-b5,33,0,33
2026-10-22,43,plant-B,line-B3,machine-B6,lot-38,DN,bPZT,category-5,sub-b2,8,0,8
2026-10-22,43,plant-B,line-B2,machine-B10,lot-25,DN,aPZT,category-4,sub-a9,36,0,36
2026-10-22,43,plant-A,line-A6,machine-A8,lot-49,DN,aPZT,category-2,sub-a7,6,0,6
2026-10-22,43,plant-B,line-B4,machine-B5,lot-87,uP,aPZT,pass,pass,0,2336,2372
2026-10-22,43,plant-B,line-B4,machine-B10,lot-26,UP,bPZT,category-3,sub-b3,25,0,25
2026-10-22,43,plant-B,line-B3,machine-B6,lot-38,UP,bPZT,pass,pass,0,2814,2837
2026-10-22,43,plant-B,line-B8,machine-B8,lot-90,UP,aPZT,category-3,sub-a10,2,0,2
2026-10-22,43,plant-B,line-B4,machine-B10,lot-26,DN,aPZT,category-4,sub-a10,30,0,30
2026-10-22,43,plant-A,line-A6,machine-A8,lot-49,DN,bPZT,category-5,,12,0,12
2026-10-22,43,plant-A,line-A7,machine-A3,lot-32,UP,aPZT,pass,pass,0,2350,2422
2026-10-22,43,plant-B,line-B3,machine-B3,lot-62,DN,aPZT,pass,pass,0,2270,2273
2026-10-22,43,plant-A,line-A1,machine-A8,lot-22,DN,bPZT,pass,pass,0,2645,2736
2026-10-22,43,plant-B,line-B4,machine-B2,lot-9,DN,bPZT,category-3,sub-b6,4,0,4
2026-10-22,43,plant-A,line-A4,machine-A9,lot-6,UP,bPZT,pass,pass,0,2678,2740
2026-10-22,43,plant-B,line-B5,machine-B7,lot-61,DN,aPZT,pass,pass,0,2561,2698
2026-10-22,43,plant-B,line-B5,machine-B7,lot-61,UP,bPZT,category-2,sub-b10,1,0,1
2026-10-22,43,plant-A,line-A6,machine-A8,lot-49,DN,bPZT,category-2,sub-b4,26,0,26
2026-10-22,43,plant-A,line-A1,machine-A8,lot-22,UP,aPZT,category-4,,18,0,18
2026-10-22,43,plant-A,line-A6,machine-A8,lot-49,UP,bPZT,category-2,sub-b8,23,0,23
2026-10-22,43,plant-A,line-A10,machine-A7,lot-58,DN,aPZT,category-2,sub-a9,27,0,27
2026-10-22,43,plant-B,line-B4,machine-B2,lot-9,DN,bPZT,pass,pass,0,2694,2737
2026-10-22,43,plant-A,line-A1,machine-A8,lot-22,DN,bPZT,category-2,sub-b5,25,0,25
2026-10-22,43,plant-A,line-A7,machine-A3,lot-32,UP,bPZT,pass,pass,0,2350,2377
2026-10-22,43,plant-B,line-B2,machine-B10,lot-25,DN,aPZT,pass,pass,0,2553,2602
2026-10-22,43,plant-A,line-A8,machine-A1,lot-82,UP,bPZT,pass,pass,0,2353,2379
2026-10-22,43,plant-A,line-A1,machine-A4,lot-77,UP,bPZT,category-1,sub-b6,30,0,30
2026-10-22,43,plant-A,line-A1,machine-A8,lot-22,UP,aPZT,category-2,sub-a2,33,0,33
2026-10-22,43,plant-A,line-A8,machine-A1,lot-82,UP,bPZT,category-3,sub-b1,13,0,13
2026-10-22,43,plant-B,line-B4,machine-B5,lot-87,DN,aPZT,category-4,sub-a8,19,0,19
2026-10-22,43,plant-A,line-A1,machine-A4,lot-77,UP,bPZT,category-3,sub-b9,16,0,16
2026-10-22,43,plant-A,line-A5,machine-A2,lot-45,DN,aPZT,pass,pass,0,2894,2958
2026-10-22,43,plant-A,line-A4,machine-A9,lot-6,DN,bPZT,category-4,sub-b8,19,0,19
2026-10-22,43,plant-B,line-B2,machine-B10,lot-25,UP,bPZT,category-2,sub-b1,35,0,35
2026-10-22,43,plant-B,line-B6,machine-B5,lot-10,DN,bPZT,category-3,sub-b6,35,0,35
2026-10-22,43,plant-A,line-A9,machine-A7,lot-27,UP,aPZT,category-4,sub-a8,9,0,9
2026-10-22,43,plant-A,line-A10,machine-A7,lot-58,DN,bPZT,pass,pass,0,2590,2622
2026-10-22,43,plant-A,line-A9,machine-A7,lot-27,UP,bPZT,category-2,sub-b8,24,0,24
2026-10-22,43,plant-A,line-A8,machine-A1,lot-82,UP,bPZT,category-5,sub-b10,16,0,16
2026-10-22,43,plant-B,line-B9,machine-B3,lot-8,dn,bPZT,category-5,,7,0,7
2026-10-22,43,plant-A,line-A6,machine-A9,lot-75,DN,bPZT,category-2,sub-b5,11,0,11
2026-10-22,43,plant-A,line-A6,machine-A9,lot-75,UP,bPZT,category-4,,28,0,28
2026-10-22,43,plant-B,line-B1,machine-B1,lot-43,DN,aPZT,category-3,sub-a5,5,0,5
2026-10-22,43,plant-B,line-B5,machine-B7,lot-61,UP,aPZT,category-2,sub-a10,27,0,27
2026-10-22,43,plant-B,line-B1,machine-B1,lot-43,DN,aPZT,pass,pass,0,2428,2522
2026-10-22,43,plant-A,line-A5,machine-A5,lot-13,DN,bPZT,category-1,sub-b2,32,0,32
2026-10-22,43,plant-B,line-B1,machine-B1,lot-43,UP,bPZT,category-1,sub-b1,13,0,13
2026-10-22,43,plant-B,line-B6,machine-B4,lot-51,DN,bPZT,category-1,sub-b1,1,0,1
2026-10-22,43,plant-B,line-B5,machine-B7,lot-61,UP,bPZT,category-5,,15,0,15
2026-10-22,43,plant-A,line-A6,machine-A9,lot-75,DN,aPZT,category-2,sub-a7,3,0,3
2026-10-22,43,plant-B,line-B1,machine-B1,lot-43,DN,bPZT,category-1,sub-b10,33,0,33
2026-10-22,43,plant-A,line-A4,machine-A9,lot-6,DN,aPZT,pass,pass,0,2678,2747
2026-10-22,43,plant-A,line-A1,machine-A8,lot-22,DN,aPZT,category-2,sub-a1,26,0,26
2026-10-22,43,plant-B,line-B6,machine-B5,lot-10,UP,bPZT,category-2,sub-b7,17,0,17
2026-10-22,43,plant-A,line-A5,machine-A10,lot-1,DN,bPZT,category-3,sub-b5,25,0,25
2026-10-22,43,plant-A,line-A5,machine-A5,lot-13,UP,bPZT,pass,pass,0,2568,2573
2026-10-22,43,plant-A,line-A5,machine-A10,lot-1,UP,aPZT,category-5,sub-a9,11,0,11
2026-10-22,43,plant-B,line-B4,machine-B5,lot-87,DN,aPZT,category-3,sub-a10,21,0,21
2026-10-22,43,plant-B,line-B8,machine-B8,lot-90,DN,aPZT,pass,pass,0,2048,2054
2026-10-22,43,plant-A,line-A6,machine-A9,lot-75,DN,bPZT,category-5,sub-b5,29,0,29
2026-10-22,43,plant-B,line-B5,machine-B4,lot-94,UP,aPZT,category-4,sub-a8,20,0,20
2026-10-22,43,plant-B,line-B3,machine-B3,lot-62,UP,bPZT,category-3,sub-b10,3,0,3
2026-10-22,43,plant-A,line-A6,machine-A8,lot-49,up,bPZT,category-2,sub-b6,8,0,8
2026-10-22,43,plant-B,line-B6,machine-B4,lot-51,DN,aPZT,category-4,sub-a5,19,0,19
2026-10-22,43,plant-B,line-B5,machine-B4,lot-94,UP,aPZT,category-1,sub-a1,7,0,7
2026-10-22,43,plant-A,line-A7,machine-A3,lot-32,DN,aPZT,category-3,sub-a6,27,0,27
2026-10-22,43,plant-B,line-B5,machine-B4,lot-94,UP,aPZT,category-1,sub-a8,16,0,16
2026-10-22,43,plant-A,line-A6,machine-A9,lot-75,UP,bPZT,category-5,sub-b5,2,0,2
2026-10-22,43,plant-A,line-A8,machine-A1,lot-82,DN,bPZT,category-2,sub-b8,37,0,37
2026-10-22,43,plant-B,line-B8,machine-B8,lot-90,DN,bPZT,category-3,sub-b7,6,0,6
2026-10-22,43,plant-A,line-A8,machine-A1,lot-82,DN,bPZT,category-2,sub-b3,11,0,11
2026-10-22,43,plant-B,line-B6,machine-B5,lot-10,DN,bPZT,category-2,sub-b10,20,0,20
2026-10-22,43,plant-A,line-A6,machine-A9,lot-75,UP,bPZT,category-5,sub-b5,38,0,38
2026-10-22,43,plant-B,line-B9,machine-B3,lot-8,UP,bPZT,pass,pass,0,2263,2264
2026-10-22,43,plant-B,line-B4,machine-B10,lot-26,UP,aPZT,category-1,sub-a6,30,0,30
2026-10-22,43,plant-B,line-B4,machine-B10,lot-26,UP,bPZT,category-4,sub-b8,31,0,31
2026-10-22,43,plant-B,line-B1,machine-B1,lot-43,DN,bPZT,category-4,sub-b10,29,0,29
2026-10-22,43,plant-A,line-A10,machine-A7,lot-58,DN,bPZT,category-2,sub-b6,6,0,6
2026-10-22,43,plant-A,line-A5,machine-A10,lot-1,DN,aPZT,category-2,sub-a3,24,0,24
2026-10-22,43,plant-A,line-A9,machine-A7,lot-27,UP,aPZT,category-1,sub-a6,29,0,29
2026-10-22,43,plant-B,line-B4,machine-B5,lot-87,DN,bPZT,pass,pass,0,2336,2402
2026-10-22,43,plant-B,line-B5,machine-B7,lot-61,DN,bPZT,category-4,sub-b2,21,0,21
2026-10-22,43,plant-A,line-A10,machine-A7,lot-58,DN,bPZT,category-5,sub-b1,35,0,35
2026-10-22,43,plant-A,line-A4,machine-A9,lot-6,DN,aPZT,category-3,sub-a6,31,0,31
2026-10-22,43,plant-A,line-A1,machine-A4,lot-77,UP,aPZT,category-4,sub-a4,21,0,21
2026-10-22,43,plant-A,line-A6,machine-A9,lot-75,DN,bPZT,category-3,sub-b3,36,0,36
2026-10-22,43,plant-B,line-B6,machine-B5,lot-10,UP,bPZT,pass,pass,0,2649,2651
2026-10-22,43,plant-A,line-A9,machine-A7,lot-27,DN,bPZT,pass,pass,0,2686,2814
2026-10-22,43,plant-A,line-A5,machine-A2,lot-45,DN,bPZT,category-1,sub-b5,26,0,26
2026-10-22,43,plant-A,line-A6,machine-A9,lot-75,DN,bPZT,category-3,sub-b7,29,0,29
2026-10-22,43,plant-B,line-B3,machine-B3,lot-62,DN,aPZT,category-1,sub-a1,36,0,36
2026-10-22,43,plant-A,line-A9,machine-A7,lot-27,DN,aPZT,pass,pass,0,2686,2750
2026-10-22,43,plant-B,line-B8,machine-B8,lot-90,UP,aPZT,category-5,sub-a8,14,0,14
2026-10-22,43,plant-B,line-B4,machine-B2,lot-9,DN,bPZT,category-5,sub-b1,22,0,22
2026-10-22,43,plant-B,line-B6,machine-B4,lot-51,DN,aPZT,category-4,sub-a3,34,0,34
2026-10-22,43,plant-B,line-B6,machine-B4,lot-51,DN,aPZT,pass,pass,0,2921,2922
2026-10-22,43,plant-A,line-A6,machine-A8,lot-49,DN,bPZT,category-2,sub-b8,36,0,36
2026-10-22,43,plant-B,line-B5,machine-B7,lot-61,UP,bPZT,category-5,sub-b2,32,0,32
2026-10-22,43,plant-A,line-A6,machine-A9,lot-75,DN,bPZT,category-3,sub-b4,29,0,29
2026-10-22,43,plant-A,line-A6,machine-A9,lot-75,UP,aPZT,pass,pass,0,2398,2604
2026-10-22,43,plant-A,line-A5,machine-A2,lot-45,DN,bPZT,category-5,sub-b4,23,0,23
2026-10-22,43,plant-A,line-A6,machine-A8,lot-49,DN,aPZT,pass,pass,0,2774,2904
2026-10-22,43,plant-A,line-A9,machine-A7,lot-27,DN,bPZT,category-3,sub-b7,18,0,18
2026-10-23,43,plant-A,line-A1,machine-A8,lot-68,UP,aPZT,category-4,sub-a6,5,0,5
2026-10-23,43,plant-A,line-A6,machine-A9,lot-79,DN,bPZT,category-4,sub-b5,7,0,7
2026-10-23,43,plant-B,line-B4,machine-B8,lot-9,UP,bPZT,category-2,sub-b8,32,0,32
2026-10-23,43,plant-A,line-A6,machine-A9,lot-79,UP,aPZT,pass,pass,0,2546,2640
2026-10-23,43,plant-B,line-B4,machine-B4,lot-29,UP,aPZT,category-2,sub-a4,10,0,10
2026-10-23,43,plant-A,line-A4,machine-A8,lot-78,Dn,aPZT,category-4,sub-a5,24,0,24
2026-10-23,43,plant-B,line-B5,machine-B2,lot-35,UP,aPZT,category-3,sub-a9,4,0,4
2026-10-23,43,plant-A,line-A9,machine-A2,lot-4,DN,aPZT,category-5,sub-a10,4,0,4
2026-10-23,43,plant-A,line-A1,machine-A8,lot-68,DN,bPZT,pass,pass,0,2679,2684
2026-10-23,43,plant-A,line-A2,machine-A3,lot-43,DN,aPZT,pass,pass,0,2632,2652
2026-10-23,43,plant-A,line-A2,machine-A3,lot-43,UP,bPZT,category-3,sub-b4,15,0,15
2026-10-23,43,plant-B,line-B5,machine-B2,lot-35,UP,aPZT,category-4,sub-a9,11,0,11
2026-10-23,43,plant-B,line-B5,machine-B3,lot-52,UP,bPZT,pass,pass,0,2353,2379
2026-10-23,43,plant-A,line-A7,machine-A3,lot-64,DN,aPZT,category-5,sub-a9,2,0,2
2026-10-23,43,plant-A,line-A10,machine-A10,lot-76,UP,bPZT,category-5,sub-b3,24,0,24
2026-10-23,43,plant-B,line-B7,machine-B6,lot-14,DN,aPZT,pass,pass,0,2696,2739
2026-10-23,43,plant-B,line-B7,machine-B6,lot-14,UP,aPZT,category-1,sub-a3,26,0,26
2026-10-23,43,plant-B,line-B7,machine-B10,lot-94,UP,aPZT,pass,pass,0,2200,2360
2026-10-23,43,plant-B,line-B10,machine-B1,lot-23,UP,aPZT,category-2,sub-a3,36,0,36
2026-10-23,43,plant-B,line-B7,machine-B5,lot-20,DN,bPZT,category-1,sub-b4,27,0,27
2026-10-23,43,plant-B,line-B7,machine-B10,lot-94,UP,bPZT,category-1,sub-b6,36,0,36
2026-10-23,43,plant-B,line-B5,machine-B3,lot-52,UP,bPZT,category-4,sub-b9,23,0,23
2026-10-23,43,plant-B,line-B5,machine-B2,lot-35,UP,aPZT,pass,pass,0,2077,2097
2026-10-23,43,plant-A,line-A2,machine-A1,lot-32,UP,bPZT,category-3,sub-b5,22,0,22
2026-10-23,43,plant-A,line-A3,machine-A9,lot-26,DN,bPZT,pass,pass,0,2120,2240
2026-10-23,43,plant-A,line-A9,machine-A2,lot-4,DN,bPZT,pass,pass,0,2890,2969
2026-10-23,43,plant-B,line-B7,machine-B10,lot-94,UP,bPZT,pass,pass,0,2200,2211
2026-10-23,43,plant-A,line-A3,machine-A6,lot-40,DN,bPZT,category-3,sub-b9,31,0,31
2026-10-23,43,plant-B,line-B5,machine-B3,lot-52,UP,aPZT,category-2,sub-a9,26,0,26
2026-10-23,43,plant-A,line-A3,machine-A6,lot-40,DN,bPZT,category-3,sub-b6,18,0,18
2026-10-23,43,plant-B,line-B4,machine-B4,lot-29,UP,bPZT,category-2,sub-b8,38,0,38
2026-10-23,43,plant-B,line-B4,machine-B8,lot-9,UP,bPZT,category-2,sub-b7,21,0,21
2026-10-23,43,plant-B,line-B7,machine-B5,lot-20,DN,aPZT,category-4,sub-a1,17,0,17
2026-10-23,43,plant-A,line-A9,machine-A2,lot-4,DN,aPZT,category-3,sub-a10,2,0,2
2026-10-23,43,plant-A,line-A3,machine-A6,lot-40,UP,bPZT,category-3,sub-b2,15,0,15
2026-10-23,43,plant-A,line-A1,machine-A9,lot-24,DN,aPZT,category-5,,29,0,29
2026-10-23,43,plant-A,line-A10,machine-A10,lot-76,DN,bPZT,category-4,sub-b10,10,0,10
2026-10-23,43,plant-A,line-A1,machine-A9,lot-24,UP,bPZT,pass,pass,0,2802,2887
2026-10-23,43,plant-A,line-A3,machine-A6,lot-40,DN,bPZT,category-3,sub-b5,27,0,27
2026-10-23,43,plant-B,line-B10,machine-B1,lot-23,DN,bPZT,category-3,sub-b2,24,0,24
2026-10-23,43,plant-B,line-B5,machine-B3,lot-66,DN,aPZT,category-5,sub-a5,3,0,3
2026-10-23,43,plant-B,line-B5,machine-B2,lot-35,DN,bPZT,category-4,sub-b6,18,0,18
2026-10-23,43,plant-B,line-B5,machine-B3,lot-66,UP,aPZT,pass,pass,0,2688,2706
2026-10-23,43,plant-A,line-A8,machine-A10,lot-48,UP,aPZT,pass,pass,0,2530,2560
2026-10-23,43,plant-B,line-B5,machine-B2,lot-35,DN,aPZT,category-2,sub-a2,14,0,14
2026-10-23,43,plant-B,line-B5,machine-B2,lot-35,DN,bPZT,category-2,sub-b1,2,0,2
2026-10-23,43,plant-A,line-A2,machine-A3,lot-43,DN,bPZT,category-3,sub-b10,5,0,5
2026-10-23,43,plant-B,line-B5,machine-B2,lot-35,UP,bPZT,pass,pass,0,2077,2118
2026-10-23,43,plant-A,line-A9,machine-A6,lot-41,UP,bPZT,category-3,sub-b3,39,0,39
2026-10-23,43,plant-A,line-A3,machine-A9,lot-26,DN,aPZT,category-2,sub-a5,40,0,40
2026-10-23,43,plant-A,line-A9,machine-A6,lot-41,DN,aPZT,category-5,sub-a2,1,0,1
2026-10-23,43,plant-A,line-A2,machine-A1,lot-32,dn,bPZT,pass,pass,0,2050,2088
2026-10-23,43,plant-A,line-A4,machine-A8,lot-78,DN,aPZT,category-2,sub-a8,30,0,30
2026-10-23,43,plant-A,line-A1,machine-A9,lot-24,DN,aPZT,category-4,sub-a1,21,0,21
2026-10-23,43,plant-B,line-B7,machine-B6,lot-14,DN,aPZT,category-3,sub-a7,4,0,4
2026-10-23,43,plant-A,line-A3,machine-A9,lot-26,UP,aPZT,category-5,sub-a6,24,0,24
2026-10-23,43,plant-A,line-A9,machine-A6,lot-41,DN,aPZT,pass,pass,0,2343,2401
2026-10-23,43,plant-A,line-A1,machine-A8,lot-68,UP,bPZT,category-2,sub-b5,5,0,5
2026-10-23,43,plant-B,line-B7,machine-B5,lot-20,UP,aPZT,category-5,sub-a7,8,0,8
2026-10-23,43,plant-A,line-A2,machine-A1,lot-32,UP,aPZT,category-3,sub-a1,24,0,24
2026-10-23,43,plant-A,line-A9,machine-A6,lot-41,UP,aPZT,category-3,sub-a1,38,0,38
2026-10-23,43,plant-A,line-A9,machine-A8,lot-58,UP,aPZT,category-2,sub-a4,34,0,34
2026-10-23,43,plant-A,line-A4,machine-A8,lot-78,UP,bPZT,pass,pass,0,2083,2202
2026-10-23,43,plant-B,line-B7,machine-B5,lot-20,UP,bPZT,category-5,sub-b5,36,0,36
2026-10-23,43,plant-A,line-A7,machine-A3,lot-64,UP,bPZT,pass,pass,0,2494,2599
2026-10-23,43,plant-B,line-B6,machine-B5,lot-51,UP,aPZT,pass,pass,0,2929,2960
2026-10-23,43,plant-B,line-B6,machine-B5,lot-51,UP,aPZT,category-4,sub-a4,26,0,26
2026-10-23,43,plant-A,line-A3,machine-A9,lot-26,DN,bPZT,category-2,sub-b6,36,0,36
2026-10-23,43,plant-A,line-A1,machine-A9,lot-24,UP,bPZT,category-1,sub-b2,4,0,4
2026-10-23,43,plant-A,line-A6,machine-A9,lot-79,DN,aPZT,category-1,sub-a5,5,0,5
2026-10-23,43,plant-B,line-B4,machine-B8,lot-9,DN,aPZT,pass,pass,0,2530,2653
2026-10-23,43,plant-A,line-A7,machine-A3,lot-64,DN,aPZT,category-4,sub-a10,33,0,33
2026-10-23,43,plant-B,line-B4,machine-B8,lot-9,DN,bPZT,category-2,sub-b10,1,0,1
2026-10-23,43,plant-B,line-B10,machine-B1,lot-23,UP,bPZT,pass,pass,0,2642,2738
2026-10-23,43,plant-A,line-A3,machine-A9,lot-26,UP,aPZT,category-2,sub-a4,29,0,29
2026-10-23,43,plant-A,line-A3,machine-A9,lot-26,UP,bPZT,category-1,sub-b1,27,0,27
2026-10-23,43,plant-B,line-B7,machine-B5,lot-20,DN,bPZT,category-5,sub-b2,7,0,7
2026-10-23,43,plant-A,line-A9,machine-A6,lot-41,UP,aPZT,category-4,sub-a6,37,0,37
2026-10-23,43,plant-A,line-A3,machine-A9,lot-26,DN,bPZT,category-4,sub-b1,29,0,29
2026-10-23,43,plant-B,line-B4,machine-B4,lot-29,DN,bPZT,category-3,sub-b3,4,0,4
2026-10-23,43,plant-A,line-A8,machine-A10,lot-48,DN,bPZT,category-5,sub-b5,6,0,6
2026-10-23,43,plant-B,line-B7,machine-B6,lot-14,DN,aPZT,category-5,sub-a10,2,0,2
2026-10-23,43,plant-A,line-A10,machine-A10,lot-76,UP,bPZT,category-1,sub-b3,35,0,35
2026-10-23,43,plant-A,line-A7,machine-A3,lot-64,DN,bPZT,category-2,sub-b8,31,0,31
2026-10-23,43,plant-A,line-A3,machine-A9,lot-26,UP,aPZT,pass,pass,0,2120,2218
2026-10-23,43,plant-A,line-A9,machine-A10,lot-92,UP,bPZT,category-3,sub-b5,35,0,35
2026-10-23,43,plant-A,line-A9,machine-A8,lot-58,UP,bPZT,category-3,sub-b1,25,0,25
2026-10-23,43,plant-A,line-A3,machine-A6,lot-40,UP,aPZT,category-4,sub-a5,18,0,18
2026-10-23,43,plant-B,line-B7,machine-B10,lot-94,uP,bPZT,category-2,,12,0,12
2026-10-23,43,plant-A,line-A6,machine-A9,lot-79,DN,bPZT,category-5,sub-b3,17,0,17
2026-10-23,43,plant-A,line-A2,machine-A1,lot-32,DN,bPZT,category-1,sub-b7,18,0,18
2026-10-23,43,plant-A,line-A9,machine-A2,lot-4,UP,aPZT,category-5,sub-a1,6,0,6
2026-10-23,43,plant-A,line-A8,machine-A10,lot-48,UP,aPZT,category-1,sub-a3,20,0,20
2026-10-23,43,plant-A,line-A8,machine-A10,lot-48,DN,aPZT,category-4,sub-a8,37,0,37
2026-10-23,43,plant-A,line-A6,machine-A9,lot-79,UP,aPZT,category-3,sub-a7,18,0,18
2026-10-23,43,plant-B,line-B7,machine-B5,lot-20,UP,bPZT,category-5,sub-b4,31,0,31
2026-10-23,43,plant-B,line-B7,machine-B5,lot-20,DN,aPZT,category-4,sub-a3,10,0,10
2026-10-23,43,plant-A,line-A1,machine-A9,lot-24,DN,aPZT,category-2,sub-a5,2,0,2
2026-10-23,43,plant-B,line-B4,machine-B4,lot-29,DN,aPZT,category-1,sub-a2,7,0,7
2026-10-23,43,plant-A,line-A6,machine-A9,lot-79,UP,bPZT,category-2,sub-b9,39,0,39
2026-10-23,43,plant-A,line-A9,machine-A6,lot-41,DN,aPZT,category-4,sub-a1,16,0,16
2026-10-23,43,plant-A,line-A3,machine-A6,lot-40,DN,bPZT,pass,pass,0,2231,2270
2026-10-23,43,plant-A,line-A2,machine-A1,lot-32,DN,bPZT,category-4,sub-b10,14,0,14
2026-10-23,43,plant-A,line-A10,machine-A10,lot-76,dN,bPZT,category-2,sub-b4,9,0,9
2026-10-23,43,plant-B,line-B7,machine-B6,lot-14,DN,bPZT,category-5,sub-b7,34,0,34
2026-10-23,43,plant-B,line-B4,machine-B4,lot-29,UP,aPZT,category-3,sub-a2,29,0,29
2026-10-23,43,plant-B,line-B6,machine-B5,lot-51,DN,bPZT,category-5,sub-b9,6,0,6
2026-10-23,43,plant-A,line-A9,machine-A10,lot-92,DN,bPZT,pass,pass,0,2299,2307
2026-10-23,43,plant-B,line-B7,machine-B5,lot-20,UP,bPZT,category-1,sub-b2,12,0,12
2026-10-23,43,plant-A,line-A4,machine-A8,lot-78,UP,bPZT,category-2,sub-b4,7,0,7
2026-10-23,43,plant-A,line-A8,machine-A10,lot-48,UP,bPZT,pass,pass,0,2530,2618
2026-10-23,43,plant-A,line-A9,machine-A10,lot-92,DN,aPZT,pass,pass,0,2299,2334
2026-10-23,43,plant-B,line-B6,machine-B5,lot-51,UP,bPZT,pass,pass,0,2929,2964
2026-10-23,43,plant-A,line-A9,machine-A6,lot-41,UP,aPZT,category-2,sub-a3,34,0,34
2026-10-23,43,plant-B,line-B5,machine-B2,lot-35,DN,aPZT,category-3,sub-a3,11,0,11
2026-10-23,43,plant-B,line-B7,machine-B5,lot-20,UP,aPZT,pass,pass,0,2889,3021
2026-10-23,43,plant-A,line-A9,machine-A8,lot-58,DN,bPZT,pass,pass,0,2689,2800
2026-10-23,43,plant-A,line-A1,machine-A9,lot-24,UP,bPZT,category-4,sub-b8,30,0,30
2026-10-23,43,plant-A,line-A9,machine-A8,lot-58,UP,aPZT,category-2,sub-a3,29,0,29
2026-10-23,43,plant-B,line-B4,machine-B8,lot-9,DN,aPZT,category-4,sub-a9,13,0,13
2026-10-23,43,plant-B,line-B4,machine-B4,lot-29,UP,aPZT,category-5,sub-a1,30,0,30
2026-10-23,43,plant-A,line-A9,machine-A2,lot-4,DN,aPZT,pass,pass,0,2890,2900
2026-10-23,43,plant-A,line-A3,machine-A6,lot-40,DN,bPZT,category-5,sub-b1,39,0,39
2026-10-23,43,plant-B,line-B5,machine-B3,lot-52,UP,aPZT,pass,pass,0,2353,2376
2026-10-23,43,plant-B,line-B7,machine-B10,lot-94,DN,aPZT,category-4,sub-a10,11,0,11
2026-10-23,43,plant-A,line-A1,machine-A9,lot-24,DN,aPZT,pass,,0,2802,2843
2026-10-23,43,plant-A,line-A9,machine-A2,lot-4,DN,aPZT,category-4,sub-a7,1,0,1
2026-10-23,43,plant-B,line-B7,machine-B10,lot-94,UP,bPZT,category-3,sub-b8,21,0,21
2026-10-23,43,plant-B,line-B4,machine-B4,lot-29,DN,aPZT,category-1,sub-a7,37,0,37
2026-10-23,43,plant-A,line-A2,machine-A3,lot-43,UP,aPZT,category-3,sub-a3,12,0,12
2026-10-23,43,plant-B,line-B7,machine-B5,lot-20,DN,bPZT,category-4,sub-b4,7,0,7
2026-10-23,43,plant-B,line-B7,machine-B10,lot-94,DN,bPZT,category-4,sub-b1,23,0,23
2026-10-23,43,plant-B,line-B4,machine-B8,lot-9,DN,bPZT,category-1,sub-b2,22,0,22
2026-10-23,43,plant-A,line-A3,machine-A6,lot-40,UP,aPZT,pass,pass,0,2231,2368
2026-10-23,43,plant-A,line-A3,machine-A6,lot-40,UP,bPZT,category-5,sub-b9,7,0,7
2026-10-23,43,plant-A,line-A8,machine-A10,lot-48,DN,aPZT,category-4,sub-a2,31,0,31
2026-10-23,43,plant-A,line-A7,machine-A3,lot-64,UP,aPZT,category-2,sub-a4,33,0,33
2026-10-23,43,plant-B,line-B4,machine-B4,lot-29,UP,bPZT,pass,pass,0,2732,2881
2026-10-23,43,plant-A,line-A10,machine-A10,lot-76,UP,aPZT,category-2,sub-a3,31,0,31
2026-10-23,43,plant-A,line-A6,machine-A9,lot-79,UP,bPZT,pass,pass,0,2546,2569
2026-10-23,43,plant-A,line-A9,machine-A8,lot-58,UP,aPZT,category-1,sub-a5,29,0,29
2026-10-23,43,plant-A,line-A1,machine-A9,lot-24,DN,aPZT,category-4,sub-a1,33,0,33
2026-10-23,43,plant-A,line-A3,machine-A9,lot-26,UP,bPZT,category-4,sub-b3,6,0,6
2026-10-23,43,plant-B,line-B10,machine-B1,lot-23,DN,aPZT,category-2,sub-a5,21,0,21
2026-10-23,43,plant-B,line-B7,machine-B5,lot-20,UP,bPZT,pass,pass,0,2889,2924
2026-10-23,43,plant-A,line-A6,machine-A9,lot-79,UP,bPZT,category-3,sub-b3,26,0,26
2026-10-23,43,plant-B,line-B4,machine-B4,lot-29,DN,aPZT,category-3,sub-a7,36,0,36
2026-10-23,43,plant-A,line-A1,machine-A9,lot-24,UP,bPZT,category-3,sub-b8,7,0,7
2026-10-23,43,plant-A,line-A4,machine-A8,lot-78,UP,aPZT,category-3,sub-a8,39,0,39
2026-10-23,43,plant-A,line-A3,machine-A6,lot-40,UP,aPZT,category-5,sub-a4,21,0,21
2026-10-23,43,plant-A,line-A9,machine-A2,lot-4,DN,aPZT,category-1,sub-a5,37,0,37
2026-10-23,43,plant-A,line-A1,machine-A8,lot-68,DN,bPZT,category-3,sub-b2,19,0,19
2026-10-23,43,plant-A,line-A9,machine-A8,lot-58,UP,aPZT,category-1,sub-a3,7,0,7
2026-10-23,43,plant-A,line-A9,machine-A8,lot-58,UP,bPZT,category-5,sub-b8,31,0,31
2026-10-23,43,plant-A,line-A9,machine-A8,lot-58,UP,aPZT,pass,pass,0,2689,2745
2026-10-23,43,plant-A,line-A2,machine-A1,lot-32,UP,aPZT,pass,pass,0,2050,2161
2026-10-23,43,plant-A,line-A9,machine-A6,lot-41,DN,bPZT,pass,pass,0,2343,2469
2026-10-23,43,plant-A,line-A9,machine-A10,lot-92,DN,aPZT,category-1,sub-a5,8,0,8
2026-10-23,43,plant-A,line-A9,machine-A2,lot-4,UP,aPZT,category-2,sub-a6,16,0,16
2026-10-23,43,plant-B,line-B5,machine-B3,lot-66,DN,bPZT,category-3,sub-b2,18,0,18
2026-10-23,43,plant-A,line-A10,machine-A10,lot-76,DN,bPZT,pass,pass,0,2663,2694
2026-10-23,43,plant-A,line-A9,machine-A2,lot-4,UP,bPZT,category-3,sub-b4,10,0,10
2026-10-23,43,plant-B,line-B5,machine-B3,lot-66,DN,bPZT,pass,pass,0,2688,2691
2026-10-23,43,plant-B,line-B4,machine-B8,lot-9,DN,bPZT,category-5,sub-b9,35,0,35
2026-10-23,43,plant-B,line-B4,machine-B4,lot-29,DN,bPZT,category-3,sub-b8,20,0,20
2026-10-23,43,plant-A,line-A7,machine-A3,lot-64,DN,aPZT,category-3,sub-a2,7,0,7
2026-10-23,43,plant-B,line-B7,machine-B6,lot-14,UP,aPZT,category-3,sub-a6,37,0,37
2026-10-23,43,plant-A,line-A2,machine-A1,lot-32,DN,bPZT,category-4,sub-b6,26,0,26
2026-10-23,43,plant-B,line-B5,machine-B2,lot-35,DN,aPZT,category-3,sub-a6,1,0,1
2026-10-23,43,plant-A,line-A3,machine-A9,lot-26,UP,aPZT,category-4,sub-a5,27,0,27
2026-10-23,43,plant-B,line-B4,machine-B4,lot-29,DN,aPZT,pass,pass,0,2732,2794
2026-10-23,43,plant-A,line-A7,machine-A3,lot-64,DN,aPZT,pass,pass,0,2494,2525
2026-10-23,43,plant-B,line-B7,machine-B10,lot-94,DN,bPZT,category-3,sub-b7,28,0,28
2026-10-23,43,plant-B,line-B4,machine-B8,lot-9,uP,bPZT,pass,,0,2530,2544
2026-10-23,43,plant-B,line-B7,machine-B6,lot-14,DN,bPZT,category-5,,9,0,9
2026-10-23,43,plant-A,line-A4,machine-A8,lot-78,DN,aPZT,category-1,sub-a5,26,0,26
2026-10-23,43,plant-A,line-A9,machine-A6,lot-41,DN,bPZT,category-4,sub-b2,19,0,19
2026-10-23,43,plant-B,line-B7,machine-B6,lot-14,UP,bPZT,pass,pass,0,2696,2765
2026-10-23,43,plant-B,line-B7,machine-B5,lot-20,UP,bPZT,category-2,sub-b6,12,0,12
2026-10-23,43,plant-B,line-B10,machine-B1,lot-23,DN,aPZT,category-5,sub-a4,39,0,39
2026-10-23,43,plant-B,line-B6,machine-B5,lot-51,UP,bPZT,category-5,sub-b6,25,0,25
2026-10-23,43,plant-B,line-B6,machine-B5,lot-51,UP,aPZT,category-2,sub-a1,9,0,9
2026-10-23,43,plant-A,line-A1,machine-A8,lot-68,dn,aPZT,pass,,0,2679,2714
2026-10-23,43,plant-A,line-A2,machine-A1,lot-32,UP,bPZT,category-3,sub-b8,31,0,31
2026-10-23,43,plant-B,line-B7,machine-B10,lot-94,DN,bPZT,category-2,sub-b5,28,0,28
2026-10-23,43,plant-A,line-A7,machine-A3,lot-64,UP,aPZT,category-4,sub-a1,30,0,30
2026-10-23,43,plant-A,line-A8,machine-A10,lot-48,DN,bPZT,category-5,sub-b4,24,0,24
2026-10-23,43,plant-A,line-A2,machine-A3,lot-43,UP,bPZT,pass,pass,0,2632,2644
2026-10-23,43,plant-A,line-A10,machine-A10,lot-76,DN,aPZT,pass,pass,0,2663,2741
2026-10-23,43,plant-A,line-A6,machine-A9,lot-79,DN,bPZT,category-1,sub-b10,5,0,5
2026-10-23,43,plant-B,line-B10,machine-B1,lot-23,DN,aPZT,pass,pass,0,2642,2666
2026-10-23,43,plant-A,line-A9,machine-A2,lot-4,UP,aPZT,category-3,sub-a1,13,0,13
2026-10-23,43,plant-A,line-A4,machine-A8,lot-78,UP,aPZT,pass,pass,0,2083,2128
2026-10-23,43,plant-B,line-B4,machine-B8,lot-9,DN,bPZT,category-2,sub-b7,12,0,12
2026-10-23,43,plant-A,line-A1,machine-A8,lot-68,UP,bPZT,category-5,sub-b1,11,0,11
2026-10-23,43,plant-A,line-A9,machine-A8,lot-58,DN,aPZT,category-4,sub-a9,12,0,12
2026-10-23,43,plant-B,line-B4,machine-B8,lot-9,UP,aPZT,category-1,sub-a5,1,0,1
2026-10-23,43,plant-A,line-A2,machine-A1,lot-32,UP,aPZT,category-3,sub-a9,14,0,14
2026-10-23,43,plant-B,line-B7,machine-B10,lot-94,DN,bPZT,category-5,sub-b7,12,0,12
2026-10-23,43,plant-A,line-A4,machine-A8,lot-78,UP,bPZT,category-5,sub-b6,38,0,38
2026-10-24,43,plant-A,line-A9,machine-A5,lot-75,UP,aPZT,category-4,sub-a8,37,0,37
2026-10-24,43,plant-A,line-A9,machine-A5,lot-75,UP,bPZT,category-5,sub-b10,32,0,32
2026-10-24,43,plant-B,line-B4,machine-B6,lot-97,UP,bPZT,category-1,sub-b3,37,0,37
2026-10-24,43,plant-A,line-A5,machine-A10,lot-73,UP,bPZT,category-4,,21,0,21
2026-10-24,43,plant-A,line-A1,machine-A2,lot-72,DN,aPZT,category-1,,23,0,23
2026-10-24,43,plant-A,line-A9,machine-A5,lot-75,DN,aPZT,category-3,sub-a10,36,0,36
2026-10-24,43,plant-B,line-B5,machine-B5,lot-31,DN,aPZT,category-3,sub-a10,13,0,13
2026-10-24,43,plant-B,line-B3,machine-B6,lot-94,UP,aPZT,pass,pass,0,2013,2026
2026-10-24,43,plant-A,line-A5,machine-A10,lot-73,uP,bPZT,category-5,sub-b7,35,0,35
2026-10-24,43,plant-B,line-B9,machine-B1,lot-67,DN,bPZT,category-2,sub-b7,3,0,3
2026-10-24,43,plant-B,line-B4,machine-B1,lot-45,DN,bPZT,category-4,sub-b6,26,0,26
2026-10-24,43,plant-B,line-B4,machine-B6,lot-97,DN,aPZT,category-1,sub-a1,12,0,12
2026-10-24,43,plant-A,line-A10,machine-A9,lot-28,UP,bPZT,category-4,sub-b6,40,0,40
2026-10-24,43,plant-B,line-B8,machine-B2,lot-44,UP,aPZT,category-2,sub-a1,33,0,33
2026-10-24,43,plant-A,line-A2,machine-A6,lot-90,UP,aPZT,pass,pass,0,2267,2364
2026-10-24,43,plant-B,line-B9,machine-B1,lot-67,UP,bPZT,category-5,sub-b2,5,0,5
2026-10-24,43,plant-A,line-A5,machine-A10,lot-73,UP,bPZT,category-3,sub-b8,36,0,36
2026-10-24,43,plant-B,line-B5,machine-B5,lot-31,UP,aPZT,category-4,sub-a4,10,0,10
2026-10-24,43,plant-B,line-B9,machine-B1,lot-67,DN,aPZT,category-3,sub-a6,13,0,13
2026-10-24,43,plant-B,line-B5,machine-B5,lot-31,DN,aPZT,category-4,sub-a9,28,0,28
2026-10-24,43,plant-A,line-A4,machine-A2,lot-15,DN,aPZT,pass,pass,0,2083,2145
2026-10-24,43,plant-B,line-B8,machine-B9,lot-95,DN,bPZT,category-4,sub-b7,19,0,19
2026-10-24,43,plant-B,line-B1,machine-B7,lot-3,DN,bPZT,category-1,sub-b3,10,0,10
2026-10-24,43,plant-B,line-B5,machine-B5,lot-31,UP,bPZT,category-1,sub-b1,11,0,11
2026-10-24,43,plant-B,line-B9,machine-B7,lot-70,DN,aPZT,category-3,sub-a10,2,0,2
2026-10-24,43,plant-A,line-A4,machine-A2,lot-15,UP,bPZT,pass,pass,0,2083,2103
2026-10-24,43,plant-B,line-B1,machine-B7,lot-3,DN,bPZT,category-2,sub-b7,35,0,35
2026-10-24,43,plant-B,line-B3,machine-B6,lot-94,DN,bPZT,pass,pass,0,2013,2036
2026-10-24,43,plant-B,line-B3,machine-B5,lot-86,DN,aPZT,category-3,sub-a6,23,0,23
2026-10-24,43,plant-A,line-A9,machine-A5,lot-75,UP,aPZT,category-4,,15,0,15
2026-10-24,43,plant-B,line-B8,machine-B9,lot-95,DN,aPZT,category-3,sub-a2,14,0,14
2026-10-24,43,plant-B,line-B4,machine-B5,lot-99,DN,aPZT,category-2,sub-a4,1,0,1
2026-10-24,43,plant-B,line-B4,machine-B5,lot-99,UP,aPZT,pass,pass,0,2854,2912
2026-10-24,43,plant-B,line-B3,machine-B5,lot-86,uP,aPZT,pass,pass,0,2777,2778
2026-10-24,43,plant-A,line-A2,machine-A6,lot-90,DN,aPZT,category-2,sub-a3,26,0,26
2026-10-24,43,plant-B,line-B4,machine-B6,lot-97,DN,bPZT,category-3,sub-b3,1,0,1
2026-10-24,43,plant-B,line-B3,machine-B2,lot-4,UP,aPZT,pass,pass,0,2703,2763
2026-10-24,43,plant-A,line-A3,machine-A1,lot-50,UP,bPZT,pass,pass,0,2895,2967
2026-10-24,43,plant-B,line-B8,machine-B2,lot-44,UP,bPZT,category-1,sub-b10,37,0,37
2026-10-24,43,plant-A,line-A4,machine-A2,lot-15,UP,aPZT,category-2,sub-a9,12,0,12
2026-10-24,43,plant-B,line-B3,machine-B6,lot-94,UP,aPZT,category-3,sub-a6,23,0,23
2026-10-24,43,plant-B,line-B4,machine-B6,lot-97,DN,bPZT,category-5,sub-b5,13,0,13
2026-10-24,43,plant-B,line-B3,machine-B5,lot-86,DN,bPZT,category-1,sub-b7,1,0,1
2026-10-24,43,plant-B,line-B4,machine-B5,lot-99,UP,bPZT,category-4,sub-b6,33,0,33
2026-10-24,43,plant-B,line-B8,machine-B2,lot-44,UP,bPZT,pass,pass,0,2429,2583
2026-10-24,43,plant-B,line-B3,machine-B2,lot-4,UP,aPZT,category-5,sub-a3,31,0,31
2026-10-24,43,plant-B,line-B4,machine-B1,lot-45,DN,bPZT,category-3,sub-b8,39,0,39
2026-10-24,43,plant-A,line-A1,machine-A2,lot-72,DN,aPZT,category-1,sub-a6,18,0,18
2026-10-24,43,plant-A,line-A7,machine-A10,lot-32,DN,bPZT,category-3,sub-b8,31,0,31
2026-10-24,43,plant-B,line-B8,machine-B2,lot-44,DN,aPZT,pass,pass,0,2429,2469
2026-10-24,43,plant-A,line-A10,machine-A9,lot-28,UP,bPZT,category-5,sub-b5,31,0,31
2026-10-24,43,plant-B,line-B8,machine-B9,lot-95,DN,aPZT,category-5,sub-a4,37,0,37
2026-10-24,43,plant-A,line-A3,machine-A1,lot-50,DN,aPZT,category-5,sub-a1,12,0,12
2026-10-24,43,plant-A,line-A3,machine-A1,lot-50,DN,aPZT,category-4,sub-a3,33,0,33
2026-10-24,43,plant-A,line-A9,machine-A5,lot-75,UP,aPZT,pass,pass,0,2642,2750
2026-10-24,43,plant-B,line-B3,machine-B2,lot-4,UP,bPZT,category-4,sub-b8,14,0,14
2026-10-24,43,plant-B,line-B3,machine-B2,lot-4,UP,aPZT,category-2,sub-a1,12,0,12
2026-10-24,43,plant-B,line-B4,machine-B5,lot-99,DN,aPZT,category-2,sub-a10,9,0,9
2026-10-24,43,plant-B,line-B8,machine-B2,lot-44,DN,aPZT,category-3,sub-a3,2,0,2
2026-10-24,43,plant-B,line-B1,machine-B7,lot-3,DN,aPZT,category-4,sub-a9,22,0,22
2026-10-24,43,plant-B,line-B5,machine-B5,lot-31,DN,aPZT,category-3,sub-a4,5,0,5
2026-10-24,43,plant-A,line-A1,machine-A2,lot-72,DN,bPZT,category-1,sub-b8,20,0,20
2026-10-24,43,plant-A,line-A1,machine-A4,lot-29,UP,bPZT,category-2,sub-b3,31,0,31
2026-10-24,43,plant-A,line-A9,machine-A5,lot-75,UP,aPZT,category-3,sub-a9,4,0,4
2026-10-24,43,plant-B,line-B9,machine-B9,lot-39,DN,bPZT,pass,pass,0,2377,2419
2026-10-24,43,plant-B,line-B9,machine-B7,lot-70,DN,bPZT,pass,pass,0,2259,2328
2026-10-24,43,plant-A,line-A10,machine-A9,lot-28,UP,bPZT,category-4,sub-b8,40,0,40
2026-10-24,43,plant-A,line-A4,machine-A2,lot-15,UP,bPZT,category-1,sub-b2,40,0,40
2026-10-24,43,plant-B,line-B3,machine-B2,lot-4,DN,bPZT,category-2,sub-b10,6,0,6
2026-10-24,43,plant-B,line-B3,machine-B2,lot-4,DN,aPZT,category-2,sub-a8,29,0,29
2026-10-24,43,plant-A,line-A4,machine-A2,lot-15,UP,bPZT,category-3,sub-b7,22,0,22
2026-10-24,43,plant-B,line-B3,machine-B2,lot-4,dN,bPZT,category-2,,39,0,39
2026-10-24,43,plant-A,line-A1,machine-A4,lot-29,UP,aPZT,pass,pass,0,2574,2605
2026-10-24,43,plant-A,line-A9,machine-A5,lot-75,DN,aPZT,category-4,sub-a6,15,0,15
2026-10-24,43,plant-B,line-B3,machine-B5,lot-86,DN,bPZT,pass,pass,0,2777,2946
2026-10-24,43,plant-B,line-B5,machine-B5,lot-31,UP,aPZT,category-2,sub-a1,27,0,27
2026-10-24,43,plant-B,line-B4,machine-B1,lot-45,DN,bPZT,category-3,sub-b7,35,0,35
2026-10-24,43,plant-B,line-B8,machine-B9,lot-95,UP,bPZT,category-3,sub-b3,15,0,15
2026-10-24,43,plant-A,line-A9,machine-A5,lot-75,UP,aPZT,category-5,sub-a4,20,0,20
2026-10-24,43,plant-A,line-A5,machine-A5,lot-69,DN,aPZT,category-2,sub-a9,6,0,6
2026-10-24,43,plant-A,line-A2,machine-A6,lot-90,DN,bPZT,category-4,sub-b10,5,0,5
2026-10-24,43,plant-A,line-A2,machine-A6,lot-90,DN,bPZT,category-2,sub-b4,28,0,28
2026-10-24,43,plant-A,line-A9,machine-A5,lot-75,DN,bPZT,category-3,sub-b7,36,0,36
2026-10-24,43,plant-B,line-B3,machine-B5,lot-86,DN,aPZT,category-3,sub-a7,36,0,36
2026-10-24,43,plant-A,line-A5,machine-A5,lot-69,UP,aPZT,category-3,sub-a5,8,0,8
2026-10-24,43,plant-B,line-B4,machine-B5,lot-99,UP,bPZT,pass,pass,0,2854,2931
2026-10-24,43,plant-A,line-A2,machine-A6,lot-90,UP,bPZT,category-4,sub-b2,12,0,12
2026-10-24,43,plant-B,line-B3,machine-B5,lot-86,DN,aPZT,category-4,sub-a7,24,0,24
2026-10-24,43,plant-A,line-A5,machine-A10,lot-73,DN,aPZT,pass,pass,0,2079,2194
2026-10-24,43,plant-B,line-B4,machine-B1,lot-45,UP,bPZT,pass,pass,0,2889,2892
2026-10-24,43,plant-B,line-B9,machine-B7,lot-70,DN,bPZT,category-5,,3,0,3
2026-10-24,43,plant-B,line-B1,machine-B7,lot-3,UP,bPZT,pass,pass,0,2194,2237
2026-10-24,43,plant-B,line-B9,machine-B9,lot-39,UP,bPZT,category-2,sub-b8,18,0,18
2026-10-24,43,plant-B,line-B3,machine-B5,lot-86,DN,aPZT,category-5,sub-a3,40,0,40
2026-10-24,43,plant-B,line-B5,machine-B5,lot-31,DN,aPZT,category-5,sub-a2,25,0,25
2026-10-24,43,plant-B,line-B9,machine-B1,lot-67,UP,bPZT,pass,pass,0,2893,2906
2026-10-24,43,plant-B,line-B9,machine-B7,lot-70,UP,aPZT,pass,pass,0,2259,2328
2026-10-24,43,plant-B,line-B3,machine-B2,lot-4,UP,bPZT,category-5,sub-b9,1,0,1
2026-10-24,43,plant-B,line-B9,machine-B1,lot-67,DN,bPZT,category-1,sub-b10,3,0,3
2026-10-24,43,plant-B,line-B2,machine-B6,lot-36,UP,aPZT,category-1,sub-a2,28,0,28
2026-10-24,43,plant-A,line-A2,machine-A6,lot-90,DN,bPZT,category-2,sub-b5,25,0,25
2026-10-24,43,plant-A,line-A10,machine-A9,lot-28,DN,bPZT,category-5,sub-b5,4,0,4
2026-10-24,43,plant-B,line-B9,machine-B1,lot-67,DN,bPZT,category-2,sub-b8,31,0,31
2026-10-24,43,plant-A,line-A7,machine-A10,lot-32,UP,aPZT,pass,,0,2206,2237
2026-10-24,43,plant-A,line-A7,machine-A10,lot-32,DN,bPZT,pass,pass,0,2206,2231
2026-10-24,43,plant-B,line-B8,machine-B2,lot-44,UP,aPZT,category-3,sub-a5,33,0,33
2026-10-24,43,plant-B,line-B4,machine-B6,lot-97,DN,aPZT,category-5,sub-a4,4,0,4
2026-10-24,43,plant-B,line-B1,machine-B7,lot-3,DN,bPZT,category-3,sub-b3,39,0,39
2026-10-24,43,plant-A,line-A10,machine-A9,lot-28,DN,bPZT,category-1,sub-b7,20,0,20
2026-10-24,43,plant-B,line-B9,machine-B9,lot-39,DN,aPZT,category-5,sub-a3,30,0,30
2026-10-24,43,plant-B,line-B9,machine-B9,lot-39,UP,aPZT,pass,pass,0,2377,2425
2026-10-24,43,plant-B,line-B3,machine-B5,lot-86,DN,aPZT,category-5,sub-a7,28,0,28
2026-10-24,43,plant-B,line-B2,machine-B6,lot-36,DN,bPZT,category-1,sub-b7,16,0,16
2026-10-24,43,plant-B,line-B3,machine-B6,lot-94,UP,bPZT,category-3,sub-b10,13,0,13
2026-10-24,43,plant-B,line-B4,machine-B1,lot-45,UP,bPZT,category-5,sub-b2,33,0,33
2026-10-24,43,plant-B,line-B9,machine-B1,lot-67,DN,bPZT,category-4,sub-b2,20,0,20
2026-10-24,43,plant-B,line-B8,machine-B2,lot-44,DN,bPZT,category-3,sub-b10,3,0,3
2026-10-24,43,plant-B,line-B9,machine-B9,lot-39,UP,bPZT,category-1,sub-b6,24,0,24
2026-10-24,43,plant-A,line-A10,machine-A9,lot-28,UP,bPZT,category-4,sub-b6,9,0,9
2026-10-24,43,plant-A,line-A3,machine-A1,lot-81,DN,aPZT,category-5,sub-a1,37,0,37
2026-10-24,43,plant-B,line-B9,machine-B9,lot-39,DN,bPZT,category-3,sub-b10,6,0,6
2026-10-24,43,plant-B,line-B4,machine-B5,lot-99,UP,bPZT,category-1,sub-b5,1,0,1
2026-10-24,43,plant-B,line-B1,machine-B7,lot-3,UP,aPZT,category-5,sub-a4,21,0,21
2026-10-24,43,plant-A,line-A5,machine-A10,lot-73,DN,bPZT,category-1,sub-b2,9,0,9
2026-10-24,43,plant-B,line-B9,machine-B7,lot-70,DN,aPZT,category-5,sub-a9,38,0,38
2026-10-24,43,plant-B,line-B4,machine-B5,lot-99,UP,aPZT,category-3,sub-a2,33,0,33
2026-10-24,43,plant-A,line-A2,machine-A6,lot-90,DN,bPZT,pass,pass,0,2267,2331
2026-10-24,43,plant-B,line-B8,machine-B2,lot-44,DN,aPZT,category-5,sub-a5,36,0,36
2026-10-24,43,plant-B,line-B9,machine-B9,lot-39,DN,aPZT,category-2,sub-a6,12,0,12
2026-10-24,43,plant-B,line-B8,machine-B9,lot-95,DN,bPZT,pass,pass,0,2425,2523
2026-10-24,43,plant-B,line-B9,machine-B7,lot-70,DN,bPZT,category-3,sub-b9,31,0,31
2026-10-24,43,plant-B,line-B8,machine-B9,lot-95,UP,aPZT,category-2,sub-a7,7,0,7
2026-10-24,43,plant-A,line-A1,machine-A4,lot-29,DN,aPZT,category-5,sub-a3,35,0,35
2026-10-24,43,plant-B,line-B4,machine-B1,lot-45,UP,aPZT,pass,pass,0,2889,3024
2026-10-24,43,plant-B,line-B1,machine-B7,lot-3,UP,aPZT,pass,pass,0,2194,2278
2026-10-24,43,plant-A,line-A3,machine-A1,lot-81,DN,bPZT,category-1,sub-b10,25,0,25
2026-10-24,43,plant-B,line-B8,machine-B9,lot-95,UP,bPZT,category-3,sub-b6,30,0,30
2026-10-24,43,plant-B,line-B9,machine-B1,lot-67,DN,aPZT,pass,pass,0,2893,2955
2026-10-24,43,plant-A,line-A2,machine-A6,lot-90,DN,bPZT,category-5,sub-b1,27,0,27
2026-10-24,43,plant-A,line-A10,machine-A9,lot-28,UP,aPZT,category-3,sub-a3,10,0,10
2026-10-24,43,plant-A,line-A5,machine-A5,lot-69,UP,bPZT,pass,pass,0,2017,2064
2026-10-24,43,plant-B,line-B3,machine-B2,lot-4,DN,bPZT,pass,pass,0,2703,2809
2026-10-24,43,plant-A,line-A5,machine-A5,lot-69,UP,aPZT,category-1,sub-a3,8,0,8
2026-10-24,43,plant-A,line-A3,machine-A1,lot-81,DN,aPZT,category-4,sub-a8,24,0,24
2026-10-24,43,plant-A,line-A3,machine-A1,lot-81,UP,aPZT,category-3,sub-a3,13,0,13
2026-10-24,43,plant-B,line-B2,machine-B6,lot-36,DN,aPZT,pass,pass,0,2695,2713
2026-10-24,43,plant-A,line-A5,machine-A5,lot-69,UP,aPZT,pass,pass,0,2017,2031
2026-10-24,43,plant-B,line-B4,machine-B6,lot-97,UP,bPZT,pass,pass,0,2250,2266
2026-10-24,43,plant-A,line-A3,machine-A1,lot-50,DN,aPZT,pass,pass,0,2895,2924
2026-10-24,43,plant-B,line-B5,machine-B5,lot-31,UP,bPZT,category-5,sub-b5,13,0,13
2026-10-24,43,plant-A,line-A1,machine-A4,lot-29,UP,aPZT,category-4,sub-a5,12,0,12
2026-10-24,43,plant-B,line-B3,machine-B2,lot-4,UP,aPZT,category-4,sub-a4,34,0,34
2026-10-24,43,plant-B,line-B4,machine-B5,lot-99,UP,aPZT,category-1,sub-a9,25,0,25
2026-10-24,43,plant-A,line-A3,machine-A1,lot-50,UP,bPZT,category-1,sub-b8,29,0,29
2026-10-24,43,plant-B,line-B4,machine-B6,lot-97,DN,aPZT,pass,pass,0,2250,2338
2026-10-24,43,plant-B,line-B4,machine-B6,lot-97,DN,bPZT,category-5,sub-b10,37,0,37
2026-10-24,43,plant-A,line-A1,machine-A2,lot-72,UP,aPZT,category-3,sub-a7,22,0,22
2026-10-24,43,plant-B,line-B9,machine-B7,lot-70,DN,bPZT,category-1,sub-b5,9,0,9
2026-10-24,43,plant-A,line-A3,machine-A1,lot-81,UP,bPZT,pass,,0,2939,3013
2026-10-24,43,plant-A,line-A5,machine-A10,lot-73,dn,aPZT,category-2,sub-a10,14,0,14
2026-10-24,43,plant-A,line-A3,machine-A1,lot-81,DN,aPZT,pass,pass,0,2939,2993
2026-10-24,43,plant-B,line-B4,machine-B5,lot-99,DN,aPZT,category-1,sub-a7,9,0,9
2026-10-24,43,plant-A,line-A5,machine-A5,lot-69,DN,aPZT,category-3,sub-a9,25,0,25
2026-10-24,43,plant-B,line-B3,machine-B5,lot-86,UP,aPZT,category-2,sub-a9,3,0,3
2026-10-24,43,plant-B,line-B8,machine-B9,lot-95,DN,aPZT,pass,pass,0,2425,2489
2026-10-24,43,plant-A,line-A10,machine-A9,lot-28,DN,aPZT,pass,pass,0,2861,3010
2026-10-24,43,plant-B,line-B2,machine-B6,lot-36,DN,aPZT,category-2,sub-a1,12,0,12
2026-10-24,43,plant-A,line-A3,machine-A1,lot-81,UP,bPZT,category-4,sub-b2,19,0,19
2026-10-24,43,plant-A,line-A7,machine-A10,lot-32,DN,aPZT,category-4,sub-a7,25,0,25
2026-10-24,43,plant-B,line-B4,machine-B1,lot-45,UP,bPZT,category-3,sub-b9,2,0,2
2026-10-24,43,plant-A,line-A10,machine-A9,lot-28,DN,bPZT,pass,pass,0,2861,2871
2026-10-24,43,plant-B,line-B5,machine-B5,lot-31,DN,bPZT,pass,pass,0,2142,2250
2026-10-24,43,plant-A,line-A3,machine-A1,lot-50,DN,aPZT,category-4,sub-a10,27,0,27
2026-10-24,43,plant-A,line-A5,machine-A10,lot-73,UP,bPZT,category-1,sub-b8,14,0,14
2026-10-24,43,plant-B,line-B2,machine-B6,lot-36,DN,bPZT,pass,pass,0,2695,2735
2026-10-24,43,plant-A,line-A1,machine-A4,lot-29,UP,aPZT,category-2,sub-a3,20,0,20
2026-10-24,43,plant-B,line-B9,machine-B7,lot-70,UP,bPZT,category-2,sub-b3,26,0,26
2026-10-24,43,plant-B,line-B8,machine-B2,lot-44,UP,aPZT,category-5,sub-a3,33,0,33
2026-10-24,43,plant-A,line-A3,machine-A1,lot-81,DN,bPZT,category-5,sub-b10,10,0,10
2026-10-24,43,plant-B,line-B3,machine-B5,lot-86,UP,aPZT,category-5,sub-a6,8,0,8
2026-10-24,43,plant-A,line-A1,machine-A2,lot-72,UP,aPZT,pass,pass,0,2255,2307
2026-10-24,43,plant-B,line-B3,machine-B5,lot-86,DN,aPZT,category-4,sub-a8,7,0,7
2026-10-24,43,plant-A,line-A1,machine-A2,lot-72,DN,aPZT,category-1,sub-a7,12,0,12
2026-10-24,43,plant-B,line-B8,machine-B9,lot-95,UP,aPZT,category-5,sub-a10,40,0,40
2026-10-24,43,plant-A,line-A5,machine-A5,lot-69,UP,bPZT,category-5,sub-b3,14,0,14
2026-10-24,43,plant-B,line-B4,machine-B1,lot-45,UP,aPZT,category-4,sub-a10,3,0,3
2026-10-24,43,plant-B,line-B2,machine-B6,lot-36,DN,bPZT,category-4,sub-b3,2,0,2
2026-10-24,43,plant-A,line-A9,machine-A5,lot-75,DN,bPZT,pass,pass,0,2642,2769
2026-10-24,43,plant-A,line-A1,machine-A4,lot-29,UP,bPZT,pass,,0,2574,2641
2026-10-24,43,plant-B,line-B4,machine-B5,lot-99,DN,bPZT,category-5,sub-b3,24,0,24
2026-10-24,43,plant-A,line-A5,machine-A10,lot-73,DN,bPZT,pass,pass,0,2079,2093
2026-10-24,43,plant-A,line-A9,machine-A5,lot-75,UP,bPZT,category-4,sub-b8,40,0,40
2026-10-24,43,plant-B,line-B5,machine-B5,lot-31,DN,aPZT,pass,pass,0,2142,2166
2026-10-24,43,plant-B,line-B9,machine-B7,lot-70,DN,aPZT,category-4,sub-a9,29,0,29
2026-10-24,43,plant-A,line-A2,machine-A6,lot-90,DN,aPZT,category-1,sub-a4,38,0,38
2026-10-24,43,plant-B,line-B8,machine-B2,lot-44,UP,aPZT,category-2,sub-a10,17,0,17
2026-10-24,43,plant-A,line-A1,machine-A2,lot-72,UP,bPZT,category-5,sub-b4,32,0,32
2026-10-24,43,plant-A,line-A4,machine-A2,lot-15,UP,aPZT,category-4,sub-a9,8,0,8
2026-10-24,43,plant-A,line-A1,machine-A2,lot-72,UP,bPZT,pass,pass,0,2255,2330
2026-10-24,43,plant-A,line-A10,machine-A9,lot-28,DN,bPZT,category-4,sub-b1,5,0,5
2026-10-25,43,plant-B,line-B3,machine-B6,lot-25,DN,aPZT,pass,pass,0,2137,2239
2026-10-25,43,plant-A,line-A3,machine-A10,lot-88,UP,bPZT,category-5,sub-b8,21,0,21
2026-10-25,43,plant-B,line-B3,machine-B2,lot-45,DN,bPZT,pass,pass,0,2601,2650
2026-10-25,43,plant-A,line-A3,machine-A3,lot-10,UP,aPZT,pass,pass,0,2086,2103
2026-10-25,43,plant-A,line-A4,machine-A10,lot-38,DN,bPZT,category-2,sub-b1,25,0,25
2026-10-25,43,plant-A,line-A8,machine-A9,lot-84,UP,aPZT,category-1,sub-a7,32,0,32
2026-10-25,43,plant-B,line-B7,machine-B9,lot-46,DN,aPZT,pass,pass,0,2703,2782
2026-10-25,43,plant-A,line-A9,machine-A6,lot-76,DN,bPZT,category-1,sub-b4,37,0,37
2026-10-25,43,plant-A,line-A8,machine-A9,lot-84,DN,bPZT,category-3,sub-b5,14,0,14
2026-10-25,43,plant-A,line-A1,machine-A2,lot-34,DN,aPZT,category-5,sub-a7,3,0,3
2026-10-25,43,plant-A,line-A1,machine-A2,lot-34,DN,aPZT,category-5,sub-a10,10,0,10
2026-10-25,43,plant-A,line-A9,machine-A6,lot-76,UP,aPZT,category-1,sub-a9,39,0,39
2026-10-25,43,plant-B,line-B8,machine-B4,lot-11,UP,aPZT,category-2,sub-a8,16,0,16
2026-10-25,43,plant-A,line-A6,machine-A9,lot-48,DN,bPZT,category-3,sub-b5,20,0,20
2026-10-25,43,plant-B,line-B9,machine-B2,lot-21,DN,aPZT,category-2,sub-a6,16,0,16
2026-10-25,43,plant-B,line-B5,machine-B8,lot-50,UP,aPZT,category-1,sub-a1,15,0,15
2026-10-25,43,plant-B,line-B10,machine-B2,lot-51,DN,aPZT,category-2,sub-a7,2,0,2
2026-10-25,43,plant-A,line-A1,machine-A2,lot-34,DN,aPZT,category-4,sub-a8,1,0,1
2026-10-25,43,plant-B,line-B2,machine-B4,lot-96,DN,bPZT,category-1,sub-b3,21,0,21
2026-10-25,43,plant-B,line-B7,machine-B9,lot-46,DN,bPZT,category-4,sub-b1,22,0,22
2026-10-25,43,plant-B,line-B10,machine-B2,lot-12,UP,aPZT,category-4,sub-a3,17,0,17
2026-10-25,43,plant-A,line-A9,machine-A6,lot-76,DN,bPZT,pass,pass,0,2749,2885
2026-10-25,43,plant-A,line-A6,machine-A9,lot-48,UP,bPZT,category-2,sub-b5,33,0,33
2026-10-25,43,plant-A,line-A7,machine-A6,lot-78,UP,bPZT,category-2,sub-b2,37,0,37
2026-10-25,43,plant-A,line-A7,machine-A6,lot-78,DN,bPZT,category-2,sub-b6,36,0,36
2026-10-25,43,plant-A,line-A6,machine-A9,lot-48,DN,aPZT,category-2,sub-a3,35,0,35
2026-10-25,43,plant-A,line-A7,machine-A6,lot-78,DN,bPZT,category-2,sub-b8,10,0,10
2026-10-25,43,plant-B,line-B8,machine-B10,lot-99,DN,aPZT,category-1,sub-a4,13,0,13
2026-10-25,43,plant-A,line-A9,machine-A5,lot-53,UP,aPZT,pass,pass,0,2170,2219
2026-10-25,43,plant-B,line-B6,machine-B1,lot-89,UP,aPZT,category-2,sub-a9,10,0,10
2026-10-25,43,plant-A,line-A8,machine-A3,lot-36,DN,aPZT,pass,pass,0,2377,2400
2026-10-25,43,plant-A,line-A3,machine-A10,lot-88,DN,aPZT,category-3,sub-a5,1,0,1
2026-10-25,43,plant-B,line-B5,machine-B8,lot-50,DN,aPZT,category-3,sub-a5,15,0,15
2026-10-25,43,plant-B,line-B9,machine-B2,lot-21,UP,aPZT,category-1,sub-a2,4,0,4
2026-10-25,43,plant-B,line-B5,machine-B8,lot-50,DN,aPZT,category-1,sub-a2,30,0,30
2026-10-25,43,plant-A,line-A7,machine-A6,lot-78,DN,aPZT,category-3,sub-a1,25,0,25
2026-10-25,43,plant-B,line-B4,machine-B4,lot-70,DN,bPZT,category-1,sub-b9,15,0,15
2026-10-25,43,plant-B,line-B7,machine-B9,lot-46,UP,aPZT,category-4,sub-a10,19,0,19
2026-10-25,43,plant-A,line-A4,machine-A10,lot-38,DN,bPZT,category-3,sub-b10,31,0,31
2026-10-25,43,plant-B,line-B3,machine-B4,lot-13,DN,aPZT,category-1,sub-a7,22,0,22
2026-10-25,43,plant-B,line-B3,machine-B6,lot-25,DN,bPZT,category-5,sub-b8,39,0,39
2026-10-25,43,plant-B,line-B10,machine-B2,lot-12,UP,bPZT,category-4,sub-b10,38,0,38
2026-10-25,43,plant-B,line-B10,machine-B2,lot-12,DN,bPZT,category-5,sub-b9,15,0,15
2026-10-25,43,plant-A,line-A5,machine-A6,lot-49,UP,bPZT,category-1,sub-b1,3,0,3
2026-10-25,43,plant-A,line-A6,machine-A9,lot-48,DN,bPZT,pass,pass,0,2288,2516
2026-10-25,43,plant-B,line-B8,machine-B10,lot-99,DN,bPZT,category-3,sub-b5,4,0,4
2026-10-25,43,plant-B,line-B10,machine-B2,lot-51,DN,bPZT,category-2,sub-b1,27,0,27
2026-10-25,43,plant-B,line-B2,machine-B4,lot-96,UP,bPZT,category-2,sub-b2,39,0,39
2026-10-25,43,plant-B,line-B5,machine-B8,lot-50,UP,bPZT,pass,pass,0,2979,3047
2026-10-25,43,plant-A,line-A3,machine-A10,lot-88,UP,aPZT,pass,pass,0,2919,2968
2026-10-25,43,plant-B,line-B3,machine-B4,lot-13,DN,bPZT,pass,pass,0,2384,2514
2026-10-25,43,plant-B,line-B2,machine-B4,lot-96,UP,bPZT,category-5,sub-b8,13,0,13
2026-10-25,43,plant-B,line-B4,machine-B4,lot-70,DN,aPZT,category-4,sub-a6,15,0,15
2026-10-25,43,plant-A,line-A9,machine-A5,lot-53,UP,bPZT,pass,pass,0,2170,2216
2026-10-25,43,plant-B,line-B3,machine-B6,lot-25,DN,bPZT,category-5,sub-b7,9,0,9
2026-10-25,43,plant-B,line-B9,machine-B2,lot-21,UP,bPZT,category-4,sub-b4,27,0,27
2026-10-25,43,plant-A,line-A4,machine-A10,lot-38,UP,bPZT,category-3,sub-b7,13,0,13
2026-10-25,43,plant-A,line-A5,machine-A6,lot-49,UP,aPZT,category-3,sub-a10,22,0,22
2026-10-25,43,plant-B,line-B10,machine-B2,lot-51,UP,aPZT,category-4,sub-a6,24,0,24
2026-10-25,43,plant-B,line-B7,machine-B9,lot-46,DN,bPZT,category-5,sub-b9,34,0,34
2026-10-25,43,plant-A,line-A3,machine-A3,lot-10,UP,aPZT,category-4,sub-a6,3,0,3
2026-10-25,43,plant-B,line-B6,machine-B1,lot-89,Up,bPZT,category-1,sub-b3,16,0,16
2026-10-25,43,plant-B,line-B8,machine-B10,lot-99,DN,bPZT,category-4,sub-b6,17,0,17
2026-10-25,43,plant-B,line-B9,machine-B2,lot-21,DN,aPZT,category-2,sub-a4,30,0,30
2026-10-25,43,plant-A,line-A5,machine-A6,lot-49,DN,bPZT,category-3,sub-b5,33,0,33
2026-10-25,43,plant-B,line-B10,machine-B2,lot-51,UP,bPZT,pass,,0,2873,2912
2026-10-25,43,plant-B,line-B8,machine-B10,lot-99,up,bPZT,category-5,sub-b1,31,0,31
2026-10-25,43,plant-A,line-A3,machine-A3,lot-10,DN,bPZT,pass,pass,0,2086,2089
2026-10-25,43,plant-A,line-A1,machine-A8,lot-79,DN,aPZT,category-3,sub-a3,8,0,8
2026-10-25,43,plant-A,line-A1,machine-A2,lot-34,UP,aPZT,category-4,sub-a6,30,0,30
2026-10-25,43,plant-B,line-B6,machine-B1,lot-89,UP,aPZT,pass,,0,2077,2112
2026-10-25,43,plant-B,line-B2,machine-B4,lot-96,DN,aPZT,category-2,sub-a4,16,0,16
2026-10-25,43,plant-B,line-B3,machine-B4,lot-13,UP,aPZT,category-1,sub-a1,23,0,23
2026-10-25,43,plant-A,line-A9,machine-A6,lot-76,UP,aPZT,category-1,sub-a10,24,0,24
2026-10-25,43,plant-A,line-A5,machine-A6,lot-49,UP,aPZT,category-5,sub-a5,37,0,37
2026-10-25,43,plant-A,line-A8,machine-A9,lot-84,UP,bPZT,category-1,sub-b2,19,0,19
2026-10-25,43,plant-B,line-B8,machine-B10,lot-99,DN,bPZT,pass,pass,0,2658,2671
2026-10-25,43,plant-A,line-A7,machine-A6,lot-78,UP,bPZT,pass,pass,0,2418,2453
2026-10-25,43,plant-B,line-B6,machine-B1,lot-89,UP,bPZT,category-2,sub-b7,1,0,1
2026-10-25,43,plant-A,line-A1,machine-A2,lot-34,UP,bPZT,pass,pass,0,2872,2948
2026-10-25,43,plant-A,line-A8,machine-A9,lot-84,Dn,bPZT,category-5,sub-b2,19,0,19
2026-10-25,43,plant-B,line-B8,machine-B10,lot-99,DN,aPZT,pass,pass,0,2658,2776
2026-10-25,43,plant-B,line-B10,machine-B2,lot-12,UP,bPZT,pass,pass,0,2729,2766
2026-10-25,43,plant-B,line-B3,machine-B6,lot-25,UP,aPZT,category-2,sub-a4,37,0,37
2026-10-25,43,plant-B,line-B2,machine-B4,lot-96,DN,bPZT,category-2,sub-b7,22,0,22
2026-10-25,43,plant-B,line-B3,machine-B4,lot-13,UP,aPZT,category-5,sub-a5,12,0,12
2026-10-25,43,plant-A,line-A1,machine-A2,lot-34,DN,bPZT,category-3,sub-b5,37,0,37
2026-10-25,43,plant-B,line-B8,machine-B4,lot-11,DN,aPZT,category-1,sub-a9,21,0,21
2026-10-25,43,plant-B,line-B8,machine-B4,lot-11,UP,aPZT,category-1,sub-a3,29,0,29
2026-10-25,43,plant-A,line-A6,machine-A9,lot-48,UP,aPZT,category-1,sub-a1,21,0,21
2026-10-25,43,plant-B,line-B3,machine-B2,lot-45,UP,aPZT,category-5,sub-a8,40,0,40
2026-10-25,43,plant-B,line-B10,machine-B2,lot-51,UP,bPZT,category-3,sub-b1,3,0,3
2026-10-25,43,plant-B,line-B2,machine-B4,lot-96,DN,bPZT,pass,pass,0,2139,2164
2026-10-25,43,plant-B,line-B4,machine-B4,lot-70,UP,aPZT,category-3,sub-a7,19,0,19
2026-10-25,43,plant-B,line-B8,machine-B4,lot-11,DN,bPZT,category-4,sub-b9,32,0,32
2026-10-25,43,plant-A,line-A9,machine-A5,lot-53,UP,bPZT,category-3,sub-b1,26,0,26
2026-10-25,43,plant-A,line-A7,machine-A6,lot-78,Dn,bPZT,category-3,,9,0,9
2026-10-25,43,plant-B,line-B3,machine-B2,lot-45,DN,bPZT,category-1,sub-b3,27,0,27
2026-10-25,43,plant-A,line-A9,machine-A5,lot-53,DN,aPZT,category-4,sub-a3,38,0,38
2026-10-25,43,plant-A,line-A4,machine-A10,lot-38,UP,aPZT,category-5,sub-a10,40,0,40
2026-10-25,43,plant-A,line-A1,machine-A8,lot-79,DN,aPZT,category-4,sub-a1,11,0,11
2026-10-25,43,plant-A,line-A8,machine-A3,lot-36,DN,aPZT,category-3,sub-a5,19,0,19
2026-10-25,43,plant-A,line-A1,machine-A2,lot-34,UP,aPZT,category-2,sub-a3,27,0,27
2026-10-25,43,plant-A,line-A8,machine-A3,lot-36,UP,bPZT,pass,pass,0,2377,2436
2026-10-25,43,plant-A,line-A6,machine-A9,lot-48,DN,aPZT,category-1,sub-a7,33,0,33
2026-10-25,43,plant-A,line-A7,machine-A6,lot-78,DN,bPZT,category-2,sub-b9,8,0,8
2026-10-25,43,plant-B,line-B3,machine-B4,lot-13,UP,bPZT,category-5,sub-b2,29,0,29
2026-10-25,43,plant-B,line-B2,machine-B4,lot-96,UP,bPZT,category-4,sub-b7,5,0,5
2026-10-25,43,plant-A,line-A8,machine-A9,lot-84,DN,aPZT,category-4,sub-a3,33,0,33
2026-10-25,43,plant-B,line-B2,machine-B4,lot-96,DN,bPZT,category-1,sub-b9,32,0,32
2026-10-25,43,plant-B,line-B3,machine-B2,lot-45,UP,aPZT,pass,pass,0,2601,2644
2026-10-25,43,plant-B,line-B3,machine-B2,lot-45,UP,aPZT,category-3,sub-a6,9,0,9
2026-10-25,43,plant-A,line-A4,machine-A10,lot-38,UP,bPZT,category-3,sub-b6,32,0,32
2026-10-25,43,plant-B,line-B10,machine-B2,lot-51,UP,aPZT,category-2,sub-a10,13,0,13
2026-10-25,43,plant-B,line-B4,machine-B4,lot-70,UP,aPZT,category-1,sub-a1,7,0,7
2026-10-25,43,plant-B,line-B5,machine-B8,lot-50,DN,aPZT,category-3,sub-a2,3,0,3
2026-10-25,43,plant-A,line-A3,machine-A10,lot-88,UP,bPZT,pass,pass,0,2919,2941
2026-10-25,43,plant-B,line-B7,machine-B9,lot-46,DN,bPZT,category-2,sub-b6,13,0,13
2026-10-25,43,plant-A,line-A4,machine-A10,lot-38,UP,bPZT,category-5,sub-b7,18,0,18
2026-10-25,43,plant-B,line-B2,machine-B4,lot-96,UP,aPZT,category-5,sub-a2,9,0,9
2026-10-25,43,plant-A,line-A7,machine-A6,lot-78,UP,aPZT,pass,pass,0,2418,2548
2026-10-25,43,plant-A,line-A7,machine-A6,lot-78,DN,aPZT,category-1,sub-a3,10,0,10
2026-10-25,43,plant-A,line-A7,machine-A6,lot-78,UP,bPZT,category-3,sub-b9,1,0,1
2026-10-25,43,plant-A,line-A9,machine-A6,lot-76,DN,aPZT,category-1,sub-a9,12,0,12
2026-10-25,43,plant-A,line-A8,machine-A9,lot-84,UP,aPZT,pass,pass,0,2551,2633
2026-10-25,43,plant-A,line-A5,machine-A6,lot-49,DN,bPZT,pass,pass,0,2647,2728
2026-10-25,43,plant-A,line-A1,machine-A8,lot-79,UP,bPZT,category-2,sub-b10,30,0,30
2026-10-25,43,plant-A,line-A4,machine-A10,lot-38,UP,aPZT,pass,pass,0,2247,2366
2026-10-25,43,plant-B,line-B10,machine-B2,lot-51,DN,aPZT,pass,pass,0,2873,2943
2026-10-25,43,plant-A,line-A6,machine-A9,lot-48,UP,bPZT,category-4,sub-b9,11,0,11
2026-10-25,43,plant-A,line-A9,machine-A5,lot-53,DN,aPZT,category-5,sub-a3,8,0,8
2026-10-25,43,plant-B,line-B3,machine-B6,lot-25,UP,bPZT,category-1,sub-b5,5,0,5
2026-10-25,43,plant-B,line-B10,machine-B2,lot-51,UP,bPZT,category-5,sub-b10,28,0,28
2026-10-25,43,plant-B,line-B10,machine-B2,lot-12,DN,aPZT,category-1,sub-a6,20,0,20
2026-10-25,43,plant-A,line-A8,machine-A3,lot-36,DN,aPZT,category-4,sub-a3,9,0,9
2026-10-25,43,plant-A,line-A6,machine-A9,lot-48,DN,aPZT,category-5,sub-a2,34,0,34
2026-10-25,43,plant-A,line-A9,machine-A6,lot-76,UP,bPZT,category-1,sub-b6,12,0,12
2026-10-25,43,plant-A,line-A9,machine-A6,lot-76,DN,aPZT,pass,pass,0,2749,2798
2026-10-25,43,plant-B,line-B4,machine-B4,lot-70,DN,bPZT,pass,pass,0,2981,3087
2026-10-25,43,plant-A,line-A1,machine-A8,lot-79,DN,aPZT,pass,pass,0,2338,2368
2026-10-25,43,plant-A,line-A5,machine-A6,lot-49,UP,bPZT,category-4,sub-b1,21,0,21
2026-10-25,43,plant-B,line-B7,machine-B9,lot-46,DN,bPZT,category-4,sub-b3,10,0,10
2026-10-25,43,plant-B,line-B3,machine-B2,lot-45,DN,bPZT,category-4,sub-b7,16,0,16
2026-10-25,43,plant-B,line-B6,machine-B1,lot-89,DN,bPZT,pass,pass,0,2077,2087
2026-10-25,43,plant-B,line-B6,machine-B1,lot-89,DN,bPZT,category-1,sub-b6,18,0,18
2026-10-25,43,plant-A,line-A9,machine-A5,lot-53,UP,bPZT,category-1,sub-b3,9,0,9
2026-10-25,43,plant-A,line-A3,machine-A3,lot-10,DN,bPZT,category-4,sub-b8,17,0,17
2026-10-25,43,plant-B,line-B3,machine-B4,lot-13,UP,aPZT,pass,pass,0,2384,2413
2026-10-25,43,plant-B,line-B9,machine-B2,lot-21,UP,aPZT,pass,pass,0,2604,2631
2026-10-25,43,plant-A,line-A6,machine-A9,lot-48,UP,aPZT,category-3,sub-a5,34,0,34
2026-10-25,43,plant-A,line-A6,machine-A9,lot-48,UP,aPZT,category-1,sub-a8,6,0,6
2026-10-25,43,plant-A,line-A9,machine-A6,lot-76,DN,aPZT,category-3,sub-a3,35,0,35
2026-10-25,43,plant-A,line-A1,machine-A2,lot-34,DN,aPZT,pass,pass,0,2872,2909
2026-10-25,43,plant-B,line-B4,machine-B4,lot-70,UP,aPZT,pass,pass,0,2981,3009
2026-10-25,43,plant-B,line-B9,machine-B2,lot-21,UP,aPZT,category-5,sub-a9,26,0,26
2026-10-25,43,plant-B,line-B4,machine-B4,lot-70,DN,aPZT,category-1,sub-a10,29,0,29
2026-10-25,43,plant-B,line-B8,machine-B10,lot-99,DN,bPZT,category-4,sub-b3,1,0,1
2026-10-25,43,plant-A,line-A4,machine-A10,lot-38,DN,bPZT,pass,pass,0,2247,2287
2026-10-25,43,plant-A,line-A6,machine-A9,lot-48,UP,aPZT,category-4,sub-a8,11,0,11
2026-10-25,43,plant-B,line-B7,machine-B9,lot-46,UP,bPZT,pass,pass,0,2703,2722
2026-10-25,43,plant-A,line-A9,machine-A6,lot-76,DN,aPZT,category-2,sub-a8,26,0,26
2026-10-25,43,plant-B,line-B8,machine-B10,lot-99,DN,bPZT,category-3,sub-b5,37,0,37
2026-10-25,43,plant-A,line-A5,machine-A6,lot-49,uP,aPZT,category-5,sub-a9,22,0,22
2026-10-25,43,plant-B,line-B8,machine-B10,lot-99,UP,bPZT,category-3,sub-b7,28,0,28
2026-10-25,43,plant-A,line-A8,machine-A9,lot-84,DN,bPZT,pass,pass,0,2551,2616
2026-10-25,43,plant-B,line-B10,machine-B2,lot-51,DN,bPZT,category-4,sub-b10,12,0,12
2026-10-25,43,plant-A,line-A3,machine-A10,lot-88,DN,aPZT,category-4,,21,0,21
2026-10-25,43,plant-A,line-A6,machine-A9,lot-48,UP,aPZT,category-3,sub-a4,18,0,18
2026-10-25,43,plant-B,line-B10,machine-B2,lot-12,DN,aPZT,pass,pass,0,2729,2782
2026-10-25,43,plant-A,line-A1,machine-A2,lot-34,DN,aPZT,category-1,sub-a5,5,0,5
2026-10-25,43,plant-B,line-B5,machine-B8,lot-50,UP,bPZT,category-3,sub-b7,18,0,18
2026-10-25,43,plant-A,line-A7,machine-A6,lot-78,UP,bPZT,category-5,sub-b4,29,0,29
2026-10-25,43,plant-B,line-B5,machine-B8,lot-50,DN,aPZT,category-3,sub-a7,5,0,5
2026-10-25,43,plant-A,line-A8,machine-A9,lot-84,DN,bPZT,category-3,sub-b4,30,0,30
2026-10-25,43,plant-A,line-A3,machine-A10,lot-88,DN,bPZT,category-4,sub-b4,28,0,28
2026-10-25,43,plant-B,line-B2,machine-B4,lot-96,UP,aPZT,pass,pass,0,2139,2303
2026-10-25,43,plant-B,line-B8,machine-B4,lot-11,UP,aPZT,pass,pass,0,2273,2347
2026-10-25,43,plant-A,line-A6,machine-A9,lot-48,UP,aPZT,pass,pass,0,2288,2352
2026-10-25,43,plant-B,line-B3,machine-B6,lot-25,UP,bPZT,pass,pass,0,2137,2174
2026-10-25,43,plant-A,line-A6,machine-A9,lot-48,DN,aPZT,category-5,sub-a8,19,0,19
2026-10-25,43,plant-B,line-B8,machine-B4,lot-11,DN,bPZT,pass,pass,0,2273,2339
2026-10-25,43,plant-B,line-B3,machine-B6,lot-25,UP,bPZT,category-4,sub-b9,10,0,10
2026-10-25,43,plant-A,line-A9,machine-A5,lot-53,UP,bPZT,category-1,sub-b9,14,0,14
2026-10-25,43,plant-B,line-B8,machine-B4,lot-11,UP,bPZT,category-2,sub-b3,18,0,18
2026-10-25,43,plant-B,line-B4,machine-B4,lot-70,DN,bPZT,category-2,sub-b7,13,0,13
2026-10-25,43,plant-B,line-B5,machine-B8,lot-50,UP,aPZT,pass,pass,0,2979,2997
2026-10-25,43,plant-A,line-A1,machine-A8,lot-79,DN,bPZT,pass,pass,0,2338,2357
2026-10-25,43,plant-B,line-B4,machine-B4,lot-70,UP,aPZT,category-5,sub-a3,36,0,36
2026-10-25,43,plant-B,line-B9,machine-B2,lot-21,UP,aPZT,category-1,sub-a7,32,0,32
2026-10-25,43,plant-B,line-B3,machine-B4,lot-13,DN,aPZT,category-4,sub-a4,36,0,36
2026-10-25,43,plant-A,line-A8,machine-A3,lot-36,DN,bPZT,category-1,sub-b5,23,0,23
2026-10-25,43,plant-B,line-B9,machine-B2,lot-21,DN,bPZT,pass,pass,0,2604,2712
2026-10-25,43,plant-A,line-A6,machine-A9,lot-48,UP,aPZT,category-3,,17,0,17
2026-10-25,43,plant-B,line-B2,machine-B4,lot-96,UP,bPZT,category-5,sub-b2,32,0,32
2026-10-25,43,plant-B,line-B3,machine-B6,lot-25,DN,bPZT,category-1,sub-b7,11,0,11
2026-10-25,43,plant-B,line-B8,machine-B4,lot-11,DN,bPZT,category-5,sub-b1,24,0,24
2026-10-25,43,plant-B,line-B3,machine-B4,lot-13,UP,aPZT,category-5,sub-a8,37,0,37
2026-10-25,43,plant-A,line-A5,machine-A6,lot-49,UP,aPZT,pass,pass,0,2647,2704
2026-10-25,43,plant-A,line-A8,machine-A3,lot-36,DN,aPZT,category-2,sub-a8,31,0,31
2026-10-25,43,plant-B,line-B3,machine-B6,lot-25,DN,bPZT,category-3,sub-b3,28,0,28
2026-10-26,44,plant-A,line-A2,machine-A4,lot-43,UP,bPZT,category-3,sub-b1,34,0,34
2026-10-26,44,plant-B,line-B4,machine-B7,lot-56,UP,bPZT,category-3,sub-b8,40,0,40
2026-10-26,44,plant-A,line-A4,machine-A7,lot-37,DN,bPZT,category-5,sub-b3,36,0,36
2026-10-26,44,plant-A,line-A5,machine-A8,lot-58,UP,aPZT,category-1,sub-a5,1,0,1
2026-10-26,44,plant-B,line-B6,machine-B8,lot-71,DN,bPZT,category-3,sub-b5,19,0,19
2026-10-26,44,plant-B,line-B10,machine-B7,lot-63,DN,aPZT,category-5,sub-a3,24,0,24
2026-10-26,44,plant-B,line-B8,machine-B2,lot-19,DN,aPZT,pass,pass,0,2745,2819
2026-10-26,44,plant-B,line-B5,machine-B4,lot-80,UP,bPZT,category-5,sub-b2,6,0,6
2026-10-26,44,plant-B,line-B6,machine-B1,lot-60,DN,aPZT,category-3,sub-a7,24,0,24
2026-10-26,44,plant-B,line-B7,machine-B7,lot-81,DN,aPZT,category-2,sub-a9,30,0,30
2026-10-26,44,plant-A,line-A10,machine-A6,lot-20,UP,bPZT,category-5,sub-b5,16,0,16
2026-10-26,44,plant-B,line-B9,machine-B9,lot-8,DN,aPZT,category-3,sub-a5,1,0,1
2026-10-26,44,plant-A,line-A4,machine-A7,lot-37,UP,bPZT,category-2,,16,0,16
2026-10-26,44,plant-B,line-B4,machine-B7,lot-56,UP,bPZT,category-5,sub-b3,1,0,1
2026-10-26,44,plant-A,line-A1,machine-A4,lot-14,UP,aPZT,category-1,sub-a9,21,0,21
2026-10-26,44,plant-A,line-A6,machine-A9,lot-72,DN,bPZT,category-3,sub-b3,29,0,29
2026-10-26,44,plant-A,line-A1,machine-A4,lot-14,DN,bPZT,category-1,sub-b2,37,0,37
2026-10-26,44,plant-B,line-B9,machine-B9,lot-8,DN,bPZT,category-3,sub-b4,16,0,16
2026-10-26,44,plant-A,line-A4,machine-A7,lot-37,UP,bPZT,category-2,sub-b4,21,0,21
2026-10-26,44,plant-B,line-B5,machine-B4,lot-80,UP,bPZT,category-3,sub-b5,8,0,8
2026-10-26,44,plant-A,line-A2,machine-A4,lot-43,DN,bPZT,category-2,sub-b2,29,0,29
2026-10-26,44,plant-A,line-A5,machine-A8,lot-58,UP,aPZT,category-1,sub-a1,23,0,23
2026-10-26,44,plant-B,line-B4,machine-B2,lot-29,DN,bPZT,pass,pass,0,2711,2751
2026-10-26,44,plant-A,line-A9,machine-A10,lot-87,DN,bPZT,category-2,sub-b2,33,0,33
2026-10-26,44,plant-A,line-A2,machine-A4,lot-43,UP,aPZT,category-4,sub-a6,14,0,14
2026-10-26,44,plant-B,line-B5,machine-B4,lot-80,DN,bPZT,category-3,sub-b3,30,0,30
2026-10-26,44,plant-B,line-B7,machine-B7,lot-81,DN,aPZT,category-4,sub-a2,33,0,33
2026-10-26,44,plant-A,line-A5,machine-A7,lot-47,UP,bPZT,category-2,sub-b3,36,0,36
2026-10-26,44,plant-B,line-B6,machine-B1,lot-60,UP,bPZT,pass,pass,0,2389,2455
2026-10-26,44,plant-A,line-A2,machine-A4,lot-43,UP,bPZT,category-1,sub-b5,39,0,39
2026-10-26,44,plant-A,line-A10,machine-A6,lot-20,UP,aPZT,pass,pass,0,2574,2616
2026-10-26,44,plant-A,line-A10,machine-A6,lot-20,DN,bPZT,pass,pass,0,2574,2610
2026-10-26,44,plant-B,line-B9,machine-B8,lot-15,UP,bPZT,category-3,sub-b9,23,0,23
2026-10-26,44,plant-B,line-B4,machine-B2,lot-29,DN,bPZT,category-4,sub-b4,6,0,6
2026-10-26,44,plant-B,line-B10,machine-B7,lot-63,DN,bPZT,category-4,sub-b8,26,0,26
2026-10-26,44,plant-B,line-B5,machine-B4,lot-80,DN,bPZT,pass,pass,0,2939,2954
2026-10-26,44,plant-B,line-B5,machine-B4,lot-80,Dn,bPZT,category-1,sub-b4,7,0,7
2026-10-26,44,plant-B,line-B7,machine-B7,lot-81,UP,aPZT,category-2,sub-a4,23,0,23
2026-10-26,44,plant-A,line-A4,machine-A6,lot-33,UP,bPZT,category-3,sub-b1,15,0,15
2026-10-26,44,plant-B,line-B9,machine-B5,lot-57,DN,aPZT,category-3,sub-a1,30,0,30
2026-10-26,44,plant-A,line-A1,machine-A4,lot-14,DN,bPZT,category-2,sub-b3,9,0,9
2026-10-26,44,plant-A,line-A5,machine-A7,lot-47,UP,bPZT,category-5,sub-b8,16,0,16
2026-10-26,44,plant-B,line-B6,machine-B8,lot-71,UP,bPZT,category-4,sub-b8,6,0,6
2026-10-26,44,plant-B,line-B7,machine-B7,lot-81,DN,aPZT,category-1,sub-a4,39,0,39
2026-10-26,44,plant-B,line-B3,machine-B2,lot-44,DN,bPZT,pass,pass,0,2044,2164
2026-10-26,44,plant-A,line-A9,machine-A10,lot-87,DN,bPZT,pass,pass,0,2064,2231
2026-10-26,44,plant-B,line-B8,machine-B2,lot-19,UP,bPZT,category-2,sub-b8,14,0,14
2026-10-26,44,plant-A,line-A5,machine-A7,lot-47,DN,bPZT,pass,pass,0,2137,2143
2026-10-26,44,plant-B,line-B9,machine-B9,lot-8,DN,aPZT,pass,pass,0,2034,2133
2026-10-26,44,plant-B,line-B4,machine-B7,lot-56,UP,aPZT,category-3,sub-a6,13,0,13
2026-10-26,44,plant-A,line-A4,machine-A6,lot-33,DN,aPZT,pass,pass,0,2023,2168
2026-10-26,44,plant-A,line-A5,machine-A8,lot-58,UP,bPZT,category-5,sub-b3,18,0,18
2026-10-26,44,plant-A,line-A4,machine-A7,lot-37,DN,bPZT,pass,pass,0,2159,2192
2026-10-26,44,plant-A,line-A6,machine-A9,lot-72,UP,aPZT,category-4,sub-a5,34,0,34
2026-10-26,44,plant-A,line-A8,machine-A1,lot-59,DN,bPZT,category-3,sub-b3,39,0,39
2026-10-26,44,plant-B,line-B10,machine-B7,lot-63,UP,aPZT,category-2,sub-a5,39,0,39
2026-10-26,44,plant-A,line-A4,machine-A5,lot-45,UP,aPZT,category-4,sub-a8,27,0,27
2026-10-26,44,plant-A,line-A5,machine-A8,lot-58,DN,aPZT,category-2,sub-a1,1,0,1
2026-10-26,44,plant-B,line-B9,machine-B8,lot-15,DN,aPZT,pass,pass,0,2698,2769
2026-10-26,44,plant-B,line-B8,machine-B2,lot-19,DN,bPZT,pass,pass,0,2745,2746
2026-10-26,44,plant-B,line-B5,machine-B4,lot-80,UP,bPZT,category-2,sub-b8,14,0,14
2026-10-26,44,plant-A,line-A1,machine-A4,lot-14,UP,aPZT,category-2,sub-a3,5,0,5
2026-10-26,44,plant-B,line-B3,machine-B2,lot-44,DN,bPZT,category-1,sub-b6,10,0,10
2026-10-26,44,plant-B,line-B10,machine-B7,lot-63,DN,aPZT,category-2,sub-a5,37,0,37
2026-10-26,44,plant-A,line-A8,machine-A1,lot-59,DN,bPZT,pass,pass,0,2967,2998
2026-10-26,44,plant-B,line-B10,machine-B7,lot-63,DN,bPZT,pass,pass,0,2656,2832
2026-10-26,44,plant-B,line-B9,machine-B9,lot-8,UP,bPZT,category-3,sub-b2,24,0,24
2026-10-26,44,plant-B,line-B3,machine-B2,lot-44,DN,aPZT,pass,pass,0,2044,2092
2026-10-26,44,plant-A,line-A5,machine-A7,lot-47,DN,bPZT,category-5,sub-b8,36,0,36
2026-10-26,44,plant-B,line-B7,machine-B7,lot-81,DN,bPZT,category-4,sub-b5,35,0,35
2026-10-26,44,plant-A,line-A5,machine-A8,lot-58,DN,bPZT,pass,pass,0,2548,2604
2026-10-26,44,plant-B,line-B9,machine-B8,lot-15,DN,aPZT,category-5,sub-a4,12,0,12
2026-10-26,44,plant-B,line-B9,machine-B5,lot-57,DN,bPZT,category-3,sub-b7,2,0,2
2026-10-26,44,plant-A,line-A6,machine-A9,lot-72,UP,aPZT,pass,pass,0,2933,2962
2026-10-26,44,plant-B,line-B9,machine-B8,lot-15,UP,bPZT,pass,pass,0,2698,2710
2026-10-26,44,plant-A,line-A1,machine-A4,lot-14,UP,bPZT,category-4,sub-b4,17,0,17
2026-10-26,44,plant-B,line-B4,machine-B2,lot-29,DN,aPZT,category-1,sub-a1,26,0,26
2026-10-26,44,plant-B,line-B10,machine-B7,lot-63,DN,aPZT,category-5,sub-a7,23,0,23
2026-10-26,44,plant-A,line-A8,machine-A1,lot-59,UP,bPZT,category-3,sub-b10,12,0,12
2026-10-26,44,plant-A,line-A5,machine-A7,lot-47,up,bPZT,category-3,sub-b4,35,0,35
2026-10-26,44,plant-B,line-B6,machine-B1,lot-60,DN,aPZT,category-3,sub-a8,13,0,13
2026-10-26,44,plant-B,line-B8,machine-B2,lot-19,DN,aPZT,category-4,sub-a2,1,0,1
2026-10-26,44,plant-B,line-B9,machine-B9,lot-8,UP,bPZT,category-1,sub-b9,29,0,29
2026-10-26,44,plant-A,line-A5,machine-A8,lot-58,UP,aPZT,pass,pass,0,2548,2603
2026-10-26,44,plant-B,line-B7,machine-B7,lot-81,UP,aPZT,category-1,sub-a9,31,0,31
2026-10-26,44,plant-A,line-A10,machine-A6,lot-20,DN,bPZT,category-4,sub-b3,5,0,5
2026-10-26,44,plant-B,line-B4,machine-B2,lot-29,DN,aPZT,category-3,sub-a6,14,0,14
2026-10-26,44,plant-B,line-B4,machine-B7,lot-56,UP,aPZT,category-3,sub-a4,6,0,6
2026-10-26,44,plant-B,line-B7,machine-B7,lot-81,UP,aPZT,pass,pass,0,2938,2992
2026-10-26,44,plant-B,line-B5,machine-B4,lot-80,UP,aPZT,pass,pass,0,2939,3086
2026-10-26,44,plant-A,line-A2,machine-A4,lot-43,DN,bPZT,category-5,sub-b3,21,0,21
2026-10-26,44,plant-B,line-B9,machine-B5,lot-57,DN,bPZT,category-1,sub-b9,2,0,2
2026-10-26,44,plant-A,line-A4,machine-A6,lot-33,DN,bPZT,category-4,sub-b8,24,0,24
2026-10-26,44,plant-A,line-A1,machine-A4,lot-14,UP,aPZT,category-2,sub-a10,28,0,28
2026-10-26,44,plant-A,line-A5,machine-A8,lot-58,DN,aPZT,category-2,sub-a3,31,0,31
2026-10-26,44,plant-A,line-A4,machine-A7,lot-37,dn,bPZT,category-5,sub-b1,25,0,25
2026-10-26,44,plant-A,line-A1,machine-A4,lot-7,UP,aPZT,pass,,0,2798,2805
2026-10-26,44,plant-B,line-B8,machine-B2,lot-19,DN,bPZT,category-3,sub-b8,28,0,28
2026-10-26,44,plant-B,line-B6,machine-B8,lot-71,UP,bPZT,pass,pass,0,2059,2106
2026-10-26,44,plant-A,line-A5,machine-A8,lot-58,UP,bPZT,category-3,sub-b3,19,0,19
2026-10-26,44,plant-A,line-A6,machine-A9,lot-72,DN,aPZT,category-3,sub-a9,7,0,7
2026-10-26,44,plant-B,line-B8,machine-B2,lot-19,DN,bPZT,category-5,sub-b5,32,0,32
2026-10-26,44,plant-A,line-A1,machine-A4,lot-7,DN,bPZT,pass,pass,0,2798,2811
2026-10-26,44,plant-A,line-A5,machine-A7,lot-47,UP,bPZT,category-2,sub-b4,20,0,20
2026-10-26,44,plant-A,line-A4,machine-A4,lot-73,UP,aPZT,category-5,sub-a3,5,0,5
2026-10-26,44,plant-A,line-A8,machine-A1,lot-59,DN,aPZT,pass,pass,0,2967,3083
2026-10-26,44,plant-A,line-A8,machine-A1,lot-59,UP,bPZT,category-1,sub-b9,30,0,30
2026-10-26,44,plant-A,line-A6,machine-A9,lot-72,DN,bPZT,pass,pass,0,2933,2990
2026-10-26,44,plant-A,line-A4,machine-A6,lot-33,DN,bPZT,category-1,sub-b10,31,0,31
2026-10-26,44,plant-B,line-B6,machine-B1,lot-60,DN,aPZT,pass,pass,0,2389,2416
2026-10-26,44,plant-A,line-A10,machine-A6,lot-20,DN,aPZT,category-1,sub-a10,36,0,36
2026-10-26,44,plant-B,line-B9,machine-B5,lot-57,DN,bPZT,pass,pass,0,2579,2609
2026-10-26,44,plant-A,line-A2,machine-A4,lot-43,DN,bPZT,category-2,sub-b6,23,0,23
2026-10-26,44,plant-B,line-B9,machine-B5,lot-57,DN,aPZT,pass,pass,0,2579,2595
2026-10-26,44,plant-A,line-A4,machine-A7,lot-37,DN,aPZT,category-3,sub-a5,33,0,33
2026-10-26,44,plant-A,line-A9,machine-A10,lot-87,DN,aPZT,category-1,,10,0,10
2026-10-26,44,plant-B,line-B9,machine-B5,lot-57,UP,bPZT,category-4,sub-b4,12,0,12
2026-10-26,44,plant-B,line-B6,machine-B8,lot-71,DN,bPZT,category-2,sub-b8,38,0,38
2026-10-26,44,plant-A,line-A4,machine-A6,lot-33,DN,bPZT,category-1,sub-b1,2,0,2
2026-10-26,44,plant-A,line-A4,machine-A5,lot-45,UP,bPZT,category-5,sub-b6,20,0,20
2026-10-26,44,plant-A,line-A4,machine-A4,lot-73,UP,aPZT,category-2,sub-a7,21,0,21
2026-10-26,44,plant-B,line-B4,machine-B7,lot-56,DN,bPZT,category-1,sub-b7,10,0,10
2026-10-26,44,plant-B,line-B7,machine-B7,lot-81,UP,bPZT,pass,pass,0,2938,3137
2026-10-26,44,plant-A,line-A6,machine-A9,lot-72,DN,aPZT,category-3,sub-a3,16,0,16
2026-10-26,44,plant-B,line-B4,machine-B2,lot-29,DN,bPZT,category-3,sub-b1,24,0,24
2026-10-26,44,plant-A,line-A4,machine-A5,lot-45,DN,aPZT,category-1,sub-a6,27,0,27
2026-10-26,44,plant-B,line-B4,machine-B7,lot-56,UP,aPZT,category-4,sub-a5,8,0,8
2026-10-26,44,plant-A,line-A4,machine-A6,lot-33,UP,bPZT,category-1,sub-b2,40,0,40
2026-10-26,44,plant-A,line-A4,machine-A5,lot-45,DN,aPZT,pass,,0,2890,2910
2026-10-26,44,plant-B,line-B4,machine-B7,lot-56,UP,bPZT,category-1,sub-b9,40,0,40
2026-10-26,44,plant-B,line-B5,machine-B4,lot-80,UP,bPZT,category-4,sub-b7,24,0,24
2026-10-26,44,plant-B,line-B3,machine-B2,lot-44,UP,aPZT,category-3,sub-a3,39,0,39
2026-10-26,44,plant-A,line-A5,machine-A8,lot-58,UP,bPZT,category-4,sub-b9,18,0,18
2026-10-26,44,plant-B,line-B9,machine-B9,lot-8,UP,bPZT,pass,pass,0,2034,2062
2026-10-26,44,plant-B,line-B6,machine-B1,lot-60,DN,aPZT,category-5,sub-a6,28,0,28
2026-10-26,44,plant-A,line-A5,machine-A7,lot-47,UP,aPZT,category-4,sub-a9,6,0,6
2026-10-26,44,plant-B,line-B9,machine-B8,lot-15,UP,bPZT,category-1,sub-b1,23,0,23
2026-10-26,44,plant-B,line-B6,machine-B8,lot-71,DN,aPZT,category-4,sub-a2,7,0,7
2026-10-26,44,plant-A,line-A1,machine-A4,lot-14,DN,bPZT,pass,pass,0,2775,2829
2026-10-26,44,plant-B,line-B3,machine-B2,lot-44,DN,aPZT,category-3,sub-a8,19,0,19
2026-10-26,44,plant-A,line-A4,machine-A6,lot-33,DN,bPZT,pass,pass,0,2023,2055
2026-10-26,44,plant-A,line-A2,machine-A4,lot-43,UP,bPZT,category-1,sub-b5,1,0,1
2026-10-26,44,plant-A,line-A4,machine-A5,lot-45,UP,bPZT,pass,pass,0,2890,2944
2026-10-26,44,plant-B,line-B9,machine-B9,lot-8,UP,bPZT,category-2,sub-b8,30,0,30
2026-10-26,44,plant-B,line-B5,machine-B4,lot-80,UP,bPZT,category-5,sub-b9,26,0,26
2026-10-26,44,plant-B,line-B7,machine-B7,lot-81,UP,aPZT,category-4,sub-a3,34,0,34
2026-10-26,44,plant-A,line-A9,machine-A10,lot-87,DN,aPZT,category-4,sub-a1,26,0,26
2026-10-26,44,plant-B,line-B9,machine-B9,lot-8,DN,aPZT,category-5,sub-a1,27,0,27
2026-10-26,44,plant-B,line-B10,machine-B7,lot-63,DN,bPZT,category-2,sub-b1,13,0,13
2026-10-26,44,plant-B,line-B4,machine-B2,lot-29,dN,bPZT,category-2,,23,0,23
2026-10-26,44,plant-A,line-A9,machine-A10,lot-87,UP,aPZT,category-2,sub-a10,32,0,32
2026-10-26,44,plant-A,line-A8,machine-A1,lot-59,DN,bPZT,category-3,sub-b4,35,0,35
2026-10-26,44,plant-B,line-B10,machine-B7,lot-63,UP,aPZT,category-1,sub-a1,38,0,38
2026-10-26,44,plant-B,line-B5,machine-B4,lot-80,DN,bPZT,category-3,sub-b2,15,0,15
2026-10-26,44,plant-B,line-B3,machine-B2,lot-44,UP,aPZT,category-1,sub-a2,21,0,21
2026-10-26,44,plant-A,line-A9,machine-A10,lot-87,UP,aPZT,category-2,sub-a2,11,0,11
2026-10-26,44,plant-B,line-B4,machine-B7,lot-56,DN,aPZT,category-5,sub-a7,6,0,6
2026-10-26,44,plant-B,line-B6,machine-B8,lot-71,DN,aPZT,pass,pass,0,2059,2156
2026-10-26,44,plant-B,line-B9,machine-B8,lot-15,DN,bPZT,category-4,sub-b3,16,0,16
2026-10-26,44,plant-A,line-A2,machine-A4,lot-43,UP,aPZT,pass,pass,0,2285,2463
2026-10-26,44,plant-A,line-A2,machine-A4,lot-43,DN,bPZT,pass,pass,0,2285,2299
2026-10-26,44,plant-A,line-A10,machine-A6,lot-20,DN,bPZT,category-3,sub-b7,21,0,21
2026-10-26,44,plant-A,line-A1,machine-A4,lot-7,DN,aPZT,category-4,sub-a5,13,0,13
2026-10-26,44,plant-A,line-A4,machine-A6,lot-33,UP,aPZT,category-4,sub-a9,32,0,32
2026-10-26,44,plant-A,line-A9,machine-A10,lot-87,DN,aPZT,category-2,sub-a2,39,0,39
2026-10-26,44,plant-A,line-A2,machine-A4,lot-43,UP,bPZT,category-5,sub-b2,31,0,31
2026-10-26,44,plant-B,line-B9,machine-B8,lot-15,UP,bPZT,category-3,sub-b9,9,0,9
2026-10-26,44,plant-A,line-A9,machine-A10,lot-87,DN,aPZT,pass,pass,0,2064,2097
2026-10-26,44,plant-B,line-B4,machine-B7,lot-56,UP,aPZT,category-4,sub-a1,31,0,31
2026-10-26,44,plant-B,line-B5,machine-B4,lot-80,UP,aPZT,category-3,sub-a3,15,0,15
2026-10-26,44,plant-A,line-A4,machine-A7,lot-37,DN,aPZT,pass,pass,0,2159,2296
2026-10-26,44,plant-A,line-A5,machine-A7,lot-47,DN,aPZT,pass,pass,0,2137,2314
2026-10-26,44,plant-A,line-A4,machine-A4,lot-73,DN,aPZT,pass,pass,0,2271,2310
2026-10-26,44,plant-B,line-B3,machine-B2,lot-44,DN,aPZT,category-4,sub-a8,19,0,19
2026-10-26,44,plant-A,line-A9,machine-A10,lot-87,up,aPZT,category-5,,12,0,12
2026-10-26,44,plant-A,line-A9,machine-A10,lot-87,UP,aPZT,category-2,sub-a6,37,0,37
2026-10-26,44,plant-B,line-B6,machine-B8,lot-71,UP,bPZT,category-4,sub-b10,34,0,34
2026-10-26,44,plant-B,line-B10,machine-B7,lot-63,UP,aPZT,category-4,sub-a9,15,0,15
2026-10-26,44,plant-B,line-B4,machine-B7,lot-56,DN,bPZT,pass,pass,0,2425,2498
2026-10-26,44,plant-A,line-A1,machine-A4,lot-7,DN,bPZT,category-4,sub-b8,7,0,7
2026-10-26,44,plant-B,line-B4,machine-B2,lot-29,DN,aPZT,pass,pass,0,2711,2764
2026-10-26,44,plant-B,line-B4,machine-B7,lot-56,DN,aPZT,pass,pass,0,2425,2516
2026-10-26,44,plant-B,line-B6,machine-B1,lot-60,DN,bPZT,category-3,sub-b1,8,0,8
2026-10-26,44,plant-B,line-B6,machine-B1,lot-60,UP,bPZT,category-4,sub-b3,19,0,19
2026-10-26,44,plant-A,line-A5,machine-A7,lot-47,DN,bPZT,category-3,sub-b10,34,0,34
2026-10-26,44,plant-B,line-B6,machine-B1,lot-60,UP,aPZT,category-2,sub-a10,1,0,1
2026-10-26,44,plant-B,line-B5,machine-B4,lot-80,DN,bPZT,category-4,sub-b7,17,0,17
2026-10-26,44,plant-B,line-B3,machine-B2,lot-44,UP,aPZT,category-5,sub-a3,22,0,22
2026-10-26,44,plant-A,line-A4,machine-A7,lot-37,UP,bPZT,category-2,sub-b5,39,0,39
2026-10-26,44,plant-A,line-A8,machine-A1,lot-59,DN,aPZT,category-1,sub-a4,31,0,31
2026-10-26,44,plant-A,line-A1,machine-A4,lot-14,DN,aPZT,pass,pass,0,2775,2838
2026-10-26,44,plant-B,line-B6,machine-B8,lot-71,UP,aPZT,category-1,sub-a5,40,0,40
2026-10-26,44,plant-B,line-B7,machine-B7,lot-81,UP,aPZT,category-5,sub-a8,9,0,9
2026-10-26,44,plant-A,line-A4,machine-A4,lot-73,DN,bPZT,pass,,0,2271,2297
2026-10-26,44,plant-B,line-B4,machine-B7,lot-56,DN,aPZT,category-1,sub-a5,9,0,9
2026-10-26,44,plant-B,line-B7,machine-B7,lot-81,DN,bPZT,category-1,sub-b1,19,0,19
2026-10-26,44,plant-A,line-A4,machine-A4,lot-73,DN,bPZT,category-5,sub-b10,39,0,39
2026-10-26,44,plant-B,line-B10,machine-B7,lot-63,DN,aPZT,pass,pass,0,2656,2695
2026-10-26,44,plant-B,line-B3,machine-B2,lot-44,Up,bPZT,category-5,,38,0,38
2026-10-26,44,plant-A,line-A4,machine-A6,lot-33,UP,bPZT,category-1,sub-b8,33,0,33
2026-10-27,44,plant-A,line-A6,machine-A9,lot-28,DN,aPZT,category-4,sub-a8,1,0,1
2026-10-27,44,plant-B,line-B3,machine-B4,lot-89,DN,aPZT,category-1,sub-a10,31,0,31
2026-10-27,44,plant-A,line-A7,machine-A4,lot-4,UP,bPZT,category-1,sub-b5,16,0,16
2026-10-27,44,plant-A,line-A6,machine-A5,lot-18,uP,aPZT,category-2,sub-a1,38,0,38
2026-10-27,44,plant-B,line-B4,machine-B1,lot-25,UP,bPZT,category-1,sub-b10,14,0,14
2026-10-27,44,plant-A,line-A3,machine-A2,lot-20,UP,bPZT,category-2,sub-b3,26,0,26
2026-10-27,44,plant-A,line-A3,machine-A4,lot-19,UP,bPZT,category-2,sub-b5,15,0,15
2026-10-27,44,plant-B,line-B6,machine-B2,lot-43,DN,bPZT,category-4,sub-b7,7,0,7
2026-10-27,44,plant-A,line-A6,machine-A2,lot-32,UP,bPZT,category-4,sub-b8,4,0,4
2026-10-27,44,plant-A,line-A2,machine-A2,lot-41,UP,bPZT,category-3,sub-b9,21,0,21
2026-10-27,44,plant-A,line-A6,machine-A5,lot-79,DN,aPZT,category-1,sub-a5,28,0,28
2026-10-27,44,plant-A,line-A3,machine-A2,lot-20,DN,aPZT,category-1,sub-a6,2,0,2
2026-10-27,44,plant-B,line-B5,machine-B6,lot-33,UP,aPZT,category-2,sub-a4,9,0,9
2026-10-27,44,plant-A,line-A6,machine-A5,lot-18,UP,bPZT,category-4,sub-b2,6,0,6
2026-10-27,44,plant-B,line-B4,machine-B1,lot-25,UP,bPZT,pass,pass,0,2191,2229
2026-10-27,44,plant-B,line-B8,machine-B4,lot-29,DN,bPZT,category-4,sub-b3,4,0,4
2026-10-27,44,plant-A,line-A2,machine-A4,lot-88,UP,aPZT,category-3,sub-a2,32,0,32
2026-10-27,44,plant-A,line-A6,machine-A5,lot-79,UP,bPZT,category-4,sub-b9,33,0,33
2026-10-27,44,plant-A,line-A2,machine-A2,lot-41,DN,aPZT,pass,pass,0,2619,2719
2026-10-27,44,plant-A,line-A9,machine-A8,lot-66,UP,bPZT,category-5,sub-b10,12,0,12
2026-10-27,44,plant-A,line-A6,machine-A5,lot-18,UP,bPZT,pass,pass,0,2529,2609
2026-10-27,44,plant-B,line-B4,machine-B1,lot-25,UP,aPZT,category-1,sub-a6,17,0,17
2026-10-27,44,plant-B,line-B5,machine-B8,lot-76,DN,bPZT,pass,pass,0,2021,2115
2026-10-27,44,plant-B,line-B8,machine-B4,lot-29,UP,bPZT,category-2,sub-b1,40,0,40
2026-10-27,44,plant-B,line-B5,machine-B6,lot-33,UP,aPZT,category-3,sub-a6,24,0,24
2026-10-27,44,plant-B,line-B8,machine-B6,lot-87,DN,bPZT,pass,pass,0,2847,2885
2026-10-27,44,plant-A,line-A2,machine-A4,lot-88,UP,bPZT,category-3,sub-b3,31,0,31
2026-10-27,44,plant-B,line-B6,machine-B2,lot-43,UP,bPZT,category-4,sub-b10,37,0,37
2026-10-27,44,plant-A,line-A7,machine-A4,lot-4,UP,bPZT,category-4,sub-b9,1,0,1
2026-10-27,44,plant-B,line-B4,machine-B5,lot-15,UP,bPZT,category-2,sub-b7,9,0,9
2026-10-27,44,plant-B,line-B6,machine-B2,lot-43,UP,aPZT,category-4,sub-a1,5,0,5
2026-10-27,44,plant-B,line-B1,machine-B7,lot-84,UP,aPZT,category-1,sub-a9,28,0,28
2026-10-27,44,plant-B,line-B2,machine-B4,lot-24,DN,bPZT,pass,pass,0,2463,2482
2026-10-27,44,plant-A,line-A2,machine-A4,lot-88,UP,bPZT,category-5,sub-b6,4,0,4
2026-10-27,44,plant-B,line-B6,machine-B2,lot-43,DN,bPZT,pass,pass,0,2049,2094
2026-10-27,44,plant-B,line-B3,machine-B4,lot-89,DN,bPZT,category-3,sub-b5,20,0,20
2026-10-27,44,plant-B,line-B4,machine-B1,lot-25,DN,aPZT,pass,pass,0,2191,2243
2026-10-27,44,plant-B,line-B8,machine-B4,lot-29,DN,bPZT,category-1,sub-b3,8,0,8
2026-10-27,44,plant-A,line-A1,machine-A3,lot-100,DN,aPZT,pass,pass,0,2019,2048
2026-10-27,44,plant-B,line-B6,machine-B2,lot-43,DN,bPZT,category-4,sub-b4,30,0,30
2026-10-27,44,plant-A,line-A6,machine-A2,lot-32,UP,bPZT,category-5,sub-b10,30,0,30
2026-10-27,44,plant-A,line-A9,machine-A8,lot-66,DN,bPZT,category-3,sub-b6,31,0,31
2026-10-27,44,plant-A,line-A6,machine-A5,lot-79,DN,aPZT,category-5,sub-a6,2,0,2
2026-10-27,44,plant-A,line-A3,machine-A4,lot-19,UP,bPZT,category-2,sub-b3,21,0,21
2026-10-27,44,plant-A,line-A2,machine-A2,lot-41,UP,aPZT,category-4,sub-a3,28,0,28
2026-10-27,44,plant-B,line-B5,machine-B8,lot-76,UP,aPZT,category-4,sub-a10,24,0,24
2026-10-27,44,plant-B,line-B4,machine-B1,lot-25,DN,aPZT,category-1,sub-a6,5,0,5
2026-10-27,44,plant-B,line-B5,machine-B8,lot-76,DN,aPZT,category-5,sub-a8,30,0,30
2026-10-27,44,plant-B,line-B1,machine-B7,lot-84,DN,aPZT,category-4,sub-a7,29,0,29
2026-10-27,44,plant-A,line-A10,machine-A6,lot-71,DN,bPZT,category-2,sub-b3,34,0,34
2026-10-27,44,plant-A,line-A2,machine-A4,lot-88,DN,bPZT,category-1,sub-b10,36,0,36
2026-10-27,44,plant-A,line-A6,machine-A5,lot-79,UP,aPZT,pass,pass,0,2506,2542
2026-10-27,44,plant-B,line-B10,machine-B1,lot-40,DN,bPZT,category-1,sub-b4,24,0,24
2026-10-27,44,plant-A,line-A10,machine-A6,lot-71,UP,bPZT,pass,pass,0,2567,2604
2026-10-27,44,plant-B,line-B4,machine-B5,lot-15,UP,bPZT,category-2,sub-b4,10,0,10
2026-10-27,44,plant-A,line-A1,machine-A3,lot-100,DN,bPZT,category-2,sub-b6,29,0,29
2026-10-27,44,plant-A,line-A6,machine-A2,lot-21,UP,bPZT,category-4,sub-b5,17,0,17
2026-10-27,44,plant-A,line-A3,machine-A2,lot-20,UP,aPZT,pass,pass,0,2859,2888
2026-10-27,44,plant-B,line-B8,machine-B4,lot-29,UP,aPZT,category-2,sub-a10,9,0,9
2026-10-27,44,plant-A,line-A10,machine-A6,lot-71,DN,aPZT,category-1,sub-a9,9,0,9
2026-10-27,44,plant-A,line-A9,machine-A8,lot-66,UP,bPZT,pass,pass,0,2146,2215
2026-10-27,44,plant-A,line-A7,machine-A4,lot-4,UP,aPZT,pass,pass,0,2352,2384
2026-10-27,44,plant-B,line-B5,machine-B8,lot-76,DN,bPZT,category-4,sub-b1,19,0,19
2026-10-27,44,plant-A,line-A6,machine-A5,lot-18,DN,aPZT,category-2,sub-a5,14,0,14
2026-10-27,44,plant-A,line-A1,machine-A3,lot-100,UP,bPZT,pass,pass,0,2019,2065
2026-10-27,44,plant-B,line-B8,machine-B6,lot-87,DN,aPZT,category-4,sub-a3,38,0,38
2026-10-27,44,plant-A,line-A9,machine-A8,lot-66,UP,aPZT,category-1,sub-a2,33,0,33
2026-10-27,44,plant-A,line-A2,machine-A4,lot-88,UP,aPZT,pass,pass,0,2240,2330
2026-10-27,44,plant-A,line-A2,machine-A4,lot-88,UP,bPZT,pass,pass,0,2240,2290
2026-10-27,44,plant-B,line-B3,machine-B4,lot-89,UP,aPZT,pass,pass,0,2452,2575
2026-10-27,44,plant-A,line-A10,machine-A6,lot-71,DN,bPZT,category-1,sub-b9,19,0,19
2026-10-27,44,plant-A,line-A9,machine-A8,lot-66,UP,aPZT,category-4,sub-a3,36,0,36
2026-10-27,44,plant-B,line-B1,machine-B7,lot-84,DN,bPZT,category-3,sub-b4,10,0,10
2026-10-27,44,plant-A,line-A9,machine-A8,lot-66,UP,bPZT,category-2,sub-b5,16,0,16
2026-10-27,44,plant-A,line-A2,machine-A4,lot-88,DN,bPZT,category-2,sub-b10,14,0,14
2026-10-27,44,plant-B,line-B10,machine-B1,lot-40,DN,aPZT,category-2,sub-a5,19,0,19
2026-10-27,44,plant-B,line-B6,machine-B2,lot-43,UP,bPZT,category-1,,29,0,29
2026-10-27,44,plant-B,line-B4,machine-B5,lot-15,DN,bPZT,category-4,sub-b7,34,0,34
2026-10-27,44,plant-A,line-A6,machine-A5,lot-79,DN,aPZT,category-2,sub-a3,18,0,18
2026-10-27,44,plant-A,line-A6,machine-A5,lot-18,UP,bPZT,category-5,sub-b2,3,0,3
2026-10-27,44,plant-B,line-B5,machine-B8,lot-76,UP,aPZT,category-4,,40,0,40
2026-10-27,44,plant-B,line-B10,machine-B1,lot-40,DN,aPZT,pass,pass,0,2507,2564
2026-10-27,44,plant-A,line-A10,machine-A6,lot-71,UP,aPZT,pass,pass,0,2567,2633
2026-10-27,44,plant-A,line-A3,machine-A4,lot-19,DN,aPZT,pass,pass,0,2497,2542
2026-10-27,44,plant-A,line-A7,machine-A4,lot-4,UP,aPZT,category-4,sub-a1,25,0,25
2026-10-27,44,plant-B,line-B6,machine-B2,lot-43,UP,bPZT,category-1,sub-b5,17,0,17
2026-10-27,44,plant-B,line-B5,machine-B3,lot-98,UP,bPZT,category-5,sub-b5,31,0,31
2026-10-27,44,plant-B,line-B2,machine-B4,lot-24,DN,bPZT,category-3,sub-b7,20,0,20
2026-10-27,44,plant-B,line-B8,machine-B6,lot-87,UP,aPZT,pass,pass,0,2847,2865
2026-10-27,44,plant-A,line-A6,machine-A2,lot-21,UP,bPZT,pass,pass,0,2411,2417
2026-10-27,44,plant-B,line-B5,machine-B6,lot-33,DN,aPZT,pass,pass,0,2277,2285
2026-10-27,44,plant-B,line-B10,machine-B1,lot-40,DN,aPZT,category-2,sub-a4,9,0,9
2026-10-27,44,plant-A,line-A6,machine-A2,lot-32,DN,bPZT,category-5,sub-b5,34,0,34
2026-10-27,44,plant-B,line-B5,machine-B6,lot-33,DN,aPZT,category-4,sub-a8,25,0,25
2026-10-27,44,plant-A,line-A6,machine-A5,lot-79,DN,aPZT,category-4,sub-a6,38,0,38
2026-10-27,44,plant-A,line-A6,machine-A9,lot-28,UP,bPZT,pass,pass,0,2657,2658
2026-10-27,44,plant-A,line-A6,machine-A5,lot-18,UP,bPZT,category-5,sub-b3,6,0,6
2026-10-27,44,plant-A,line-A10,machine-A6,lot-71,UP,aPZT,category-5,sub-a5,17,0,17
2026-10-27,44,plant-A,line-A6,machine-A2,lot-32,DN,aPZT,pass,pass,0,2670,2758
2026-10-27,44,plant-B,line-B5,machine-B6,lot-33,UP,aPZT,category-3,sub-a6,11,0,11
2026-10-27,44,plant-A,line-A3,machine-A4,lot-19,UP,bPZT,category-2,sub-b3,9,0,9
2026-10-27,44,plant-A,line-A3,machine-A2,lot-20,UP,aPZT,category-4,sub-a8,22,0,22
2026-10-27,44,plant-B,line-B6,machine-B2,lot-43,UP,bPZT,category-2,sub-b9,36,0,36
2026-10-27,44,plant-B,line-B3,machine-B4,lot-89,UP,bPZT,pass,pass,0,2452,2483
2026-10-27,44,plant-B,line-B4,machine-B1,lot-25,UP,bPZT,category-3,sub-b7,38,0,38
2026-10-27,44,plant-B,line-B5,machine-B3,lot-98,DN,aPZT,category-2,sub-a6,3,0,3
2026-10-27,44,plant-B,line-B4,machine-B5,lot-15,DN,bPZT,category-5,sub-b1,25,0,25
2026-10-27,44,plant-A,line-A6,machine-A2,lot-21,UP,bPZT,category-2,sub-b3,36,0,36
2026-10-27,44,plant-B,line-B5,machine-B3,lot-98,DN,aPZT,category-5,sub-a3,10,0,10
2026-10-27,44,plant-A,line-A2,machine-A4,lot-88,DN,aPZT,category-5,sub-a10,18,0,18
2026-10-27,44,plant-B,line-B3,machine-B4,lot-89,UP,bPZT,category-1,sub-b8,26,0,26
2026-10-27,44,plant-A,line-A6,machine-A5,lot-79,DN,bPZT,pass,pass,0,2506,2592
2026-10-27,44,plant-B,line-B8,machine-B4,lot-29,UP,bPZT,pass,pass,0,2411,2420
2026-10-27,44,plant-B,line-B5,machine-B6,lot-33,DN,bPZT,category-3,sub-b5,8,0,8
2026-10-27,44,plant-B,line-B2,machine-B4,lot-24,UP,bPZT,category-3,sub-b2,14,0,14
2026-10-27,44,plant-B,line-B8,machine-B4,lot-29,Up,aPZT,pass,pass,0,2411,2548
2026-10-27,44,plant-B,line-B3,machine-B4,lot-89,UP,bPZT,category-1,sub-b10,38,0,38
2026-10-27,44,plant-B,line-B10,machine-B1,lot-40,DN,aPZT,category-2,sub-a10,25,0,25
2026-10-27,44,plant-A,line-A1,machine-A3,lot-100,DN,aPZT,category-2,sub-a3,34,0,34
2026-10-27,44,plant-B,line-B2,machine-B4,lot-24,DN,bPZT,category-5,sub-b3,26,0,26
2026-10-27,44,plant-B,line-B5,machine-B8,lot-76,UP,bPZT,category-3,sub-b7,36,0,36
2026-10-27,44,plant-B,line-B1,machine-B7,lot-84,DN,aPZT,category-1,sub-a3,26,0,26
2026-10-27,44,plant-B,line-B4,machine-B1,lot-25,UP,aPZT,category-5,sub-a7,16,0,16
2026-10-27,44,plant-A,line-A6,machine-A5,lot-18,UP,aPZT,pass,pass,0,2529,2569
2026-10-27,44,plant-A,line-A6,machine-A2,lot-32,DN,bPZT,category-5,sub-b10,7,0,7
2026-10-27,44,plant-B,line-B5,machine-B3,lot-98,DN,aPZT,pass,pass,0,2721,2752
2026-10-27,44,plant-B,line-B1,machine-B7,lot-84,DN,bPZT,pass,pass,0,2413,2550
2026-10-27,44,plant-A,line-A7,machine-A4,lot-4,DN,aPZT,category-4,sub-a3,32,0,32
2026-10-27,44,plant-B,line-B1,machine-B7,lot-84,UP,aPZT,pass,pass,0,2413,2429
2026-10-27,44,plant-A,line-A2,machine-A2,lot-41,DN,bPZT,category-1,sub-b1,4,0,4
2026-10-27,44,plant-A,line-A6,machine-A2,lot-21,UP,bPZT,category-4,sub-b10,31,0,31
2026-10-27,44,plant-B,line-B4,machine-B5,lot-15,DN,bPZT,pass,pass,0,2927,2941
2026-10-27,44,plant-A,line-A6,machine-A2,lot-21,DN,aPZT,pass,pass,0,2411,2538
2026-10-27,44,plant-A,line-A3,machine-A4,lot-19,DN,aPZT,category-5,sub-a3,16,0,16
2026-10-27,44,plant-B,line-B5,machine-B8,lot-76,UP,aPZT,pass,pass,0,2021,2096
2026-10-27,44,plant-A,line-A6,machine-A2,lot-32,DN,aPZT,category-4,sub-a1,17,0,17
2026-10-27,44,plant-A,line-A6,machine-A5,lot-79,UP,bPZT,category-3,sub-b5,3,0,3
2026-10-27,44,plant-A,line-A10,machine-A6,lot-71,UP,bPZT,category-2,sub-b2,2,0,2
2026-10-27,44,plant-B,line-B5,machine-B3,lot-98,UP,aPZT,category-2,sub-a6,7,0,7
2026-10-27,44,plant-B,line-B2,machine-B4,lot-24,DN,bPZT,category-5,sub-b4,17,0,17
2026-10-27,44,plant-B,line-B2,machine-B4,lot-24,UP,bPZT,category-4,sub-b3,36,0,36
2026-10-27,44,plant-B,line-B2,machine-B4,lot-24,UP,aPZT,category-3,sub-a7,8,0,8
2026-10-27,44,plant-A,line-A1,machine-A3,lot-100,UP,aPZT,category-4,sub-a3,12,0,12
2026-10-27,44,plant-B,line-B2,machine-B4,lot-24,UP,bPZT,category-5,sub-b1,2,0,2
2026-10-27,44,plant-B,line-B10,machine-B1,lot-40,UP,aPZT,category-2,sub-a10,11,0,11
2026-10-27,44,plant-A,line-A6,machine-A9,lot-28,UP,bPZT,category-2,sub-b7,14,0,14
2026-10-27,44,plant-B,line-B5,machine-B6,lot-33,UP,aPZT,category-3,sub-a5,3,0,3
2026-10-27,44,plant-A,line-A6,machine-A5,lot-18,DN,bPZT,category-1,sub-b4,25,0,25
2026-10-27,44,plant-A,line-A2,machine-A2,lot-41,UP,bPZT,pass,pass,0,2619,2647
2026-10-27,44,plant-B,line-B5,machine-B8,lot-76,DN,bPZT,category-2,sub-b1,20,0,20
2026-10-27,44,plant-B,line-B5,machine-B6,lot-33,UP,bPZT,pass,pass,0,2277,2382
2026-10-27,44,plant-A,line-A6,machine-A2,lot-21,UP,bPZT,category-5,sub-b7,26,0,26
2026-10-27,44,plant-B,line-B2,machine-B4,lot-24,UP,aPZT,category-1,sub-a1,11,0,11
2026-10-27,44,plant-A,line-A2,machine-A2,lot-41,DN,bPZT,category-1,sub-b5,12,0,12
2026-10-27,44,plant-A,line-A10,machine-A6,lot-71,UP,bPZT,category-3,sub-b1,11,0,11
2026-10-27,44,plant-B,line-B8,machine-B6,lot-87,UP,bPZT,category-3,sub-b9,18,0,18
2026-10-27,44,plant-B,line-B5,machine-B3,lot-98,DN,bPZT,pass,pass,0,2721,2757
2026-10-27,44,plant-A,line-A6,machine-A9,lot-28,UP,bPZT,category-1,sub-b3,18,0,18
2026-10-27,44,plant-B,line-B4,machine-B5,lot-15,DN,aPZT,pass,pass,0,2927,3033
2026-10-27,44,plant-B,line-B5,machine-B3,lot-98,DN,aPZT,category-5,sub-a3,16,0,16
2026-10-27,44,plant-B,line-B2,machine-B4,lot-24,DN,aPZT,pass,pass,0,2463,2580
2026-10-27,44,plant-B,line-B1,machine-B7,lot-84,DN,aPZT,category-5,sub-a1,30,0,30
2026-10-27,44,plant-A,line-A10,machine-A6,lot-71,DN,aPZT,category-2,sub-a3,11,0,11
2026-10-27,44,plant-A,line-A9,machine-A8,lot-66,DN,aPZT,pass,pass,0,2146,2234
2026-10-27,44,plant-B,line-B8,machine-B4,lot-29,DN,bPZT,category-3,sub-b6,27,0,27
2026-10-27,44,plant-A,line-A6,machine-A9,lot-28,DN,bPZT,category-5,sub-b7,22,0,22
2026-10-27,44,plant-B,line-B1,machine-B7,lot-84,UP,aPZT,category-1,sub-a8,24,0,24
2026-10-27,44,plant-A,line-A6,machine-A2,lot-32,DN,bPZT,pass,pass,0,2670,2687
2026-10-27,44,plant-A,line-A9,machine-A8,lot-66,DN,bPZT,category-2,sub-b7,29,0,29
2026-10-27,44,plant-A,line-A2,machine-A2,lot-41,UP,bPZT,category-3,sub-b2,23,0,23
2026-10-27,44,plant-B,line-B5,machine-B6,lot-33,DN,aPZT,category-1,sub-a8,33,0,33
2026-10-27,44,plant-B,line-B1,machine-B7,lot-84,DN,bPZT,category-4,sub-b9,6,0,6
2026-10-27,44,plant-A,line-A3,machine-A2,lot-20,DN,bPZT,category-5,sub-b2,3,0,3
2026-10-27,44,plant-B,line-B6,machine-B2,lot-43,DN,aPZT,category-2,sub-a6,40,0,40
2026-10-27,44,plant-B,line-B8,machine-B4,lot-29,DN,bPZT,category-3,sub-b3,26,0,26
2026-10-27,44,plant-B,line-B4,machine-B5,lot-15,DN,bPZT,category-5,sub-b10,28,0,28
2026-10-27,44,plant-A,line-A3,machine-A4,lot-19,DN,bPZT,pass,pass,0,2497,2513
2026-10-27,44,plant-A,line-A6,machine-A9,lot-28,DN,aPZT,pass,pass,0,2657,2741
2026-10-27,44,plant-B,line-B3,machine-B4,lot-89,UP,bPZT,category-2,sub-b10,23,0,23
2026-10-27,44,plant-A,line-A3,machine-A2,lot-20,UP,aPZT,category-3,sub-a2,20,0,20
2026-10-27,44,plant-A,line-A7,machine-A4,lot-4,UP,bPZT,pass,pass,0,2352,2409
2026-10-27,44,plant-A,line-A6,machine-A2,lot-32,DN,bPZT,category-3,sub-b4,13,0,13
2026-10-27,44,plant-B,line-B3,machine-B4,lot-89,UP,bPZT,category-5,sub-b4,16,0,16
2026-10-27,44,plant-B,line-B4,machine-B5,lot-15,DN,aPZT,category-3,sub-a2,14,0,14
2026-10-27,44,plant-B,line-B10,machine-B1,lot-40,UP,bPZT,category-2,sub-b4,33,0,33
2026-10-27,44,plant-A,line-A6,machine-A2,lot-21,UP,aPZT,category-1,sub-a4,6,0,6
2026-10-27,44,plant-A,line-A3,machine-A2,lot-20,UP,aPZT,category-5,sub-a6,21,0,21
2026-10-27,44,plant-B,line-B10,machine-B1,lot-40,UP,bPZT,pass,pass,0,2507,2571
2026-10-27,44,plant-A,line-A3,machine-A2,lot-20,DN,bPZT,pass,pass,0,2859,2924
2026-10-27,44,plant-B,line-B2,machine-B4,lot-24,DN,bPZT,category-5,sub-b1,2,0,2
2026-10-27,44,plant-A,line-A6,machine-A5,lot-18,UP,aPZT,category-4,sub-a8,28,0,28
2026-10-27,44,plant-A,line-A6,machine-A2,lot-21,UP,bPZT,category-3,sub-b5,17,0,17
2026-10-27,44,plant-A,line-A6,machine-A9,lot-28,UP,bPZT,category-1,sub-b3,3,0,3
2026-10-27,44,plant-A,line-A2,machine-A2,lot-41,DN,bPZT,category-4,sub-b7,40,0,40
2026-10-27,44,plant-A,line-A2,machine-A4,lot-88,DN,bPZT,category-4,sub-b3,5,0,5
2026-10-27,44,plant-A,line-A7,machine-A4,lot-4,DN,bPZT,category-4,sub-b8,14,0,14
2026-10-27,44,plant-B,line-B8,machine-B4,lot-29,UP,bPZT,category-5,sub-b2,32,0,32
2026-10-27,44,plant-B,line-B6,machine-B2,lot-43,DN,aPZT,pass,pass,0,2049,2205
2026-10-27,44,plant-A,line-A6,machine-A9,lot-28,dn,bPZT,category-5,sub-b4,27,0,27
2026-10-27,44,plant-A,line-A7,machine-A4,lot-4,UP,bPZT,category-1,sub-b10,1,0,1
2026-10-28,44,plant-B,line-B1,machine-B7,lot-90,DN,bPZT,category-1,sub-b7,20,0,20
2026-10-28,44,plant-A,line-A10,machine-A8,lot-80,UP,aPZT,pass,pass,0,2597,2685
2026-10-28,44,plant-B,line-B3,machine-B8,lot-71,UP,bPZT,category-4,sub-b3,20,0,20
2026-10-28,44,plant-B,line-B7,machine-B3,lot-34,UP,aPZT,pass,pass,0,2444,2517
2026-10-28,44,plant-A,line-A4,machine-A10,lot-44,DN,aPZT,category-2,sub-a8,16,0,16
2026-10-28,44,plant-A,line-A9,machine-A5,lot-59,UP,bPZT,category-5,sub-b3,15,0,15
2026-10-28,44,plant-A,line-A10,machine-A8,lot-80,DN,aPZT,category-2,sub-a5,32,0,32
2026-10-28,44,plant-B,line-B1,machine-B7,lot-90,DN,bPZT,pass,pass,0,2890,2927
2026-10-28,44,plant-B,line-B3,machine-B3,lot-75,UP,bPZT,pass,pass,0,2543,2584
2026-10-28,44,plant-A,line-A2,machine-A4,lot-68,DN,aPZT,category-3,sub-a6,26,0,26
2026-10-28,44,plant-B,line-B2,machine-B6,lot-29,UP,aPZT,category-2,sub-a9,35,0,35
2026-10-28,44,plant-B,line-B2,machine-B1,lot-73,UP,aPZT,category-5,sub-a5,8,0,8
2026-10-28,44,plant-B,line-B3,machine-B8,lot-71,DN,aPZT,pass,pass,0,2914,2981
2026-10-28,44,plant-B,line-B6,machine-B5,lot-84,UP,aPZT,category-3,sub-a1,40,0,40
2026-10-28,44,plant-A,line-A9,machine-A9,lot-64,DN,bPZT,category-1,sub-b3,12,0,12
2026-10-28,44,plant-A,line-A2,machine-A4,lot-68,UP,aPZT,category-1,sub-a1,7,0,7
2026-10-28,44,plant-B,line-B2,machine-B2,lot-32,UP,aPZT,pass,pass,0,2347,2416
2026-10-28,44,plant-B,line-B10,machine-B5,lot-10,DN,aPZT,category-5,sub-a5,21,0,21
2026-10-28,44,plant-B,line-B6,machine-B10,lot-21,UP,bPZT,category-4,sub-b8,20,0,20
2026-10-28,44,plant-B,line-B2,machine-B8,lot-77,UP,aPZT,category-3,sub-a2,38,0,38
2026-10-28,44,plant-A,line-A5,machine-A3,lot-22,UP,aPZT,pass,pass,0,2356,2390
2026-10-28,44,plant-B,line-B6,machine-B10,lot-21,UP,aPZT,category-1,sub-a5,10,0,10
2026-10-28,44,plant-B,line-B6,machine-B10,lot-21,UP,aPZT,pass,pass,0,2647,2667
2026-10-28,44,plant-B,line-B9,machine-B7,lot-40,DN,bPZT,category-4,sub-b7,15,0,15
2026-10-28,44,plant-B,line-B7,machine-B3,lot-34,UP,bPZT,category-5,sub-b1,38,0,38
2026-10-28,44,plant-B,line-B3,machine-B3,lot-75,DN,aPZT,pass,pass,0,2543,2616
2026-10-28,44,plant-A,line-A10,machine-A4,lot-92,UP,aPZT,category-5,sub-a5,18,0,18
2026-10-28,44,plant-B,line-B6,machine-B10,lot-21,UP,aPZT,category-5,sub-a7,9,0,9
2026-10-28,44,plant-B,line-B3,machine-B8,lot-71,DN,bPZT,category-2,sub-b1,9,0,9
2026-10-28,44,plant-A,line-A5,machine-A3,lot-22,UP,aPZT,category-3,sub-a4,30,0,30
2026-10-28,44,plant-A,line-A2,machine-A4,lot-68,dN,bPZT,pass,,0,2618,2705
2026-10-28,44,plant-A,line-A4,machine-A10,lot-44,DN,aPZT,pass,pass,0,2347,2388
2026-10-28,44,plant-B,line-B3,machine-B7,lot-69,UP,bPZT,category-4,sub-b3,29,0,29
2026-10-28,44,plant-B,line-B2,machine-B1,lot-73,DN,aPZT,pass,pass,0,2529,2603
2026-10-28,44,plant-A,line-A10,machine-A4,lot-92,UP,bPZT,category-4,sub-b8,36,0,36
2026-10-28,44,plant-A,line-A5,machine-A4,lot-5,UP,aPZT,pass,pass,0,2108,2193
2026-10-28,44,plant-B,line-B2,machine-B1,lot-73,DN,bPZT,pass,pass,0,2529,2601
2026-10-28,44,plant-A,line-A10,machine-A4,lot-92,UP,aPZT,category-1,sub-a4,30,0,30
2026-10-28,44,plant-A,line-A6,machine-A3,lot-96,DN,bPZT,category-2,sub-b3,9,0,9
2026-10-28,44,plant-B,line-B2,machine-B1,lot-73,DN,bPZT,category-4,sub-b7,39,0,39
2026-10-28,44,plant-A,line-A2,machine-A4,lot-68,UP,aPZT,category-2,sub-a8,15,0,15
2026-10-28,44,plant-B,line-B10,machine-B5,lot-10,DN,aPZT,category-4,sub-a7,9,0,9
2026-10-28,44,plant-A,line-A4,machine-A2,lot-94,DN,bPZT,category-4,sub-b4,14,0,14
2026-10-28,44,plant-A,line-A1,machine-A2,lot-41,DN,aPZT,category-5,,18,0,18
2026-10-28,44,plant-A,line-A10,machine-A8,lot-80,DN,bPZT,category-5,sub-b7,13,0,13
2026-10-28,44,plant-A,line-A10,machine-A8,lot-80,UP,bPZT,category-3,,23,0,23
2026-10-28,44,plant-B,line-B9,machine-B7,lot-40,DN,aPZT,category-2,sub-a3,18,0,18
2026-10-28,44,plant-A,line-A10,machine-A4,lot-92,DN,bPZT,pass,pass,0,2179,2239
2026-10-28,44,plant-A,line-A9,machine-A9,lot-64,up,aPZT,category-2,,23,0,23
2026-10-28,44,plant-B,line-B10,machine-B5,lot-10,DN,bPZT,category-1,sub-b6,8,0,8
2026-10-28,44,plant-B,line-B2,machine-B6,lot-29,DN,bPZT,pass,pass,0,2141,2180
2026-10-28,44,plant-A,line-A5,machine-A4,lot-5,DN,aPZT,category-3,sub-a1,8,0,8
2026-10-28,44,plant-B,line-B1,machine-B7,lot-90,DN,aPZT,category-5,sub-a9,37,0,37
2026-10-28,44,plant-B,line-B2,machine-B8,lot-77,UP,bPZT,category-1,sub-b1,3,0,3
2026-10-28,44,plant-A,line-A6,machine-A3,lot-96,DN,aPZT,category-4,sub-a8,17,0,17
2026-10-28,44,plant-B,line-B6,machine-B10,lot-21,DN,aPZT,category-2,sub-a4,24,0,24
2026-10-28,44,plant-A,line-A4,machine-A2,lot-94,DN,bPZT,category-4,sub-b7,17,0,17
2026-10-28,44,plant-A,line-A5,machine-A4,lot-5,UP,bPZT,category-1,sub-b7,10,0,10
2026-10-28,44,plant-B,line-B2,machine-B6,lot-29,UP,aPZT,category-5,sub-a1,3,0,3
2026-10-28,44,plant-B,line-B2,machine-B2,lot-32,UP,bPZT,category-4,sub-b4,1,0,1
2026-10-28,44,plant-A,line-A9,machine-A5,lot-59,UP,bPZT,category-4,sub-b4,36,0,36
2026-10-28,44,plant-B,line-B10,machine-B5,lot-10,UP,aPZT,category-5,sub-a3,36,0,36
2026-10-28,44,plant-A,line-A4,machine-A2,lot-94,UP,bPZT,category-2,sub-b1,28,0,28
2026-10-28,44,plant-A,line-A5,machine-A3,lot-22,DN,aPZT,category-2,sub-a10,31,0,31
2026-10-28,44,plant-A,line-A10,machine-A8,lot-80,DN,aPZT,category-1,sub-a4,38,0,38
2026-10-28,44,plant-B,line-B10,machine-B5,lot-10,UP,aPZT,category-4,sub-a1,22,0,22
2026-10-28,44,plant-B,line-B2,machine-B1,lot-73,UP,bPZT,category-5,sub-b10,32,0,32
2026-10-28,44,plant-B,line-B6,machine-B5,lot-84,DN,aPZT,category-5,sub-a4,14,0,14
2026-10-28,44,plant-A,line-A10,machine-A4,lot-92,UP,aPZT,pass,pass,0,2179,2252
2026-10-28,44,plant-B,line-B3,machine-B8,lot-71,UP,aPZT,category-5,sub-a1,36,0,36
2026-10-28,44,plant-B,line-B2,machine-B8,lot-77,DN,bPZT,category-2,sub-b9,9,0,9
2026-10-28,44,plant-B,line-B2,machine-B2,lot-32,DN,bPZT,category-4,sub-b4,18,0,18
2026-10-28,44,plant-B,line-B7,machine-B3,lot-34,UP,bPZT,category-5,sub-b4,13,0,13
2026-10-28,44,plant-A,line-A4,machine-A10,lot-44,UP,bPZT,category-5,sub-b7,8,0,8
2026-10-28,44,plant-A,line-A5,machine-A4,lot-5,DN,bPZT,pass,pass,0,2108,2116
2026-10-28,44,plant-B,line-B3,machine-B7,lot-69,DN,aPZT,pass,pass,0,2946,3005
2026-10-28,44,plant-B,line-B2,machine-B8,lot-77,DN,aPZT,category-3,sub-a5,26,0,26
2026-10-28,44,plant-A,line-A4,machine-A2,lot-94,DN,bPZT,pass,pass,0,2915,3009
2026-10-28,44,plant-A,line-A9,machine-A9,lot-64,DN,aPZT,category-2,sub-a10,37,0,37
2026-10-28,44,plant-B,line-B10,machine-B5,lot-10,UP,aPZT,pass,pass,0,2540,2595
2026-10-28,44,plant-B,line-B10,machine-B5,lot-10,DN,bPZT,category-4,sub-b3,25,0,25
2026-10-28,44,plant-B,line-B2,machine-B6,lot-29,DN,bPZT,category-5,sub-b10,11,0,11
2026-10-28,44,plant-A,line-A5,machine-A3,lot-22,DN,aPZT,category-5,sub-a3,26,0,26
2026-10-28,44,plant-A,line-A5,machine-A3,lot-22,DN,aPZT,category-3,sub-a6,14,0,14
2026-10-28,44,plant-B,line-B9,machine-B7,lot-40,DN,bPZT,category-4,sub-b2,6,0,6
2026-10-28,44,plant-A,line-A6,machine-A3,lot-96,UP,aPZT,pass,pass,0,2699,2708
2026-10-28,44,plant-A,line-A5,machine-A4,lot-5,DN,bPZT,category-5,sub-b9,15,0,15
2026-10-28,44,plant-A,line-A5,machine-A7,lot-16,UP,bPZT,category-4,sub-b8,25,0,25
2026-10-28,44,plant-B,line-B2,machine-B1,lot-73,UP,bPZT,category-2,sub-b7,3,0,3
2026-10-28,44,plant-A,line-A9,machine-A5,lot-59,UP,bPZT,category-1,sub-b7,23,0,23
2026-10-28,44,plant-B,line-B3,machine-B8,lot-71,DN,bPZT,category-1,sub-b5,10,0,10
2026-10-28,44,plant-B,line-B7,machine-B3,lot-34,DN,aPZT,category-2,sub-a9,36,0,36
2026-10-28,44,plant-A,line-A9,machine-A9,lot-64,DN,aPZT,category-1,sub-a7,6,0,6
2026-10-28,44,plant-B,line-B9,machine-B7,lot-40,DN,bPZT,category-4,sub-b3,26,0,26
2026-10-28,44,plant-B,line-B6,machine-B5,lot-84,UP,bPZT,pass,pass,0,2814,2890
2026-10-28,44,plant-A,line-A6,machine-A3,lot-96,UP,aPZT,category-3,sub-a10,24,0,24
2026-10-28,44,plant-A,line-A10,machine-A8,lot-80,UP,bPZT,category-1,sub-b7,6,0,6
2026-10-28,44,plant-A,line-A9,machine-A9,lot-64,DN,aPZT,category-3,sub-a5,9,0,9
2026-10-28,44,plant-B,line-B3,machine-B3,lot-75,DN,bPZT,category-5,sub-b5,34,0,34
2026-10-28,44,plant-B,line-B3,machine-B3,lot-75,UP,aPZT,category-1,sub-a2,6,0,6
2026-10-28,44,plant-A,line-A4,machine-A10,lot-44,UP,aPZT,category-1,sub-a1,13,0,13
2026-10-28,44,plant-B,line-B9,machine-B7,lot-40,UP,bPZT,pass,pass,0,2264,2301
2026-10-28,44,plant-B,line-B2,machine-B2,lot-32,UP,bPZT,category-2,sub-b5,36,0,36
2026-10-28,44,plant-B,line-B10,machine-B5,lot-10,UP,bPZT,category-2,sub-b5,22,0,22
2026-10-28,44,plant-B,line-B2,machine-B2,lot-32,DN,bPZT,category-1,sub-b1,14,0,14
2026-10-28,44,plant-A,line-A4,machine-A2,lot-94,DN,aPZT,category-2,sub-a7,32,0,32
2026-10-28,44,plant-A,line-A9,machine-A9,lot-64,DN,aPZT,pass,pass,0,2028,2074
2026-10-28,44,plant-B,line-B2,machine-B1,lot-73,DN,aPZT,category-5,sub-a10,18,0,18
2026-10-28,44,plant-A,line-A2,machine-A4,lot-68,UP,aPZT,pass,pass,0,2618,2624
2026-10-28,44,plant-A,line-A5,machine-A4,lot-5,UP,bPZT,category-4,sub-b2,4,0,4
2026-10-28,44,plant-B,line-B2,machine-B1,lot-73,UP,aPZT,category-4,sub-a1,11,0,11
2026-10-28,44,plant-A,line-A1,machine-A2,lot-41,DN,bPZT,category-2,sub-b9,32,0,32
2026-10-28,44,plant-B,line-B1,machine-B7,lot-90,uP,bPZT,category-1,,32,0,32
2026-10-28,44,plant-B,line-B3,machine-B7,lot-69,UP,aPZT,category-1,sub-a3,10,0,10
2026-10-28,44,plant-A,line-A9,machine-A5,lot-59,UP,aPZT,category-5,sub-a5,31,0,31
2026-10-28,44,plant-B,line-B3,machine-B8,lot-71,DN,bPZT,pass,pass,0,2914,2950
2026-10-28,44,plant-A,line-A4,machine-A2,lot-94,DN,bPZT,category-4,sub-b4,25,0,25
2026-10-28,44,plant-A,line-A5,machine-A3,lot-22,UP,bPZT,pass,pass,0,2356,2560
2026-10-28,44,plant-B,line-B3,machine-B7,lot-69,UP,aPZT,category-2,,18,0,18
2026-10-28,44,plant-A,line-A6,machine-A3,lot-96,UP,aPZT,category-5,sub-a3,29,0,29
2026-10-28,44,plant-B,line-B6,machine-B5,lot-84,DN,bPZT,category-4,sub-b4,39,0,39
2026-10-28,44,plant-A,line-A1,machine-A2,lot-41,DN,aPZT,pass,pass,0,2702,2775
2026-10-28,44,plant-B,line-B2,machine-B2,lot-32,DN,aPZT,category-1,sub-a10,37,0,37
2026-10-28,44,plant-A,line-A5,machine-A3,lot-22,DN,aPZT,category-5,sub-a9,29,0,29
2026-10-28,44,plant-A,line-A9,machine-A9,lot-64,DN,bPZT,category-4,sub-b1,34,0,34
2026-10-28,44,plant-B,line-B3,machine-B7,lot-69,DN,aPZT,category-1,sub-a8,17,0,17
2026-10-28,44,plant-A,line-A5,machine-A7,lot-16,DN,aPZT,category-1,sub-a3,7,0,7
2026-10-28,44,plant-A,line-A5,machine-A7,lot-16,DN,bPZT,pass,pass,0,2993,3036
2026-10-28,44,plant-B,line-B9,machine-B7,lot-40,UP,bPZT,category-5,sub-b10,39,0,39
2026-10-28,44,plant-B,line-B7,machine-B3,lot-34,DN,bPZT,pass,pass,0,2444,2480
2026-10-28,44,plant-A,line-A9,machine-A5,lot-59,DN,bPZT,pass,pass,0,2606,2637
2026-10-28,44,plant-B,line-B6,machine-B5,lot-84,UP,bPZT,category-1,sub-b10,6,0,6
2026-10-28,44,plant-A,line-A4,machine-A10,lot-44,UP,bPZT,pass,pass,0,2347,2376
2026-10-28,44,plant-B,line-B3,machine-B7,lot-69,UP,bPZT,pass,pass,0,2946,2997
2026-10-28,44,plant-A,line-A10,machine-A4,lot-92,DN,aPZT,category-3,sub-a8,12,0,12
2026-10-28,44,plant-A,line-A5,machine-A3,lot-22,DN,aPZT,category-4,sub-a2,40,0,40
2026-10-28,44,plant-B,line-B3,machine-B3,lot-75,UP,aPZT,category-3,sub-a7,35,0,35
2026-10-28,44,plant-B,line-B3,machine-B3,lot-75,UP,bPZT,category-3,sub-b1,39,0,39
2026-10-28,44,plant-B,line-B6,machine-B5,lot-84,UP,aPZT,pass,pass,0,2814,2860
2026-10-28,44,plant-B,line-B2,machine-B1,lot-73,UP,aPZT,category-3,sub-a6,35,0,35
2026-10-28,44,plant-A,line-A5,machine-A4,lot-5,DN,bPZT,category-4,sub-b7,25,0,25
2026-10-28,44,plant-A,line-A4,machine-A2,lot-94,UP,aPZT,pass,pass,0,2915,3029
2026-10-28,44,plant-A,line-A4,machine-A2,lot-94,UP,bPZT,category-5,sub-b3,30,0,30
2026-10-28,44,plant-B,line-B6,machine-B10,lot-21,DN,bPZT,pass,pass,0,2647,2690
2026-10-28,44,plant-B,line-B10,machine-B5,lot-10,DN,bPZT,pass,pass,0,2540,2630
2026-10-28,44,plant-A,line-A4,machine-A10,lot-44,UP,bPZT,category-3,sub-b3,33,0,33
2026-10-28,44,plant-A,line-A10,machine-A8,lot-80,DN,aPZT,category-3,sub-a7,14,0,14
2026-10-28,44,plant-A,line-A10,machine-A8,lot-80,UP,bPZT,category-4,sub-b5,23,0,23
2026-10-28,44,plant-B,line-B2,machine-B8,lot-77,DN,aPZT,pass,pass,0,2762,2774
2026-10-28,44,plant-A,line-A6,machine-A3,lot-96,UP,aPZT,category-1,sub-a6,14,0,14
2026-10-28,44,plant-B,line-B1,machine-B7,lot-90,DN,bPZT,category-3,sub-b3,40,0,40
2026-10-28,44,plant-A,line-A1,machine-A2,lot-41,UP,bPZT,category-3,sub-b9,17,0,17
2026-10-28,44,plant-A,line-A10,machine-A4,lot-92,DN,bPZT,category-4,sub-b9,37,0,37
2026-10-28,44,plant-B,line-B6,machine-B5,lot-84,UP,bPZT,category-3,sub-b6,1,0,1
2026-10-28,44,plant-A,line-A4,machine-A2,lot-94,DN,aPZT,category-2,,23,0,23
2026-10-28,44,plant-A,line-A9,machine-A5,lot-59,UP,aPZT,pass,pass,0,2606,2714
2026-10-28,44,plant-B,line-B2,machine-B8,lot-77,UP,aPZT,category-3,sub-a2,1,0,1
2026-10-28,44,plant-A,line-A1,machine-A2,lot-41,DN,bPZT,pass,pass,0,2702,2741
2026-10-28,44,plant-B,line-B1,machine-B7,lot-90,DN,aPZT,pass,pass,0,2890,2995
2026-10-28,44,plant-B,line-B3,machine-B7,lot-69,DN,bPZT,category-2,sub-b7,30,0,30
2026-10-28,44,plant-B,line-B2,machine-B2,lot-32,UP,bPZT,pass,pass,0,2347,2392
2026-10-28,44,plant-A,line-A5,machine-A7,lot-16,DN,aPZT,category-1,sub-a10,15,0,15
2026-10-28,44,plant-A,line-A1,machine-A2,lot-41,UP,bPZT,category-4,sub-b2,16,0,16
2026-10-28,44,plant-A,line-A5,machine-A3,lot-22,DN,aPZT,category-4,sub-a5,7,0,7
2026-10-28,44,plant-A,line-A1,machine-A2,lot-41,DN,aPZT,category-5,sub-a7,21,0,21
2026-10-28,44,plant-B,line-B1,machine-B7,lot-90,UP,bPZT,category-1,sub-b3,13,0,13
2026-10-28,44,plant-A,line-A2,machine-A4,lot-68,UP,aPZT,category-4,sub-a6,16,0,16
2026-10-28,44,plant-A,line-A5,machine-A7,lot-16,UP,bPZT,category-4,sub-b9,28,0,28
2026-10-28,44,plant-A,line-A5,machine-A7,lot-16,DN,bPZT,category-3,sub-b4,25,0,25
2026-10-28,44,plant-A,line-A6,machine-A3,lot-96,DN,bPZT,pass,pass,0,2699,2783
2026-10-28,44,plant-B,line-B3,machine-B7,lot-69,UP,aPZT,category-2,sub-a6,6,0,6
2026-10-28,44,plant-A,line-A5,machine-A7,lot-16,DN,aPZT,pass,pass,0,2993,3088
2026-10-28,44,plant-A,line-A5,machine-A7,lot-16,UP,bPZT,category-5,sub-b4,17,0,17
2026-10-28,44,plant-A,line-A5,machine-A3,lot-22,UP,aPZT,category-4,sub-a4,27,0,27
2026-10-28,44,plant-A,line-A2,machine-A4,lot-68,DN,aPZT,category-2,sub-a8,20,0,20
2026-10-28,44,plant-A,line-A2,machine-A4,lot-68,DN,bPZT,category-2,sub-b5,6,0,6
2026-10-28,44,plant-A,line-A2,machine-A4,lot-68,DN,aPZT,category-5,sub-a3,3,0,3
2026-10-28,44,plant-B,line-B2,machine-B6,lot-29,DN,aPZT,category-1,sub-a10,1,0,1
2026-10-28,44,plant-B,line-B9,machine-B7,lot-40,UP,aPZT,category-3,sub-a7,19,0,19
2026-10-28,44,plant-A,line-A9,machine-A9,lot-64,UP,bPZT,pass,pass,0,2028,2138
2026-10-28,44,plant-A,line-A9,machine-A9,lot-64,UP,aPZT,category-5,sub-a5,32,0,32
2026-10-28,44,plant-B,line-B3,machine-B8,lot-71,UP,bPZT,category-4,sub-b5,25,0,25
2026-10-28,44,plant-A,line-A5,machine-A7,lot-16,DN,aPZT,category-2,sub-a5,21,0,21
2026-10-28,44,plant-A,line-A9,machine-A9,lot-64,DN,aPZT,category-1,sub-a8,3,0,3
2026-10-28,44,plant-B,line-B2,machine-B6,lot-29,DN,aPZT,pass,pass,0,2141,2152
2026-10-28,44,plant-B,line-B10,machine-B5,lot-10,DN,aPZT,category-3,sub-a10,2,0,2
2026-10-28,44,plant-A,line-A10,machine-A8,lot-80,DN,bPZT,pass,pass,0,2597,2681
2026-10-28,44,plant-A,line-A5,machine-A4,lot-5,DN,bPZT,category-2,sub-b3,31,0,31
2026-10-28,44,plant-A,line-A10,machine-A8,lot-80,DN,bPZT,category-5,sub-b8,23,0,23
2026-10-28,44,plant-B,line-B6,machine-B5,lot-84,UP,aPZT,category-2,sub-a3,22,0,22
2026-10-28,44,plant-B,line-B9,machine-B7,lot-40,UP,aPZT,pass,,0,2264,2350
2026-10-28,44,plant-B,line-B3,machine-B8,lot-71,UP,bPZT,category-5,sub-b7,3,0,3
2026-10-28,44,plant-B,line-B7,machine-B3,lot-34,UP,bPZT,category-4,sub-b7,22,0,22
2026-10-28,44,plant-B,line-B2,machine-B8,lot-77,DN,bPZT,pass,pass,0,2762,2827
2026-10-28,44,plant-A,line-A9,machine-A5,lot-59,UP,bPZT,category-1,sub-b5,34,0,34
2026-10-28,44,plant-A,line-A1,machine-A2,lot-41,DN,bPZT,category-2,sub-b4,8,0,8
2026-10-28,44,plant-B,line-B2,machine-B2,lot-32,UP,aPZT,category-3,sub-a7,3,0,3
2026-10-28,44,plant-A,line-A5,machine-A3,lot-22,Up,bPZT,category-2,sub-b10,34,0,34
2026-10-28,44,plant-B,line-B2,machine-B2,lot-32,UP,aPZT,category-3,sub-a3,5,0,5
2026-10-28,44,plant-A,line-A4,machine-A2,lot-94,UP,aPZT,category-1,sub-a1,39,0,39
2026-10-29,44,plant-A,line-A8,machine-A3,lot-16,UP,bPZT,pass,pass,0,2098,2109
2026-10-29,44,plant-B,line-B6,machine-B2,lot-99,UP,bPZT,category-3,sub-b6,28,0,28
2026-10-29,44,plant-A,line-A5,machine-A8,lot-98,UP,bPZT,category-1,sub-b10,23,0,23
2026-10-29,44,plant-B,line-B6,machine-B7,lot-21,UP,aPZT,category-5,sub-a8,4,0,4
2026-10-29,44,plant-A,line-A2,machine-A6,lot-30,DN,aPZT,category-5,sub-a5,29,0,29
2026-10-29,44,plant-A,line-A8,machine-A4,lot-12,DN,bPZT,category-3,sub-b8,20,0,20
2026-10-29,44,plant-B,line-B3,machine-B3,lot-7,UP,aPZT,category-1,sub-a1,20,0,20
2026-10-29,44,plant-B,line-B1,machine-B1,lot-4,UP,aPZT,category-1,sub-a3,37,0,37
2026-10-29,44,plant-B,line-B6,machine-B8,lot-5,UP,aPZT,category-1,sub-a10,6,0,6
2026-10-29,44,plant-B,line-B1,machine-B1,lot-4,UP,aPZT,pass,pass,0,2089,2091
2026-10-29,44,plant-B,line-B3,machine-B3,lot-7,DN,aPZT,pass,pass,0,2169,2322
2026-10-29,44,plant-A,line-A8,machine-A4,lot-12,DN,bPZT,category-1,sub-b2,37,0,37
2026-10-29,44,plant-A,line-A5,machine-A8,lot-98,DN,bPZT,category-3,sub-b10,12,0,12
2026-10-29,44,plant-A,line-A2,machine-A6,lot-30,DN,aPZT,pass,pass,0,2212,2330
2026-10-29,44,plant-A,line-A5,machine-A4,lot-44,DN,bPZT,category-1,sub-b1,17,0,17
2026-10-29,44,plant-A,line-A5,machine-A8,lot-98,DN,aPZT,pass,pass,0,2616,2750
2026-10-29,44,plant-A,line-A5,machine-A8,lot-98,UP,bPZT,category-3,sub-b3,22,0,22
2026-10-29,44,plant-B,line-B6,machine-B2,lot-99,DN,aPZT,pass,pass,0,2920,3057
2026-10-29,44,plant-A,line-A10,machine-A2,lot-19,DN,aPZT,pass,pass,0,2651,2704
2026-10-29,44,plant-A,line-A10,machine-A5,lot-23,DN,aPZT,category-1,sub-a7,39,0,39
2026-10-29,44,plant-A,line-A8,machine-A3,lot-16,UP,bPZT,category-4,sub-b7,2,0,2
2026-10-29,44,plant-A,line-A10,machine-A5,lot-23,UP,aPZT,category-1,sub-a8,39,0,39
2026-10-29,44,plant-A,line-A6,machine-A5,lot-55,DN,bPZT,category-4,sub-b8,8,0,8
2026-10-29,44,plant-A,line-A5,machine-A8,lot-98,UP,aPZT,category-2,sub-a10,35,0,35
2026-10-29,44,plant-B,line-B4,machine-B8,lot-20,UP,aPZT,category-1,sub-a9,19,0,19
2026-10-29,44,plant-B,line-B3,machine-B3,lot-7,UP,bPZT,pass,pass,0,2169,2225
2026-10-29,44,plant-A,line-A8,machine-A6,lot-31,UP,bPZT,category-3,sub-b1,18,0,18
2026-10-29,44,plant-A,line-A10,machine-A5,lot-23,DN,aPZT,pass,pass,0,2082,2119
2026-10-29,44,plant-B,line-B7,machine-B3,lot-24,UP,aPZT,category-1,sub-a1,35,0,35
2026-10-29,44,plant-A,line-A5,machine-A8,lot-98,DN,aPZT,category-5,sub-a7,10,0,10
2026-10-29,44,plant-B,line-B4,machine-B8,lot-20,UP,bPZT,category-5,sub-b1,29,0,29
2026-10-29,44,plant-A,line-A4,machine-A8,lot-53,UP,aPZT,pass,pass,0,2022,2055
2026-10-29,44,plant-A,line-A5,machine-A4,lot-44,DN,aPZT,pass,pass,0,2957,3057
2026-10-29,44,plant-A,line-A4,machine-A6,lot-83,DN,aPZT,category-4,sub-a8,28,0,28
2026-10-29,44,plant-A,line-A8,machine-A6,lot-31,DN,aPZT,category-2,sub-a4,37,0,37
2026-10-29,44,plant-B,line-B4,machine-B4,lot-8,DN,bPZT,category-4,sub-b3,29,0,29
2026-10-29,44,plant-A,line-A2,machine-A6,lot-30,Dn,bPZT,category-1,sub-b7,20,0,20
2026-10-29,44,plant-B,line-B6,machine-B7,lot-21,UP,bPZT,category-4,sub-b2,26,0,26
2026-10-29,44,plant-A,line-A5,machine-A4,lot-44,DN,bPZT,category-3,sub-b8,21,0,21
2026-10-29,44,plant-B,line-B3,machine-B3,lot-7,UP,bPZT,category-2,sub-b1,18,0,18
2026-10-29,44,plant-A,line-A9,machine-A5,lot-57,DN,bPZT,category-5,sub-b5,39,0,39
2026-10-29,44,plant-A,line-A9,machine-A1,lot-63,UP,bPZT,category-2,sub-b5,37,0,37
2026-10-29,44,plant-A,line-A6,machine-A5,lot-55,UP,aPZT,category-3,sub-a6,21,0,21
2026-10-29,44,plant-B,line-B6,machine-B2,lot-99,DN,bPZT,category-3,sub-b4,31,0,31
2026-10-29,44,plant-B,line-B6,machine-B2,lot-99,DN,bPZT,category-4,sub-b4,38,0,38
2026-10-29,44,plant-B,line-B3,machine-B3,lot-7,DN,aPZT,category-1,sub-a1,9,0,9
2026-10-29,44,plant-A,line-A9,machine-A5,lot-57,UP,aPZT,category-4,sub-a5,40,0,40
2026-10-29,44,plant-A,line-A5,machine-A4,lot-44,UP,bPZT,pass,pass,0,2957,2972
2026-10-29,44,plant-A,line-A10,machine-A5,lot-23,DN,bPZT,category-3,sub-b1,9,0,9
2026-10-29,44,plant-A,line-A10,machine-A2,lot-19,UP,aPZT,category-4,sub-a2,37,0,37
2026-10-29,44,plant-B,line-B4,machine-B4,lot-8,DN,aPZT,pass,pass,0,2608,2733
2026-10-29,44,plant-A,line-A5,machine-A8,lot-98,UP,bPZT,pass,pass,0,2616,2769
2026-10-29,44,plant-B,line-B3,machine-B3,lot-7,DN,aPZT,category-2,sub-a7,27,0,27
2026-10-29,44,plant-A,line-A10,machine-A7,lot-56,UP,bPZT,category-3,sub-b8,33,0,33
2026-10-29,44,plant-B,line-B9,machine-B9,lot-22,UP,bPZT,category-2,sub-b8,35,0,35
2026-10-29,44,plant-A,line-A10,machine-A2,lot-19,UP,bPZT,pass,pass,0,2651,2688
2026-10-29,44,plant-A,line-A10,machine-A5,lot-23,DN,bPZT,pass,pass,0,2082,2222
2026-10-29,44,plant-B,line-B7,machine-B3,lot-24,UP,bPZT,category-3,sub-b5,37,0,37
2026-10-29,44,plant-B,line-B6,machine-B2,lot-99,UP,aPZT,category-4,sub-a4,4,0,4
2026-10-29,44,plant-A,line-A8,machine-A4,lot-12,DN,bPZT,category-5,sub-b8,23,0,23
2026-10-29,44,plant-B,line-B3,machine-B3,lot-7,UP,bPZT,category-4,sub-b3,16,0,16
2026-10-29,44,plant-B,line-B6,machine-B8,lot-5,DN,bPZT,category-5,sub-b7,36,0,36
2026-10-29,44,plant-A,line-A9,machine-A1,lot-63,DN,aPZT,category-2,sub-a8,11,0,11
2026-10-29,44,plant-A,line-A4,machine-A6,lot-83,UP,aPZT,category-3,sub-a7,5,0,5
2026-10-29,44,plant-A,line-A10,machine-A7,lot-56,DN,aPZT,category-4,sub-a9,24,0,24
2026-10-29,44,plant-A,line-A5,machine-A4,lot-44,UP,bPZT,category-1,sub-b9,23,0,23
2026-10-29,44,plant-B,line-B4,machine-B4,lot-8,UP,bPZT,category-2,sub-b1,11,0,11
2026-10-29,44,plant-A,line-A8,machine-A6,lot-31,DN,bPZT,category-3,sub-b2,13,0,13
2026-10-29,44,plant-A,line-A2,machine-A6,lot-30,UP,bPZT,category-2,sub-b10,27,0,27
2026-10-29,44,plant-B,line-B1,machine-B1,lot-4,DN,aPZT,category-4,sub-a7,2,0,2
2026-10-29,44,plant-A,line-A8,machine-A3,lot-16,DN,aPZT,category-3,sub-a3,11,0,11
2026-10-29,44,plant-B,line-B4,machine-B4,lot-8,DN,bPZT,category-2,sub-b2,36,0,36
2026-10-29,44,plant-B,line-B4,machine-B8,lot-20,DN,aPZT,pass,pass,0,2458,2535
2026-10-29,44,plant-A,line-A8,machine-A6,lot-43,UP,bPZT,category-5,sub-b7,19,0,19
2026-10-29,44,plant-A,line-A8,machine-A6,lot-43,DN,bPZT,category-3,sub-b6,31,0,31
2026-10-29,44,plant-B,line-B6,machine-B2,lot-99,UP,aPZT,category-4,sub-a9,32,0,32
2026-10-29,44,plant-A,line-A8,machine-A6,lot-43,UP,bPZT,category-4,sub-b8,40,0,40
2026-10-29,44,plant-B,line-B9,machine-B9,lot-22,UP,aPZT,category-2,sub-a5,12,0,12
2026-10-29,44,plant-B,line-B3,machine-B3,lot-7,UP,bPZT,category-4,sub-b2,35,0,35
2026-10-29,44,plant-A,line-A8,machine-A4,lot-12,UP,bPZT,category-4,sub-b7,15,0,15
2026-10-29,44,plant-B,line-B6,machine-B7,lot-21,DN,bPZT,category-5,sub-b2,23,0,23
2026-10-29,44,plant-A,line-A5,machine-A8,lot-98,DN,aPZT,category-1,sub-a6,11,0,11
2026-10-29,44,plant-A,line-A8,machine-A6,lot-31,DN,aPZT,pass,pass,0,2720,2757
2026-10-29,44,plant-A,line-A9,machine-A1,lot-63,DN,aPZT,pass,pass,0,2345,2382
2026-10-29,44,plant-A,line-A5,machine-A4,lot-44,DN,aPZT,category-1,sub-a7,15,0,15
2026-10-29,44,plant-A,line-A8,machine-A6,lot-43,DN,bPZT,pass,,0,2786,2820
2026-10-29,44,plant-A,line-A10,machine-A4,lot-91,UP,aPZT,category-5,sub-a10,22,0,22
2026-10-29,44,plant-A,line-A5,machine-A8,lot-98,UP,aPZT,category-4,sub-a9,36,0,36
2026-10-29,44,plant-B,line-B4,machine-B8,lot-20,DN,bPZT,category-5,sub-b10,36,0,36
2026-10-29,44,plant-A,line-A10,machine-A2,lot-19,UP,bPZT,category-1,sub-b8,36,0,36
2026-10-29,44,plant-B,line-B6,machine-B8,lot-5,DN,aPZT,category-4,sub-a7,28,0,28
2026-10-29,44,plant-A,line-A2,machine-A6,lot-30,DN,bPZT,category-2,sub-b7,3,0,3
2026-10-29,44,plant-B,line-B6,machine-B8,lot-5,DN,bPZT,category-2,sub-b8,9,0,9
2026-10-29,44,plant-B,line-B9,machine-B9,lot-22,UP,aPZT,category-5,sub-a5,17,0,17
2026-10-29,44,plant-A,line-A10,machine-A7,lot-56,DN,aPZT,category-4,sub-a8,25,0,25
2026-10-29,44,plant-B,line-B4,machine-B4,lot-8,DN,aPZT,category-2,sub-a2,9,0,9
2026-10-29,44,plant-A,line-A10,machine-A5,lot-23,DN,bPZT,category-2,sub-b4,28,0,28
2026-10-29,44,plant-B,line-B6,machine-B2,lot-99,DN,bPZT,pass,pass,0,2920,2956
2026-10-29,44,plant-A,line-A4,machine-A6,lot-83,UP,bPZT,category-5,sub-b8,22,0,22
2026-10-29,44,plant-A,line-A10,machine-A2,lot-19,UP,bPZT,category-5,sub-b2,17,0,17
2026-10-29,44,plant-B,line-B9,machine-B9,lot-22,UP,aPZT,pass,pass,0,2500,2571
2026-10-29,44,plant-B,line-B3,machine-B3,lot-7,DN,bPZT,category-5,sub-b4,6,0,6
2026-10-29,44,plant-B,line-B6,machine-B8,lot-5,DN,aPZT,category-3,sub-a9,31,0,31
2026-10-29,44,plant-A,line-A8,machine-A6,lot-43,DN,aPZT,category-1,sub-a3,34,0,34
2026-10-29,44,plant-A,line-A10,machine-A7,lot-56,UP,bPZT,pass,pass,0,2350,2429
2026-10-29,44,plant-B,line-B9,machine-B9,lot-22,DN,bPZT,category-4,sub-b4,7,0,7
2026-10-29,44,plant-B,line-B1,machine-B1,lot-4,UP,bPZT,category-1,sub-b9,2,0,2
2026-10-29,44,plant-A,line-A10,machine-A7,lot-56,UP,bPZT,category-4,sub-b5,8,0,8
2026-10-29,44,plant-A,line-A10,machine-A4,lot-91,DN,bPZT,category-4,sub-b6,36,0,36
2026-10-29,44,plant-A,line-A9,machine-A1,lot-63,UP,bPZT,pass,pass,0,2345,2387
2026-10-29,44,plant-B,line-B6,machine-B8,lot-5,UP,aPZT,category-5,sub-a10,13,0,13
2026-10-29,44,plant-A,line-A10,machine-A4,lot-91,DN,aPZT,pass,pass,0,2976,3023
2026-10-29,44,plant-A,line-A5,machine-A8,lot-98,UP,bPZT,category-5,sub-b7,16,0,16
2026-10-29,44,plant-B,line-B3,machine-B3,lot-7,UP,bPZT,category-2,sub-b10,40,0,40
2026-10-29,44,plant-A,line-A9,machine-A1,lot-63,UP,aPZT,category-2,sub-a5,29,0,29
2026-10-29,44,plant-A,line-A10,machine-A7,lot-56,DN,aPZT,pass,pass,0,2350,2426
2026-10-29,44,plant-A,line-A6,machine-A5,lot-55,UP,bPZT,category-1,sub-b10,25,0,25
2026-10-29,44,plant-B,line-B4,machine-B4,lot-8,DN,aPZT,category-5,sub-a3,38,0,38
2026-10-29,44,plant-A,line-A5,machine-A8,lot-98,DN,bPZT,category-3,sub-b5,15,0,15
2026-10-29,44,plant-A,line-A8,machine-A6,lot-31,DN,aPZT,category-1,sub-a3,37,0,37
2026-10-29,44,plant-A,line-A2,machine-A6,lot-30,Dn,aPZT,category-5,,22,0,22
2026-10-29,44,plant-B,line-B6,machine-B7,lot-21,DN,aPZT,pass,pass,0,2225,2281
2026-10-29,44,plant-B,line-B3,machine-B3,lot-7,UP,bPZT,category-1,sub-b10,38,0,38
2026-10-29,44,plant-A,line-A9,machine-A5,lot-57,UP,bPZT,category-1,sub-b4,34,0,34
2026-10-29,44,plant-B,line-B4,machine-B8,lot-20,DN,bPZT,category-4,sub-b10,12,0,12
2026-10-29,44,plant-A,line-A4,machine-A6,lot-83,UP,bPZT,pass,pass,0,2928,2961
2026-10-29,44,plant-A,line-A8,machine-A3,lot-16,DN,bPZT,category-5,sub-b6,22,0,22
2026-10-29,44,plant-A,line-A8,machine-A3,lot-16,DN,bPZT,category-4,sub-b4,35,0,35
2026-10-29,44,plant-A,line-A8,machine-A4,lot-12,UP,bPZT,category-2,sub-b7,18,0,18
2026-10-29,44,plant-A,line-A8,machine-A3,lot-16,DN,aPZT,pass,pass,0,2098,2229
2026-10-29,44,plant-A,line-A4,machine-A8,lot-53,UP,bPZT,category-3,sub-b8,33,0,33
2026-10-29,44,plant-A,line-A8,machine-A3,lot-16,DN,bPZT,category-1,sub-b1,27,0,27
2026-10-29,44,plant-A,line-A6,machine-A5,lot-55,UP,aPZT,category-1,sub-a5,16,0,16
2026-10-29,44,plant-A,line-A8,machine-A3,lot-16,DN,bPZT,category-1,sub-b2,7,0,7
2026-10-29,44,plant-B,line-B6,machine-B8,lot-5,UP,aPZT,category-1,sub-a10,3,0,3
2026-10-29,44,plant-B,line-B9,machine-B9,lot-22,UP,aPZT,category-1,sub-a1,28,0,28
2026-10-29,44,plant-A,line-A4,machine-A6,lot-83,DN,bPZT,category-1,sub-b3,19,0,19
2026-10-29,44,plant-A,line-A6,machine-A5,lot-55,DN,aPZT,category-5,sub-a8,33,0,33
2026-10-29,44,plant-A,line-A9,machine-A5,lot-57,UP,aPZT,pass,pass,0,2287,2414
2026-10-29,44,plant-A,line-A8,machine-A3,lot-16,DN,bPZT,category-3,sub-b9,38,0,38
2026-10-29,44,plant-A,line-A10,machine-A4,lot-91,DN,aPZT,category-1,sub-a8,20,0,20
2026-10-29,44,plant-A,line-A4,machine-A8,lot-53,DN,bPZT,pass,pass,0,2022,2061
2026-10-29,44,plant-B,line-B4,machine-B4,lot-8,DN,bPZT,category-2,sub-b7,10,0,10
2026-10-29,44,plant-B,line-B9,machine-B9,lot-22,UP,bPZT,pass,pass,0,2500,2557
2026-10-29,44,plant-A,line-A9,machine-A5,lot-57,DN,bPZT,category-3,sub-b8,24,0,24
2026-10-29,44,plant-B,line-B4,machine-B4,lot-8,UP,bPZT,category-2,sub-b10,3,0,3
2026-10-29,44,plant-A,line-A5,machine-A8,lot-98,DN,aPZT,category-2,sub-a4,22,0,22
2026-10-29,44,plant-A,line-A8,machine-A6,lot-31,DN,bPZT,category-1,sub-b8,6,0,6
2026-10-29,44,plant-B,line-B6,machine-B2,lot-99,DN,bPZT,category-3,sub-b6,40,0,40
2026-10-29,44,plant-B,line-B7,machine-B3,lot-24,DN,aPZT,pass,pass,0,2810,2847
2026-10-29,44,plant-B,line-B9,machine-B9,lot-22,DN,bPZT,category-4,sub-b9,29,0,29
2026-10-29,44,plant-B,line-B4,machine-B4,lot-8,UP,aPZT,category-2,sub-a4,25,0,25
2026-10-29,44,plant-A,line-A9,machine-A5,lot-57,UP,bPZT,category-3,sub-b5,30,0,30
2026-10-29,44,plant-A,line-A10,machine-A7,lot-56,DN,bPZT,category-4,sub-b4,35,0,35
2026-10-29,44,plant-A,line-A8,machine-A4,lot-12,UP,aPZT,category-3,sub-a2,25,0,25
2026-10-29,44,plant-B,line-B4,machine-B8,lot-20,UP,aPZT,category-5,sub-a7,18,0,18
2026-10-29,44,plant-A,line-A4,machine-A6,lot-83,DN,bPZT,category-3,sub-b5,8,0,8
2026-10-29,44,plant-B,line-B6,machine-B8,lot-5,DN,aPZT,category-2,sub-a9,17,0,17
2026-10-29,44,plant-B,line-B4,machine-B8,lot-20,DN,bPZT,pass,pass,0,2458,2495
2026-10-29,44,plant-A,line-A6,machine-A5,lot-55,DN,aPZT,category-5,sub-a9,30,0,30
2026-10-29,44,plant-A,line-A8,machine-A6,lot-43,DN,aPZT,pass,pass,0,2786,2883
2026-10-29,44,plant-A,line-A10,machine-A5,lot-23,UP,aPZT,category-4,sub-a10,38,0,38
2026-10-29,44,plant-A,line-A8,machine-A4,lot-12,DN,aPZT,pass,pass,0,2668,2788
2026-10-29,44,plant-B,line-B1,machine-B1,lot-4,UP,bPZT,pass,pass,0,2089,2128
2026-10-29,44,plant-A,line-A4,machine-A8,lot-53,DN,aPZT,category-1,sub-a8,39,0,39
2026-10-29,44,plant-B,line-B6,machine-B7,lot-21,DN,bPZT,category-2,sub-b2,7,0,7
2026-10-29,44,plant-B,line-B7,machine-B3,lot-24,UP,bPZT,pass,pass,0,2810,2873
2026-10-29,44,plant-B,line-B6,machine-B8,lot-5,DN,bPZT,pass,pass,0,2640,2745
2026-10-29,44,plant-A,line-A9,machine-A5,lot-57,UP,aPZT,category-1,sub-a10,29,0,29
2026-10-29,44,plant-A,line-A5,machine-A4,lot-44,UP,bPZT,category-2,,23,0,23
2026-10-29,44,plant-A,line-A9,machine-A1,lot-63,UP,aPZT,category-2,sub-a10,2,0,2
2026-10-29,44,plant-A,line-A5,machine-A8,lot-98,UP,bPZT,category-2,sub-b10,38,0,38
2026-10-29,44,plant-B,line-B4,machine-B4,lot-8,DN,bPZT,category-4,sub-b1,18,0,18
2026-10-29,44,plant-A,line-A6,machine-A5,lot-55,UP,aPZT,pass,pass,0,2174,2207
2026-10-29,44,plant-B,line-B6,machine-B8,lot-5,UP,aPZT,pass,pass,0,2640,2685
2026-10-29,44,plant-B,line-B4,machine-B4,lot-8,UP,bPZT,category-1,sub-b6,18,0,18
2026-10-29,44,plant-A,line-A8,machine-A6,lot-31,DN,bPZT,pass,pass,0,2720,2794
2026-10-29,44,plant-A,line-A2,machine-A6,lot-30,UP,aPZT,category-2,sub-a3,38,0,38
2026-10-29,44,plant-B,line-B6,machine-B7,lot-21,DN,bPZT,pass,pass,0,2225,2229
2026-10-29,44,plant-A,line-A5,machine-A8,lot-98,uP,bPZT,category-4,sub-b2,8,0,8
2026-10-29,44,plant-A,line-A10,machine-A7,lot-56,DN,aPZT,category-2,sub-a8,30,0,30
2026-10-29,44,plant-A,line-A5,machine-A4,lot-44,UP,bPZT,category-3,sub-b4,16,0,16
2026-10-29,44,plant-A,line-A10,machine-A4,lot-91,UP,bPZT,pass,pass,0,2976,3018
2026-10-29,44,plant-A,line-A10,machine-A5,lot-23,UP,aPZT,category-1,sub-a4,2,0,2
2026-10-29,44,plant-A,line-A5,machine-A8,lot-98,UP,aPZT,category-4,sub-a9,39,0,39
2026-10-29,44,plant-B,line-B7,machine-B3,lot-24,UP,aPZT,category-4,sub-a4,4,0,4
2026-10-29,44,plant-A,line-A10,machine-A5,lot-23,UP,aPZT,category-4,sub-a9,22,0,22
2026-10-29,44,plant-A,line-A8,machine-A4,lot-12,UP,bPZT,category-5,sub-b2,7,0,7
2026-10-29,44,plant-B,line-B4,machine-B4,lot-8,DN,bPZT,pass,pass,0,2608,2680
2026-10-29,44,plant-A,line-A2,machine-A6,lot-30,DN,bPZT,category-3,sub-b4,33,0,33
2026-10-29,44,plant-A,line-A4,machine-A6,lot-83,UP,aPZT,pass,pass,0,2928,2977
2026-10-29,44,plant-A,line-A2,machine-A6,lot-30,DN,bPZT,pass,pass,0,2212,2301
2026-10-29,44,plant-A,line-A9,machine-A5,lot-57,DN,bPZT,pass,pass,0,2287,2356
2026-10-29,44,plant-A,line-A8,machine-A4,lot-12,UP,bPZT,pass,pass,0,2668,2693
2026-10-29,44,plant-B,line-B6,machine-B8,lot-5,DN,aPZT,category-5,sub-a3,7,0,7
2026-10-29,44,plant-A,line-A10,machine-A4,lot-91,UP,bPZT,category-1,sub-b10,11,0,11
2026-10-29,44,plant-A,line-A6,machine-A5,lot-55,UP,bPZT,pass,pass,0,2174,2274
2026-10-29,44,plant-A,line-A8,machine-A6,lot-43,DN,bPZT,category-4,sub-b3,7,0,7
2026-10-29,44,plant-A,line-A2,machine-A6,lot-30,UP,bPZT,category-1,sub-b4,35,0,35
2026-10-29,44,plant-B,line-B7,machine-B3,lot-24,DN,aPZT,category-1,sub-a4,24,0,24
2026-10-30,44,plant-B,line-B2,machine-B1,lot-79,UP,aPZT,category-4,sub-a4,28,0,28
2026-10-30,44,plant-B,line-B5,machine-B1,lot-63,UP,aPZT,pass,pass,0,2227,2234
2026-10-30,44,plant-A,line-A3,machine-A2,lot-27,DN,aPZT,pass,pass,0,2191,2231
2026-10-30,44,plant-B,line-B3,machine-B1,lot-10,UP,bPZT,pass,pass,0,2193,2291
2026-10-30,44,plant-B,line-B2,machine-B8,lot-21,DN,aPZT,category-2,sub-a2,5,0,5
2026-10-30,44,plant-B,line-B3,machine-B1,lot-10,UP,aPZT,category-2,sub-a8,19,0,19
2026-10-30,44,plant-B,line-B3,machine-B6,lot-5,DN,bPZT,category-4,sub-b3,21,0,21
2026-10-30,44,plant-A,line-A1,machine-A8,lot-3,UP,aPZT,pass,pass,0,2147,2194
2026-10-30,44,plant-B,line-B6,machine-B10,lot-40,DN,aPZT,pass,pass,0,2367,2396
2026-10-30,44,plant-B,line-B6,machine-B9,lot-31,UP,aPZT,pass,pass,0,2075,2076
2026-10-30,44,plant-A,line-A7,machine-A1,lot-89,UP,aPZT,category-4,sub-a10,28,0,28
2026-10-30,44,plant-A,line-A2,machine-A2,lot-69,UP,bPZT,category-4,sub-b7,28,0,28
2026-10-30,44,plant-A,line-A1,machine-A1,lot-65,DN,aPZT,pass,pass,0,2735,2756
2026-10-30,44,plant-A,line-A8,machine-A4,lot-57,DN,aPZT,category-4,sub-a4,27,0,27
2026-10-30,44,plant-B,line-B6,machine-B9,lot-31,DN,aPZT,category-5,sub-a10,11,0,11
2026-10-30,44,plant-A,line-A7,machine-A8,lot-37,UP,aPZT,category-3,sub-a6,30,0,30
2026-10-30,44,plant-B,line-B1,machine-B2,lot-38,UP,bPZT,category-1,sub-b9,5,0,5
2026-10-30,44,plant-B,line-B3,machine-B6,lot-5,DN,aPZT,category-3,sub-a5,15,0,15
2026-10-30,44,plant-B,line-B4,machine-B9,lot-2,DN,bPZT,category-5,sub-b4,1,0,1
2026-10-30,44,plant-B,line-B6,machine-B2,lot-66,UP,bPZT,category-1,sub-b2,10,0,10
2026-10-30,44,plant-A,line-A4,machine-A1,lot-94,DN,aPZT,category-1,sub-a3,4,0,4
2026-10-30,44,plant-B,line-B3,machine-B6,lot-5,UP,aPZT,category-5,sub-a9,19,0,19
2026-10-30,44,plant-B,line-B1,machine-B2,lot-38,DN,bPZT,category-5,sub-b8,31,0,31
2026-10-30,44,plant-B,line-B6,machine-B10,lot-40,UP,aPZT,category-4,sub-a10,18,0,18
2026-10-30,44,plant-A,line-A1,machine-A1,lot-65,UP,aPZT,category-3,sub-a3,22,0,22
2026-10-30,44,plant-A,line-A1,machine-A1,lot-65,DN,aPZT,category-2,sub-a1,7,0,7
2026-10-30,44,plant-B,line-B2,machine-B8,lot-21,UP,aPZT,pass,pass,0,2245,2281
2026-10-30,44,plant-B,line-B4,machine-B9,lot-2,UP,aPZT,category-1,sub-a7,15,0,15
2026-10-30,44,plant-B,line-B7,machine-B5,lot-26,DN,bPZT,pass,pass,0,2001,2067
2026-10-30,44,plant-B,line-B2,machine-B1,lot-79,DN,aPZT,category-5,sub-a6,6,0,6
2026-10-30,44,plant-A,line-A4,machine-A1,lot-94,DN,bPZT,pass,pass,0,2901,2946
2026-10-30,44,plant-B,line-B1,machine-B2,lot-38,DN,bPZT,pass,pass,0,2658,2698
2026-10-30,44,plant-A,line-A7,machine-A1,lot-89,DN,aPZT,category-2,sub-a1,38,0,38
2026-10-30,44,plant-A,line-A1,machine-A1,lot-41,UP,aPZT,pass,pass,0,2206,2370
2026-10-30,44,plant-A,line-A4,machine-A7,lot-16,DN,aPZT,category-4,sub-a7,23,0,23
2026-10-30,44,plant-A,line-A2,machine-A2,lot-69,DN,bPZT,category-5,sub-b3,14,0,14
2026-10-30,44,plant-B,line-B7,machine-B5,lot-26,DN,aPZT,pass,pass,0,2001,2034
2026-10-30,44,plant-B,line-B5,machine-B1,lot-63,DN,aPZT,category-3,sub-a7,6,0,6
2026-10-30,44,plant-B,line-B6,machine-B10,lot-40,DN,bPZT,pass,pass,0,2367,2455
2026-10-30,44,plant-A,line-A4,machine-A7,lot-16,UP,bPZT,category-2,sub-b10,8,0,8
2026-10-30,44,plant-B,line-B9,machine-B3,lot-73,DN,aPZT,pass,pass,0,2539,2664
2026-10-30,44,plant-B,line-B5,machine-B1,lot-63,UP,aPZT,category-3,sub-a10,24,0,24
2026-10-30,44,plant-A,line-A1,machine-A1,lot-41,UP,bPZT,category-3,sub-b10,19,0,19
2026-10-30,44,plant-B,line-B9,machine-B3,lot-73,UP,aPZT,category-2,sub-a1,6,0,6
2026-10-30,44,plant-A,line-A8,machine-A4,lot-57,DN,bPZT,pass,pass,0,2777,2864
2026-10-30,44,plant-A,line-A3,machine-A2,lot-27,DN,aPZT,category-3,sub-a6,33,0,33
2026-10-30,44,plant-B,line-B4,machine-B9,lot-2,UP,aPZT,category-3,,3,0,3
2026-10-30,44,plant-B,line-B3,machine-B6,lot-5,UP,bPZT,pass,pass,0,2934,2968
2026-10-30,44,plant-B,line-B3,machine-B6,lot-5,DN,bPZT,category-1,sub-b1,15,0,15
2026-10-30,44,plant-B,line-B2,machine-B8,lot-21,DN,aPZT,category-3,sub-a2,25,0,25
2026-10-30,44,plant-B,line-B9,machine-B3,lot-73,DN,bPZT,category-5,sub-b5,35,0,35
2026-10-30,44,plant-B,line-B2,machine-B1,lot-79,UP,aPZT,pass,pass,0,2930,2967
2026-10-30,44,plant-A,line-A7,machine-A8,lot-37,UP,aPZT,pass,pass,0,2204,2230
2026-10-30,44,plant-B,line-B6,machine-B9,lot-31,DN,aPZT,category-5,sub-a2,20,0,20
2026-10-30,44,plant-B,line-B1,machine-B2,lot-38,DN,bPZT,category-4,sub-b8,38,0,38
2026-10-30,44,plant-B,line-B4,machine-B9,lot-2,DN,bPZT,pass,pass,0,2791,2869
2026-10-30,44,plant-A,line-A1,machine-A1,lot-41,DN,bPZT,pass,pass,0,2206,2252
2026-10-30,44,plant-B,line-B3,machine-B6,lot-5,DN,bPZT,category-1,sub-b7,36,0,36
2026-10-30,44,plant-B,line-B7,machine-B4,lot-34,DN,aPZT,category-2,sub-a1,22,0,22
2026-10-30,44,plant-A,line-A7,machine-A1,lot-89,DN,bPZT,pass,pass,0,2692,2821
2026-10-30,44,plant-B,line-B7,machine-B5,lot-26,UP,bPZT,category-3,sub-b2,33,0,33
2026-10-30,44,plant-B,line-B3,machine-B1,lot-10,DN,aPZT,pass,pass,0,2193,2207
2026-10-30,44,plant-B,line-B9,machine-B3,lot-73,DN,aPZT,category-2,sub-a3,9,0,9
2026-10-30,44,plant-A,line-A1,machine-A1,lot-65,UP,aPZT,category-1,,24,0,24
2026-10-30,44,plant-A,line-A3,machine-A2,lot-27,UP,bPZT,pass,pass,0,2191,2224
2026-10-30,44,plant-B,line-B3,machine-B6,lot-5,DN,aPZT,pass,pass,0,2934,3032
2026-10-30,44,plant-B,line-B7,machine-B4,lot-14,UP,aPZT,category-4,sub-a7,35,0,35
2026-10-30,44,plant-B,line-B3,machine-B6,lot-5,DN,bPZT,category-5,sub-b7,24,0,24
2026-10-30,44,plant-A,line-A7,machine-A1,lot-89,DN,aPZT,pass,pass,0,2692,2806
2026-10-30,44,plant-B,line-B7,machine-B4,lot-34,DN,aPZT,category-4,sub-a4,26,0,26
2026-10-30,44,plant-B,line-B7,machine-B4,lot-34,DN,bPZT,pass,pass,0,2962,3166
2026-10-30,44,plant-B,line-B7,machine-B4,lot-14,UP,bPZT,category-2,sub-b4,19,0,19
2026-10-30,44,plant-B,line-B3,machine-B1,lot-10,UP,aPZT,category-4,sub-a4,10,0,10
2026-10-30,44,plant-A,line-A1,machine-A1,lot-65,UP,bPZT,pass,pass,0,2735,2906
2026-10-30,44,plant-A,line-A1,machine-A1,lot-65,DN,aPZT,category-2,sub-a2,6,0,6
2026-10-30,44,plant-A,line-A1,machine-A1,lot-41,DN,aPZT,category-1,sub-a7,8,0,8
2026-10-30,44,plant-B,line-B7,machine-B4,lot-34,DN,bPZT,category-2,sub-b3,30,0,30
2026-10-30,44,plant-B,line-B6,machine-B9,lot-31,DN,bPZT,category-2,sub-b7,1,0,1
2026-10-30,44,plant-B,line-B6,machine-B10,lot-40,UP,aPZT,category-5,sub-a3,5,0,5
2026-10-30,44,plant-B,line-B2,machine-B1,lot-79,UP,bPZT,category-4,sub-b8,11,0,11
2026-10-30,44,plant-A,line-A4,machine-A1,lot-94,UP,aPZT,category-2,sub-a8,37,0,37
2026-10-30,44,plant-A,line-A8,machine-A4,lot-57,UP,bPZT,category-3,sub-b8,26,0,26
2026-10-30,44,plant-B,line-B2,machine-B1,lot-79,DN,aPZT,category-3,sub-a6,18,0,18
2026-10-30,44,plant-B,line-B2,machine-B1,lot-79,DN,bPZT,category-2,sub-b4,26,0,26
2026-10-30,44,plant-A,line-A7,machine-A1,lot-89,DN,bPZT,category-2,sub-b1,40,0,40
2026-10-30,44,plant-A,line-A1,machine-A1,lot-65,DN,bPZT,category-3,sub-b2,20,0,20
2026-10-30,44,plant-A,line-A2,machine-A2,lot-69,UP,bPZT,category-1,sub-b2,38,0,38
2026-10-30,44,plant-A,line-A1,machine-A8,lot-3,UP,bPZT,pass,,0,2147,2219
2026-10-30,44,plant-B,line-B7,machine-B4,lot-14,UP,bPZT,category-2,sub-b5,35,0,35
2026-10-30,44,plant-A,line-A2,machine-A2,lot-69,UP,aPZT,pass,pass,0,2945,3089
2026-10-30,44,plant-A,line-A1,machine-A1,lot-65,DN,bPZT,category-4,sub-b4,1,0,1
2026-10-30,44,plant-A,line-A1,machine-A8,lot-3,UP,aPZT,category-1,sub-a5,12,0,12
2026-10-30,44,plant-B,line-B6,machine-B9,lot-31,DN,aPZT,category-2,sub-a8,34,0,34
2026-10-30,44,plant-A,line-A2,machine-A2,lot-69,DN,bPZT,category-4,sub-b10,6,0,6
2026-10-30,44,plant-A,line-A1,machine-A4,lot-87,DN,aPZT,category-3,sub-a3,8,0,8
2026-10-30,44,plant-A,line-A2,machine-A2,lot-69,DN,bPZT,category-1,sub-b8,39,0,39
2026-10-30,44,plant-A,line-A4,machine-A7,lot-16,UP,aPZT,pass,pass,0,2006,2014
2026-10-30,44,plant-A,line-A1,machine-A4,lot-87,UP,bPZT,category-3,,5,0,5
2026-10-30,44,plant-B,line-B7,machine-B4,lot-34,UP,aPZT,category-4,sub-a1,38,0,38
2026-10-30,44,plant-A,line-A7,machine-A8,lot-37,UP,bPZT,category-5,sub-b9,5,0,5
2026-10-30,44,plant-B,line-B7,machine-B4,lot-14,DN,bPZT,pass,pass,0,2886,2921
2026-10-30,44,plant-A,line-A1,machine-A1,lot-41,UP,bPZT,category-4,sub-b6,31,0,31
2026-10-30,44,plant-B,line-B6,machine-B10,lot-40,UP,bPZT,category-1,sub-b2,29,0,29
2026-10-30,44,plant-B,line-B6,machine-B10,lot-40,DN,aPZT,category-4,sub-a10,39,0,39
2026-10-30,44,plant-A,line-A1,machine-A1,lot-41,UP,bPZT,category-1,sub-b10,29,0,29
2026-10-30,44,plant-B,line-B7,machine-B4,lot-14,UP,bPZT,category-2,sub-b2,9,0,9
2026-10-30,44,plant-A,line-A8,machine-A4,lot-57,DN,bPZT,category-2,sub-b10,10,0,10
2026-10-30,44,plant-B,line-B5,machine-B1,lot-63,UP,aPZT,category-5,sub-a4,19,0,19
2026-10-30,44,plant-A,line-A3,machine-A2,lot-27,UP,bPZT,category-3,sub-b2,35,0,35
2026-10-30,44,plant-B,line-B1,machine-B2,lot-38,DN,aPZT,category-5,sub-a9,17,0,17
2026-10-30,44,plant-A,line-A1,machine-A1,lot-65,DN,aPZT,category-2,sub-a9,30,0,30
2026-10-30,44,plant-A,line-A8,machine-A4,lot-57,UP,aPZT,category-2,sub-a4,10,0,10
2026-10-30,44,plant-B,line-B7,machine-B4,lot-34,DN,aPZT,category-5,sub-a2,13,0,13
2026-10-30,44,plant-A,line-A4,machine-A1,lot-94,UP,bPZT,category-3,sub-b2,23,0,23
2026-10-30,44,plant-B,line-B7,machine-B4,lot-14,DN,bPZT,category-5,sub-b7,12,0,12
2026-10-30,44,plant-A,line-A4,machine-A7,lot-16,DN,bPZT,pass,pass,0,2006,2061
2026-10-30,44,plant-B,line-B2,machine-B8,lot-21,UP,bPZT,pass,pass,0,2245,2298
2026-10-30,44,plant-B,line-B4,machine-B9,lot-2,DN,aPZT,pass,pass,0,2791,2792
2026-10-30,44,plant-B,line-B1,machine-B2,lot-38,DN,bPZT,category-4,sub-b10,19,0,19
2026-10-30,44,plant-A,line-A1,machine-A4,lot-87,UP,bPZT,pass,pass,0,2492,2524
2026-10-30,44,plant-A,line-A1,machine-A1,lot-41,DN,bPZT,category-1,sub-b3,39,0,39
2026-10-30,44,plant-A,line-A7,machine-A1,lot-89,UP,aPZT,category-2,,35,0,35
2026-10-30,44,plant-B,line-B7,machine-B4,lot-34,DN,aPZT,pass,pass,0,2962,3011
2026-10-30,44,plant-A,line-A2,machine-A2,lot-69,UP,bPZT,category-1,sub-b10,14,0,14
2026-10-30,44,plant-A,line-A8,machine-A4,lot-57,UP,bPZT,category-2,sub-b9,23,0,23
2026-10-30,44,plant-B,line-B6,machine-B2,lot-66,DN,aPZT,category-3,sub-a9,1,0,1
2026-10-30,44,plant-A,line-A2,machine-A2,lot-69,DN,bPZT,pass,pass,0,2945,2985
2026-10-30,44,plant-A,line-A8,machine-A4,lot-57,DN,aPZT,pass,pass,0,2777,2836
2026-10-30,44,plant-B,line-B6,machine-B2,lot-66,UP,aPZT,category-2,,21,0,21
2026-10-30,44,plant-B,line-B2,machine-B1,lot-79,UP,bPZT,pass,pass,0,2930,2982
2026-10-30,44,plant-A,line-A8,machine-A4,lot-57,UP,aPZT,category-3,sub-a10,30,0,30
2026-10-30,44,plant-A,line-A1,machine-A4,lot-87,UP,aPZT,pass,pass,0,2492,2497
2026-10-30,44,plant-B,line-B7,machine-B4,lot-34,DN,aPZT,category-3,sub-a9,27,0,27
2026-10-30,44,plant-B,line-B9,machine-B3,lot-73,UP,bPZT,category-2,sub-b8,35,0,35
2026-10-30,44,plant-A,line-A4,machine-A7,lot-16,DN,aPZT,category-4,sub-a5,30,0,30
2026-10-30,44,plant-B,line-B5,machine-B1,lot-63,DN,bPZT,category-2,sub-b7,7,0,7
2026-10-30,44,plant-B,line-B7,machine-B4,lot-34,UP,bPZT,category-4,sub-b10,7,0,7
2026-10-30,44,plant-A,line-A4,machine-A1,lot-94,DN,aPZT,category-5,sub-a7,4,0,4
2026-10-30,44,plant-B,line-B7,machine-B5,lot-26,UP,aPZT,category-2,sub-a2,1,0,1
2026-10-30,44,plant-B,line-B6,machine-B10,lot-40,DN,aPZT,category-4,sub-a8,13,0,13
2026-10-30,44,plant-B,line-B3,machine-B6,lot-5,DN,bPZT,category-3,sub-b10,2,0,2
2026-10-30,44,plant-B,line-B6,machine-B9,lot-31,UP,aPZT,category-5,sub-a8,18,0,18
2026-10-30,44,plant-B,line-B1,machine-B2,lot-38,DN,bPZT,category-4,sub-b6,14,0,14
2026-10-30,44,plant-B,line-B9,machine-B3,lot-73,UP,bPZT,category-4,sub-b3,21,0,21
2026-10-30,44,plant-A,line-A1,machine-A1,lot-41,UP,bPZT,category-3,sub-b6,6,0,6
2026-10-30,44,plant-B,line-B4,machine-B9,lot-2,UP,aPZT,category-1,sub-a6,37,0,37
2026-10-30,44,plant-B,line-B7,machine-B4,lot-34,DN,aPZT,category-5,sub-a6,40,0,40
2026-10-30,44,plant-B,line-B3,machine-B1,lot-10,DN,aPZT,category-2,sub-a9,32,0,32
2026-10-30,44,plant-B,line-B4,machine-B9,lot-2,up,aPZT,category-4,,23,0,23
2026-10-30,44,plant-A,line-A4,machine-A1,lot-94,UP,aPZT,pass,pass,0,2901,2924
2026-10-30,44,plant-A,line-A7,machine-A1,lot-89,UP,aPZT,category-5,sub-a8,28,0,28
2026-10-30,44,plant-B,line-B6,machine-B10,lot-40,UP,aPZT,category-2,sub-a6,13,0,13
2026-10-30,44,plant-A,line-A1,machine-A8,lot-3,DN,bPZT,category-1,sub-b6,11,0,11
2026-10-30,44,plant-B,line-B6,machine-B9,lot-31,UP,bPZT,pass,pass,0,2075,2158
2026-10-30,44,plant-A,line-A1,machine-A1,lot-65,DN,aPZT,category-4,sub-a7,34,0,34
2026-10-30,44,plant-B,line-B7,machine-B4,lot-14,DN,aPZT,pass,pass,0,2886,3000
2026-10-30,44,plant-B,line-B3,machine-B1,lot-10,DN,bPZT,category-2,,14,0,14
2026-10-30,44,plant-A,line-A4,machine-A7,lot-16,DN,aPZT,category-1,sub-a8,2,0,2
2026-10-30,44,plant-A,line-A2,machine-A2,lot-69,UP,bPZT,category-4,sub-b6,5,0,5
2026-10-30,44,plant-B,line-B7,machine-B5,lot-26,UP,aPZT,category-4,sub-a10,29,0,29
2026-10-30,44,plant-B,line-B6,machine-B2,lot-66,DN,aPZT,pass,pass,0,2764,2774
2026-10-30,44,plant-B,line-B2,machine-B8,lot-21,UP,bPZT,category-1,sub-b8,32,0,32
2026-10-30,44,plant-B,line-B5,machine-B1,lot-63,UP,aPZT,category-3,sub-a10,33,0,33
2026-10-30,44,plant-B,line-B6,machine-B2,lot-66,UP,bPZT,pass,pass,0,2764,2860
2026-10-30,44,plant-B,line-B2,machine-B8,lot-21,DN,aPZT,category-3,sub-a6,23,0,23
2026-10-30,44,plant-B,line-B1,machine-B2,lot-38,DN,aPZT,category-3,,23,0,23
2026-10-30,44,plant-A,line-A1,machine-A8,lot-3,DN,aPZT,category-2,sub-a4,26,0,26
2026-10-30,44,plant-B,line-B7,machine-B4,lot-14,UP,bPZT,category-2,sub-b2,39,0,39
2026-10-30,44,plant-B,line-B1,machine-B2,lot-38,UP,bPZT,category-2,sub-b2,40,0,40
2026-10-30,44,plant-B,line-B5,machine-B1,lot-63,DN,bPZT,pass,pass,0,2227,2339
2026-10-30,44,plant-B,line-B9,machine-B3,lot-73,UP,aPZT,category-4,sub-a10,6,0,6
2026-10-30,44,plant-A,line-A3,machine-A2,lot-27,UP,bPZT,category-1,sub-b10,5,0,5
2026-10-30,44,plant-A,line-A1,machine-A1,lot-41,UP,bPZT,category-5,sub-b9,12,0,12
2026-10-30,44,plant-A,line-A1,machine-A4,lot-87,DN,aPZT,category-5,,3,0,3
2026-10-30,44,plant-A,line-A1,machine-A1,lot-65,DN,aPZT,category-3,,30,0,30
2026-10-30,44,plant-B,line-B2,machine-B8,lot-21,DN,bPZT,category-5,sub-b7,4,0,4
2026-10-30,44,plant-A,line-A7,machine-A8,lot-37,UP,bPZT,pass,pass,0,2204,2234
2026-10-30,44,plant-B,line-B7,machine-B5,lot-26,DN,aPZT,category-2,sub-a9,27,0,27
2026-10-30,44,plant-B,line-B5,machine-B1,lot-63,UP,aPZT,category-2,sub-a10,30,0,30
2026-10-30,44,plant-B,line-B7,machine-B4,lot-34,UP,aPZT,category-3,sub-a2,38,0,38
2026-10-30,44,plant-A,line-A7,machine-A1,lot-89,UP,bPZT,category-3,sub-b3,34,0,34
2026-10-30,44,plant-B,line-B7,machine-B5,lot-26,UP,aPZT,category-3,sub-a1,9,0,9
2026-10-30,44,plant-B,line-B6,machine-B2,lot-66,UP,aPZT,category-4,sub-a7,36,0,36
2026-10-30,44,plant-B,line-B1,machine-B2,lot-38,UP,aPZT,pass,pass,0,2658,2805
2026-10-30,44,plant-A,line-A1,machine-A1,lot-65,UP,aPZT,category-3,sub-a4,18,0,18
2026-10-30,44,plant-A,line-A8,machine-A4,lot-57,DN,aPZT,category-2,sub-a9,20,0,20
2026-10-30,44,plant-A,line-A7,machine-A1,lot-89,UP,bPZT,category-3,sub-b2,40,0,40
2026-10-30,44,plant-A,line-A1,machine-A1,lot-41,UP,bPZT,category-2,sub-b5,28,0,28
2026-10-30,44,plant-B,line-B9,machine-B3,lot-73,UP,bPZT,category-5,sub-b7,34,0,34
2026-10-30,44,plant-A,line-A2,machine-A2,lot-69,DN,aPZT,category-2,sub-a2,40,0,40
2026-10-30,44,plant-A,line-A7,machine-A8,lot-37,UP,bPZT,category-2,sub-b4,21,0,21
2026-10-30,44,plant-B,line-B9,machine-B3,lot-73,UP,aPZT,category-1,sub-a10,19,0,19
2026-10-30,44,plant-A,line-A1,machine-A8,lot-3,dN,aPZT,category-4,sub-a7,34,0,34
2026-10-30,44,plant-A,line-A1,machine-A8,lot-3,UP,bPZT,category-4,sub-b6,36,0,36
2026-10-30,44,plant-A,line-A1,machine-A1,lot-41,UP,aPZT,category-1,sub-a1,38,0,38
2026-10-30,44,plant-B,line-B3,machine-B1,lot-10,UP,aPZT,category-5,sub-a10,37,0,37
2026-10-30,44,plant-B,line-B7,machine-B4,lot-34,DN,bPZT,category-3,sub-b2,12,0,12
2026-10-30,44,plant-B,line-B9,machine-B3,lot-73,DN,bPZT,pass,pass,0,2539,2579
2026-10-30,44,plant-A,line-A1,machine-A4,lot-87,UP,aPZT,category-1,sub-a2,21,0,21
2026-10-30,44,plant-B,line-B6,machine-B2,lot-66,DN,aPZT,category-5,sub-a10,38,0,38
2026-10-31,44,plant-A,line-A3,machine-A7,lot-93,UP,aPZT,category-3,sub-a7,36,0,36
2026-10-31,44,plant-A,line-A5,machine-A9,lot-100,UP,aPZT,category-4,sub-a3,10,0,10
2026-10-31,44,plant-A,line-A9,machine-A4,lot-2,UP,aPZT,pass,pass,0,2164,2239
2026-10-31,44,plant-A,line-A9,machine-A6,lot-20,DN,bPZT,category-1,sub-b6,18,0,18
2026-10-31,44,plant-B,line-B3,machine-B5,lot-88,DN,aPZT,category-2,sub-a10,18,0,18
2026-10-31,44,plant-A,line-A4,machine-A10,lot-7,UP,bPZT,category-2,sub-b5,24,0,24
2026-10-31,44,plant-B,line-B3,machine-B5,lot-88,DN,aPZT,category-1,sub-a9,25,0,25
2026-10-31,44,plant-B,line-B8,machine-B2,lot-54,UP,bPZT,category-2,sub-b2,24,0,24
2026-10-31,44,plant-A,line-A4,machine-A2,lot-41,UP,bPZT,category-2,sub-b6,8,0,8
2026-10-31,44,plant-A,line-A3,machine-A7,lot-93,DN,aPZT,category-2,sub-a8,23,0,23
2026-10-31,44,plant-B,line-B3,machine-B3,lot-78,DN,aPZT,category-3,sub-a4,28,0,28
2026-10-31,44,plant-A,line-A5,machine-A4,lot-15,UP,bPZT,category-4,sub-b8,11,0,11
2026-10-31,44,plant-A,line-A3,machine-A7,lot-93,UP,aPZT,pass,pass,0,2639,2656
2026-10-31,44,plant-B,line-B9,machine-B5,lot-9,UP,bPZT,category-5,sub-b5,39,0,39
2026-10-31,44,plant-A,line-A10,machine-A6,lot-40,DN,bPZT,category-1,sub-b10,40,0,40
2026-10-31,44,plant-A,line-A10,machine-A7,lot-49,DN,aPZT,category-5,sub-a3,39,0,39
2026-10-31,44,plant-B,line-B2,machine-B6,lot-26,UP,aPZT,category-3,sub-a2,2,0,2
2026-10-31,44,plant-A,line-A8,machine-A2,lot-53,UP,bPZT,category-2,sub-b5,4,0,4
2026-10-31,44,plant-A,line-A4,machine-A10,lot-7,UP,aPZT,category-3,sub-a5,1,0,1
2026-10-31,44,plant-B,line-B9,machine-B5,lot-9,UP,bPZT,category-2,sub-b8,31,0,31
2026-10-31,44,plant-A,line-A8,machine-A2,lot-53,DN,bPZT,category-3,sub-b2,20,0,20
2026-10-31,44,plant-B,line-B2,machine-B6,lot-26,DN,bPZT,pass,pass,0,2976,3027
2026-10-31,44,plant-B,line-B8,machine-B2,lot-54,DN,bPZT,category-5,sub-b3,10,0,10
2026-10-31,44,plant-A,line-A4,machine-A2,lot-41,DN,aPZT,category-3,sub-a1,6,0,6
2026-10-31,44,plant-B,line-B8,machine-B2,lot-54,DN,aPZT,category-3,sub-a1,17,0,17
2026-10-31,44,plant-A,line-A8,machine-A2,lot-53,UP,bPZT,category-4,sub-b4,18,0,18
2026-10-31,44,plant-A,line-A4,machine-A10,lot-50,DN,bPZT,category-4,sub-b4,25,0,25
2026-10-31,44,plant-A,line-A4,machine-A10,lot-50,UP,aPZT,category-1,sub-a7,5,0,5
2026-10-31,44,plant-B,line-B8,machine-B2,lot-54,UP,bPZT,category-5,sub-b9,22,0,22
2026-10-31,44,plant-B,line-B8,machine-B5,lot-24,UP,bPZT,category-3,sub-b6,2,0,2
2026-10-31,44,plant-B,line-B3,machine-B3,lot-78,UP,bPZT,category-3,sub-b2,13,0,13
2026-10-31,44,plant-A,line-A3,machine-A7,lot-93,DN,aPZT,category-2,sub-a2,36,0,36
2026-10-31,44,plant-B,line-B4,machine-B7,lot-66,DN,bPZT,category-3,sub-b8,40,0,40
2026-10-31,44,plant-B,line-B4,machine-B7,lot-66,UP,bPZT,category-2,sub-b8,9,0,9
2026-10-31,44,plant-B,line-B8,machine-B5,lot-24,DN,bPZT,pass,pass,0,2097,2110
2026-10-31,44,plant-A,line-A5,machine-A3,lot-62,DN,bPZT,category-1,sub-b9,9,0,9
2026-10-31,44,plant-B,line-B3,machine-B3,lot-78,DN,aPZT,pass,pass,0,2884,2927
2026-10-31,44,plant-B,line-B9,machine-B5,lot-9,DN,aPZT,category-1,sub-a5,20,0,20
2026-10-31,44,plant-A,line-A7,machine-A3,lot-33,DN,aPZT,pass,pass,0,2317,2422
2026-10-31,44,plant-A,line-A4,machine-A10,lot-7,DN,bPZT,category-4,sub-b2,6,0,6
2026-10-31,44,plant-B,line-B9,machine-B7,lot-81,UP,aPZT,pass,,0,2083,2174
2026-10-31,44,plant-A,line-A10,machine-A7,lot-49,UP,aPZT,pass,pass,0,2953,2981
2026-10-31,44,plant-A,line-A7,machine-A3,lot-33,UP,bPZT,category-4,,8,0,8
2026-10-31,44,plant-B,line-B8,machine-B2,lot-54,UP,bPZT,category-2,sub-b8,4,0,4
2026-10-31,44,plant-A,line-A9,machine-A6,lot-20,UP,bPZT,category-3,sub-b8,28,0,28
2026-10-31,44,plant-A,line-A5,machine-A9,lot-100,UP,bPZT,category-2,sub-b3,26,0,26
2026-10-31,44,plant-A,line-A7,machine-A3,lot-33,UP,bPZT,category-2,sub-b9,39,0,39
2026-10-31,44,plant-B,line-B8,machine-B5,lot-24,UP,aPZT,pass,pass,0,2097,2149
2026-10-31,44,plant-B,line-B2,machine-B6,lot-26,DN,aPZT,category-2,sub-a10,17,0,17
2026-10-31,44,plant-B,line-B6,machine-B7,lot-45,UP,bPZT,category-2,sub-b7,22,0,22
2026-10-31,44,plant-A,line-A4,machine-A2,lot-41,UP,bPZT,pass,pass,0,2394,2442
2026-10-31,44,plant-B,line-B4,machine-B7,lot-66,DN,aPZT,category-4,sub-a5,9,0,9
2026-10-31,44,plant-A,line-A5,machine-A3,lot-62,UP,aPZT,category-2,sub-a4,23,0,23
2026-10-31,44,plant-A,line-A8,machine-A2,lot-53,DN,aPZT,category-3,sub-a3,5,0,5
2026-10-31,44,plant-B,line-B9,machine-B5,lot-9,DN,aPZT,category-1,sub-a8,18,0,18
2026-10-31,44,plant-A,line-A8,machine-A2,lot-53,UP,aPZT,category-4,sub-a2,20,0,20
2026-10-31,44,plant-A,line-A7,machine-A3,lot-33,UP,bPZT,category-4,sub-b10,21,0,21
2026-10-31,44,plant-B,line-B6,machine-B7,lot-45,DN,bPZT,pass,pass,0,2665,2715
2026-10-31,44,plant-A,line-A10,machine-A6,lot-40,UP,bPZT,category-3,sub-b2,12,0,12
2026-10-31,44,plant-A,line-A5,machine-A3,lot-62,DN,aPZT,pass,pass,0,2244,2253
2026-10-31,44,plant-A,line-A1,machine-A3,lot-47,UP,bPZT,pass,pass,0,2635,2720
2026-10-31,44,plant-A,line-A4,machine-A2,lot-41,DN,aPZT,category-2,sub-a2,2,0,2
2026-10-31,44,plant-B,line-B2,machine-B6,lot-26,DN,aPZT,category-4,sub-a7,6,0,6
2026-10-31,44,plant-B,line-B3,machine-B3,lot-78,UP,aPZT,category-2,sub-a8,5,0,5
2026-10-31,44,plant-B,line-B8,machine-B2,lot-54,DN,bPZT,pass,pass,0,2169,2186
2026-10-31,44,plant-A,line-A6,machine-A4,lot-57,DN,aPZT,category-4,sub-a1,35,0,35
2026-10-31,44,plant-B,line-B3,machine-B5,lot-88,DN,bPZT,pass,pass,0,2964,3046
2026-10-31,44,plant-A,line-A5,machine-A9,lot-100,UP,aPZT,category-5,sub-a4,4,0,4
2026-10-31,44,plant-A,line-A4,machine-A10,lot-7,DN,bPZT,category-1,sub-b3,8,0,8
2026-10-31,44,plant-A,line-A5,machine-A9,lot-100,UP,bPZT,pass,pass,0,2910,2946
2026-10-31,44,plant-A,line-A3,machine-A7,lot-93,DN,bPZT,pass,pass,0,2639,2775
2026-10-31,44,plant-A,line-A1,machine-A3,lot-47,DN,bPZT,category-5,sub-b1,34,0,34
2026-10-31,44,plant-B,line-B8,machine-B5,lot-24,UP,aPZT,category-2,sub-a7,13,0,13
2026-10-31,44,plant-B,line-B9,machine-B5,lot-9,UP,aPZT,category-4,sub-a8,34,0,34
2026-10-31,44,plant-A,line-A8,machine-A9,lot-89,UP,bPZT,category-5,sub-b5,35,0,35
2026-10-31,44,plant-A,line-A9,machine-A6,lot-20,DN,aPZT,category-5,sub-a5,27,0,27
2026-10-31,44,plant-A,line-A5,machine-A3,lot-62,UP,aPZT,category-1,sub-a7,33,0,33
2026-10-31,44,plant-A,line-A10,machine-A7,lot-49,DN,aPZT,category-1,sub-a3,25,0,25
2026-10-31,44,plant-B,line-B6,machine-B7,lot-45,UP,aPZT,pass,pass,0,2665,2715
2026-10-31,44,plant-B,line-B2,machine-B6,lot-26,UP,aPZT,category-2,sub-a7,19,0,19
2026-10-31,44,plant-B,line-B9,machine-B7,lot-81,UP,bPZT,category-5,sub-b10,29,0,29
2026-10-31,44,plant-B,line-B6,machine-B7,lot-45,DN,aPZT,category-5,sub-a2,5,0,5
2026-10-31,44,plant-B,line-B9,machine-B7,lot-81,UP,aPZT,category-2,sub-a10,31,0,31
2026-10-31,44,plant-A,line-A7,machine-A3,lot-33,UP,aPZT,category-5,sub-a7,15,0,15
2026-10-31,44,plant-A,line-A9,machine-A4,lot-2,DN,bPZT,category-5,sub-b5,34,0,34
2026-10-31,44,plant-B,line-B3,machine-B5,lot-88,UP,aPZT,pass,pass,0,2964,3016
2026-10-31,44,plant-B,line-B4,machine-B7,lot-66,UP,aPZT,category-5,sub-a5,23,0,23
2026-10-31,44,plant-A,line-A9,machine-A6,lot-20,UP,bPZT,category-1,sub-b2,37,0,37
2026-10-31,44,plant-B,line-B2,machine-B6,lot-26,DN,aPZT,category-5,sub-a3,7,0,7
2026-10-31,44,plant-B,line-B4,machine-B7,lot-66,UP,bPZT,category-2,sub-b4,33,0,33
2026-10-31,44,plant-B,line-B9,machine-B7,lot-81,UP,bPZT,category-5,sub-b9,26,0,26
2026-10-31,44,plant-A,line-A6,machine-A4,lot-57,UP,aPZT,category-4,sub-a7,11,0,11
2026-10-31,44,plant-A,line-A10,machine-A6,lot-40,UP,bPZT,pass,pass,0,2620,2670
2026-10-31,44,plant-A,line-A4,machine-A10,lot-50,DN,bPZT,pass,pass,0,2403,2408
2026-10-31,44,plant-A,line-A10,machine-A7,lot-49,DN,aPZT,category-4,sub-a8,12,0,12
2026-10-31,44,plant-B,line-B6,machine-B7,lot-45,DN,aPZT,category-1,sub-a7,18,0,18
2026-10-31,44,plant-B,line-B8,machine-B5,lot-24,DN,bPZT,category-3,sub-b6,30,0,30
2026-10-31,44,plant-A,line-A4,machine-A2,lot-41,DN,bPZT,category-5,sub-b9,24,0,24
2026-10-31,44,plant-A,line-A6,machine-A4,lot-57,UP,aPZT,pass,pass,0,2105,2139
2026-10-31,44,plant-A,line-A8,machine-A9,lot-89,UP,aPZT,pass,pass,0,2620,2678
2026-10-31,44,plant-B,line-B8,machine-B2,lot-54,UP,aPZT,pass,pass,0,2169,2236
2026-10-31,44,plant-B,line-B9,machine-B5,lot-9,UP,bPZT,pass,pass,0,2566,2673
2026-10-31,44,plant-A,line-A10,machine-A6,lot-40,DN,bPZT,category-5,sub-b7,16,0,16
2026-10-31,44,plant-A,line-A4,machine-A2,lot-41,DN,aPZT,category-4,sub-a6,40,0,40
2026-10-31,44,plant-A,line-A6,machine-A4,lot-57,UP,bPZT,pass,pass,0,2105,2176
2026-10-31,44,plant-A,line-A8,machine-A9,lot-89,DN,bPZT,category-2,sub-b1,23,0,23
2026-10-31,44,plant-A,line-A3,machine-A7,lot-93,UP,aPZT,category-2,sub-a2,16,0,16
2026-10-31,44,plant-B,line-B9,machine-B7,lot-81,DN,bPZT,category-3,sub-b6,20,0,20
2026-10-31,44,plant-B,line-B3,machine-B3,lot-78,DN,aPZT,category-5,sub-a3,19,0,19
2026-10-31,44,plant-B,line-B9,machine-B5,lot-9,DN,aPZT,category-3,sub-a10,14,0,14
2026-10-31,44,plant-A,line-A10,machine-A6,lot-40,UP,aPZT,category-1,sub-a1,20,0,20
2026-10-31,44,plant-A,line-A6,machine-A4,lot-57,UP,aPZT,category-2,sub-a5,18,0,18
2026-10-31,44,plant-A,line-A9,machine-A6,lot-20,UP,bPZT,category-3,sub-b2,8,0,8
2026-10-31,44,plant-A,line-A9,machine-A6,lot-20,DN,aPZT,category-1,sub-a7,15,0,15
2026-10-31,44,plant-A,line-A9,machine-A6,lot-20,UP,aPZT,pass,pass,0,2181,2307
2026-10-31,44,plant-A,line-A4,machine-A10,lot-7,UP,aPZT,category-4,sub-a7,11,0,11
2026-10-31,44,plant-A,line-A4,machine-A10,lot-50,DN,bPZT,category-2,sub-b2,9,0,9
2026-10-31,44,plant-A,line-A5,machine-A4,lot-15,DN,bPZT,category-4,sub-b6,37,0,37
2026-10-31,44,plant-A,line-A10,machine-A6,lot-40,UP,aPZT,category-1,sub-a9,7,0,7
2026-10-31,44,plant-B,line-B4,machine-B7,lot-66,DN,aPZT,pass,pass,0,2127,2209
2026-10-31,44,plant-A,line-A9,machine-A4,lot-2,UP,bPZT,category-2,sub-b10,20,0,20
2026-10-31,44,plant-A,line-A10,machine-A6,lot-40,UP,bPZT,category-1,sub-b7,2,0,2
2026-10-31,44,plant-A,line-A5,machine-A4,lot-15,UP,bPZT,category-3,sub-b7,29,0,29
2026-10-31,44,plant-A,line-A8,machine-A2,lot-53,DN,aPZT,category-3,sub-a5,27,0,27
2026-10-31,44,plant-B,line-B3,machine-B5,lot-88,UP,aPZT,category-3,sub-a6,12,0,12
2026-10-31,44,plant-A,line-A10,machine-A7,lot-49,DN,aPZT,category-5,sub-a6,15,0,15
2026-10-31,44,plant-A,line-A8,machine-A9,lot-89,UP,aPZT,category-1,sub-a1,15,0,15
2026-10-31,44,plant-A,line-A10,machine-A7,lot-49,UP,aPZT,category-5,sub-a8,32,0,32
2026-10-31,44,plant-B,line-B3,machine-B5,lot-88,UP,aPZT,category-2,sub-a9,3,0,3
2026-10-31,44,plant-B,line-B2,machine-B6,lot-26,DN,bPZT,category-2,sub-b4,30,0,30
2026-10-31,44,plant-A,line-A7,machine-A3,lot-33,UP,bPZT,category-5,sub-b6,37,0,37
2026-10-31,44,plant-B,line-B9,machine-B7,lot-81,DN,aPZT,category-4,sub-a9,13,0,13
2026-10-31,44,plant-A,line-A1,machine-A3,lot-47,DN,aPZT,category-4,sub-a9,38,0,38
2026-10-31,44,plant-A,line-A9,machine-A4,lot-2,UP,bPZT,pass,pass,0,2164,2172
2026-10-31,44,plant-A,line-A9,machine-A6,lot-20,UP,bPZT,category-3,sub-b5,35,0,35
2026-10-31,44,plant-B,line-B3,machine-B5,lot-88,DN,bPZT,category-4,sub-b7,38,0,38
2026-10-31,44,plant-A,line-A1,machine-A3,lot-47,UP,bPZT,category-3,sub-b6,12,0,12
2026-10-31,44,plant-A,line-A4,machine-A10,lot-7,DN,aPZT,category-5,sub-a1,36,0,36
2026-10-31,44,plant-B,line-B6,machine-B7,lot-45,DN,bPZT,category-4,sub-b1,25,0,25
2026-10-31,44,plant-A,line-A5,machine-A9,lot-100,UP,bPZT,category-1,sub-b9,14,0,14
2026-10-31,44,plant-A,line-A4,machine-A10,lot-50,UP,aPZT,pass,pass,0,2403,2437
2026-10-31,44,plant-A,line-A5,machine-A3,lot-62,UP,aPZT,category-4,sub-a8,21,0,21
2026-10-31,44,plant-A,line-A1,machine-A3,lot-47,UP,aPZT,pass,pass,0,2635,2711
2026-10-31,44,plant-B,line-B9,machine-B7,lot-81,UP,bPZT,pass,pass,0,2083,2127
2026-10-31,44,plant-A,line-A5,machine-A3,lot-62,UP,aPZT,category-2,sub-a2,15,0,15
2026-10-31,44,plant-B,line-B3,machine-B3,lot-78,UP,aPZT,category-2,sub-a9,23,0,23
2026-10-31,44,plant-A,line-A7,machine-A3,lot-33,DN,bPZT,pass,pass,0,2317,2343
2026-10-31,44,plant-A,line-A5,machine-A9,lot-100,UP,aPZT,category-4,sub-a1,18,0,18
2026-10-31,44,plant-A,line-A5,machine-A3,lot-62,UP,aPZT,category-1,sub-a1,30,0,30
2026-10-31,44,plant-B,line-B3,machine-B3,lot-78,UP,aPZT,category-5,sub-a6,9,0,9
2026-10-31,44,plant-A,line-A3,machine-A7,lot-93,UP,aPZT,category-3,sub-a3,12,0,12
2026-10-31,44,plant-A,line-A8,machine-A9,lot-89,UP,bPZT,pass,pass,0,2620,2653
2026-10-31,44,plant-A,line-A8,machine-A2,lot-53,UP,bPZT,pass,pass,0,2695,2747
2026-10-31,44,plant-A,line-A1,machine-A3,lot-47,DN,aPZT,category-5,sub-a7,7,0,7
2026-10-31,44,plant-A,line-A6,machine-A4,lot-57,UP,bPZT,category-1,sub-b2,34,0,34
2026-10-31,44,plant-A,line-A3,machine-A7,lot-93,UP,aPZT,category-3,sub-a9,13,0,13
2026-10-31,44,plant-B,line-B2,machine-B6,lot-26,UP,aPZT,pass,pass,0,2976,3006
2026-10-31,44,plant-A,line-A4,machine-A10,lot-7,DN,bPZT,pass,pass,0,2096,2144
2026-10-31,44,plant-A,line-A4,machine-A2,lot-41,UP,aPZT,pass,pass,0,2394,2431
2026-10-31,44,plant-A,line-A1,machine-A3,lot-47,UP,aPZT,category-1,sub-a4,40,0,40
2026-10-31,44,plant-A,line-A8,machine-A2,lot-53,UP,bPZT,category-1,sub-b6,36,0,36
2026-10-31,44,plant-A,line-A10,machine-A6,lot-40,UP,aPZT,category-3,sub-a7,23,0,23
2026-10-31,44,plant-A,line-A3,machine-A7,lot-93,DN,bPZT,category-2,sub-b3,17,0,17
2026-10-31,44,plant-A,line-A8,machine-A2,lot-53,DN,aPZT,pass,pass,0,2695,2773
2026-10-31,44,plant-A,line-A9,machine-A4,lot-2,DN,bPZT,category-3,sub-b4,2,0,2
2026-10-31,44,plant-B,line-B6,machine-B7,lot-45,UP,bPZT,category-4,sub-b2,3,0,3
2026-10-31,44,plant-A,line-A5,machine-A9,lot-100,UP,bPZT,category-3,sub-b2,5,0,5
2026-10-31,44,plant-A,line-A5,machine-A4,lot-15,UP,bPZT,pass,pass,0,2537,2573
2026-10-31,44,plant-A,line-A5,machine-A9,lot-100,DN,aPZT,category-3,sub-a4,4,0,4
2026-10-31,44,plant-A,line-A4,machine-A2,lot-41,UP,bPZT,category-2,sub-b2,5,0,5
2026-10-31,44,plant-A,line-A5,machine-A4,lot-15,UP,aPZT,category-2,sub-a2,36,0,36
2026-10-31,44,plant-A,line-A10,machine-A7,lot-49,UP,bPZT,category-5,sub-b8,28,0,28
2026-10-31,44,plant-A,line-A5,machine-A3,lot-62,DN,bPZT,pass,pass,0,2244,2367
2026-10-31,44,plant-B,line-B8,machine-B5,lot-24,DN,bPZT,category-5,sub-b1,20,0,20
2026-10-31,44,plant-A,line-A10,machine-A7,lot-49,DN,bPZT,pass,pass,0,2953,3076
2026-10-31,44,plant-A,line-A10,machine-A6,lot-40,UP,aPZT,pass,pass,0,2620,2690
2026-10-31,44,plant-A,line-A4,machine-A10,lot-7,DN,aPZT,pass,pass,0,2096,2134
2026-10-31,44,plant-A,line-A5,machine-A3,lot-62,UP,aPZT,category-4,sub-a2,1,0,1
2026-10-31,44,plant-A,line-A6,machine-A4,lot-57,DN,aPZT,category-5,sub-a2,7,0,7
2026-10-31,44,plant-A,line-A5,machine-A4,lot-15,DN,aPZT,pass,pass,0,2537,2614
2026-10-31,44,plant-A,line-A8,machine-A9,lot-89,UP,aPZT,category-1,sub-a5,18,0,18
2026-10-31,44,plant-A,line-A7,machine-A3,lot-33,DN,aPZT,category-4,sub-a10,11,0,11
2026-10-31,44,plant-B,line-B3,machine-B3,lot-78,UP,bPZT,pass,pass,0,2884,2968
2026-10-31,44,plant-A,line-A9,machine-A4,lot-2,DN,bPZT,category-1,sub-b1,19,0,19
2026-10-31,44,plant-B,line-B9,machine-B5,lot-9,UP,aPZT,category-5,sub-a10,21,0,21
2026-10-31,44,plant-B,line-B3,machine-B5,lot-88,dN,bPZT,category-3,sub-b3,14,0,14
2026-10-31,44,plant-A,line-A1,machine-A3,lot-47,UP,bPZT,category-4,sub-b10,6,0,6
2026-10-31,44,plant-A,line-A1,machine-A3,lot-47,DN,bPZT,category-5,sub-b9,24,0,24
2026-10-31,44,plant-B,line-B3,machine-B3,lot-78,UP,bPZT,category-4,sub-b10,21,0,21
2026-10-31,44,plant-B,line-B4,machine-B7,lot-66,DN,bPZT,pass,pass,0,2127,2159
2026-10-31,44,plant-A,line-A9,machine-A6,lot-20,DN,bPZT,pass,pass,0,2181,2223
2026-10-31,44,plant-B,line-B8,machine-B2,lot-54,UP,bPZT,category-2,sub-b7,7,0,7
2026-10-31,44,plant-B,line-B3,machine-B5,lot-88,DN,aPZT,category-3,sub-a1,20,0,20
2026-10-31,44,plant-B,line-B3,machine-B5,lot-88,DN,aPZT,category-5,sub-a3,4,0,4
2026-10-31,44,plant-B,line-B9,machine-B7,lot-81,UP,bPZT,category-5,sub-b8,16,0,16
2026-10-31,44,plant-A,line-A9,machine-A4,lot-2,UP,aPZT,category-1,sub-a9,8,0,8
2026-10-31,44,plant-B,line-B3,machine-B3,lot-78,DN,bPZT,category-3,sub-b2,9,0,9
2026-10-31,44,plant-B,line-B6,machine-B7,lot-45,DN,aPZT,category-2,sub-a1,27,0,27
2026-10-31,44,plant-A,line-A5,machine-A9,lot-100,UP,aPZT,pass,pass,0,2910,2955
2026-10-31,44,plant-B,line-B9,machine-B5,lot-9,DN,aPZT,pass,pass,0,2566,2636
2026-11-01,44,plant-B,line-B10,machine-B7,lot-46,UP,bPZT,category-5,sub-b1,11,0,11
2026-11-01,44,plant-B,line-B2,machine-B7,lot-99,DN,aPZT,category-5,sub-a7,39,0,39
2026-11-01,44,plant-A,line-A9,machine-A10,lot-14,UP,bPZT,category-5,sub-b1,1,0,1
2026-11-01,44,plant-B,line-B2,machine-B9,lot-97,UP,aPZT,category-5,sub-a2,7,0,7
2026-11-01,44,plant-A,line-A5,machine-A8,lot-23,DN,bPZT,category-2,sub-b4,8,0,8
2026-11-01,44,plant-B,line-B3,machine-B1,lot-80,UP,bPZT,category-2,sub-b8,36,0,36
2026-11-01,44,plant-A,line-A5,machine-A7,lot-82,DN,aPZT,category-5,sub-a4,21,0,21
2026-11-01,44,plant-B,line-B3,machine-B1,lot-80,UP,bPZT,category-2,sub-b6,30,0,30
2026-11-01,44,plant-A,line-A10,machine-A10,lot-61,UP,bPZT,category-1,sub-b10,14,0,14
2026-11-01,44,plant-A,line-A5,machine-A7,lot-82,UP,aPZT,category-2,sub-a8,26,0,26
2026-11-01,44,plant-A,line-A8,machine-A6,lot-90,UP,aPZT,pass,,0,2496,2572
2026-11-01,44,plant-A,line-A10,machine-A1,lot-76,UP,aPZT,category-1,sub-a2,18,0,18
2026-11-01,44,plant-A,line-A2,machine-A1,lot-20,DN,aPZT,pass,pass,0,2782,2790
2026-11-01,44,plant-B,line-B10,machine-B9,lot-16,UP,aPZT,category-4,sub-a6,18,0,18
2026-11-01,44,plant-A,line-A10,machine-A9,lot-18,DN,bPZT,category-4,sub-b2,18,0,18
2026-11-01,44,plant-A,line-A10,machine-A10,lot-61,UP,bPZT,category-5,sub-b2,3,0,3
2026-11-01,44,plant-B,line-B8,machine-B2,lot-44,DN,aPZT,category-2,sub-a6,38,0,38
2026-11-01,44,plant-B,line-B10,machine-B9,lot-16,UP,bPZT,category-5,sub-b6,14,0,14
2026-11-01,44,plant-A,line-A2,machine-A10,lot-54,UP,bPZT,pass,pass,0,2896,2947
2026-11-01,44,plant-A,line-A8,machine-A6,lot-90,UP,bPZT,pass,pass,0,2496,2508
2026-11-01,44,plant-A,line-A8,machine-A6,lot-90,UP,aPZT,category-2,sub-a8,12,0,12
2026-11-01,44,plant-B,line-B2,machine-B9,lot-97,DN,aPZT,category-4,sub-a1,18,0,18
2026-11-01,44,plant-B,line-B6,machine-B7,lot-26,UP,aPZT,category-3,sub-a4,33,0,33
2026-11-01,44,plant-B,line-B3,machine-B1,lot-80,UP,bPZT,category-4,sub-b4,25,0,25
2026-11-01,44,plant-B,line-B2,machine-B10,lot-3,UP,bPZT,category-4,sub-b6,39,0,39
2026-11-01,44,plant-A,line-A10,machine-A10,lot-66,DN,aPZT,category-1,sub-a10,2,0,2
2026-11-01,44,plant-B,line-B8,machine-B2,lot-44,DN,aPZT,category-2,sub-a1,7,0,7
2026-11-01,44,plant-A,line-A5,machine-A8,lot-23,DN,aPZT,pass,pass,0,2650,2713
2026-11-01,44,plant-A,line-A2,machine-A10,lot-54,UP,aPZT,pass,pass,0,2896,2910
2026-11-01,44,plant-A,line-A10,machine-A1,lot-76,UP,bPZT,category-1,sub-b7,26,0,26
2026-11-01,44,plant-B,line-B10,machine-B6,lot-84,DN,bPZT,pass,pass,0,2022,2064
2026-11-01,44,plant-B,line-B3,machine-B1,lot-80,DN,aPZT,pass,pass,0,2996,3195
2026-11-01,44,plant-B,line-B6,machine-B7,lot-26,UP,bPZT,pass,pass,0,2778,2826
2026-11-01,44,plant-B,line-B2,machine-B10,lot-3,DN,aPZT,category-1,sub-a3,25,0,25
2026-11-01,44,plant-A,line-A10,machine-A9,lot-18,DN,aPZT,pass,pass,0,2609,2646
2026-11-01,44,plant-A,line-A9,machine-A10,lot-14,UP,aPZT,pass,pass,0,2537,2538
2026-11-01,44,plant-B,line-B8,machine-B2,lot-44,UP,bPZT,category-1,sub-b5,34,0,34
2026-11-01,44,plant-B,line-B6,machine-B7,lot-75,DN,aPZT,pass,pass,0,2741,2772
2026-11-01,44,plant-B,line-B10,machine-B6,lot-84,DN,bPZT,category-4,sub-b8,35,0,35
2026-11-01,44,plant-B,line-B3,machine-B9,lot-79,DN,aPZT,pass,pass,0,2798,2844
2026-11-01,44,plant-B,line-B2,machine-B7,lot-99,UP,bPZT,category-4,sub-b1,7,0,7
2026-11-01,44,plant-B,line-B3,machine-B1,lot-80,DN,bPZT,pass,pass,0,2996,3002
2026-11-01,44,plant-A,line-A8,machine-A6,lot-90,UP,bPZT,category-3,sub-b7,7,0,7
2026-11-01,44,plant-B,line-B8,machine-B2,lot-44,DN,bPZT,category-2,sub-b4,29,0,29
2026-11-01,44,plant-A,line-A5,machine-A8,lot-23,UP,bPZT,pass,pass,0,2650,2723
2026-11-01,44,plant-A,line-A5,machine-A7,lot-82,DN,aPZT,category-3,sub-a1,33,0,33
2026-11-01,44,plant-A,line-A10,machine-A9,lot-18,DN,bPZT,category-3,sub-b1,19,0,19
2026-11-01,44,plant-A,line-A5,machine-A7,lot-82,UP,aPZT,category-5,sub-a2,20,0,20
2026-11-01,44,plant-A,line-A5,machine-A7,lot-82,UP,aPZT,category-5,sub-a1,33,0,33
2026-11-01,44,plant-B,line-B10,machine-B7,lot-46,UP,aPZT,category-2,sub-a6,6,0,6
2026-11-01,44,plant-A,line-A9,machine-A2,lot-25,UP,aPZT,category-5,sub-a5,36,0,36
2026-11-01,44,plant-A,line-A2,machine-A4,lot-47,DN,bPZT,category-4,sub-b7,22,0,22
2026-11-01,44,plant-B,line-B10,machine-B6,lot-84,DN,bPZT,category-2,sub-b9,1,0,1
2026-11-01,44,plant-A,line-A2,machine-A10,lot-54,DN,bPZT,category-4,sub-b6,9,0,9
2026-11-01,44,plant-B,line-B10,machine-B9,lot-16,UP,aPZT,pass,pass,0,2204,2293
2026-11-01,44,plant-B,line-B7,machine-B9,lot-24,DN,aPZT,category-1,sub-a7,4,0,4
2026-11-01,44,plant-A,line-A10,machine-A1,lot-76,DN,bPZT,pass,pass,0,2734,2835
2026-11-01,44,plant-B,line-B7,machine-B9,lot-24,DN,aPZT,category-5,sub-a5,18,0,18
2026-11-01,44,plant-B,line-B10,machine-B9,lot-16,UP,bPZT,category-4,sub-b4,9,0,9
2026-11-01,44,plant-A,line-A9,machine-A2,lot-25,DN,aPZT,pass,pass,0,2418,2464
2026-11-01,44,plant-A,line-A2,machine-A4,lot-47,DN,aPZT,category-1,sub-a1,18,0,18
2026-11-01,44,plant-A,line-A8,machine-A6,lot-90,DN,bPZT,category-2,sub-b10,2,0,2
2026-11-01,44,plant-A,line-A2,machine-A4,lot-47,DN,bPZT,category-3,sub-b3,13,0,13
2026-11-01,44,plant-A,line-A2,machine-A10,lot-54,DN,aPZT,category-5,sub-a4,28,0,28
2026-11-01,44,plant-A,line-A5,machine-A7,lot-82,DN,bPZT,pass,pass,0,2177,2382
2026-11-01,44,plant-B,line-B10,machine-B7,lot-46,dN,bPZT,category-5,,17,0,17
2026-11-01,44,plant-B,line-B10,machine-B6,lot-84,DN,aPZT,pass,pass,0,2022,2227
2026-11-01,44,plant-A,line-A10,machine-A1,lot-76,UP,aPZT,pass,pass,0,2734,2760
2026-11-01,44,plant-A,line-A10,machine-A10,lot-66,DN,aPZT,pass,pass,0,2337,2380
2026-11-01,44,plant-A,line-A5,machine-A7,lot-82,DN,aPZT,category-5,sub-a5,33,0,33
2026-11-01,44,plant-A,line-A9,machine-A10,lot-14,Dn,bPZT,pass,,0,2537,2540
2026-11-01,44,plant-B,line-B6,machine-B7,lot-75,DN,bPZT,category-5,sub-b9,18,0,18
2026-11-01,44,plant-B,line-B3,machine-B1,lot-80,DN,bPZT,category-4,sub-b4,2,0,2
2026-11-01,44,plant-B,line-B8,machine-B2,lot-44,Dn,aPZT,pass,pass,0,2375,2513
2026-11-01,44,plant-A,line-A9,machine-A2,lot-25,UP,aPZT,category-1,sub-a10,13,0,13
2026-11-01,44,plant-B,line-B3,machine-B9,lot-79,DN,bPZT,pass,pass,0,2798,2814
2026-11-01,44,plant-A,line-A10,machine-A10,lot-61,UP,aPZT,pass,pass,0,2931,3064
2026-11-01,44,plant-A,line-A10,machine-A10,lot-66,UP,bPZT,category-3,sub-b4,8,0,8
2026-11-01,44,plant-A,line-A10,machine-A1,lot-76,DN,aPZT,category-3,sub-a6,40,0,40
2026-11-01,44,plant-A,line-A9,machine-A2,lot-25,DN,aPZT,category-2,sub-a5,7,0,7
2026-11-01,44,plant-B,line-B2,machine-B10,lot-3,UP,bPZT,pass,pass,0,2423,2492
2026-11-01,44,plant-B,line-B8,machine-B2,lot-44,DN,bPZT,category-5,sub-b6,5,0,5
2026-11-01,44,plant-B,line-B2,machine-B7,lot-99,UP,aPZT,pass,pass,0,2560,2653
2026-11-01,44,plant-B,line-B10,machine-B6,lot-84,up,bPZT,category-2,sub-b6,25,0,25
2026-11-01,44,plant-B,line-B10,machine-B6,lot-84,UP,aPZT,category-2,sub-a2,28,0,28
2026-11-01,44,plant-B,line-B10,machine-B9,lot-16,UP,bPZT,category-4,sub-b7,40,0,40
2026-11-01,44,plant-B,line-B8,machine-B2,lot-44,DN,aPZT,category-3,sub-a5,39,0,39
2026-11-01,44,plant-A,line-A9,machine-A2,lot-25,UP,bPZT,pass,pass,0,2418,2513
2026-11-01,44,plant-B,line-B10,machine-B9,lot-16,UP,aPZT,category-3,sub-a4,20,0,20
2026-11-01,44,plant-B,line-B10,machine-B6,lot-84,DN,bPZT,category-3,sub-b1,31,0,31
2026-11-01,44,plant-B,line-B8,machine-B2,lot-44,UP,bPZT,category-2,sub-b3,13,0,13
2026-11-01,44,plant-A,line-A5,machine-A8,lot-23,UP,bPZT,category-3,sub-b3,21,0,21
2026-11-01,44,plant-A,line-A5,machine-A8,lot-23,UP,aPZT,category-4,sub-a7,35,0,35
2026-11-01,44,plant-B,line-B2,machine-B9,lot-97,DN,bPZT,category-5,sub-b3,39,0,39
2026-11-01,44,plant-B,line-B3,machine-B1,lot-80,DN,bPZT,category-3,sub-b9,31,0,31
2026-11-01,44,plant-B,line-B6,machine-B7,lot-75,DN,aPZT,category-5,sub-a2,36,0,36
2026-11-01,44,plant-B,line-B10,machine-B6,lot-84,DN,bPZT,category-2,sub-b1,31,0,31
2026-11-01,44,plant-B,line-B8,machine-B2,lot-44,UP,bPZT,category-2,sub-b1,7,0,7
2026-11-01,44,plant-A,line-A10,machine-A10,lot-66,UP,bPZT,category-3,sub-b7,35,0,35
2026-11-01,44,plant-A,line-A10,machine-A9,lot-18,DN,aPZT,category-5,sub-a2,6,0,6
2026-11-01,44,plant-B,line-B3,machine-B9,lot-79,DN,aPZT,category-1,sub-a1,16,0,16
2026-11-01,44,plant-B,line-B7,machine-B9,lot-24,UP,bPZT,pass,pass,0,2433,2510
2026-11-01,44,plant-B,line-B2,machine-B9,lot-97,DN,bPZT,category-2,sub-b3,18,0,18
2026-11-01,44,plant-A,line-A1,machine-A4,lot-91,UP,aPZT,category-2,sub-a9,26,0,26
2026-11-01,44,plant-B,line-B10,machine-B9,lot-16,UP,bPZT,category-5,sub-b10,26,0,26
2026-11-01,44,plant-A,line-A10,machine-A10,lot-61,UP,bPZT,category-5,sub-b1,33,0,33
2026-11-01,44,plant-A,line-A10,machine-A9,lot-18,up,bPZT,pass,,0,2609,2628
2026-11-01,44,plant-A,line-A5,machine-A8,lot-23,UP,bPZT,category-2,sub-b6,33,0,33
2026-11-01,44,plant-A,line-A1,machine-A4,lot-91,DN,bPZT,category-2,sub-b1,10,0,10
2026-11-01,44,plant-A,line-A2,machine-A1,lot-20,DN,aPZT,category-4,sub-a1,17,0,17
2026-11-01,44,plant-A,line-A10,machine-A10,lot-61,UP,bPZT,category-2,sub-b9,5,0,5
2026-11-01,44,plant-B,line-B10,machine-B6,lot-84,UP,aPZT,category-2,sub-a6,14,0,14
2026-11-01,44,plant-A,line-A2,machine-A1,lot-20,DN,bPZT,pass,pass,0,2782,2872
2026-11-01,44,plant-B,line-B10,machine-B6,lot-84,UP,bPZT,category-1,sub-b1,28,0,28
2026-11-01,44,plant-A,line-A5,machine-A8,lot-23,DN,bPZT,category-2,sub-b1,1,0,1
2026-11-01,44,plant-A,line-A1,machine-A4,lot-91,DN,aPZT,pass,pass,0,2239,2304
2026-11-01,44,plant-B,line-B6,machine-B7,lot-75,UP,bPZT,pass,pass,0,2741,2777
2026-11-01,44,plant-B,line-B3,machine-B9,lot-79,UP,bPZT,category-4,sub-b1,8,0,8
2026-11-01,44,plant-A,line-A10,machine-A10,lot-61,UP,bPZT,category-2,sub-b1,6,0,6
2026-11-01,44,plant-B,line-B8,machine-B2,lot-44,DN,aPZT,category-2,sub-a2,27,0,27
2026-11-01,44,plant-B,line-B10,machine-B7,lot-46,UP,bPZT,pass,pass,0,2632,2638
2026-11-01,44,plant-B,line-B6,machine-B7,lot-26,UP,bPZT,category-4,sub-b1,7,0,7
2026-11-01,44,plant-A,line-A9,machine-A2,lot-25,DN,bPZT,category-1,sub-b7,39,0,39
2026-11-01,44,plant-A,line-A5,machine-A7,lot-82,DN,aPZT,pass,pass,0,2177,2216
2026-11-01,44,plant-A,line-A2,machine-A4,lot-47,DN,bPZT,category-5,sub-b9,14,0,14
2026-11-01,44,plant-A,line-A10,machine-A10,lot-61,UP,aPZT,category-1,sub-a7,24,0,24
2026-11-01,44,plant-B,line-B8,machine-B2,lot-44,UP,bPZT,category-1,sub-b10,25,0,25
2026-11-01,44,plant-A,line-A10,machine-A10,lot-61,DN,bPZT,category-4,sub-b3,40,0,40
2026-11-01,44,plant-B,line-B7,machine-B9,lot-24,UP,bPZT,category-1,sub-b4,2,0,2
2026-11-01,44,plant-B,line-B3,machine-B1,lot-80,DN,bPZT,category-1,sub-b5,4,0,4
2026-11-01,44,plant-B,line-B10,machine-B9,lot-16,UP,aPZT,category-2,sub-a6,16,0,16
2026-11-01,44,plant-A,line-A2,machine-A1,lot-20,UP,aPZT,category-3,sub-a10,10,0,10
2026-11-01,44,plant-A,line-A1,machine-A4,lot-91,UP,bPZT,pass,pass,0,2239,2266
2026-11-01,44,plant-B,line-B10,machine-B7,lot-46,DN,bPZT,category-1,sub-b6,4,0,4
2026-11-01,44,plant-A,line-A10,machine-A1,lot-76,DN,aPZT,category-4,sub-a6,4,0,4
2026-11-01,44,plant-B,line-B6,machine-B7,lot-26,DN,aPZT,pass,pass,0,2778,2793
2026-11-01,44,plant-B,line-B8,machine-B2,lot-44,DN,bPZT,category-5,sub-b5,25,0,25
2026-11-01,44,plant-A,line-A9,machine-A2,lot-25,UP,bPZT,category-4,sub-b5,7,0,7
2026-11-01,44,plant-B,line-B10,machine-B6,lot-84,DN,bPZT,category-5,,39,0,39
2026-11-01,44,plant-A,line-A5,machine-A8,lot-23,UP,aPZT,category-3,sub-a8,6,0,6
2026-11-01,44,plant-A,line-A10,machine-A10,lot-66,dn,aPZT,category-1,sub-a7,10,0,10
2026-11-01,44,plant-B,line-B3,machine-B1,lot-80,UP,aPZT,category-3,sub-a10,6,0,6
2026-11-01,44,plant-B,line-B2,machine-B10,lot-3,DN,bPZT,category-3,sub-b1,36,0,36
2026-11-01,44,plant-A,line-A2,machine-A1,lot-20,UP,bPZT,category-5,sub-b2,8,0,8
2026-11-01,44,plant-B,line-B2,machine-B10,lot-3,UP,aPZT,pass,pass,0,2423,2526
2026-11-01,44,plant-A,line-A8,machine-A6,lot-90,UP,bPZT,category-5,sub-b5,39,0,39
2026-11-01,44,plant-A,line-A2,machine-A1,lot-20,UP,aPZT,category-2,sub-a1,31,0,31
2026-11-01,44,plant-B,line-B10,machine-B6,lot-84,DN,bPZT,category-1,sub-b5,15,0,15
2026-11-01,44,plant-A,line-A2,machine-A4,lot-47,DN,aPZT,pass,pass,0,2433,2489
2026-11-01,44,plant-A,line-A1,machine-A4,lot-91,DN,bPZT,category-4,sub-b2,27,0,27
2026-11-01,44,plant-B,line-B2,machine-B9,lot-97,DN,aPZT,pass,pass,0,2917,3018
2026-11-01,44,plant-A,line-A2,machine-A10,lot-54,UP,aPZT,category-2,sub-a3,16,0,16
2026-11-01,44,plant-A,line-A1,machine-A4,lot-91,DN,aPZT,category-5,sub-a8,1,0,1
2026-11-01,44,plant-A,line-A5,machine-A7,lot-82,UP,bPZT,category-1,sub-b4,39,0,39
2026-11-01,44,plant-A,line-A5,machine-A8,lot-23,DN,aPZT,category-4,sub-a8,32,0,32
2026-11-01,44,plant-B,line-B2,machine-B7,lot-99,DN,bPZT,category-3,sub-b2,11,0,11
2026-11-01,44,plant-A,line-A2,machine-A1,lot-20,UP,aPZT,category-4,sub-a2,32,0,32
2026-11-01,44,plant-A,line-A8,machine-A6,lot-90,UP,bPZT,category-1,,25,0,25
2026-11-01,44,plant-B,line-B2,machine-B9,lot-97,UP,aPZT,category-4,sub-a4,31,0,31
2026-11-01,44,plant-B,line-B3,machine-B1,lot-80,UP,bPZT,category-2,sub-b5,36,0,36
2026-11-01,44,plant-B,line-B7,machine-B9,lot-24,UP,aPZT,pass,pass,0,2433,2462
2026-11-01,44,plant-A,line-A10,machine-A10,lot-61,UP,bPZT,pass,pass,0,2931,2955
2026-11-01,44,plant-A,line-A10,machine-A9,lot-18,DN,aPZT,category-1,sub-a5,13,0,13
2026-11-01,44,plant-B,line-B7,machine-B9,lot-24,UP,aPZT,category-1,sub-a1,35,0,35
2026-11-01,44,plant-A,line-A2,machine-A10,lot-54,DN,aPZT,category-1,sub-a3,7,0,7
2026-11-01,44,plant-A,line-A5,machine-A7,lot-82,UP,aPZT,category-2,sub-a10,39,0,39
2026-11-01,44,plant-A,line-A2,machine-A10,lot-54,DN,bPZT,category-1,sub-b8,5,0,5
2026-11-01,44,plant-B,line-B2,machine-B7,lot-99,DN,bPZT,pass,pass,0,2560,2599
2026-11-01,44,plant-A,line-A2,machine-A4,lot-47,UP,bPZT,category-1,sub-b8,7,0,7
2026-11-01,44,plant-A,line-A10,machine-A10,lot-66,DN,aPZT,category-1,,9,0,9
2026-11-01,44,plant-B,line-B2,machine-B9,lot-97,DN,bPZT,category-2,sub-b7,1,0,1
2026-11-01,44,plant-A,line-A9,machine-A2,lot-25,UP,aPZT,category-3,sub-a8,39,0,39
2026-11-01,44,plant-A,line-A10,machine-A10,lot-66,DN,aPZT,category-5,sub-a4,26,0,26
2026-11-01,44,plant-B,line-B10,machine-B9,lot-16,UP,bPZT,pass,pass,0,2204,2258
2026-11-01,44,plant-B,line-B2,machine-B9,lot-97,DN,bPZT,category-4,sub-b2,29,0,29
2026-11-01,44,plant-B,line-B3,machine-B9,lot-79,UP,bPZT,category-5,sub-b1,38,0,38
2026-11-01,44,plant-B,line-B8,machine-B2,lot-44,UP,bPZT,pass,pass,0,2375,2486
2026-11-01,44,plant-A,line-A10,machine-A1,lot-76,UP,aPZT,category-3,sub-a2,39,0,39
2026-11-01,44,plant-B,line-B2,machine-B10,lot-3,UP,bPZT,category-4,sub-b5,28,0,28
2026-11-01,44,plant-B,line-B2,machine-B7,lot-99,UP,bPZT,category-2,sub-b3,31,0,31
2026-11-01,44,plant-B,line-B2,machine-B7,lot-99,UP,bPZT,category-3,sub-b8,32,0,32
2026-11-01,44,plant-B,line-B6,machine-B7,lot-75,UP,bPZT,category-2,sub-b7,13,0,13
2026-11-01,44,plant-B,line-B6,machine-B7,lot-26,UP,aPZT,category-4,sub-a7,13,0,13
2026-11-01,44,plant-B,line-B7,machine-B9,lot-24,DN,aPZT,category-3,sub-a10,20,0,20
2026-11-01,44,plant-B,line-B2,machine-B9,lot-97,UP,bPZT,pass,pass,0,2917,2973
2026-11-01,44,plant-A,line-A8,machine-A6,lot-90,UP,bPZT,category-1,sub-b8,3,0,3
2026-11-01,44,plant-B,line-B2,machine-B9,lot-97,DN,bPZT,category-3,sub-b3,14,0,14
2026-11-01,44,plant-B,line-B2,machine-B7,lot-99,UP,bPZT,category-1,sub-b3,12,0,12
2026-11-01,44,plant-B,line-B7,machine-B9,lot-24,DN,bPZT,category-1,sub-b3,27,0,27
2026-11-01,44,plant-B,line-B6,machine-B7,lot-26,UP,aPZT,category-4,sub-a5,2,0,2
2026-11-01,44,plant-B,line-B6,machine-B7,lot-26,DN,bPZT,category-1,sub-b10,8,0,8
2026-11-01,44,plant-A,line-A1,machine-A4,lot-91,UP,bPZT,category-4,sub-b5,28,0,28
2026-11-01,44,plant-B,line-B2,machine-B10,lot-3,UP,aPZT,category-2,sub-a7,16,0,16
2026-11-01,44,plant-B,line-B2,machine-B10,lot-3,DN,aPZT,category-3,,28,0,28
2026-11-01,44,plant-A,line-A10,machine-A10,lot-61,DN,bPZT,category-2,sub-b3,32,0,32
2026-11-01,44,plant-A,line-A2,machine-A4,lot-47,DN,bPZT,pass,pass,0,2433,2451
2026-11-01,44,plant-B,line-B3,machine-B1,lot-80,UP,bPZT,category-3,sub-b1,35,0,35
2026-11-01,44,plant-B,line-B10,machine-B7,lot-46,UP,aPZT,pass,pass,0,2632,2664
2026-11-01,44,plant-A,line-A9,machine-A10,lot-14,UP,aPZT,category-2,sub-a2,3,0,3
2026-11-01,44,plant-A,line-A10,machine-A10,lot-66,DN,bPZT,pass,pass,0,2337,2384
2026-11-02,45,plant-A,line-A9,machine-A10,lot-75,UP,aPZT,category-5,sub-a7,24,0,24
2026-11-02,45,plant-B,line-B3,machine-B2,lot-20,DN,aPZT,pass,pass,0,2126,2141
2026-11-02,45,plant-A,line-A9,machine-A3,lot-97,DN,aPZT,category-5,sub-a2,14,0,14
2026-11-02,45,plant-B,line-B1,machine-B7,lot-78,UP,bPZT,category-1,sub-b9,16,0,16
2026-11-02,45,plant-A,line-A9,machine-A4,lot-7,DN,aPZT,category-1,sub-a10,10,0,10
2026-11-02,45,plant-A,line-A3,machine-A2,lot-6,DN,aPZT,category-2,sub-a8,7,0,7
2026-11-02,45,plant-B,line-B3,machine-B5,lot-88,UP,aPZT,pass,pass,0,2594,2673
2026-11-02,45,plant-B,line-B10,machine-B4,lot-69,UP,bPZT,category-3,sub-b5,38,0,38
2026-11-02,45,plant-A,line-A3,machine-A2,lot-6,DN,aPZT,category-5,sub-a10,7,0,7
2026-11-02,45,plant-A,line-A1,machine-A6,lot-30,Dn,bPZT,category-1,sub-b8,1,0,1
2026-11-02,45,plant-B,line-B3,machine-B2,lot-20,DN,aPZT,category-2,sub-a7,2,0,2
2026-11-02,45,plant-A,line-A9,machine-A10,lot-75,DN,bPZT,pass,pass,0,2263,2354
2026-11-02,45,plant-B,line-B2,machine-B1,lot-77,DN,bPZT,category-1,sub-b4,21,0,21
2026-11-02,45,plant-B,line-B2,machine-B1,lot-77,UP,bPZT,category-3,sub-b10,32,0,32
2026-11-02,45,plant-A,line-A4,machine-A4,lot-45,DN,bPZT,category-2,sub-b10,24,0,24
2026-11-02,45,plant-A,line-A2,machine-A7,lot-35,DN,bPZT,category-3,sub-b5,23,0,23
2026-11-02,45,plant-A,line-A1,machine-A6,lot-30,DN,bPZT,category-4,sub-b1,35,0,35
2026-11-02,45,plant-A,line-A9,machine-A10,lot-75,DN,aPZT,category-4,sub-a4,28,0,28
2026-11-02,45,plant-A,line-A6,machine-A9,lot-56,DN,bPZT,pass,pass,0,2659,2684
2026-11-02,45,plant-B,line-B9,machine-B9,lot-73,UP,bPZT,category-3,sub-b6,2,0,2
2026-11-02,45,plant-A,line-A6,machine-A9,lot-85,DN,aPZT,pass,pass,0,2432,2503
2026-11-02,45,plant-A,line-A2,machine-A2,lot-83,UP,aPZT,category-5,sub-a7,1,0,1
2026-11-02,45,plant-A,line-A9,machine-A4,lot-7,DN,aPZT,category-5,sub-a2,5,0,5
2026-11-02,45,plant-A,line-A6,machine-A9,lot-56,DN,bPZT,category-3,sub-b4,9,0,9
2026-11-02,45,plant-A,line-A9,machine-A4,lot-7,DN,aPZT,category-1,sub-a10,33,0,33
2026-11-02,45,plant-B,line-B3,machine-B5,lot-88,Up,aPZT,category-5,sub-a2,1,0,1
2026-11-02,45,plant-A,line-A1,machine-A9,lot-68,DN,aPZT,category-3,sub-a7,18,0,18
2026-11-02,45,plant-A,line-A1,machine-A6,lot-30,DN,aPZT,category-5,sub-a1,35,0,35
2026-11-02,45,plant-A,line-A2,machine-A2,lot-83,UP,bPZT,category-3,sub-b9,28,0,28
2026-11-02,45,plant-A,line-A8,machine-A3,lot-37,dN,aPZT,category-2,sub-a1,36,0,36
2026-11-02,45,plant-B,line-B3,machine-B5,lot-88,DN,aPZT,category-3,sub-a4,10,0,10
2026-11-02,45,plant-B,line-B2,machine-B4,lot-18,UP,bPZT,category-3,sub-b10,36,0,36
2026-11-02,45,plant-A,line-A3,machine-A2,lot-6,UP,bPZT,pass,pass,0,2826,2895
2026-11-02,45,plant-B,line-B3,machine-B5,lot-88,UP,aPZT,category-4,sub-a1,34,0,34
2026-11-02,45,plant-A,line-A9,machine-A10,lot-75,DN,aPZT,category-4,sub-a7,18,0,18
2026-11-02,45,plant-A,line-A9,machine-A10,lot-75,UP,bPZT,category-3,sub-b5,22,0,22
2026-11-02,45,plant-B,line-B5,machine-B2,lot-25,UP,bPZT,category-4,sub-b4,19,0,19
2026-11-02,45,plant-A,line-A9,machine-A4,lot-7,DN,bPZT,category-3,sub-b5,13,0,13
2026-11-02,45,plant-B,line-B2,machine-B1,lot-77,UP,aPZT,pass,pass,0,2674,2729
2026-11-02,45,plant-B,line-B9,machine-B9,lot-73,UP,bPZT,category-1,sub-b1,20,0,20
2026-11-02,45,plant-B,line-B1,machine-B7,lot-78,UP,bPZT,pass,,0,2024,2111
2026-11-02,45,plant-A,line-A4,machine-A4,lot-45,DN,bPZT,pass,pass,0,2413,2453
2026-11-02,45,plant-B,line-B3,machine-B2,lot-20,UP,aPZT,category-3,sub-a2,6,0,6
2026-11-02,45,plant-A,line-A9,machine-A3,lot-97,DN,bPZT,pass,pass,0,2154,2212
2026-11-02,45,plant-A,line-A9,machine-A3,lot-97,DN,aPZT,category-5,sub-a6,28,0,28
2026-11-02,45,plant-A,line-A9,machine-A10,lot-75,DN,aPZT,category-5,sub-a3,3,0,3
2026-11-02,45,plant-A,line-A9,machine-A4,lot-7,DN,aPZT,pass,pass,0,2020,2088
2026-11-02,45,plant-B,line-B7,machine-B7,lot-43,UP,aPZT,category-2,sub-a2,27,0,27
2026-11-02,45,plant-A,line-A10,machine-A8,lot-84,dn,aPZT,category-3,sub-a6,11,0,11
2026-11-02,45,plant-A,line-A6,machine-A9,lot-56,UP,bPZT,category-1,sub-b4,15,0,15
2026-11-02,45,plant-B,line-B3,machine-B5,lot-88,UP,aPZT,category-2,sub-a1,24,0,24
2026-11-02,45,plant-A,line-A8,machine-A3,lot-37,UP,aPZT,category-4,sub-a2,1,0,1
2026-11-02,45,plant-A,line-A9,machine-A4,lot-7,DN,bPZT,category-4,sub-b8,22,0,22
2026-11-02,45,plant-A,line-A3,machine-A2,lot-6,DN,bPZT,category-3,sub-b3,5,0,5
2026-11-02,45,plant-A,line-A1,machine-A9,lot-68,DN,bPZT,category-2,sub-b6,4,0,4
2026-11-02,45,plant-A,line-A2,machine-A2,lot-83,DN,aPZT,category-2,sub-a8,21,0,21
2026-11-02,45,plant-A,line-A2,machine-A2,lot-83,DN,aPZT,pass,pass,0,2881,3042
2026-11-02,45,plant-A,line-A9,machine-A4,lot-7,DN,bPZT,pass,pass,0,2020,2125
2026-11-02,45,plant-A,line-A3,machine-A7,lot-21,DN,aPZT,category-2,sub-a1,11,0,11
2026-11-02,45,plant-B,line-B7,machine-B7,lot-43,DN,aPZT,pass,pass,0,2746,2759
2026-11-02,45,plant-B,line-B3,machine-B5,lot-88,DN,bPZT,pass,pass,0,2594,2671
2026-11-02,45,plant-A,line-A4,machine-A4,lot-45,uP,bPZT,category-2,sub-b7,9,0,9
2026-11-02,45,plant-B,line-B4,machine-B6,lot-89,UP,bPZT,category-2,sub-b2,15,0,15
2026-11-02,45,plant-A,line-A10,machine-A8,lot-84,UP,bPZT,pass,pass,0,2295,2353
2026-11-02,45,plant-B,line-B2,machine-B4,lot-18,UP,aPZT,category-3,sub-a4,6,0,6
2026-11-02,45,plant-A,line-A8,machine-A4,lot-86,DN,aPZT,category-5,sub-a3,6,0,6
2026-11-02,45,plant-A,line-A10,machine-A8,lot-84,DN,bPZT,category-1,sub-b10,20,0,20
2026-11-02,45,plant-A,line-A4,machine-A4,lot-45,UP,aPZT,category-4,sub-a8,40,0,40
2026-11-02,45,plant-B,line-B9,machine-B9,lot-73,DN,aPZT,pass,pass,0,2377,2483
2026-11-02,45,plant-A,line-A2,machine-A7,lot-35,DN,bPZT,category-5,sub-b6,33,0,33
2026-11-02,45,plant-B,line-B1,machine-B7,lot-78,UP,aPZT,category-1,sub-a1,28,0,28
2026-11-02,45,plant-B,line-B2,machine-B4,lot-18,UP,aPZT,category-1,sub-a3,37,0,37
2026-11-02,45,plant-B,line-B2,machine-B4,lot-18,DN,aPZT,category-1,sub-a3,28,0,28
2026-11-02,45,plant-A,line-A8,machine-A3,lot-37,UP,aPZT,pass,pass,0,2636,2643
2026-11-02,45,plant-A,line-A8,machine-A4,lot-86,DN,aPZT,category-4,,34,0,34
2026-11-02,45,plant-B,line-B1,machine-B7,lot-78,UP,bPZT,category-3,sub-b1,4,0,4
2026-11-02,45,plant-B,line-B3,machine-B5,lot-88,UP,bPZT,category-1,,18,0,18
2026-11-02,45,plant-B,line-B10,machine-B4,lot-69,UP,aPZT,category-5,sub-a3,3,0,3
2026-11-02,45,plant-A,line-A2,machine-A2,lot-83,UP,bPZT,category-4,sub-b7,18,0,18
2026-11-02,45,plant-B,line-B3,machine-B5,lot-88,DN,aPZT,category-5,sub-a5,8,0,8
2026-11-02,45,plant-A,line-A8,machine-A3,lot-37,UP,bPZT,category-1,sub-b2,7,0,7
2026-11-02,45,plant-B,line-B9,machine-B9,lot-73,UP,aPZT,category-1,sub-a8,22,0,22
2026-11-02,45,plant-B,line-B4,machine-B6,lot-89,UP,bPZT,category-3,sub-b4,11,0,11
2026-11-02,45,plant-A,line-A1,machine-A6,lot-30,DN,bPZT,category-1,sub-b2,6,0,6
2026-11-02,45,plant-A,line-A8,machine-A4,lot-86,UP,aPZT,category-3,sub-a10,29,0,29
2026-11-02,45,plant-A,line-A2,machine-A7,lot-35,UP,bPZT,category-5,sub-b6,32,0,32
2026-11-02,45,plant-B,line-B4,machine-B6,lot-89,DN,bPZT,category-4,sub-b8,40,0,40
2026-11-02,45,plant-B,line-B5,machine-B2,lot-25,DN,bPZT,pass,pass,0,2637,2641
2026-11-02,45,plant-B,line-B1,machine-B7,lot-78,UP,aPZT,category-1,sub-a1,3,0,3
2026-11-02,45,plant-B,line-B9,machine-B9,lot-73,DN,bPZT,pass,pass,0,2377,2399
2026-11-02,45,plant-A,line-A9,machine-A10,lot-75,DN,aPZT,pass,pass,0,2263,2293
2026-11-02,45,plant-B,line-B3,machine-B5,lot-88,UP,bPZT,category-3,sub-b1,28,0,28
2026-11-02,45,plant-A,line-A4,machine-A4,lot-45,UP,bPZT,category-5,sub-b6,32,0,32
2026-11-02,45,plant-B,line-B3,machine-B5,lot-88,DN,bPZT,category-5,sub-b4,33,0,33
2026-11-02,45,plant-B,line-B2,machine-B1,lot-77,DN,bPZT,pass,pass,0,2674,2700
2026-11-02,45,plant-A,line-A3,machine-A7,lot-21,UP,aPZT,category-2,sub-a6,1,0,1
2026-11-02,45,plant-B,line-B5,machine-B2,lot-25,DN,bPZT,category-2,sub-b2,38,0,38
2026-11-02,45,plant-A,line-A8,machine-A3,lot-37,DN,aPZT,category-3,sub-a7,8,0,8
2026-11-02,45,plant-B,line-B3,machine-B2,lot-20,DN,bPZT,pass,pass,0,2126,2160
2026-11-02,45,plant-A,line-A8,machine-A3,lot-37,UP,bPZT,pass,pass,0,2636,2730
2026-11-02,45,plant-A,line-A8,machine-A3,lot-37,UP,aPZT,category-3,sub-a7,30,0,30
2026-11-02,45,plant-A,line-A1,machine-A9,lot-68,DN,aPZT,category-5,sub-a8,40,0,40
2026-11-02,45,plant-A,line-A6,machine-A9,lot-85,UP,bPZT,category-4,sub-b1,18,0,18
2026-11-02,45,plant-B,line-B4,machine-B6,lot-89,UP,bPZT,category-3,sub-b9,15,0,15
2026-11-02,45,plant-A,line-A10,machine-A8,lot-84,UP,bPZT,category-2,sub-b9,10,0,10
2026-11-02,45,plant-B,line-B9,machine-B9,lot-73,UP,bPZT,category-1,sub-b10,33,0,33
2026-11-02,45,plant-B,line-B1,machine-B7,lot-78,UP,aPZT,category-1,sub-a5,25,0,25
2026-11-02,45,plant-A,line-A6,machine-A9,lot-85,DN,bPZT,category-5,sub-b2,18,0,18
2026-11-02,45,plant-A,line-A2,machine-A2,lot-83,UP,bPZT,category-5,sub-b1,22,0,22
2026-11-02,45,plant-B,line-B4,machine-B6,lot-89,UP,bPZT,category-2,sub-b4,30,0,30
2026-11-02,45,plant-A,line-A10,machine-A8,lot-84,DN,bPZT,category-1,sub-b10,26,0,26
2026-11-02,45,plant-B,line-B5,machine-B2,lot-25,UP,bPZT,category-3,sub-b9,19,0,19
2026-11-02,45,plant-A,line-A3,machine-A7,lot-21,DN,bPZT,pass,pass,0,2792,2834
2026-11-02,45,plant-B,line-B5,machine-B2,lot-25,UP,bPZT,category-5,sub-b5,16,0,16
2026-11-02,45,plant-B,line-B2,machine-B1,lot-77,UP,bPZT,category-1,sub-b3,2,0,2
2026-11-02,45,plant-A,line-A3,machine-A2,lot-6,UP,bPZT,category-2,sub-b1,28,0,28
2026-11-02,45,plant-A,line-A4,machine-A4,lot-45,DN,bPZT,category-5,sub-b1,3,0,3
2026-11-02,45,plant-A,line-A3,machine-A7,lot-21,UP,aPZT,pass,pass,0,2792,2823
2026-11-02,45,plant-B,line-B4,machine-B6,lot-89,DN,bPZT,pass,pass,0,2870,2879
2026-11-02,45,plant-A,line-A1,machine-A6,lot-30,UP,bPZT,pass,pass,0,2879,2926
2026-11-02,45,plant-A,line-A10,machine-A8,lot-84,UP,aPZT,category-4,sub-a5,19,0,19
2026-11-02,45,plant-A,line-A6,machine-A9,lot-56,UP,aPZT,category-2,sub-a2,1,0,1
2026-11-02,45,plant-B,line-B9,machine-B9,lot-73,DN,bPZT,category-5,sub-b7,22,0,22
2026-11-02,45,plant-B,line-B2,machine-B4,lot-18,DN,aPZT,pass,pass,0,2370,2406
2026-11-02,45,plant-B,line-B7,machine-B7,lot-43,DN,aPZT,category-2,sub-a1,17,0,17
2026-11-02,45,plant-A,line-A9,machine-A4,lot-7,UP,bPZT,category-3,sub-b6,9,0,9
2026-11-02,45,plant-B,line-B5,machine-B2,lot-25,UP,aPZT,category-5,sub-a6,4,0,4
2026-11-02,45,plant-B,line-B1,machine-B7,lot-78,DN,bPZT,category-1,sub-b2,40,0,40
2026-11-02,45,plant-A,line-A4,machine-A4,lot-45,UP,bPZT,category-5,sub-b5,9,0,9
2026-11-02,45,plant-A,line-A8,machine-A3,lot-37,UP,aPZT,category-1,sub-a8,18,0,18
2026-11-02,45,plant-A,line-A6,machine-A9,lot-85,UP,bPZT,category-2,sub-b7,26,0,26
2026-11-02,45,plant-A,line-A1,machine-A9,lot-68,DN,aPZT,category-3,sub-a4,3,0,3
2026-11-02,45,plant-A,line-A8,machine-A4,lot-86,UP,bPZT,category-2,sub-b7,29,0,29
2026-11-02,45,plant-A,line-A9,machine-A10,lot-75,DN,aPZT,category-2,sub-a10,18,0,18
2026-11-02,45,plant-A,line-A2,machine-A2,lot-83,DN,bPZT,category-2,sub-b6,30,0,30
2026-11-02,45,plant-A,line-A9,machine-A3,lot-97,DN,aPZT,pass,pass,0,2154,2172
2026-11-02,45,plant-A,line-A6,machine-A9,lot-56,UP,aPZT,category-4,sub-a2,12,0,12
2026-11-02,45,plant-B,line-B4,machine-B6,lot-89,DN,bPZT,category-2,sub-b1,4,0,4
2026-11-02,45,plant-A,line-A8,machine-A4,lot-86,DN,aPZT,pass,pass,0,2533,2568
2026-11-02,45,plant-B,line-B7,machine-B7,lot-43,DN,bPZT,pass,pass,0,2746,2802
2026-11-02,45,plant-A,line-A6,machine-A9,lot-85,DN,aPZT,category-5,sub-a9,1,0,1
2026-11-02,45,plant-B,line-B2,machine-B4,lot-18,DN,aPZT,category-2,sub-a1,27,0,27
2026-11-02,45,plant-A,line-A4,machine-A4,lot-45,UP,bPZT,category-3,sub-b7,3,0,3
2026-11-02,45,plant-A,line-A8,machine-A3,lot-37,DN,aPZT,category-3,sub-a7,1,0,1
2026-11-02,45,plant-A,line-A2,machine-A2,lot-83,UP,bPZT,category-1,sub-b9,5,0,5
2026-11-02,45,plant-B,line-B3,machine-B2,lot-20,DN,bPZT,category-1,sub-b3,5,0,5
2026-11-02,45,plant-B,line-B3,machine-B2,lot-20,UP,aPZT,category-1,sub-a4,26,0,26
2026-11-02,45,plant-A,line-A2,machine-A2,lot-83,UP,bPZT,pass,pass,0,2881,2903
2026-11-02,45,plant-A,line-A10,machine-A8,lot-84,DN,aPZT,pass,pass,0,2295,2351
2026-11-02,45,plant-A,line-A2,machine-A2,lot-83,DN,bPZT,category-5,sub-b8,32,0,32
2026-11-02,45,plant-A,line-A8,machine-A4,lot-86,DN,bPZT,pass,pass,0,2533,2662
2026-11-02,45,plant-B,line-B2,machine-B1,lot-77,DN,aPZT,category-3,,26,0,26
2026-11-02,45,plant-B,line-B4,machine-B6,lot-89,UP,bPZT,category-4,sub-b4,13,0,13
2026-11-02,45,plant-B,line-B4,machine-B6,lot-89,UP,aPZT,pass,pass,0,2870,2998
2026-11-02,45,plant-A,line-A1,machine-A9,lot-68,UP,bPZT,pass,pass,0,2946,3007
2026-11-02,45,plant-A,line-A3,machine-A2,lot-6,DN,aPZT,pass,pass,0,2826,2859
2026-11-02,45,plant-B,line-B2,machine-B4,lot-18,UP,bPZT,pass,pass,0,2370,2501
2026-11-02,45,plant-A,line-A3,machine-A7,lot-21,DN,bPZT,category-4,sub-b7,31,0,31
2026-11-02,45,plant-A,line-A9,machine-A3,lot-97,DN,bPZT,category-2,sub-b6,18,0,18
2026-11-02,45,plant-A,line-A1,machine-A6,lot-30,DN,bPZT,category-5,sub-b10,25,0,25
2026-11-02,45,plant-A,line-A1,machine-A9,lot-68,DN,aPZT,pass,pass,0,2946,2950
2026-11-02,45,plant-A,line-A2,machine-A7,lot-35,UP,aPZT,category-5,sub-a1,8,0,8
2026-11-02,45,plant-B,line-B10,machine-B4,lot-69,DN,bPZT,pass,pass,0,2100,2103
2026-11-02,45,plant-A,line-A6,machine-A9,lot-85,DN,bPZT,category-4,sub-b9,9,0,9
2026-11-02,45,plant-A,line-A4,machine-A4,lot-45,DN,aPZT,pass,pass,0,2413,2493
2026-11-02,45,plant-A,line-A8,machine-A4,lot-86,DN,bPZT,category-1,sub-b4,6,0,6
2026-11-02,45,plant-A,line-A6,machine-A9,lot-85,DN,bPZT,pass,pass,0,2432,2447
2026-11-02,45,plant-B,line-B7,machine-B7,lot-43,UP,aPZT,category-1,sub-a9,12,0,12
2026-11-02,45,plant-B,line-B1,machine-B7,lot-78,DN,aPZT,category-5,sub-a3,30,0,30
2026-11-02,45,plant-B,line-B2,machine-B4,lot-18,UP,aPZT,category-4,sub-a7,33,0,33
2026-11-02,45,plant-A,line-A3,machine-A2,lot-6,UP,aPZT,category-5,sub-a1,32,0,32
2026-11-02,45,plant-A,line-A3,machine-A7,lot-21,DN,aPZT,category-3,sub-a4,30,0,30
2026-11-02,45,plant-A,line-A2,machine-A2,lot-83,UP,bPZT,category-3,sub-b8,12,0,12
2026-11-02,45,plant-A,line-A9,machine-A4,lot-7,DN,bPZT,category-1,sub-b3,24,0,24
2026-11-02,45,plant-B,line-B9,machine-B9,lot-73,UP,bPZT,category-1,sub-b6,29,0,29
2026-11-02,45,plant-B,line-B10,machine-B4,lot-69,DN,aPZT,pass,pass,0,2100,2160
2026-11-02,45,plant-A,line-A2,machine-A7,lot-35,DN,bPZT,pass,pass,0,2250,2258
2026-11-02,45,plant-B,line-B5,machine-B2,lot-25,UP,aPZT,pass,pass,0,2637,2729
2026-11-02,45,plant-A,line-A9,machine-A10,lot-75,UP,bPZT,category-4,sub-b4,8,0,8
2026-11-02,45,plant-B,line-B10,machine-B4,lot-69,DN,bPZT,category-2,sub-b9,22,0,22
2026-11-02,45,plant-A,line-A1,machine-A6,lot-30,UP,aPZT,pass,pass,0,2879,2946
2026-11-02,45,plant-A,line-A2,machine-A7,lot-35,DN,aPZT,pass,pass,0,2250,2369
2026-11-02,45,plant-B,line-B1,machine-B7,lot-78,DN,aPZT,category-5,sub-a10,1,0,1
2026-11-02,45,plant-A,line-A9,machine-A3,lot-97,DN,aPZT,category-4,sub-a5,16,0,16
2026-11-02,45,plant-A,line-A10,machine-A8,lot-84,UP,aPZT,category-1,sub-a10,28,0,28
2026-11-02,45,plant-A,line-A9,machine-A4,lot-7,UP,aPZT,category-2,sub-a6,23,0,23
2026-11-02,45,plant-A,line-A1,machine-A6,lot-30,UP,aPZT,category-5,sub-a8,12,0,12
2026-11-02,45,plant-A,line-A6,machine-A9,lot-85,up,aPZT,category-5,sub-a2,14,0,14
2026-11-02,45,plant-A,line-A2,machine-A2,lot-83,UP,bPZT,category-5,sub-b1,14,0,14
2026-11-02,45,plant-A,line-A8,machine-A4,lot-86,UP,aPZT,category-3,sub-a1,29,0,29
2026-11-02,45,plant-A,line-A3,machine-A2,lot-6,DN,aPZT,category-1,sub-a4,23,0,23
2026-11-02,45,plant-B,line-B7,machine-B7,lot-43,DN,bPZT,category-3,sub-b2,13,0,13
2026-11-02,45,plant-A,line-A8,machine-A4,lot-86,DN,aPZT,category-4,sub-a4,31,0,31
2026-11-02,45,plant-B,line-B4,machine-B6,lot-89,DN,aPZT,category-2,sub-a10,9,0,9
2026-11-02,45,plant-B,line-B3,machine-B2,lot-20,UP,bPZT,category-3,sub-b2,10,0,10
2026-11-02,45,plant-A,line-A6,machine-A9,lot-56,UP,aPZT,category-3,,12,0,12
2026-11-02,45,plant-A,line-A6,machine-A9,lot-56,UP,aPZT,pass,pass,0,2659,2683
2026-11-02,45,plant-A,line-A2,machine-A7,lot-35,DN,bPZT,category-5,,31,0,31
2026-11-02,45,plant-B,line-B1,machine-B7,lot-78,UP,aPZT,pass,pass,0,2024,2084
2026-11-02,45,plant-A,line-A9,machine-A4,lot-7,UP,aPZT,category-5,sub-a2,34,0,34
2026-11-03,45,plant-B,line-B2,machine-B6,lot-27,DN,bPZT,category-3,sub-b10,39,0,39
2026-11-03,45,plant-A,line-A7,machine-A8,lot-85,DN,bPZT,pass,pass,0,2167,2260
2026-11-03,45,plant-B,line-B1,machine-B5,lot-62,DN,aPZT,category-5,sub-a8,18,0,18
2026-11-03,45,plant-A,line-A1,machine-A6,lot-79,UP,aPZT,category-1,sub-a2,10,0,10
2026-11-03,45,plant-B,line-B2,machine-B6,lot-27,DN,aPZT,category-4,sub-a1,13,0,13
2026-11-03,45,plant-A,line-A9,machine-A8,lot-67,DN,aPZT,category-3,sub-a1,15,0,15
2026-11-03,45,plant-A,line-A2,machine-A4,lot-72,UP,aPZT,pass,pass,0,2353,2402
2026-11-03,45,plant-B,line-B1,machine-B5,lot-62,up,aPZT,pass,,0,2167,2173
2026-11-03,45,plant-A,line-A5,machine-A8,lot-89,UP,aPZT,category-5,sub-a10,8,0,8
2026-11-03,45,plant-A,line-A2,machine-A9,lot-95,DN,aPZT,category-1,sub-a5,40,0,40
2026-11-03,45,plant-A,line-A5,machine-A8,lot-89,DN,bPZT,category-2,sub-b2,10,0,10
2026-11-03,45,plant-A,line-A7,machine-A8,lot-85,DN,aPZT,category-3,sub-a5,31,0,31
2026-11-03,45,plant-B,line-B8,machine-B5,lot-91,DN,aPZT,pass,pass,0,2480,2558
2026-11-03,45,plant-B,line-B8,machine-B5,lot-91,UP,aPZT,category-4,sub-a6,33,0,33
2026-11-03,45,plant-A,line-A8,machine-A8,lot-23,DN,bPZT,category-2,sub-b4,33,0,33
2026-11-03,45,plant-B,line-B6,machine-B7,lot-73,DN,bPZT,category-3,sub-b6,7,0,7
2026-11-03,45,plant-A,line-A6,machine-A3,lot-64,UP,aPZT,category-4,sub-a3,27,0,27
2026-11-03,45,plant-A,line-A7,machine-A8,lot-85,DN,aPZT,pass,pass,0,2167,2194
2026-11-03,45,plant-B,line-B7,machine-B6,lot-57,DN,bPZT,category-2,sub-b5,32,0,32
2026-11-03,45,plant-A,line-A1,machine-A6,lot-79,DN,aPZT,pass,pass,0,2177,2202
2026-11-03,45,plant-A,line-A4,machine-A4,lot-97,UP,bPZT,category-3,sub-b10,40,0,40
2026-11-03,45,plant-A,line-A9,machine-A8,lot-67,UP,bPZT,pass,pass,0,2195,2235
2026-11-03,45,plant-B,line-B2,machine-B8,lot-63,DN,bPZT,pass,pass,0,2578,2615
2026-11-03,45,plant-A,line-A2,machine-A4,lot-72,UP,aPZT,category-3,sub-a7,33,0,33
2026-11-03,45,plant-A,line-A10,machine-A7,lot-1,UP,aPZT,category-1,sub-a6,20,0,20
2026-11-03,45,plant-A,line-A9,machine-A9,lot-41,UP,aPZT,category-4,sub-a10,25,0,25
2026-11-03,45,plant-A,line-A8,machine-A8,lot-23,DN,bPZT,category-2,sub-b9,12,0,12
2026-11-03,45,plant-A,line-A8,machine-A5,lot-83,UP,aPZT,category-5,sub-a7,40,0,40
2026-11-03,45,plant-A,line-A8,machine-A8,lot-23,UP,bPZT,pass,pass,0,2173,2176
2026-11-03,45,plant-B,line-B2,machine-B8,lot-63,UP,bPZT,category-2,sub-b3,1,0,1
2026-11-03,45,plant-B,line-B7,machine-B2,lot-99,UP,aPZT,category-4,sub-a6,22,0,22
2026-11-03,45,plant-A,line-A2,machine-A4,lot-72,DN,bPZT,pass,pass,0,2353,2502
2026-11-03,45,plant-A,line-A2,machine-A9,lot-95,DN,aPZT,category-4,sub-a9,32,0,32
2026-11-03,45,plant-B,line-B2,machine-B8,lot-63,UP,aPZT,pass,pass,0,2578,2612
2026-11-03,45,plant-A,line-A2,machine-A5,lot-92,UP,aPZT,category-3,sub-a5,1,0,1
2026-11-03,45,plant-B,line-B1,machine-B7,lot-17,UP,aPZT,category-4,sub-a7,20,0,20
2026-11-03,45,plant-A,line-A6,machine-A3,lot-64,UP,aPZT,pass,pass,0,2647,2728
2026-11-03,45,plant-B,line-B2,machine-B8,lot-63,DN,bPZT,category-2,sub-b6,3,0,3
2026-11-03,45,plant-A,line-A2,machine-A4,lot-72,UP,bPZT,category-3,sub-b9,23,0,23
2026-11-03,45,plant-A,line-A4,machine-A1,lot-48,UP,bPZT,category-2,sub-b6,40,0,40
2026-11-03,45,plant-B,line-B7,machine-B6,lot-57,DN,aPZT,category-1,sub-a9,6,0,6
2026-11-03,45,plant-A,line-A4,machine-A3,lot-98,UP,aPZT,category-2,sub-a1,27,0,27
2026-11-03,45,plant-A,line-A9,machine-A9,lot-41,DN,aPZT,category-4,sub-a9,1,0,1
2026-11-03,45,plant-A,line-A7,machine-A8,lot-85,DN,bPZT,category-2,sub-b2,20,0,20
2026-11-03,45,plant-A,line-A4,machine-A1,lot-48,UP,aPZT,category-2,sub-a5,10,0,10
2026-11-03,45,plant-B,line-B2,machine-B6,lot-27,DN,aPZT,pass,pass,0,2695,2751
2026-11-03,45,plant-A,line-A6,machine-A3,lot-64,UP,bPZT,pass,pass,0,2647,2674
2026-11-03,45,plant-A,line-A4,machine-A3,lot-98,UP,bPZT,category-2,sub-b3,30,0,30
2026-11-03,45,plant-B,line-B1,machine-B7,lot-17,UP,aPZT,category-2,sub-a7,26,0,26
2026-11-03,45,plant-A,line-A10,machine-A7,lot-1,UP,bPZT,category-3,,25,0,25
2026-11-03,45,plant-B,line-B5,machine-B6,lot-75,UP,aPZT,category-4,sub-a5,24,0,24
2026-11-03,45,plant-A,line-A9,machine-A8,lot-67,UP,bPZT,category-5,sub-b8,20,0,20
2026-11-03,45,plant-A,line-A9,machine-A8,lot-67,DN,bPZT,category-2,sub-b10,4,0,4
2026-11-03,45,plant-A,line-A10,machine-A7,lot-1,DN,aPZT,category-5,sub-a7,10,0,10
2026-11-03,45,plant-B,line-B7,machine-B6,lot-57,DN,bPZT,category-4,sub-b6,38,0,38
2026-11-03,45,plant-A,line-A2,machine-A4,lot-72,UP,aPZT,category-5,sub-a7,36,0,36
2026-11-03,45,plant-B,line-B8,machine-B5,lot-91,UP,bPZT,category-2,sub-b5,13,0,13
2026-11-03,45,plant-B,line-B2,machine-B6,lot-27,DN,bPZT,pass,pass,0,2695,2717
2026-11-03,45,plant-B,line-B2,machine-B5,lot-80,DN,bPZT,category-3,sub-b4,7,0,7
2026-11-03,45,plant-A,line-A4,machine-A3,lot-98,DN,bPZT,category-5,sub-b9,38,0,38
2026-11-03,45,plant-B,line-B7,machine-B2,lot-99,UP,bPZT,category-1,sub-b4,29,0,29
2026-11-03,45,plant-B,line-B6,machine-B7,lot-73,UP,bPZT,category-3,sub-b7,2,0,2
2026-11-03,45,plant-A,line-A4,machine-A1,lot-48,UP,aPZT,pass,pass,0,2479,2611
2026-11-03,45,plant-A,line-A2,machine-A4,lot-72,DN,aPZT,category-2,sub-a7,25,0,25
2026-11-03,45,plant-A,line-A4,machine-A4,lot-97,UP,bPZT,category-1,sub-b4,21,0,21
2026-11-03,45,plant-B,line-B7,machine-B2,lot-99,DN,aPZT,category-4,sub-a5,40,0,40
2026-11-03,45,plant-A,line-A9,machine-A9,lot-41,UP,bPZT,category-1,sub-b3,31,0,31
2026-11-03,45,plant-B,line-B2,machine-B6,lot-27,DN,bPZT,category-4,sub-b1,9,0,9
2026-11-03,45,plant-B,line-B1,machine-B5,lot-62,DN,aPZT,category-5,sub-a7,6,0,6
2026-11-03,45,plant-B,line-B7,machine-B6,lot-57,UP,aPZT,category-1,sub-a8,34,0,34
2026-11-03,45,plant-A,line-A8,machine-A5,lot-83,UP,bPZT,pass,pass,0,2865,2939
2026-11-03,45,plant-A,line-A2,machine-A5,lot-92,DN,aPZT,pass,pass,0,2894,2930
2026-11-03,45,plant-B,line-B1,machine-B7,lot-17,UP,aPZT,category-3,sub-a1,36,0,36
2026-11-03,45,plant-A,line-A8,machine-A8,lot-23,UP,aPZT,category-2,sub-a10,3,0,3
2026-11-03,45,plant-A,line-A9,machine-A8,lot-67,DN,aPZT,category-2,sub-a8,25,0,25
2026-11-03,45,plant-A,line-A4,machine-A1,lot-48,UP,aPZT,category-4,sub-a5,27,0,27
2026-11-03,45,plant-A,line-A4,machine-A4,lot-97,DN,bPZT,category-2,sub-b4,34,0,34
2026-11-03,45,plant-B,line-B5,machine-B6,lot-75,UP,bPZT,category-5,sub-b3,40,0,40
2026-11-03,45,plant-B,line-B7,machine-B2,lot-99,DN,aPZT,pass,pass,0,2165,2261
2026-11-03,45,plant-A,line-A1,machine-A6,lot-79,DN,bPZT,category-1,sub-b9,15,0,15
2026-11-03,45,plant-B,line-B6,machine-B7,lot-73,DN,aPZT,pass,pass,0,2176,2223
2026-11-03,45,plant-A,line-A4,machine-A4,lot-97,DN,bPZT,category-5,sub-b1,36,0,36
2026-11-03,45,plant-A,line-A6,machine-A3,lot-64,UP,bPZT,category-4,sub-b10,8,0,8
2026-11-03,45,plant-A,line-A4,machine-A3,lot-98,DN,bPZT,pass,pass,0,2668,2747
2026-11-03,45,plant-A,line-A4,machine-A3,lot-98,DN,bPZT,category-2,sub-b2,24,0,24
2026-11-03,45,plant-A,line-A9,machine-A8,lot-67,Dn,bPZT,category-4,,28,0,28
2026-11-03,45,plant-A,line-A2,machine-A5,lot-92,UP,aPZT,category-1,sub-a3,32,0,32
2026-11-03,45,plant-A,line-A4,machine-A1,lot-48,UP,bPZT,pass,pass,0,2479,2532
2026-11-03,45,plant-B,line-B6,machine-B7,lot-73,UP,bPZT,category-5,sub-b6,33,0,33
2026-11-03,45,plant-B,line-B2,machine-B8,lot-63,DN,bPZT,category-2,sub-b7,30,0,30
2026-11-03,45,plant-A,line-A10,machine-A7,lot-1,UP,aPZT,category-1,sub-a3,8,0,8
2026-11-03,45,plant-A,line-A4,machine-A4,lot-97,UP,aPZT,pass,pass,0,2567,2698
2026-11-03,45,plant-A,line-A7,machine-A8,lot-85,UP,aPZT,category-1,sub-a9,31,0,31
2026-11-03,45,plant-A,line-A4,machine-A1,lot-48,DN,bPZT,category-5,sub-b2,38,0,38
2026-11-03,45,plant-B,line-B5,machine-B6,lot-75,DN,bPZT,category-1,sub-b4,11,0,11
2026-11-03,45,plant-A,line-A10,machine-A7,lot-1,UP,aPZT,category-2,sub-a8,33,0,33
2026-11-03,45,plant-A,line-A2,machine-A5,lot-92,UP,bPZT,pass,pass,0,2894,3002
2026-11-03,45,plant-A,line-A4,machine-A4,lot-97,UP,bPZT,pass,pass,0,2567,2570
2026-11-03,45,plant-A,line-A9,machine-A8,lot-67,DN,bPZT,category-5,sub-b5,22,0,22
2026-11-03,45,plant-A,line-A2,machine-A5,lot-92,DN,aPZT,category-3,sub-a8,19,0,19
2026-11-03,45,plant-B,line-B8,machine-B5,lot-91,UP,bPZT,category-3,sub-b6,37,0,37
2026-11-03,45,plant-A,line-A6,machine-A3,lot-64,DN,bPZT,category-4,sub-b7,15,0,15
2026-11-03,45,plant-B,line-B2,machine-B5,lot-80,DN,bPZT,category-4,sub-b7,2,0,2
2026-11-03,45,plant-A,line-A2,machine-A4,lot-72,DN,bPZT,category-4,sub-b6,26,0,26
2026-11-03,45,plant-B,line-B1,machine-B7,lot-17,DN,aPZT,pass,pass,0,2792,2799
2026-11-03,45,plant-A,line-A1,machine-A6,lot-79,UP,bPZT,pass,pass,0,2177,2187
2026-11-03,45,plant-A,line-A5,machine-A8,lot-89,UP,aPZT,category-3,sub-a10,33,0,33
2026-11-03,45,plant-B,line-B2,machine-B5,lot-80,UP,bPZT,category-2,sub-b8,15,0,15
2026-11-03,45,plant-B,line-B1,machine-B5,lot-62,DN,bPZT,category-4,sub-b8,6,0,6
2026-11-03,45,plant-B,line-B2,machine-B5,lot-80,UP,aPZT,category-2,sub-a3,5,0,5
2026-11-03,45,plant-A,line-A5,machine-A8,lot-89,DN,aPZT,pass,pass,0,2246,2275
2026-11-03,45,plant-B,line-B2,machine-B5,lot-80,UP,bPZT,pass,pass,0,2129,2195
2026-11-03,45,plant-B,line-B8,machine-B5,lot-91,UP,bPZT,category-2,sub-b8,28,0,28
2026-11-03,45,plant-A,line-A2,machine-A5,lot-92,UP,bPZT,category-5,sub-b2,36,0,36
2026-11-03,45,plant-B,line-B7,machine-B6,lot-57,DN,bPZT,category-1,sub-b4,25,0,25
2026-11-03,45,plant-A,line-A5,machine-A8,lot-89,DN,bPZT,pass,pass,0,2246,2309
2026-11-03,45,plant-B,line-B7,machine-B2,lot-99,DN,bPZT,category-2,sub-b7,3,0,3
2026-11-03,45,plant-A,line-A8,machine-A5,lot-83,DN,aPZT,pass,pass,0,2865,2896
2026-11-03,45,plant-B,line-B1,machine-B7,lot-17,DN,aPZT,category-5,sub-a8,29,0,29
2026-11-03,45,plant-B,line-B1,machine-B5,lot-62,UP,aPZT,category-2,sub-a6,31,0,31
2026-11-03,45,plant-B,line-B2,machine-B6,lot-27,DN,aPZT,category-2,sub-a3,8,0,8
2026-11-03,45,plant-A,line-A10,machine-A7,lot-1,UP,bPZT,pass,pass,0,2125,2196
2026-11-03,45,plant-A,line-A8,machine-A8,lot-23,UP,bPZT,category-3,sub-b3,7,0,7
2026-11-03,45,plant-A,line-A4,machine-A1,lot-48,UP,bPZT,category-5,sub-b5,32,0,32
2026-11-03,45,plant-B,line-B1,machine-B7,lot-17,UP,aPZT,category-1,,37,0,37
2026-11-03,45,plant-B,line-B5,machine-B6,lot-75,DN,bPZT,category-5,sub-b9,13,0,13
2026-11-03,45,plant-A,line-A9,machine-A8,lot-67,UP,aPZT,pass,pass,0,2195,2269
2026-11-03,45,plant-A,line-A2,machine-A4,lot-72,UP,aPZT,category-1,sub-a6,29,0,29
2026-11-03,45,plant-B,line-B5,machine-B6,lot-75,UP,aPZT,category-4,sub-a3,9,0,9
2026-11-03,45,plant-B,line-B1,machine-B5,lot-62,dn,aPZT,category-1,sub-a5,14,0,14
2026-11-03,45,plant-A,line-A4,machine-A4,lot-97,UP,aPZT,category-4,sub-a4,3,0,3
2026-11-03,45,plant-B,line-B7,machine-B2,lot-99,DN,bPZT,pass,pass,0,2165,2290
2026-11-03,45,plant-A,line-A5,machine-A8,lot-89,UP,bPZT,category-3,sub-b4,19,0,19
2026-11-03,45,plant-A,line-A9,machine-A9,lot-41,DN,bPZT,pass,pass,0,2782,2812
2026-11-03,45,plant-B,line-B8,machine-B5,lot-91,DN,bPZT,pass,pass,0,2480,2513
2026-11-03,45,plant-A,line-A9,machine-A9,lot-41,DN,aPZT,pass,pass,0,2782,2847
2026-11-03,45,plant-A,line-A2,machine-A5,lot-92,UP,aPZT,category-2,sub-a1,13,0,13
2026-11-03,45,plant-B,line-B5,machine-B6,lot-75,UP,aPZT,category-4,sub-a2,22,0,22
2026-11-03,45,plant-A,line-A2,machine-A9,lot-95,UP,aPZT,pass,pass,0,2300,2314
2026-11-03,45,plant-A,line-A2,machine-A5,lot-92,DN,aPZT,category-5,sub-a10,36,0,36
2026-11-03,45,plant-A,line-A7,machine-A8,lot-85,UP,bPZT,category-1,sub-b6,7,0,7
2026-11-03,45,plant-A,line-A9,machine-A9,lot-41,DN,aPZT,category-2,sub-a4,4,0,4
2026-11-03,45,plant-B,line-B6,machine-B7,lot-73,DN,bPZT,category-3,sub-b5,5,0,5
2026-11-03,45,plant-A,line-A2,machine-A4,lot-72,UP,aPZT,category-3,sub-a5,19,0,19
2026-11-03,45,plant-A,line-A7,machine-A8,lot-85,UP,aPZT,category-2,,26,0,26
2026-11-03,45,plant-A,line-A2,machine-A9,lot-95,DN,bPZT,category-1,sub-b6,14,0,14
2026-11-03,45,plant-A,line-A10,machine-A7,lot-1,UP,bPZT,category-3,sub-b7,29,0,29
2026-11-03,45,plant-B,line-B1,machine-B5,lot-62,UP,aPZT,category-3,sub-a3,24,0,24
2026-11-03,45,plant-B,line-B2,machine-B5,lot-80,UP,aPZT,pass,pass,0,2129,2153
2026-11-03,45,plant-A,line-A2,machine-A9,lot-95,UP,aPZT,category-4,sub-a3,30,0,30
2026-11-03,45,plant-A,line-A6,machine-A3,lot-64,up,bPZT,category-2,sub-b5,33,0,33
2026-11-03,45,plant-B,line-B6,machine-B7,lot-73,DN,aPZT,category-2,sub-a7,27,0,27
2026-11-03,45,plant-B,line-B2,machine-B8,lot-63,DN,aPZT,category-5,sub-a9,18,0,18
2026-11-03,45,plant-B,line-B2,machine-B6,lot-27,UP,bPZT,category-5,sub-b3,8,0,8
2026-11-03,45,plant-A,line-A10,machine-A7,lot-1,UP,bPZT,category-2,sub-b3,11,0,11
2026-11-03,45,plant-B,line-B7,machine-B2,lot-99,UP,bPZT,category-5,sub-b2,29,0,29
2026-11-03,45,plant-B,line-B1,machine-B7,lot-17,DN,bPZT,category-4,sub-b6,7,0,7
2026-11-03,45,plant-A,line-A2,machine-A4,lot-72,DN,aPZT,category-5,sub-a2,7,0,7
2026-11-03,45,plant-B,line-B2,machine-B5,lot-80,DN,aPZT,category-3,sub-a3,26,0,26
2026-11-03,45,plant-B,line-B7,machine-B2,lot-99,UP,aPZT,category-5,sub-a7,32,0,32
2026-11-03,45,plant-B,line-B1,machine-B5,lot-62,DN,bPZT,pass,pass,0,2167,2260
2026-11-03,45,plant-A,line-A5,machine-A8,lot-89,UP,aPZT,category-5,sub-a3,8,0,8
2026-11-03,45,plant-B,line-B7,machine-B2,lot-99,UP,bPZT,category-2,sub-b10,6,0,6
2026-11-03,45,plant-B,line-B1,machine-B7,lot-17,UP,aPZT,category-3,sub-a4,40,0,40
2026-11-03,45,plant-A,line-A2,machine-A5,lot-92,UP,aPZT,category-3,sub-a5,7,0,7
2026-11-03,45,plant-B,line-B1,machine-B7,lot-17,DN,bPZT,pass,pass,0,2792,2980
2026-11-03,45,plant-B,line-B7,machine-B6,lot-57,DN,bPZT,pass,pass,0,2429,2469
2026-11-03,45,plant-A,line-A7,machine-A8,lot-85,UP,aPZT,category-3,sub-a9,5,0,5
2026-11-03,45,plant-A,line-A4,machine-A3,lot-98,DN,aPZT,category-2,sub-a7,22,0,22
2026-11-03,45,plant-A,line-A4,machine-A1,lot-48,DN,bPZT,category-3,sub-b10,22,0,22
2026-11-03,45,plant-A,line-A8,machine-A5,lot-83,DN,aPZT,category-3,sub-a4,22,0,22
2026-11-03,45,plant-A,line-A4,machine-A1,lot-48,UP,aPZT,category-1,sub-a4,16,0,16
2026-11-03,45,plant-A,line-A1,machine-A6,lot-79,UP,bPZT,category-2,sub-b9,10,0,10
2026-11-03,45,plant-B,line-B2,machine-B8,lot-63,DN,aPZT,category-1,sub-a5,3,0,3
2026-11-03,45,plant-A,line-A2,machine-A9,lot-95,UP,bPZT,pass,pass,0,2300,2449
2026-11-03,45,plant-A,line-A5,machine-A8,lot-89,DN,aPZT,category-5,sub-a10,14,0,14
2026-11-03,45,plant-B,line-B2,machine-B6,lot-27,UP,aPZT,category-2,sub-a1,1,0,1
2026-11-03,45,plant-B,line-B7,machine-B2,lot-99,DN,bPZT,category-2,sub-b6,29,0,29
2026-11-03,45,plant-A,line-A10,machine-A7,lot-1,DN,bPZT,category-5,sub-b6,8,0,8
2026-11-03,45,plant-A,line-A4,machine-A3,lot-98,UP,aPZT,category-2,sub-a5,15,0,15
2026-11-03,45,plant-B,line-B5,machine-B6,lot-75,DN,aPZT,pass,pass,0,2134,2198
2026-11-03,45,plant-B,line-B7,machine-B2,lot-99,UP,aPZT,category-2,sub-a5,31,0,31
2026-11-03,45,plant-B,line-B2,machine-B5,lot-80,UP,aPZT,category-3,sub-a4,35,0,35
2026-11-03,45,plant-B,line-B7,machine-B6,lot-57,UP,aPZT,pass,pass,0,2429,2524
2026-11-03,45,plant-A,line-A8,machine-A8,lot-23,DN,aPZT,pass,pass,0,2173,2248
2026-11-03,45,plant-A,line-A4,machine-A3,lot-98,DN,aPZT,category-5,sub-a2,15,0,15
2026-11-03,45,plant-A,line-A2,machine-A9,lot-95,UP,aPZT,category-2,sub-a6,1,0,1
2026-11-03,45,plant-B,line-B5,machine-B6,lot-75,DN,bPZT,pass,pass,0,2134,2222
2026-11-03,45,plant-A,line-A10,machine-A7,lot-1,DN,aPZT,pass,pass,0,2125,2198
2026-11-03,45,plant-A,line-A4,machine-A3,lot-98,UP,aPZT,pass,pass,0,2668,2760
2026-11-03,45,plant-B,line-B6,machine-B7,lot-73,UP,bPZT,pass,pass,0,2176,2203
2026-11-03,45,plant-B,line-B2,machine-B8,lot-63,UP,aPZT,category-2,sub-a6,16,0,16
2026-11-03,45,plant-A,line-A6,machine-A3,lot-64,UP,bPZT,category-3,sub-b4,25,0,25
2026-11-03,45,plant-A,line-A2,machine-A9,lot-95,UP,aPZT,category-1,sub-a7,26,0,26
2026-11-03,45,plant-B,line-B5,machine-B6,lot-75,DN,aPZT,category-2,sub-a8,33,0,33
2026-11-03,45,plant-A,line-A9,machine-A9,lot-41,DN,bPZT,category-2,sub-b9,34,0,34
2026-11-03,45,plant-A,line-A8,machine-A5,lot-83,Up,aPZT,category-5,sub-a4,12,0,12
2026-11-03,45,plant-A,line-A8,machine-A5,lot-83,DN,bPZT,category-4,sub-b8,31,0,31
2026-11-03,45,plant-A,line-A2,machine-A9,lot-95,DN,aPZT,category-3,sub-a7,20,0,20
2026-11-03,45,plant-A,line-A8,machine-A8,lot-23,UP,bPZT,category-3,sub-b6,23,0,23
2026-11-04,45,plant-A,line-A5,machine-A7,lot-11,UP,aPZT,pass,pass,0,2296,2299
2026-11-04,45,plant-A,line-A1,machine-A1,lot-2,DN,bPZT,pass,pass,0,2534,2556
2026-11-04,45,plant-A,line-A1,machine-A1,lot-2,UP,bPZT,category-1,sub-b2,17,0,17
2026-11-04,45,plant-B,line-B7,machine-B3,lot-16,DN,bPZT,pass,pass,0,2071,2118
2026-11-04,45,plant-B,line-B9,machine-B9,lot-20,DN,aPZT,pass,pass,0,2537,2615
2026-11-04,45,plant-B,line-B8,machine-B4,lot-12,DN,aPZT,category-2,sub-a1,13,0,13
2026-11-04,45,plant-B,line-B5,machine-B7,lot-58,UP,bPZT,category-4,sub-b2,14,0,14
2026-11-04,45,plant-A,line-A6,machine-A8,lot-87,DN,aPZT,category-4,sub-a3,37,0,37
2026-11-04,45,plant-B,line-B1,machine-B2,lot-7,UP,bPZT,category-5,sub-b7,29,0,29
2026-11-04,45,plant-A,line-A7,machine-A6,lot-70,UP,aPZT,category-1,sub-a10,23,0,23
2026-11-04,45,plant-B,line-B5,machine-B7,lot-58,DN,bPZT,pass,pass,0,2750,2822
2026-11-04,45,plant-A,line-A9,machine-A9,lot-76,DN,aPZT,category-4,sub-a4,1,0,1
2026-11-04,45,plant-B,line-B5,machine-B7,lot-58,DN,bPZT,category-4,sub-b1,19,0,19
2026-11-04,45,plant-B,line-B2,machine-B3,lot-32,Dn,aPZT,pass,pass,0,2480,2532
2026-11-04,45,plant-A,line-A9,machine-A3,lot-92,DN,aPZT,category-4,sub-a3,17,0,17
2026-11-04,45,plant-B,line-B9,machine-B9,lot-20,UP,aPZT,category-3,sub-a6,12,0,12
2026-11-04,45,plant-A,line-A10,machine-A6,lot-93,UP,aPZT,category-2,sub-a1,20,0,20
2026-11-04,45,plant-B,line-B7,machine-B2,lot-83,Dn,aPZT,category-4,,8,0,8
2026-11-04,45,plant-A,line-A7,machine-A6,lot-70,UP,bPZT,category-1,sub-b2,36,0,36
2026-11-04,45,plant-A,line-A5,machine-A7,lot-11,DN,aPZT,category-4,sub-a5,36,0,36
2026-11-04,45,plant-A,line-A6,machine-A3,lot-23,DN,bPZT,category-1,sub-b9,11,0,11
2026-11-04,45,plant-A,line-A6,machine-A8,lot-87,DN,aPZT,category-1,sub-a7,3,0,3
2026-11-04,45,plant-A,line-A9,machine-A9,lot-76,DN,bPZT,pass,pass,0,2781,2892
2026-11-04,45,plant-B,line-B4,machine-B7,lot-1,DN,aPZT,category-3,sub-a2,19,0,19
2026-11-04,45,plant-B,line-B1,machine-B2,lot-7,DN,aPZT,category-4,sub-a4,31,0,31
2026-11-04,45,plant-B,line-B4,machine-B7,lot-1,DN,aPZT,pass,pass,0,2994,3022
2026-11-04,45,plant-A,line-A6,machine-A8,lot-98,UP,aPZT,category-5,sub-a7,11,0,11
2026-11-04,45,plant-A,line-A6,machine-A8,lot-98,DN,aPZT,pass,pass,0,2139,2145
2026-11-04,45,plant-A,line-A6,machine-A8,lot-98,DN,aPZT,category-1,sub-a3,25,0,25
2026-11-04,45,plant-B,line-B1,machine-B2,lot-7,dN,aPZT,category-4,,38,0,38
2026-11-04,45,plant-B,line-B9,machine-B9,lot-20,DN,bPZT,category-4,sub-b5,18,0,18
2026-11-04,45,plant-B,line-B2,machine-B9,lot-65,UP,bPZT,category-4,sub-b5,37,0,37
2026-11-04,45,plant-B,line-B3,machine-B9,lot-37,DN,bPZT,category-2,sub-b5,16,0,16
2026-11-04,45,plant-A,line-A9,machine-A9,lot-76,UP,aPZT,category-1,sub-a3,3,0,3
2026-11-04,45,plant-A,line-A6,machine-A8,lot-98,UP,aPZT,category-5,sub-a4,35,0,35
2026-11-04,45,plant-B,line-B5,machine-B7,lot-58,DN,aPZT,category-1,sub-a10,34,0,34
2026-11-04,45,plant-A,line-A10,machine-A5,lot-42,DN,bPZT,category-3,sub-b8,15,0,15
2026-11-04,45,plant-A,line-A10,machine-A6,lot-93,UP,aPZT,pass,pass,0,2386,2424
2026-11-04,45,plant-B,line-B10,machine-B10,lot-53,DN,bPZT,category-1,sub-b1,20,0,20
2026-11-04,45,plant-B,line-B4,machine-B7,lot-1,uP,aPZT,category-4,sub-a3,8,0,8
2026-11-04,45,plant-A,line-A5,machine-A7,lot-11,UP,aPZT,category-5,sub-a8,26,0,26
2026-11-04,45,plant-B,line-B10,machine-B10,lot-53,UP,aPZT,category-3,sub-a7,21,0,21
2026-11-04,45,plant-B,line-B4,machine-B7,lot-1,UP,aPZT,category-4,sub-a9,17,0,17
2026-11-04,45,plant-B,line-B2,machine-B3,lot-32,UP,bPZT,category-2,sub-b5,17,0,17
2026-11-04,45,plant-A,line-A9,machine-A3,lot-92,UP,aPZT,pass,,0,2325,2426
2026-11-04,45,plant-A,line-A10,machine-A5,lot-42,UP,aPZT,category-2,sub-a6,9,0,9
2026-11-04,45,plant-A,line-A3,machine-A7,lot-94,UP,aPZT,category-1,,19,0,19
2026-11-04,45,plant-B,line-B3,machine-B9,lot-37,UP,bPZT,category-5,sub-b2,27,0,27
2026-11-04,45,plant-A,line-A3,machine-A7,lot-94,UP,bPZT,category-5,sub-b6,12,0,12
2026-11-04,45,plant-A,line-A5,machine-A7,lot-11,UP,aPZT,category-5,sub-a5,6,0,6
2026-11-04,45,plant-B,line-B8,machine-B5,lot-85,DN,bPZT,category-4,sub-b8,18,0,18
2026-11-04,45,plant-A,line-A6,machine-A8,lot-98,UP,bPZT,pass,pass,0,2139,2285
2026-11-04,45,plant-A,line-A6,machine-A8,lot-98,UP,aPZT,category-1,sub-a6,24,0,24
2026-11-04,45,plant-A,line-A10,machine-A6,lot-93,UP,bPZT,pass,pass,0,2386,2453
2026-11-04,45,plant-B,line-B7,machine-B3,lot-16,UP,aPZT,category-5,sub-a1,7,0,7
2026-11-04,45,plant-B,line-B9,machine-B9,lot-20,UP,bPZT,category-3,sub-b7,2,0,2
2026-11-04,45,plant-B,line-B7,machine-B3,lot-16,UP,bPZT,category-5,sub-b3,21,0,21
2026-11-04,45,plant-B,line-B3,machine-B9,lot-37,DN,aPZT,category-3,sub-a7,22,0,22
2026-11-04,45,plant-A,line-A9,machine-A9,lot-76,UP,bPZT,category-4,sub-b9,4,0,4
2026-11-04,45,plant-A,line-A5,machine-A7,lot-11,DN,aPZT,category-2,sub-a1,9,0,9
2026-11-04,45,plant-A,line-A1,machine-A1,lot-2,DN,aPZT,pass,pass,0,2534,2551
2026-11-04,45,plant-B,line-B8,machine-B5,lot-85,DN,aPZT,category-1,sub-a8,31,0,31
2026-11-04,45,plant-B,line-B7,machine-B3,lot-16,DN,bPZT,category-1,sub-b10,35,0,35
2026-11-04,45,plant-A,line-A5,machine-A7,lot-11,UP,bPZT,pass,pass,0,2296,2460
2026-11-04,45,plant-B,line-B9,machine-B9,lot-20,UP,bPZT,category-4,sub-b6,21,0,21
2026-11-04,45,plant-B,line-B8,machine-B4,lot-12,DN,aPZT,category-5,sub-a7,36,0,36
2026-11-04,45,plant-B,line-B7,machine-B2,lot-83,DN,aPZT,category-3,sub-a3,25,0,25
2026-11-04,45,plant-A,line-A9,machine-A9,lot-76,UP,aPZT,category-4,sub-a9,29,0,29
2026-11-04,45,plant-A,line-A6,machine-A8,lot-98,dn,aPZT,category-5,sub-a7,36,0,36
2026-11-04,45,plant-B,line-B3,machine-B9,lot-37,UP,aPZT,pass,pass,0,2615,2764
2026-11-04,45,plant-A,line-A10,machine-A5,lot-42,DN,aPZT,category-1,sub-a1,15,0,15
2026-11-04,45,plant-B,line-B2,machine-B7,lot-97,UP,bPZT,category-4,sub-b6,17,0,17
2026-11-04,45,plant-A,line-A1,machine-A1,lot-2,DN,aPZT,category-4,sub-a8,22,0,22
2026-11-04,45,plant-A,line-A6,machine-A8,lot-87,DN,bPZT,category-3,sub-b6,20,0,20
2026-11-04,45,plant-B,line-B4,machine-B7,lot-1,UP,aPZT,category-3,sub-a4,18,0,18
2026-11-04,45,plant-B,line-B8,machine-B4,lot-12,DN,bPZT,category-3,sub-b9,19,0,19
2026-11-04,45,plant-B,line-B8,machine-B4,lot-12,UP,aPZT,pass,pass,0,2623,2642
2026-11-04,45,plant-B,line-B8,machine-B5,lot-85,DN,aPZT,pass,pass,0,2625,2681
2026-11-04,45,plant-B,line-B2,machine-B3,lot-32,UP,bPZT,category-2,sub-b2,29,0,29
2026-11-04,45,plant-B,line-B2,machine-B7,lot-97,UP,bPZT,category-1,sub-b6,10,0,10
2026-11-04,45,plant-A,line-A10,machine-A6,lot-93,DN,aPZT,category-4,sub-a10,24,0,24
2026-11-04,45,plant-B,line-B3,machine-B9,lot-37,UP,aPZT,category-5,sub-a2,18,0,18
2026-11-04,45,plant-B,line-B10,machine-B10,lot-53,dn,aPZT,category-3,,28,0,28
2026-11-04,45,plant-B,line-B5,machine-B7,lot-58,DN,aPZT,category-5,sub-a3,38,0,38
2026-11-04,45,plant-A,line-A10,machine-A6,lot-93,UP,bPZT,category-3,sub-b10,3,0,3
2026-11-04,45,plant-B,line-B4,machine-B7,lot-1,DN,bPZT,pass,pass,0,2994,3099
2026-11-04,45,plant-B,line-B2,machine-B9,lot-65,UP,bPZT,pass,pass,0,2610,2637
2026-11-04,45,plant-B,line-B10,machine-B10,lot-53,UP,bPZT,pass,pass,0,2667,2735
2026-11-04,45,plant-A,line-A4,machine-A8,lot-24,DN,aPZT,category-3,sub-a2,2,0,2
2026-11-04,45,plant-B,line-B3,machine-B9,lot-37,UP,bPZT,pass,pass,0,2615,2655
2026-11-04,45,plant-A,line-A7,machine-A6,lot-70,UP,aPZT,category-5,sub-a5,40,0,40
2026-11-04,45,plant-B,line-B7,machine-B3,lot-16,DN,bPZT,category-2,sub-b9,8,0,8
2026-11-04,45,plant-A,line-A5,machine-A7,lot-11,UP,aPZT,category-4,sub-a2,2,0,2
2026-11-04,45,plant-A,line-A6,machine-A8,lot-98,UP,aPZT,category-5,sub-a4,12,0,12
2026-11-04,45,plant-B,line-B5,machine-B7,lot-58,DN,bPZT,category-3,sub-b2,37,0,37
2026-11-04,45,plant-B,line-B3,machine-B9,lot-37,DN,bPZT,category-2,sub-b3,20,0,20
2026-11-04,45,plant-B,line-B2,machine-B7,lot-97,DN,aPZT,pass,pass,0,2102,2173
2026-11-04,45,plant-B,line-B10,machine-B10,lot-53,UP,aPZT,category-1,sub-a8,19,0,19
2026-11-04,45,plant-B,line-B7,machine-B3,lot-16,UP,bPZT,category-5,sub-b3,37,0,37
2026-11-04,45,plant-B,line-B2,machine-B9,lot-65,UP,aPZT,category-5,sub-a3,27,0,27
2026-11-04,45,plant-B,line-B8,machine-B5,lot-85,DN,aPZT,category-1,sub-a5,25,0,25
2026-11-04,45,plant-B,line-B7,machine-B2,lot-83,UP,bPZT,pass,pass,0,2025,2100
2026-11-04,45,plant-B,line-B2,machine-B3,lot-32,DN,aPZT,category-1,sub-a8,29,0,29
2026-11-04,45,plant-B,line-B1,machine-B2,lot-7,DN,aPZT,category-3,sub-a2,4,0,4
2026-11-04,45,plant-A,line-A9,machine-A9,lot-76,Dn,aPZT,category-4,sub-a9,16,0,16
2026-11-04,45,plant-A,line-A5,machine-A7,lot-11,UP,bPZT,category-2,sub-b3,3,0,3
2026-11-04,45,plant-B,line-B9,machine-B9,lot-20,UP,bPZT,category-1,sub-b7,33,0,33
2026-11-04,45,plant-A,line-A3,machine-A7,lot-94,DN,bPZT,category-4,sub-b4,24,0,24
2026-11-04,45,plant-B,line-B1,machine-B2,lot-7,UP,bPZT,pass,pass,0,2271,2351
2026-11-04,45,plant-A,line-A7,machine-A6,lot-70,DN,aPZT,category-5,sub-a2,8,0,8
2026-11-04,45,plant-A,line-A3,machine-A7,lot-94,DN,aPZT,category-2,sub-a10,4,0,4
2026-11-04,45,plant-A,line-A10,machine-A5,lot-42,UP,aPZT,pass,pass,0,2342,2397
2026-11-04,45,plant-B,line-B10,machine-B10,lot-53,Up,bPZT,category-4,,16,0,16
2026-11-04,45,plant-B,line-B3,machine-B9,lot-37,DN,bPZT,category-3,sub-b1,31,0,31
2026-11-04,45,plant-A,line-A9,machine-A3,lot-92,UP,bPZT,category-1,sub-b9,8,0,8
2026-11-04,45,plant-B,line-B3,machine-B9,lot-37,UP,bPZT,category-4,sub-b4,39,0,39
2026-11-04,45,plant-B,line-B2,machine-B3,lot-32,UP,bPZT,category-5,sub-b7,6,0,6
2026-11-04,45,plant-B,line-B8,machine-B5,lot-85,UP,aPZT,category-3,sub-a10,10,0,10
2026-11-04,45,plant-A,line-A10,machine-A5,lot-42,UP,bPZT,category-1,sub-b2,40,0,40
2026-11-04,45,plant-B,line-B8,machine-B4,lot-12,dN,bPZT,pass,,0,2623,2691
2026-11-04,45,plant-A,line-A10,machine-A5,lot-42,UP,bPZT,pass,pass,0,2342,2397
2026-11-04,45,plant-A,line-A6,machine-A3,lot-23,UP,bPZT,pass,pass,0,2316,2385
2026-11-04,45,plant-B,line-B4,machine-B7,lot-1,UP,bPZT,category-1,sub-b3,28,0,28
2026-11-04,45,plant-B,line-B7,machine-B3,lot-16,UP,aPZT,category-4,sub-a3,17,0,17
2026-11-04,45,plant-B,line-B5,machine-B7,lot-58,DN,bPZT,category-1,sub-b8,26,0,26
2026-11-04,45,plant-A,line-A6,machine-A8,lot-87,dN,bPZT,category-3,sub-b1,28,0,28
2026-11-04,45,plant-A,line-A5,machine-A7,lot-11,DN,aPZT,category-1,sub-a7,16,0,16
2026-11-04,45,plant-B,line-B8,machine-B5,lot-85,UP,bPZT,category-4,sub-b10,38,0,38
2026-11-04,45,plant-B,line-B1,machine-B2,lot-7,DN,aPZT,pass,pass,0,2271,2300
2026-11-04,45,plant-B,line-B7,machine-B3,lot-16,DN,aPZT,category-1,sub-a9,10,0,10
2026-11-04,45,plant-B,line-B7,machine-B2,lot-83,UP,aPZT,pass,pass,0,2025,2045
2026-11-04,45,plant-B,line-B4,machine-B7,lot-1,UP,aPZT,category-3,sub-a8,30,0,30
2026-11-04,45,plant-A,line-A10,machine-A6,lot-93,UP,aPZT,category-4,sub-a3,23,0,23
2026-11-04,45,plant-A,line-A6,machine-A8,lot-98,UP,aPZT,category-4,sub-a2,3,0,3
2026-11-04,45,plant-B,line-B2,machine-B7,lot-97,DN,bPZT,category-2,sub-b6,17,0,17
2026-11-04,45,plant-A,line-A7,machine-A6,lot-70,DN,aPZT,category-1,sub-a10,19,0,19
2026-11-04,45,plant-A,line-A7,machine-A6,lot-70,DN,bPZT,pass,pass,0,2935,3036
2026-11-04,45,plant-B,line-B2,machine-B7,lot-97,DN,aPZT,category-5,sub-a1,6,0,6
2026-11-04,45,plant-B,line-B2,machine-B9,lot-65,DN,aPZT,pass,pass,0,2610,2756
2026-11-04,45,plant-A,line-A9,machine-A9,lot-76,DN,aPZT,category-5,sub-a9,2,0,2
2026-11-04,45,plant-A,line-A10,machine-A6,lot-93,DN,bPZT,category-4,sub-b9,35,0,35
2026-11-04,45,plant-B,line-B7,machine-B3,lot-16,UP,aPZT,pass,pass,0,2071,2173
2026-11-04,45,plant-A,line-A6,machine-A3,lot-23,UP,bPZT,category-5,sub-b2,19,0,19
2026-11-04,45,plant-A,line-A5,machine-A7,lot-11,UP,aPZT,category-4,sub-a8,40,0,40
2026-11-04,45,plant-A,line-A6,machine-A3,lot-23,UP,aPZT,category-1,sub-a10,32,0,32
2026-11-04,45,plant-B,line-B8,machine-B5,lot-85,UP,aPZT,category-3,sub-a1,27,0,27
2026-11-04,45,plant-B,line-B1,machine-B2,lot-7,UP,aPZT,category-4,sub-a10,7,0,7
2026-11-04,45,plant-A,line-A5,machine-A7,lot-11,UP,aPZT,category-1,sub-a8,29,0,29
2026-11-04,45,plant-B,line-B2,machine-B7,lot-97,UP,bPZT,category-4,sub-b8,27,0,27
2026-11-04,45,plant-A,line-A6,machine-A8,lot-98,DN,bPZT,category-4,sub-b2,6,0,6
2026-11-04,45,plant-A,line-A6,machine-A8,lot-87,DN,bPZT,pass,pass,0,2086,2126
2026-11-04,45,plant-A,line-A9,machine-A3,lot-92,UP,bPZT,category-2,sub-b3,23,0,23
2026-11-04,45,plant-B,line-B2,machine-B9,lot-65,UP,bPZT,category-3,sub-b10,37,0,37
2026-11-04,45,plant-B,line-B2,machine-B9,lot-65,UP,bPZT,category-3,sub-b7,1,0,1
2026-11-04,45,plant-B,line-B9,machine-B9,lot-20,DN,bPZT,category-3,sub-b3,4,0,4
2026-11-04,45,plant-A,line-A9,machine-A3,lot-92,DN,bPZT,pass,pass,0,2325,2342
2026-11-04,45,plant-B,line-B2,machine-B3,lot-32,dn,bPZT,pass,,0,2480,2509
2026-11-04,45,plant-A,line-A4,machine-A8,lot-24,UP,bPZT,pass,pass,0,2391,2430
2026-11-04,45,plant-A,line-A9,machine-A9,lot-76,UP,aPZT,pass,pass,0,2781,2785
2026-11-04,45,plant-A,line-A4,machine-A8,lot-24,DN,aPZT,category-4,sub-a4,23,0,23
2026-11-04,45,plant-A,line-A10,machine-A5,lot-42,DN,aPZT,category-2,sub-a6,31,0,31
2026-11-04,45,plant-A,line-A3,machine-A7,lot-94,DN,aPZT,pass,pass,0,2308,2344
2026-11-04,45,plant-B,line-B2,machine-B9,lot-65,DN,bPZT,category-5,sub-b2,36,0,36
2026-11-04,45,plant-A,line-A9,machine-A9,lot-76,UP,aPZT,category-3,sub-a6,17,0,17
2026-11-04,45,plant-B,line-B7,machine-B2,lot-83,DN,bPZT,category-4,sub-b5,20,0,20
2026-11-04,45,plant-A,line-A7,machine-A6,lot-70,UP,aPZT,pass,pass,0,2935,2971
2026-11-04,45,plant-A,line-A6,machine-A3,lot-23,UP,aPZT,pass,pass,0,2316,2346
2026-11-04,45,plant-A,line-A7,machine-A6,lot-70,UP,aPZT,category-2,sub-a5,2,0,2
2026-11-04,45,plant-A,line-A4,machine-A8,lot-24,DN,aPZT,category-4,sub-a5,14,0,14
2026-11-04,45,plant-B,line-B8,machine-B4,lot-12,DN,aPZT,category-2,sub-a6,4,0,4
2026-11-04,45,plant-A,line-A4,machine-A8,lot-24,DN,bPZT,category-4,sub-b1,5,0,5
2026-11-04,45,plant-A,line-A3,machine-A7,lot-94,UP,bPZT,pass,pass,0,2308,2341
2026-11-04,45,plant-B,line-B10,machine-B10,lot-53,dN,bPZT,category-3,,22,0,22
2026-11-04,45,plant-B,line-B5,machine-B7,lot-58,UP,bPZT,category-1,sub-b3,37,0,37
2026-11-04,45,plant-B,line-B9,machine-B9,lot-20,DN,bPZT,pass,pass,0,2537,2549
2026-11-04,45,plant-A,line-A7,machine-A6,lot-70,UP,aPZT,category-4,sub-a3,9,0,9
2026-11-04,45,plant-A,line-A3,machine-A7,lot-94,DN,aPZT,category-2,sub-a9,10,0,10
2026-11-04,45,plant-A,line-A4,machine-A8,lot-24,UP,aPZT,pass,pass,0,2391,2396
2026-11-04,45,plant-A,line-A9,machine-A9,lot-76,DN,aPZT,category-4,sub-a8,7,0,7
2026-11-04,45,plant-B,line-B7,machine-B2,lot-83,UP,aPZT,category-3,sub-a2,28,0,28
2026-11-04,45,plant-A,line-A6,machine-A3,lot-23,UP,aPZT,category-1,sub-a6,37,0,37
2026-11-04,45,plant-B,line-B5,machine-B7,lot-58,UP,bPZT,category-1,sub-b1,8,0,8
2026-11-04,45,plant-B,line-B2,machine-B7,lot-97,DN,bPZT,pass,pass,0,2102,2108
2026-11-04,45,plant-B,line-B8,machine-B4,lot-12,UP,aPZT,category-4,sub-a9,15,0,15
2026-11-04,45,plant-B,line-B7,machine-B2,lot-83,DN,aPZT,category-5,sub-a8,14,0,14
2026-11-04,45,plant-A,line-A9,machine-A3,lot-92,UP,bPZT,category-5,sub-b5,20,0,20
2026-11-04,45,plant-B,line-B5,machine-B7,lot-58,DN,aPZT,pass,pass,0,2750,2891
2026-11-04,45,plant-B,line-B7,machine-B3,lot-16,UP,bPZT,category-4,sub-b1,1,0,1
2026-11-04,45,plant-B,line-B2,machine-B9,lot-65,DN,bPZT,category-5,sub-b3,35,0,35
2026-11-04,45,plant-A,line-A9,machine-A3,lot-92,DN,bPZT,category-3,sub-b5,31,0,31
2026-11-04,45,plant-B,line-B7,machine-B3,lot-16,DN,aPZT,category-5,sub-a3,13,0,13
2026-11-04,45,plant-B,line-B8,machine-B5,lot-85,UP,bPZT,pass,pass,0,2625,2718
2026-11-04,45,plant-A,line-A6,machine-A8,lot-87,DN,aPZT,pass,pass,0,2086,2134
2026-11-04,45,plant-B,line-B10,machine-B10,lot-53,DN,aPZT,pass,pass,0,2667,2733
2026-11-04,45,plant-A,line-A9,machine-A3,lot-92,UP,bPZT,category-5,sub-b4,12,0,12
2026-11-04,45,plant-B,line-B10,machine-B10,lot-53,DN,bPZT,category-2,sub-b5,8,0,8
2026-11-04,45,plant-B,line-B4,machine-B7,lot-1,DN,aPZT,category-3,sub-a6,13,0,13
2026-11-04,45,plant-B,line-B3,machine-B9,lot-37,DN,bPZT,category-2,sub-b10,16,0,16
2026-11-04,45,plant-A,line-A9,machine-A9,lot-76,DN,aPZT,category-4,sub-a5,36,0,36
2026-11-04,45,plant-A,line-A9,machine-A3,lot-92,DN,bPZT,category-2,sub-b9,7,0,7
2026-11-05,45,plant-A,line-A4,machine-A2,lot-93,DN,bPZT,category-1,sub-b7,12,0,12
2026-11-05,45,plant-B,line-B4,machine-B5,lot-67,UP,aPZT,category-4,sub-a4,21,0,21
2026-11-05,45,plant-B,line-B9,machine-B10,lot-63,DN,aPZT,category-3,sub-a7,4,0,4
2026-11-05,45,plant-B,line-B7,machine-B4,lot-39,UP,bPZT,category-2,sub-b3,20,0,20
2026-11-05,45,plant-B,line-B6,machine-B9,lot-90,UP,bPZT,category-1,sub-b3,14,0,14
2026-11-05,45,plant-B,line-B10,machine-B5,lot-70,UP,aPZT,category-2,sub-a7,6,0,6
2026-11-05,45,plant-A,line-A7,machine-A1,lot-77,DN,bPZT,category-3,sub-b6,20,0,20
2026-11-05,45,plant-A,line-A7,machine-A1,lot-77,UP,bPZT,pass,pass,0,2139,2174
2026-11-05,45,plant-B,line-B4,machine-B5,lot-67,UP,bPZT,category-4,sub-b9,14,0,14
2026-11-05,45,plant-B,line-B3,machine-B7,lot-54,UP,aPZT,pass,pass,0,2519,2559
2026-11-05,45,plant-B,line-B5,machine-B5,lot-37,Up,bPZT,category-3,,17,0,17
2026-11-05,45,plant-A,line-A7,machine-A2,lot-53,UP,bPZT,pass,pass,0,2772,2793
2026-11-05,45,plant-A,line-A6,machine-A8,lot-17,DN,aPZT,category-2,sub-a1,24,0,24
2026-11-05,45,plant-B,line-B3,machine-B10,lot-38,DN,aPZT,category-2,sub-a3,12,0,12
2026-11-05,45,plant-A,line-A4,machine-A1,lot-49,UP,aPZT,category-2,sub-a2,39,0,39
2026-11-05,45,plant-B,line-B10,machine-B2,lot-86,UP,bPZT,pass,pass,0,2028,2118
2026-11-05,45,plant-A,line-A8,machine-A10,lot-66,UP,bPZT,category-2,sub-b7,24,0,24
2026-11-05,45,plant-A,line-A4,machine-A1,lot-49,UP,bPZT,pass,pass,0,2019,2127
2026-11-05,45,plant-A,line-A6,machine-A8,lot-17,DN,bPZT,category-2,sub-b8,40,0,40
2026-11-05,45,plant-A,line-A6,machine-A5,lot-52,UP,bPZT,category-1,sub-b7,12,0,12
2026-11-05,45,plant-B,line-B5,machine-B2,lot-20,UP,bPZT,category-2,sub-b3,19,0,19
2026-11-05,45,plant-A,line-A6,machine-A5,lot-52,UP,bPZT,pass,pass,0,2057,2112
2026-11-05,45,plant-B,line-B8,machine-B2,lot-96,UP,bPZT,category-2,sub-b8,35,0,35
2026-11-05,45,plant-B,line-B4,machine-B5,lot-67,DN,aPZT,category-5,sub-a3,10,0,10
2026-11-05,45,plant-B,line-B10,machine-B5,lot-70,UP,bPZT,category-5,,6,0,6
2026-11-05,45,plant-B,line-B10,machine-B2,lot-86,DN,aPZT,pass,pass,0,2028,2090
2026-11-05,45,plant-A,line-A4,machine-A2,lot-93,DN,bPZT,category-5,sub-b7,6,0,6
2026-11-05,45,plant-B,line-B7,machine-B4,lot-39,DN,bPZT,category-5,sub-b5,31,0,31
2026-11-05,45,plant-B,line-B6,machine-B9,lot-90,DN,bPZT,category-1,sub-b6,9,0,9
2026-11-05,45,plant-B,line-B10,machine-B5,lot-70,DN,aPZT,category-4,sub-a5,23,0,23
2026-11-05,45,plant-A,line-A3,machine-A2,lot-74,UP,aPZT,category-2,sub-a3,14,0,14
2026-11-05,45,plant-B,line-B7,machine-B4,lot-39,UP,bPZT,category-1,sub-b8,28,0,28
2026-11-05,45,plant-A,line-A6,machine-A5,lot-52,DN,bPZT,category-2,sub-b5,33,0,33
2026-11-05,45,plant-B,line-B10,machine-B2,lot-86,UP,bPZT,category-4,sub-b6,11,0,11
2026-11-05,45,plant-B,line-B5,machine-B5,lot-37,uP,bPZT,category-5,,19,0,19
2026-11-05,45,plant-B,line-B10,machine-B2,lot-86,UP,aPZT,category-1,sub-a10,17,0,17
2026-11-05,45,plant-B,line-B6,machine-B9,lot-90,DN,aPZT,category-4,sub-a2,2,0,2
2026-11-05,45,plant-B,line-B9,machine-B10,lot-63,UP,bPZT,category-4,sub-b5,27,0,27
2026-11-05,45,plant-A,line-A9,machine-A9,lot-76,DN,aPZT,pass,pass,0,2231,2268
2026-11-05,45,plant-B,line-B9,machine-B5,lot-16,UP,bPZT,pass,pass,0,2596,2649
2026-11-05,45,plant-A,line-A3,machine-A2,lot-74,UP,bPZT,pass,pass,0,2250,2264
2026-11-05,45,plant-B,line-B8,machine-B2,lot-96,DN,bPZT,pass,pass,0,2874,2907
2026-11-05,45,plant-B,line-B7,machine-B5,lot-61,DN,bPZT,category-2,sub-b1,39,0,39
2026-11-05,45,plant-B,line-B7,machine-B4,lot-39,DN,aPZT,pass,pass,0,2148,2288
2026-11-05,45,plant-A,line-A9,machine-A9,lot-76,UP,bPZT,pass,pass,0,2231,2322
2026-11-05,45,plant-A,line-A4,machine-A2,lot-93,UP,bPZT,category-5,sub-b7,5,0,5
2026-11-05,45,plant-A,line-A7,machine-A1,lot-77,DN,aPZT,category-4,sub-a3,24,0,24
2026-11-05,45,plant-B,line-B7,machine-B4,lot-39,UP,bPZT,pass,,0,2148,2192
2026-11-05,45,plant-B,line-B10,machine-B2,lot-86,UP,bPZT,category-4,sub-b10,14,0,14
2026-11-05,45,plant-A,line-A6,machine-A5,lot-52,UP,bPZT,category-3,sub-b9,31,0,31
2026-11-05,45,plant-B,line-B5,machine-B2,lot-20,UP,aPZT,category-5,sub-a4,40,0,40
2026-11-05,45,plant-A,line-A9,machine-A9,lot-76,UP,aPZT,category-1,sub-a8,27,0,27
2026-11-05,45,plant-B,line-B7,machine-B5,lot-61,DN,aPZT,category-3,sub-a2,31,0,31
2026-11-05,45,plant-B,line-B3,machine-B10,lot-38,DN,bPZT,pass,pass,0,2402,2414
2026-11-05,45,plant-A,line-A4,machine-A2,lot-93,UP,bPZT,category-4,sub-b2,27,0,27
2026-11-05,45,plant-B,line-B3,machine-B7,lot-54,UP,bPZT,pass,pass,0,2519,2526
2026-11-05,45,plant-B,line-B8,machine-B6,lot-32,UP,aPZT,category-5,sub-a3,6,0,6
2026-11-05,45,plant-B,line-B9,machine-B5,lot-16,DN,aPZT,category-2,sub-a4,24,0,24
2026-11-05,45,plant-B,line-B8,machine-B2,lot-96,UP,aPZT,pass,,0,2874,2981
2026-11-05,45,plant-B,line-B3,machine-B7,lot-54,DN,aPZT,category-4,sub-a6,7,0,7
2026-11-05,45,plant-B,line-B1,machine-B3,lot-19,DN,aPZT,category-4,sub-a6,3,0,3
2026-11-05,45,plant-B,line-B5,machine-B5,lot-37,DN,aPZT,pass,pass,0,2092,2305
2026-11-05,45,plant-B,line-B8,machine-B6,lot-32,DN,aPZT,category-5,sub-a9,38,0,38
2026-11-05,45,plant-A,line-A7,machine-A2,lot-53,UP,bPZT,category-2,sub-b5,34,0,34
2026-11-05,45,plant-A,line-A9,machine-A9,lot-76,DN,aPZT,category-1,sub-a4,36,0,36
2026-11-05,45,plant-B,line-B8,machine-B6,lot-32,DN,bPZT,category-5,sub-b5,5,0,5
2026-11-05,45,plant-B,line-B8,machine-B2,lot-96,UP,bPZT,category-4,sub-b4,18,0,18
2026-11-05,45,plant-B,line-B1,machine-B3,lot-19,UP,bPZT,pass,pass,0,2768,2799
2026-11-05,45,plant-B,line-B3,machine-B10,lot-38,dn,aPZT,pass,,0,2402,2436
2026-11-05,45,plant-A,line-A6,machine-A8,lot-17,UP,bPZT,pass,pass,0,2353,2377
2026-11-05,45,plant-A,line-A8,machine-A10,lot-66,UP,bPZT,category-3,sub-b3,11,0,11
2026-11-05,45,plant-B,line-B8,machine-B2,lot-96,DN,bPZT,category-2,sub-b7,40,0,40
2026-11-05,45,plant-B,line-B5,machine-B5,lot-37,UP,bPZT,category-3,sub-b7,29,0,29
2026-11-05,45,plant-B,line-B3,machine-B10,lot-38,UP,bPZT,category-4,sub-b10,34,0,34
2026-11-05,45,plant-A,line-A7,machine-A2,lot-53,DN,bPZT,category-3,sub-b8,26,0,26
2026-11-05,45,plant-B,line-B5,machine-B2,lot-20,UP,bPZT,category-1,sub-b4,40,0,40
2026-11-05,45,plant-A,line-A8,machine-A10,lot-66,DN,bPZT,category-3,sub-b8,13,0,13
2026-11-05,45,plant-B,line-B8,machine-B6,lot-32,UP,aPZT,category-1,sub-a6,3,0,3
2026-11-05,45,plant-B,line-B7,machine-B4,lot-39,DN,aPZT,category-1,sub-a1,15,0,15
2026-11-05,45,plant-B,line-B8,machine-B6,lot-32,DN,aPZT,pass,pass,0,2629,2668
2026-11-05,45,plant-A,line-A8,machine-A10,lot-66,UP,aPZT,category-4,sub-a6,15,0,15
2026-11-05,45,plant-A,line-A9,machine-A9,lot-76,DN,bPZT,category-4,sub-b10,8,0,8
2026-11-05,45,plant-A,line-A8,machine-A10,lot-66,UP,bPZT,category-4,sub-b10,12,0,12
2026-11-05,45,plant-B,line-B7,machine-B5,lot-61,UP,bPZT,category-2,sub-b7,27,0,27
2026-11-05,45,plant-B,line-B9,machine-B5,lot-16,DN,aPZT,pass,pass,0,2596,2680
2026-11-05,45,plant-A,line-A8,machine-A10,lot-66,DN,bPZT,category-5,sub-b1,31,0,31
2026-11-05,45,plant-B,line-B2,machine-B5,lot-94,DN,bPZT,category-5,sub-b6,13,0,13
2026-11-05,45,plant-A,line-A7,machine-A2,lot-53,UP,aPZT,pass,pass,0,2772,2903
2026-11-05,45,plant-A,line-A7,machine-A2,lot-53,DN,aPZT,category-2,sub-a4,21,0,21
2026-11-05,45,plant-B,line-B9,machine-B5,lot-16,DN,aPZT,category-4,sub-a4,26,0,26
2026-11-05,45,plant-B,line-B8,machine-B6,lot-32,DN,bPZT,category-5,sub-b10,25,0,25
2026-11-05,45,plant-A,line-A6,machine-A5,lot-52,UP,aPZT,pass,pass,0,2057,2217
2026-11-05,45,plant-B,line-B2,machine-B5,lot-94,DN,bPZT,category-1,sub-b8,19,0,19
2026-11-05,45,plant-A,line-A8,machine-A10,lot-66,DN,aPZT,pass,pass,0,2625,2733
2026-11-05,45,plant-B,line-B1,machine-B3,lot-19,UP,aPZT,pass,pass,0,2768,2825
2026-11-05,45,plant-B,line-B5,machine-B5,lot-37,UP,bPZT,category-4,sub-b1,33,0,33
2026-11-05,45,plant-B,line-B10,machine-B5,lot-70,DN,aPZT,category-5,sub-a3,20,0,20
2026-11-05,45,plant-B,line-B9,machine-B5,lot-16,UP,bPZT,category-1,sub-b9,32,0,32
2026-11-05,45,plant-A,line-A4,machine-A1,lot-49,UP,aPZT,category-2,sub-a7,35,0,35
2026-11-05,45,plant-B,line-B8,machine-B2,lot-96,DN,aPZT,category-1,sub-a6,22,0,22
2026-11-05,45,plant-B,line-B4,machine-B5,lot-67,Up,bPZT,category-5,,37,0,37
2026-11-05,45,plant-A,line-A9,machine-A9,lot-76,UP,aPZT,category-1,sub-a2,28,0,28
2026-11-05,45,plant-B,line-B5,machine-B2,lot-20,DN,bPZT,category-2,sub-b2,18,0,18
2026-11-05,45,plant-B,line-B4,machine-B5,lot-67,DN,aPZT,category-4,sub-a6,30,0,30
2026-11-05,45,plant-A,line-A8,machine-A10,lot-66,DN,bPZT,pass,pass,0,2625,2667
2026-11-05,45,plant-B,line-B10,machine-B5,lot-70,DN,aPZT,category-5,sub-a2,39,0,39
2026-11-05,45,plant-B,line-B10,machine-B5,lot-70,DN,aPZT,pass,pass,0,2334,2366
2026-11-05,45,plant-A,line-A8,machine-A10,lot-66,DN,bPZT,category-4,sub-b7,1,0,1
2026-11-05,45,plant-B,line-B8,machine-B6,lot-32,DN,bPZT,pass,pass,0,2629,2681
2026-11-05,45,plant-A,line-A4,machine-A2,lot-93,DN,aPZT,category-2,sub-a6,25,0,25
2026-11-05,45,plant-B,line-B9,machine-B5,lot-16,UP,bPZT,category-3,sub-b2,20,0,20
2026-11-05,45,plant-A,line-A4,machine-A2,lot-93,DN,bPZT,pass,pass,0,2980,3022
2026-11-05,45,plant-B,line-B5,machine-B2,lot-20,DN,bPZT,pass,pass,0,2858,2898
2026-11-05,45,plant-B,line-B4,machine-B5,lot-67,UP,bPZT,pass,pass,0,2696,2757
2026-11-05,45,plant-B,line-B10,machine-B5,lot-70,DN,bPZT,category-2,sub-b9,8,0,8
2026-11-05,45,plant-B,line-B5,machine-B5,lot-37,DN,bPZT,category-3,sub-b7,38,0,38
2026-11-05,45,plant-B,line-B5,machine-B2,lot-20,UP,aPZT,pass,pass,0,2858,2937
2026-11-05,45,plant-B,line-B8,machine-B2,lot-96,UP,bPZT,category-5,sub-b5,14,0,14
2026-11-05,45,plant-A,line-A7,machine-A2,lot-53,DN,bPZT,category-2,sub-b6,14,0,14
2026-11-05,45,plant-A,line-A7,machine-A2,lot-53,DN,bPZT,category-2,sub-b8,25,0,25
2026-11-05,45,plant-A,line-A6,machine-A5,lot-52,UP,aPZT,category-5,sub-a2,33,0,33
2026-11-05,45,plant-B,line-B9,machine-B10,lot-63,DN,bPZT,pass,pass,0,2789,2793
2026-11-05,45,plant-A,line-A6,machine-A5,lot-52,UP,bPZT,category-2,sub-b5,37,0,37
2026-11-05,45,plant-A,line-A7,machine-A1,lot-77,UP,aPZT,category-1,sub-a3,11,0,11
2026-11-05,45,plant-B,line-B8,machine-B6,lot-32,UP,aPZT,category-3,sub-a2,5,0,5
2026-11-05,45,plant-B,line-B7,machine-B5,lot-61,DN,bPZT,category-2,sub-b4,34,0,34
2026-11-05,45,plant-B,line-B6,machine-B9,lot-90,DN,aPZT,category-2,sub-a8,21,0,21
2026-11-05,45,plant-A,line-A4,machine-A1,lot-49,UP,bPZT,category-1,sub-b9,33,0,33
2026-11-05,45,plant-A,line-A8,machine-A10,lot-66,UP,aPZT,category-2,sub-a2,9,0,9
2026-11-05,45,plant-B,line-B9,machine-B5,lot-16,UP,aPZT,category-3,sub-a9,3,0,3
2026-11-05,45,plant-B,line-B7,machine-B4,lot-39,UP,bPZT,category-2,sub-b5,21,0,21
2026-11-05,45,plant-B,line-B7,machine-B5,lot-61,DN,bPZT,category-3,sub-b1,22,0,22
2026-11-05,45,plant-A,line-A4,machine-A1,lot-49,UP,aPZT,category-3,sub-a2,15,0,15
2026-11-05,45,plant-A,line-A6,machine-A5,lot-52,Dn,aPZT,category-1,,7,0,7
2026-11-05,45,plant-B,line-B10,machine-B5,lot-70,UP,bPZT,category-5,sub-b1,8,0,8
2026-11-05,45,plant-B,line-B2,machine-B5,lot-94,UP,bPZT,pass,pass,0,2721,2731
2026-11-05,45,plant-A,line-A4,machine-A1,lot-49,DN,aPZT,category-4,sub-a9,9,0,9
2026-11-05,45,plant-B,line-B10,machine-B5,lot-70,UP,bPZT,category-2,sub-b3,10,0,10
2026-11-05,45,plant-A,line-A8,machine-A10,lot-66,DN,bPZT,category-2,sub-b6,7,0,7
2026-11-05,45,plant-B,line-B10,machine-B5,lot-70,DN,aPZT,category-3,sub-a8,32,0,32
2026-11-05,45,plant-A,line-A6,machine-A5,lot-52,UP,aPZT,category-5,sub-a1,15,0,15
2026-11-05,45,plant-B,line-B1,machine-B3,lot-19,DN,bPZT,category-3,sub-b4,40,0,40
2026-11-05,45,plant-B,line-B4,machine-B5,lot-67,UP,bPZT,category-5,sub-b2,31,0,31
2026-11-05,45,plant-B,line-B6,machine-B9,lot-90,DN,aPZT,pass,pass,0,2436,2477
2026-11-05,45,plant-A,line-A8,machine-A10,lot-66,DN,aPZT,category-4,sub-a2,7,0,7
2026-11-05,45,plant-A,line-A4,machine-A2,lot-93,DN,bPZT,category-1,sub-b9,23,0,23
2026-11-05,45,plant-B,line-B8,machine-B2,lot-96,DN,aPZT,category-1,sub-a8,11,0,11
2026-11-05,45,plant-A,line-A6,machine-A8,lot-17,UP,bPZT,category-2,,38,0,38
2026-11-05,45,plant-B,line-B5,machine-B5,lot-37,UP,bPZT,category-2,sub-b9,28,0,28
2026-11-05,45,plant-B,line-B5,machine-B2,lot-20,DN,bPZT,category-3,sub-b10,2,0,2
2026-11-05,45,plant-B,line-B6,machine-B9,lot-90,DN,bPZT,pass,pass,0,2436,2487
2026-11-05,45,plant-A,line-A6,machine-A5,lot-52,DN,bPZT,category-3,sub-b10,20,0,20
2026-11-05,45,plant-A,line-A6,machine-A8,lot-17,UP,aPZT,pass,pass,0,2353,2433
2026-11-05,45,plant-B,line-B9,machine-B10,lot-63,DN,bPZT,category-1,sub-b7,10,0,10
2026-11-05,45,plant-B,line-B5,machine-B5,lot-37,UP,bPZT,category-4,sub-b1,30,0,30
2026-11-05,45,plant-B,line-B5,machine-B5,lot-37,DN,aPZT,category-5,sub-a9,24,0,24
2026-11-05,45,plant-A,line-A4,machine-A1,lot-49,uP,aPZT,pass,pass,0,2019,2052
2026-11-05,45,plant-B,line-B2,machine-B5,lot-94,DN,aPZT,category-3,sub-a10,10,0,10
2026-11-05,45,plant-B,line-B2,machine-B5,lot-94,UP,aPZT,pass,pass,0,2721,2766
2026-11-05,45,plant-B,line-B5,machine-B5,lot-37,DN,bPZT,pass,pass,0,2092,2116
2026-11-05,45,plant-B,line-B10,machine-B5,lot-70,DN,bPZT,pass,pass,0,2334,2454
2026-11-05,45,plant-B,line-B5,machine-B5,lot-37,DN,bPZT,category-3,sub-b4,3,0,3
2026-11-05,45,plant-B,line-B6,machine-B9,lot-90,DN,aPZT,category-5,sub-a8,28,0,28
2026-11-05,45,plant-B,line-B1,machine-B3,lot-19,DN,bPZT,category-3,sub-b3,17,0,17
2026-11-05,45,plant-B,line-B2,machine-B5,lot-94,DN,bPZT,category-2,sub-b6,13,0,13
2026-11-05,45,plant-A,line-A8,machine-A10,lot-66,DN,bPZT,category-3,sub-b9,9,0,9
2026-11-05,45,plant-B,line-B3,machine-B7,lot-54,DN,bPZT,category-5,sub-b6,40,0,40
2026-11-05,45,plant-A,line-A3,machine-A2,lot-74,UP,bPZT,category-5,sub-b2,2,0,2
2026-11-05,45,plant-A,line-A4,machine-A2,lot-93,UP,aPZT,pass,pass,0,2980,3060
2026-11-05,45,plant-B,line-B9,machine-B10,lot-63,UP,aPZT,pass,pass,0,2789,2850
2026-11-05,45,plant-B,line-B9,machine-B10,lot-63,UP,bPZT,category-1,sub-b7,24,0,24
2026-11-05,45,plant-B,line-B7,machine-B5,lot-61,UP,bPZT,pass,pass,0,2980,3011
2026-11-05,45,plant-B,line-B6,machine-B9,lot-90,DN,bPZT,category-3,sub-b9,18,0,18
2026-11-05,45,plant-A,line-A4,machine-A2,lot-93,DN,aPZT,category-1,sub-a1,17,0,17
2026-11-05,45,plant-A,line-A8,machine-A10,lot-66,Dn,aPZT,category-2,,11,0,11
2026-11-05,45,plant-B,line-B10,machine-B2,lot-86,UP,aPZT,category-1,sub-a4,15,0,15
2026-11-05,45,plant-A,line-A6,machine-A5,lot-52,UP,bPZT,category-2,sub-b2,27,0,27
2026-11-05,45,plant-B,line-B7,machine-B4,lot-39,DN,aPZT,category-3,sub-a10,29,0,29
2026-11-05,45,plant-A,line-A7,machine-A2,lot-53,UP,bPZT,category-4,sub-b9,32,0,32
2026-11-05,45,plant-A,line-A4,machine-A2,lot-93,UP,bPZT,category-4,sub-b10,7,0,7
2026-11-05,45,plant-B,line-B7,machine-B5,lot-61,UP,aPZT,pass,pass,0,2980,3102
2026-11-05,45,plant-A,line-A6,machine-A8,lot-17,UP,bPZT,category-3,sub-b7,2,0,2
2026-11-05,45,plant-A,line-A9,machine-A9,lot-76,UP,bPZT,category-2,sub-b1,18,0,18
2026-11-05,45,plant-B,line-B10,machine-B2,lot-86,dN,aPZT,category-5,,9,0,9
2026-11-05,45,plant-B,line-B10,machine-B2,lot-86,UP,aPZT,category-1,sub-a3,36,0,36
2026-11-05,45,plant-B,line-B1,machine-B3,lot-19,UP,aPZT,category-4,sub-a9,28,0,28
2026-11-05,45,plant-A,line-A9,machine-A9,lot-76,DN,bPZT,category-2,sub-b2,11,0,11
2026-11-05,45,plant-A,line-A4,machine-A1,lot-49,UP,aPZT,category-1,sub-a10,10,0,10
2026-11-05,45,plant-B,line-B7,machine-B4,lot-39,DN,bPZT,category-4,sub-b6,19,0,19
2026-11-05,45,plant-A,line-A7,machine-A1,lot-77,DN,aPZT,pass,pass,0,2139,2159
2026-11-05,45,plant-A,line-A3,machine-A2,lot-74,UP,aPZT,pass,pass,0,2250,2263
2026-11-05,45,plant-B,line-B9,machine-B5,lot-16,UP,bPZT,category-4,sub-b9,28,0,28
2026-11-05,45,plant-B,line-B9,machine-B5,lot-16,DN,bPZT,category-2,sub-b9,4,0,4
2026-11-05,45,plant-B,line-B10,machine-B2,lot-86,UP,bPZT,category-3,sub-b6,37,0,37
2026-11-05,45,plant-B,line-B5,machine-B5,lot-37,DN,bPZT,category-5,,16,0,16
2026-11-05,45,plant-B,line-B7,machine-B4,lot-39,DN,bPZT,category-3,sub-b3,21,0,21
2026-11-05,45,plant-B,line-B8,machine-B6,lot-32,UP,bPZT,category-5,sub-b10,9,0,9
2026-11-05,45,plant-B,line-B10,machine-B2,lot-86,UP,aPZT,category-1,sub-a7,13,0,13
2026-11-05,45,plant-A,line-A3,machine-A2,lot-74,UP,bPZT,category-1,sub-b7,11,0,11
2026-11-05,45,plant-B,line-B4,machine-B5,lot-67,UP,aPZT,pass,pass,0,2696,2778
2026-11-06,45,plant-B,line-B10,machine-B9,lot-36,DN,bPZT,pass,pass,0,2202,2301
2026-11-06,45,plant-B,line-B3,machine-B7,lot-48,UP,aPZT,pass,pass,0,2172,2204
2026-11-06,45,plant-B,line-B10,machine-B9,lot-36,UP,aPZT,category-1,sub-a7,5,0,5
2026-11-06,45,plant-A,line-A9,machine-A8,lot-93,UP,aPZT,pass,pass,0,2053,2123
2026-11-06,45,plant-B,line-B1,machine-B6,lot-31,UP,aPZT,category-3,sub-a9,13,0,13
2026-11-06,45,plant-B,line-B9,machine-B6,lot-1,UP,bPZT,category-4,sub-b10,8,0,8
2026-11-06,45,plant-B,line-B10,machine-B9,lot-61,UP,aPZT,category-4,sub-a7,10,0,10
2026-11-06,45,plant-B,line-B3,machine-B7,lot-48,DN,aPZT,category-4,sub-a2,14,0,14
2026-11-06,45,plant-B,line-B1,machine-B8,lot-56,UP,aPZT,pass,pass,0,2518,2547
2026-11-06,45,plant-B,line-B1,machine-B8,lot-56,DN,aPZT,category-5,sub-a3,7,0,7
2026-11-06,45,plant-A,line-A8,machine-A3,lot-49,UP,aPZT,category-3,sub-a7,25,0,25
2026-11-06,45,plant-A,line-A8,machine-A7,lot-28,UP,bPZT,category-2,sub-b9,35,0,35
2026-11-06,45,plant-B,line-B1,machine-B6,lot-32,DN,bPZT,category-1,sub-b4,35,0,35
2026-11-06,45,plant-A,line-A8,machine-A7,lot-28,DN,aPZT,category-4,sub-a3,21,0,21
2026-11-06,45,plant-A,line-A9,machine-A8,lot-93,UP,aPZT,category-4,sub-a9,40,0,40
2026-11-06,45,plant-A,line-A7,machine-A1,lot-16,DN,bPZT,category-4,sub-b4,39,0,39
2026-11-06,45,plant-B,line-B1,machine-B6,lot-21,UP,bPZT,category-2,sub-b1,31,0,31
2026-11-06,45,plant-A,line-A2,machine-A2,lot-100,DN,bPZT,category-1,sub-b7,2,0,2
2026-11-06,45,plant-A,line-A2,machine-A2,lot-100,UP,aPZT,category-1,sub-a7,5,0,5
2026-11-06,45,plant-B,line-B10,machine-B9,lot-61,DN,bPZT,category-3,sub-b5,9,0,9
2026-11-06,45,plant-B,line-B1,machine-B6,lot-31,DN,aPZT,category-5,sub-a9,7,0,7
2026-11-06,45,plant-B,line-B3,machine-B8,lot-72,UP,aPZT,category-3,sub-a9,25,0,25
2026-11-06,45,plant-A,line-A9,machine-A8,lot-93,DN,bPZT,category-3,sub-b6,20,0,20
2026-11-06,45,plant-B,line-B3,machine-B8,lot-72,UP,aPZT,category-1,sub-a4,22,0,22
2026-11-06,45,plant-A,line-A2,machine-A2,lot-100,DN,bPZT,category-3,sub-b4,10,0,10
2026-11-06,45,plant-A,line-A8,machine-A1,lot-34,DN,bPZT,category-2,sub-b4,8,0,8
2026-11-06,45,plant-A,line-A2,machine-A9,lot-33,DN,bPZT,pass,pass,0,2621,2704
2026-11-06,45,plant-B,line-B3,machine-B8,lot-72,UP,aPZT,category-3,sub-a2,28,0,28
2026-11-06,45,plant-A,line-A6,machine-A9,lot-30,UP,aPZT,category-1,sub-a10,11,0,11
2026-11-06,45,plant-A,line-A8,machine-A8,lot-17,DN,bPZT,pass,pass,0,2460,2558
2026-11-06,45,plant-A,line-A8,machine-A3,lot-49,UP,bPZT,category-2,sub-b5,2,0,2
2026-11-06,45,plant-A,line-A6,machine-A8,lot-63,DN,bPZT,category-3,sub-b1,36,0,36
2026-11-06,45,plant-B,line-B8,machine-B6,lot-35,DN,aPZT,pass,pass,0,2925,2996
2026-11-06,45,plant-B,line-B3,machine-B7,lot-48,UP,aPZT,category-5,sub-a2,39,0,39
2026-11-06,45,plant-B,line-B1,machine-B8,lot-56,UP,aPZT,category-5,sub-a6,15,0,15
2026-11-06,45,plant-A,line-A6,machine-A9,lot-30,DN,bPZT,category-2,sub-b6,29,0,29
2026-11-06,45,plant-B,line-B1,machine-B6,lot-32,UP,bPZT,category-3,sub-b5,18,0,18
2026-11-06,45,plant-B,line-B3,machine-B8,lot-72,DN,aPZT,category-4,sub-a10,7,0,7
2026-11-06,45,plant-A,line-A9,machine-A10,lot-77,UP,bPZT,category-5,sub-b2,18,0,18
2026-11-06,45,plant-B,line-B1,machine-B6,lot-32,UP,aPZT,category-3,sub-a4,7,0,7
2026-11-06,45,plant-A,line-A6,machine-A9,lot-30,DN,bPZT,category-4,sub-b5,27,0,27
2026-11-06,45,plant-A,line-A6,machine-A9,lot-30,dn,aPZT,category-2,sub-a4,13,0,13
2026-11-06,45,plant-A,line-A8,machine-A7,lot-28,DN,bPZT,pass,pass,0,2413,2474
2026-11-06,45,plant-A,line-A9,machine-A1,lot-92,UP,aPZT,category-3,sub-a7,11,0,11
2026-11-06,45,plant-A,line-A9,machine-A10,lot-77,DN,bPZT,category-3,sub-b3,29,0,29
2026-11-06,45,plant-A,line-A8,machine-A8,lot-17,DN,aPZT,category-4,sub-a9,20,0,20
2026-11-06,45,plant-A,line-A8,machine-A7,lot-28,DN,bPZT,category-3,sub-b7,14,0,14
2026-11-06,45,plant-A,line-A9,machine-A10,lot-77,DN,bPZT,category-3,sub-b8,25,0,25
2026-11-06,45,plant-B,line-B10,machine-B9,lot-36,DN,bPZT,category-3,sub-b6,11,0,11
2026-11-06,45,plant-A,line-A9,machine-A10,lot-77,DN,aPZT,category-4,sub-a9,38,0,38
2026-11-06,45,plant-B,line-B2,machine-B7,lot-97,DN,bPZT,pass,pass,0,2527,2534
2026-11-06,45,plant-B,line-B1,machine-B8,lot-56,UP,bPZT,category-1,sub-b2,24,0,24
2026-11-06,45,plant-B,line-B10,machine-B9,lot-61,DN,bPZT,category-1,sub-b2,19,0,19
2026-11-06,45,plant-B,line-B1,machine-B6,lot-31,DN,aPZT,category-4,sub-a2,14,0,14
2026-11-06,45,plant-A,line-A9,machine-A10,lot-77,DN,bPZT,category-1,sub-b4,16,0,16
2026-11-06,45,plant-A,line-A9,machine-A8,lot-7,DN,bPZT,category-3,sub-b10,4,0,4
2026-11-06,45,plant-A,line-A9,machine-A10,lot-77,DN,aPZT,pass,pass,0,2707,2804
2026-11-06,45,plant-A,line-A6,machine-A8,lot-63,DN,bPZT,category-1,sub-b9,24,0,24
2026-11-06,45,plant-B,line-B7,machine-B1,lot-11,DN,bPZT,category-2,sub-b6,36,0,36
2026-11-06,45,plant-A,line-A9,machine-A8,lot-93,DN,aPZT,category-4,sub-a10,5,0,5
2026-11-06,45,plant-A,line-A9,machine-A1,lot-92,DN,bPZT,pass,pass,0,2932,3022
2026-11-06,45,plant-B,line-B7,machine-B1,lot-11,UP,bPZT,category-3,sub-b1,7,0,7
2026-11-06,45,plant-B,line-B10,machine-B9,lot-36,UP,bPZT,category-5,,13,0,13
2026-11-06,45,plant-B,line-B1,machine-B6,lot-32,UP,aPZT,category-2,sub-a5,39,0,39
2026-11-06,45,plant-A,line-A8,machine-A8,lot-17,UP,aPZT,category-2,sub-a9,20,0,20
2026-11-06,45,plant-B,line-B3,machine-B8,lot-72,UP,bPZT,category-3,sub-b5,7,0,7
2026-11-06,45,plant-B,line-B3,machine-B8,lot-72,UP,aPZT,category-1,sub-a2,8,0,8
2026-11-06,45,plant-A,line-A2,machine-A2,lot-100,DN,bPZT,category-2,sub-b7,38,0,38
2026-11-06,45,plant-B,line-B10,machine-B9,lot-36,UP,aPZT,pass,pass,0,2202,2291
2026-11-06,45,plant-B,line-B1,machine-B6,lot-21,UP,aPZT,pass,pass,0,2761,2871
2026-11-06,45,plant-B,line-B1,machine-B6,lot-32,Dn,bPZT,category-5,,36,0,36
2026-11-06,45,plant-A,line-A2,machine-A2,lot-100,DN,bPZT,category-3,sub-b5,5,0,5
2026-11-06,45,plant-A,line-A2,machine-A9,lot-33,DN,bPZT,category-2,sub-b8,20,0,20
2026-11-06,45,plant-B,line-B7,machine-B1,lot-11,DN,aPZT,category-4,sub-a7,16,0,16
2026-11-06,45,plant-A,line-A9,machine-A8,lot-7,UP,aPZT,pass,pass,0,2636,2720
2026-11-06,45,plant-A,line-A2,machine-A9,lot-33,UP,bPZT,category-5,sub-b4,5,0,5
2026-11-06,45,plant-B,line-B1,machine-B6,lot-31,DN,aPZT,category-5,sub-a1,17,0,17
2026-11-06,45,plant-A,line-A2,machine-A2,lot-100,UP,bPZT,category-2,sub-b2,38,0,38
2026-11-06,45,plant-B,line-B10,machine-B9,lot-61,UP,aPZT,pass,pass,0,2790,2859
2026-11-06,45,plant-A,line-A8,machine-A7,lot-28,UP,bPZT,category-2,sub-b3,1,0,1
2026-11-06,45,plant-A,line-A8,machine-A7,lot-28,DN,bPZT,category-1,sub-b2,6,0,6
2026-11-06,45,plant-B,line-B10,machine-B9,lot-36,UP,aPZT,category-5,sub-a4,36,0,36
2026-11-06,45,plant-B,line-B3,machine-B7,lot-48,UP,bPZT,category-1,sub-b5,32,0,32
2026-11-06,45,plant-A,line-A9,machine-A8,lot-7,DN,bPZT,category-4,sub-b1,7,0,7
2026-11-06,45,plant-A,line-A8,machine-A3,lot-49,UP,bPZT,pass,pass,0,2057,2097
2026-11-06,45,plant-B,line-B1,machine-B8,lot-56,UP,bPZT,category-3,sub-b2,5,0,5
2026-11-06,45,plant-B,line-B1,machine-B6,lot-21,UP,bPZT,category-3,sub-b10,18,0,18
2026-11-06,45,plant-A,line-A8,machine-A8,lot-17,DN,bPZT,category-3,sub-b7,32,0,32
2026-11-06,45,plant-B,line-B8,machine-B6,lot-35,UP,bPZT,category-3,sub-b4,9,0,9
2026-11-06,45,plant-A,line-A9,machine-A1,lot-92,UP,aPZT,category-3,sub-a5,37,0,37
2026-11-06,45,plant-A,line-A8,machine-A1,lot-34,UP,bPZT,category-1,sub-b7,33,0,33
2026-11-06,45,plant-B,line-B8,machine-B6,lot-35,UP,bPZT,category-3,sub-b4,6,0,6
2026-11-06,45,plant-B,line-B8,machine-B6,lot-35,DN,bPZT,category-4,sub-b2,40,0,40
2026-11-06,45,plant-A,line-A2,machine-A2,lot-100,DN,bPZT,category-2,sub-b9,37,0,37
2026-11-06,45,plant-B,line-B10,machine-B9,lot-61,UP,bPZT,category-1,sub-b6,30,0,30
2026-11-06,45,plant-B,line-B10,machine-B9,lot-61,DN,bPZT,category-1,sub-b9,11,0,11
2026-11-06,45,plant-B,line-B10,machine-B9,lot-36,DN,bPZT,category-1,sub-b2,25,0,25
2026-11-06,45,plant-B,line-B1,machine-B8,lot-56,UP,bPZT,pass,pass,0,2518,2540
2026-11-06,45,plant-A,line-A9,machine-A8,lot-93,UP,bPZT,pass,pass,0,2053,2113
2026-11-06,45,plant-B,line-B1,machine-B6,lot-32,UP,bPZT,category-3,sub-b5,12,0,12
2026-11-06,45,plant-A,line-A2,machine-A2,lot-100,UP,bPZT,pass,pass,0,2060,2065
2026-11-06,45,plant-A,line-A6,machine-A8,lot-63,DN,aPZT,category-3,sub-a1,10,0,10
2026-11-06,45,plant-A,line-A8,machine-A7,lot-28,DN,aPZT,category-5,sub-a6,40,0,40
2026-11-06,45,plant-A,line-A6,machine-A8,lot-63,DN,bPZT,category-4,sub-b10,23,0,23
2026-11-06,45,plant-B,line-B7,machine-B1,lot-11,UP,aPZT,category-3,sub-a3,37,0,37
2026-11-06,45,plant-A,line-A8,machine-A1,lot-34,UP,bPZT,pass,pass,0,2585,2620
2026-11-06,45,plant-B,line-B1,machine-B6,lot-31,UP,aPZT,category-5,sub-a7,16,0,16
2026-11-06,45,plant-A,line-A9,machine-A8,lot-93,UP,bPZT,category-4,sub-b3,16,0,16
2026-11-06,45,plant-B,line-B10,machine-B9,lot-61,DN,bPZT,pass,pass,0,2790,2814
2026-11-06,45,plant-A,line-A8,machine-A3,lot-49,DN,aPZT,category-1,sub-a4,2,0,2
2026-11-06,45,plant-A,line-A8,machine-A1,lot-34,UP,bPZT,category-5,sub-b5,1,0,1
2026-11-06,45,plant-A,line-A9,machine-A10,lot-77,DN,aPZT,category-3,sub-a5,36,0,36
2026-11-06,45,plant-B,line-B1,machine-B6,lot-31,DN,aPZT,category-2,sub-a1,20,0,20
2026-11-06,45,plant-A,line-A8,machine-A8,lot-17,DN,aPZT,pass,pass,0,2460,2543
2026-11-06,45,plant-A,line-A8,machine-A7,lot-28,DN,bPZT,category-2,sub-b1,33,0,33
2026-11-06,45,plant-B,line-B10,machine-B9,lot-36,DN,aPZT,category-4,sub-a4,31,0,31
2026-11-06,45,plant-B,line-B3,machine-B7,lot-48,DN,aPZT,category-2,sub-a5,19,0,19
2026-11-06,45,plant-B,line-B10,machine-B9,lot-36,DN,aPZT,category-3,sub-a9,27,0,27
2026-11-06,45,plant-B,line-B10,machine-B9,lot-36,DN,bPZT,category-1,sub-b10,40,0,40
2026-11-06,45,plant-A,line-A6,machine-A9,lot-30,DN,aPZT,category-1,sub-a6,18,0,18
2026-11-06,45,plant-B,line-B1,machine-B6,lot-32,DN,aPZT,pass,pass,0,2271,2386
2026-11-06,45,plant-A,line-A6,machine-A8,lot-63,UP,bPZT,pass,pass,0,2867,2877
2026-11-06,45,plant-B,line-B9,machine-B6,lot-1,DN,aPZT,category-2,sub-a9,10,0,10
2026-11-06,45,plant-B,line-B10,machine-B9,lot-61,UP,aPZT,category-3,sub-a1,14,0,14
2026-11-06,45,plant-B,line-B1,machine-B6,lot-31,UP,bPZT,category-5,sub-b2,30,0,30
2026-11-06,45,plant-B,line-B1,machine-B6,lot-21,DN,bPZT,category-2,sub-b6,13,0,13
2026-11-06,45,plant-A,line-A8,machine-A1,lot-34,UP,bPZT,category-4,sub-b2,30,0,30
2026-11-06,45,plant-A,line-A7,machine-A1,lot-16,DN,bPZT,category-5,sub-b9,11,0,11
2026-11-06,45,plant-A,line-A8,machine-A8,lot-17,DN,aPZT,category-1,sub-a1,20,0,20
2026-11-06,45,plant-B,line-B2,machine-B7,lot-97,UP,bPZT,category-3,sub-b8,23,0,23
2026-11-06,45,plant-B,line-B1,machine-B6,lot-21,DN,bPZT,pass,pass,0,2761,2785
2026-11-06,45,plant-A,line-A8,machine-A1,lot-34,UP,bPZT,category-4,sub-b9,3,0,3
2026-11-06,45,plant-B,line-B9,machine-B6,lot-1,UP,bPZT,pass,pass,0,2898,2908
2026-11-06,45,plant-A,line-A7,machine-A1,lot-16,UP,aPZT,pass,pass,0,2468,2518
2026-11-06,45,plant-A,line-A9,machine-A1,lot-92,UP,aPZT,pass,pass,0,2932,2954
2026-11-06,45,plant-A,line-A8,machine-A8,lot-17,UP,bPZT,category-4,sub-b10,34,0,34
2026-11-06,45,plant-B,line-B2,machine-B7,lot-97,UP,aPZT,pass,pass,0,2527,2552
2026-11-06,45,plant-B,line-B1,machine-B6,lot-31,DN,aPZT,category-1,sub-a5,19,0,19
2026-11-06,45,plant-A,line-A8,machine-A1,lot-34,DN,bPZT,category-1,sub-b6,16,0,16
2026-11-06,45,plant-A,line-A8,machine-A8,lot-17,DN,aPZT,category-2,sub-a9,38,0,38
2026-11-06,45,plant-A,line-A7,machine-A1,lot-16,UP,aPZT,category-2,sub-a5,9,0,9
2026-11-06,45,plant-A,line-A9,machine-A8,lot-7,UP,bPZT,category-1,sub-b8,37,0,37
2026-11-06,45,plant-A,line-A2,machine-A2,lot-100,DN,bPZT,category-2,sub-b10,19,0,19
2026-11-06,45,plant-B,line-B1,machine-B6,lot-21,UP,aPZT,category-3,sub-a5,24,0,24
2026-11-06,45,plant-B,line-B3,machine-B8,lot-72,DN,aPZT,category-2,sub-a4,4,0,4
2026-11-06,45,plant-A,line-A2,machine-A9,lot-33,DN,aPZT,category-5,sub-a6,6,0,6
2026-11-06,45,plant-A,line-A6,machine-A9,lot-30,UP,aPZT,pass,pass,0,2123,2179
2026-11-06,45,plant-B,line-B3,machine-B8,lot-72,uP,aPZT,pass,,0,2239,2246
2026-11-06,45,plant-A,line-A6,machine-A8,lot-63,DN,aPZT,pass,pass,0,2867,2950
2026-11-06,45,plant-B,line-B7,machine-B1,lot-11,UP,bPZT,pass,pass,0,2074,2127
2026-11-06,45,plant-A,line-A9,machine-A8,lot-7,DN,aPZT,category-4,sub-a3,2,0,2
2026-11-06,45,plant-A,line-A2,machine-A9,lot-33,DN,aPZT,pass,pass,0,2621,2668
2026-11-06,45,plant-A,line-A8,machine-A8,lot-17,DN,bPZT,category-2,sub-b2,17,0,17
2026-11-06,45,plant-B,line-B1,machine-B6,lot-32,DN,bPZT,pass,pass,0,2271,2335
2026-11-06,45,plant-A,line-A9,machine-A8,lot-93,DN,aPZT,category-3,sub-a2,15,0,15
2026-11-06,45,plant-B,line-B8,machine-B6,lot-35,UP,bPZT,pass,pass,0,2925,2973
2026-11-06,45,plant-B,line-B2,machine-B7,lot-97,UP,aPZT,category-5,sub-a7,7,0,7
2026-11-06,45,plant-B,line-B3,machine-B7,lot-48,UP,aPZT,category-2,sub-a6,8,0,8
2026-11-06,45,plant-B,line-B1,machine-B6,lot-21,DN,bPZT,category-2,sub-b3,12,0,12
2026-11-06,45,plant-A,line-A9,machine-A10,lot-77,DN,bPZT,pass,pass,0,2707,2809
2026-11-06,45,plant-A,line-A9,machine-A10,lot-77,DN,bPZT,category-3,sub-b6,9,0,9
2026-11-06,45,plant-B,line-B1,machine-B6,lot-31,DN,bPZT,pass,pass,0,2324,2458
2026-11-06,45,plant-B,line-B1,machine-B6,lot-31,DN,aPZT,category-2,sub-a5,6,0,6
2026-11-06,45,plant-A,line-A8,machine-A3,lot-49,DN,aPZT,category-2,sub-a1,13,0,13
2026-11-06,45,plant-A,line-A7,machine-A1,lot-16,UP,aPZT,category-3,sub-a6,20,0,20
2026-11-06,45,plant-A,line-A9,machine-A8,lot-7,UP,bPZT,pass,pass,0,2636,2638
2026-11-06,45,plant-B,line-B2,machine-B7,lot-97,UP,bPZT,category-5,sub-b1,2,0,2
2026-11-06,45,plant-B,line-B1,machine-B6,lot-31,UP,aPZT,category-1,sub-a4,22,0,22
2026-11-06,45,plant-A,line-A6,machine-A9,lot-30,UP,bPZT,pass,pass,0,2123,2190
2026-11-06,45,plant-A,line-A9,machine-A1,lot-92,DN,aPZT,category-5,sub-a9,36,0,36
2026-11-06,45,plant-A,line-A2,machine-A2,lot-100,UP,aPZT,pass,pass,0,2060,2213
2026-11-06,45,plant-A,line-A8,machine-A1,lot-34,DN,aPZT,pass,pass,0,2585,2676
2026-11-06,45,plant-A,line-A6,machine-A9,lot-30,UP,aPZT,category-2,sub-a7,25,0,25
2026-11-06,45,plant-A,line-A2,machine-A9,lot-33,DN,bPZT,category-1,sub-b10,22,0,22
2026-11-06,45,plant-A,line-A8,machine-A1,lot-34,UP,aPZT,category-2,sub-a5,35,0,35
2026-11-06,45,plant-A,line-A9,machine-A8,lot-7,DN,bPZT,category-3,sub-b6,36,0,36
2026-11-06,45,plant-B,line-B1,machine-B6,lot-21,UP,bPZT,category-5,sub-b10,4,0,4
2026-11-06,45,plant-A,line-A2,machine-A9,lot-33,DN,aPZT,category-5,sub-a3,38,0,38
2026-11-06,45,plant-B,line-B9,machine-B6,lot-1,DN,aPZT,pass,pass,0,2898,2906
2026-11-06,45,plant-B,line-B1,machine-B6,lot-32,UP,aPZT,category-2,sub-a8,18,0,18
2026-11-06,45,plant-A,line-A8,machine-A7,lot-28,UP,aPZT,pass,pass,0,2413,2531
2026-11-06,45,plant-B,line-B8,machine-B6,lot-35,UP,aPZT,category-1,sub-a8,27,0,27
2026-11-06,45,plant-B,line-B3,machine-B7,lot-48,DN,aPZT,category-1,sub-a8,21,0,21
2026-11-06,45,plant-B,line-B1,machine-B6,lot-21,UP,bPZT,category-3,sub-b1,32,0,32
2026-11-06,45,plant-A,line-A8,machine-A7,lot-28,UP,bPZT,category-5,sub-b1,29,0,29
2026-11-06,45,plant-B,line-B7,machine-B1,lot-11,DN,aPZT,pass,pass,0,2074,2117
2026-11-06,45,plant-B,line-B8,machine-B6,lot-35,UP,bPZT,category-2,sub-b7,16,0,16
2026-11-06,45,plant-A,line-A8,machine-A3,lot-49,UP,aPZT,pass,pass,0,2057,2059
2026-11-06,45,plant-B,line-B3,machine-B8,lot-72,DN,bPZT,pass,pass,0,2239,2333
2026-11-06,45,plant-A,line-A7,machine-A1,lot-16,UP,bPZT,pass,pass,0,2468,2497
2026-11-06,45,plant-B,line-B1,machine-B6,lot-32,Dn,bPZT,category-4,sub-b10,14,0,14
2026-11-06,45,plant-A,line-A9,machine-A8,lot-93,UP,bPZT,category-5,sub-b6,34,0,34
2026-11-06,45,plant-B,line-B1,machine-B6,lot-31,DN,aPZT,pass,pass,0,2324,2354
2026-11-06,45,plant-A,line-A2,machine-A9,lot-33,UP,aPZT,category-1,sub-a2,39,0,39
2026-11-06,45,plant-A,line-A9,machine-A1,lot-92,UP,aPZT,category-2,sub-a9,6,0,6
2026-11-06,45,plant-A,line-A9,machine-A10,lot-77,UP,aPZT,category-3,sub-a10,28,0,28
2026-11-06,45,plant-A,line-A9,machine-A1,lot-92,UP,bPZT,category-1,sub-b8,22,0,22
2026-11-06,45,plant-B,line-B8,machine-B6,lot-35,UP,aPZT,category-1,sub-a3,21,0,21
2026-11-06,45,plant-A,line-A2,machine-A2,lot-100,UP,bPZT,category-1,sub-b1,4,0,4
2026-11-06,45,plant-B,line-B3,machine-B7,lot-48,UP,bPZT,pass,pass,0,2172,2273
2026-11-07,45,plant-B,line-B1,machine-B3,lot-34,UP,aPZT,category-4,sub-a8,16,0,16
2026-11-07,45,plant-A,line-A2,machine-A8,lot-41,UP,aPZT,category-2,sub-a4,32,0,32
2026-11-07,45,plant-A,line-A1,machine-A3,lot-52,DN,bPZT,category-3,sub-b2,31,0,31
2026-11-07,45,plant-A,line-A8,machine-A10,lot-89,DN,bPZT,category-4,sub-b2,26,0,26
2026-11-07,45,plant-A,line-A8,machine-A3,lot-7,DN,aPZT,pass,pass,0,2020,2090
2026-11-07,45,plant-A,line-A2,machine-A8,lot-41,DN,aPZT,pass,pass,0,2427,2436
2026-11-07,45,plant-B,line-B2,machine-B4,lot-23,UP,bPZT,category-5,sub-b1,25,0,25
2026-11-07,45,plant-B,line-B2,machine-B1,lot-96,UP,aPZT,pass,pass,0,2438,2490
2026-11-07,45,plant-A,line-A1,machine-A8,lot-68,UP,aPZT,category-5,sub-a3,3,0,3
2026-11-07,45,plant-B,line-B10,machine-B8,lot-64,uP,aPZT,category-1,sub-a4,8,0,8
2026-11-07,45,plant-A,line-A7,machine-A5,lot-20,DN,bPZT,category-3,sub-b3,14,0,14
2026-11-07,45,plant-B,line-B8,machine-B5,lot-93,DN,aPZT,category-4,sub-a7,34,0,34
2026-11-07,45,plant-A,line-A10,machine-A6,lot-43,UP,aPZT,pass,pass,0,2476,2510
2026-11-07,45,plant-A,line-A1,machine-A8,lot-68,DN,aPZT,category-1,sub-a7,9,0,9
2026-11-07,45,plant-A,line-A9,machine-A5,lot-46,dN,aPZT,category-1,,31,0,31
2026-11-07,45,plant-A,line-A1,machine-A8,lot-68,UP,bPZT,pass,pass,0,2242,2285
2026-11-07,45,plant-A,line-A8,machine-A10,lot-89,UP,aPZT,category-4,sub-a10,39,0,39
2026-11-07,45,plant-B,line-B5,machine-B3,lot-80,DN,bPZT,category-4,sub-b2,3,0,3
2026-11-07,45,plant-B,line-B3,machine-B1,lot-40,UP,bPZT,category-2,sub-b9,24,0,24
2026-11-07,45,plant-B,line-B10,machine-B8,lot-64,DN,aPZT,category-5,sub-a10,4,0,4
2026-11-07,45,plant-B,line-B2,machine-B4,lot-23,DN,aPZT,pass,pass,0,2417,2459
2026-11-07,45,plant-B,line-B1,machine-B3,lot-34,UP,aPZT,category-1,sub-a3,16,0,16
2026-11-07,45,plant-A,line-A9,machine-A5,lot-46,DN,aPZT,category-2,sub-a3,10,0,10
2026-11-07,45,plant-B,line-B1,machine-B3,lot-34,UP,aPZT,category-2,sub-a3,22,0,22
2026-11-07,45,plant-A,line-A2,machine-A8,lot-16,dN,aPZT,category-1,,11,0,11
2026-11-07,45,plant-A,line-A8,machine-A3,lot-7,UP,bPZT,pass,pass,0,2020,2145
2026-11-07,45,plant-A,line-A10,machine-A6,lot-43,DN,aPZT,category-5,sub-a5,18,0,18
2026-11-07,45,plant-B,line-B1,machine-B3,lot-34,DN,bPZT,pass,pass,0,2014,2098
2026-11-07,45,plant-B,line-B9,machine-B3,lot-19,UP,aPZT,pass,pass,0,2829,2881
2026-11-07,45,plant-A,line-A5,machine-A7,lot-27,DN,aPZT,category-4,sub-a3,6,0,6
2026-11-07,45,plant-A,line-A2,machine-A8,lot-16,UP,aPZT,pass,pass,0,2327,2358
2026-11-07,45,plant-A,line-A1,machine-A3,lot-52,DN,bPZT,category-1,sub-b7,21,0,21
2026-11-07,45,plant-A,line-A9,machine-A5,lot-46,DN,aPZT,category-1,sub-a10,4,0,4
2026-11-07,45,plant-B,line-B9,machine-B3,lot-19,DN,bPZT,category-1,sub-b4,32,0,32
2026-11-07,45,plant-A,line-A1,machine-A8,lot-68,UP,bPZT,category-4,sub-b1,13,0,13
2026-11-07,45,plant-A,line-A2,machine-A8,lot-41,DN,aPZT,category-3,sub-a2,20,0,20
2026-11-07,45,plant-B,line-B3,machine-B1,lot-40,DN,aPZT,pass,pass,0,2119,2165
2026-11-07,45,plant-B,line-B6,machine-B4,lot-56,DN,aPZT,pass,pass,0,2728,2873
2026-11-07,45,plant-A,line-A8,machine-A10,lot-89,UP,bPZT,category-5,sub-b8,19,0,19
2026-11-07,45,plant-A,line-A2,machine-A8,lot-41,DN,aPZT,category-2,sub-a7,29,0,29
2026-11-07,45,plant-B,line-B2,machine-B4,lot-23,DN,bPZT,category-2,sub-b3,9,0,9
2026-11-07,45,plant-B,line-B5,machine-B3,lot-80,DN,aPZT,category-5,sub-a1,37,0,37
2026-11-07,45,plant-A,line-A9,machine-A6,lot-79,UP,bPZT,category-1,sub-b5,26,0,26
2026-11-07,45,plant-A,line-A8,machine-A1,lot-84,DN,bPZT,category-1,sub-b7,37,0,37
2026-11-07,45,plant-B,line-B3,machine-B1,lot-40,UP,bPZT,category-5,sub-b10,22,0,22
2026-11-07,45,plant-A,line-A2,machine-A8,lot-41,UP,bPZT,category-2,sub-b8,9,0,9
2026-11-07,45,plant-B,line-B10,machine-B8,lot-64,DN,aPZT,category-1,sub-a4,11,0,11
2026-11-07,45,plant-A,line-A8,machine-A10,lot-89,UP,aPZT,category-5,sub-a6,27,0,27
2026-11-07,45,plant-A,line-A8,machine-A1,lot-84,UP,bPZT,category-5,sub-b1,20,0,20
2026-11-07,45,plant-B,line-B6,machine-B4,lot-56,UP,aPZT,category-5,sub-a10,11,0,11
2026-11-07,45,plant-A,line-A8,machine-A3,lot-7,UP,aPZT,category-2,sub-a8,6,0,6
2026-11-07,45,plant-B,line-B8,machine-B5,lot-93,DN,bPZT,category-5,sub-b6,33,0,33
2026-11-07,45,plant-B,line-B9,machine-B3,lot-19,DN,bPZT,category-2,sub-b6,11,0,11
2026-11-07,45,plant-A,line-A3,machine-A9,lot-8,UP,bPZT,category-2,sub-b10,6,0,6
2026-11-07,45,plant-A,line-A9,machine-A6,lot-79,UP,aPZT,pass,pass,0,2213,2239
2026-11-07,45,plant-B,line-B6,machine-B4,lot-56,DN,bPZT,category-5,sub-b9,18,0,18
2026-11-07,45,plant-B,line-B8,machine-B5,lot-93,UP,aPZT,category-5,sub-a2,11,0,11
2026-11-07,45,plant-A,line-A8,machine-A1,lot-84,DN,bPZT,pass,pass,0,2665,2721
2026-11-07,45,plant-A,line-A9,machine-A5,lot-46,UP,bPZT,category-2,sub-b2,2,0,2
2026-11-07,45,plant-A,line-A8,machine-A1,lot-84,DN,bPZT,category-5,sub-b1,10,0,10
2026-11-07,45,plant-A,line-A2,machine-A8,lot-16,DN,aPZT,category-3,sub-a5,29,0,29
2026-11-07,45,plant-A,line-A9,machine-A5,lot-46,DN,aPZT,category-2,sub-a2,23,0,23
2026-11-07,45,plant-A,line-A8,machine-A1,lot-84,DN,bPZT,category-1,sub-b3,19,0,19
2026-11-07,45,plant-A,line-A8,machine-A1,lot-84,DN,aPZT,category-2,sub-a5,26,0,26
2026-11-07,45,plant-A,line-A10,machine-A8,lot-69,DN,aPZT,category-3,sub-a10,21,0,21
2026-11-07,45,plant-A,line-A8,machine-A3,lot-7,UP,aPZT,category-1,sub-a3,14,0,14
2026-11-07,45,plant-A,line-A8,machine-A1,lot-84,UP,bPZT,category-2,sub-b4,37,0,37
2026-11-07,45,plant-A,line-A8,machine-A3,lot-7,UP,aPZT,category-1,sub-a9,25,0,25
2026-11-07,45,plant-A,line-A10,machine-A8,lot-69,DN,aPZT,pass,pass,0,2904,2965
2026-11-07,45,plant-A,line-A10,machine-A8,lot-69,UP,bPZT,category-4,sub-b5,37,0,37
2026-11-07,45,plant-A,line-A8,machine-A10,lot-89,UP,aPZT,pass,pass,0,2489,2534
2026-11-07,45,plant-A,line-A1,machine-A3,lot-52,UP,bPZT,category-5,sub-b2,2,0,2
2026-11-07,45,plant-B,line-B1,machine-B5,lot-5,DN,aPZT,category-5,sub-a1,26,0,26
2026-11-07,45,plant-A,line-A10,machine-A8,lot-69,UP,aPZT,category-1,sub-a9,32,0,32
2026-11-07,45,plant-B,line-B10,machine-B8,lot-64,DN,aPZT,category-2,sub-a6,38,0,38
2026-11-07,45,plant-A,line-A9,machine-A6,lot-79,DN,aPZT,category-4,sub-a5,15,0,15
2026-11-07,45,plant-A,line-A10,machine-A8,lot-69,UP,bPZT,category-4,sub-b9,24,0,24
2026-11-07,45,plant-B,line-B3,machine-B1,lot-40,DN,bPZT,pass,pass,0,2119,2187
2026-11-07,45,plant-A,line-A8,machine-A3,lot-7,DN,bPZT,category-5,sub-b1,11,0,11
2026-11-07,45,plant-B,line-B10,machine-B8,lot-64,UP,aPZT,category-2,sub-a2,5,0,5
2026-11-07,45,plant-A,line-A9,machine-A5,lot-46,UP,aPZT,category-1,sub-a9,12,0,12
2026-11-07,45,plant-B,line-B1,machine-B5,lot-5,DN,bPZT,category-3,sub-b6,25,0,25
2026-11-07,45,plant-B,line-B6,machine-B4,lot-56,UP,bPZT,category-4,sub-b7,32,0,32
2026-11-07,45,plant-A,line-A8,machine-A3,lot-7,DN,bPZT,category-2,sub-b3,9,0,9
2026-11-07,45,plant-B,line-B6,machine-B4,lot-56,UP,bPZT,category-4,sub-b3,5,0,5
2026-11-07,45,plant-A,line-A10,machine-A6,lot-43,DN,bPZT,category-4,sub-b3,13,0,13
2026-11-07,45,plant-A,line-A9,machine-A3,lot-48,DN,bPZT,category-5,sub-b7,13,0,13
2026-11-07,45,plant-A,line-A1,machine-A3,lot-52,dn,aPZT,category-3,sub-a6,16,0,16
2026-11-07,45,plant-A,line-A7,machine-A5,lot-20,DN,bPZT,category-5,sub-b5,15,0,15
2026-11-07,45,plant-A,line-A1,machine-A3,lot-52,DN,aPZT,category-3,sub-a5,18,0,18
2026-11-07,45,plant-A,line-A5,machine-A7,lot-27,DN,aPZT,category-3,sub-a5,31,0,31
2026-11-07,45,plant-A,line-A1,machine-A3,lot-52,DN,aPZT,category-5,sub-a10,37,0,37
2026-11-07,45,plant-A,line-A9,machine-A6,lot-79,UP,bPZT,pass,pass,0,2213,2228
2026-11-07,45,plant-B,line-B5,machine-B3,lot-80,UP,bPZT,pass,pass,0,2502,2564
2026-11-07,45,plant-B,line-B10,machine-B8,lot-64,UP,bPZT,category-2,sub-b5,37,0,37
2026-11-07,45,plant-A,line-A5,machine-A7,lot-27,UP,bPZT,category-1,sub-b6,33,0,33
2026-11-07,45,plant-B,line-B1,machine-B3,lot-34,UP,bPZT,category-5,sub-b1,23,0,23
2026-11-07,45,plant-A,line-A8,machine-A10,lot-89,DN,bPZT,pass,pass,0,2489,2603
2026-11-07,45,plant-A,line-A2,machine-A8,lot-41,DN,aPZT,category-3,sub-a8,9,0,9
2026-11-07,45,plant-A,line-A1,machine-A8,lot-68,UP,aPZT,category-1,sub-a2,10,0,10
2026-11-07,45,plant-A,line-A2,machine-A8,lot-16,DN,aPZT,category-3,sub-a10,36,0,36
2026-11-07,45,plant-A,line-A9,machine-A3,lot-48,UP,aPZT,pass,pass,0,2520,2533
2026-11-07,45,plant-B,line-B2,machine-B4,lot-23,DN,aPZT,category-3,sub-a5,36,0,36
2026-11-07,45,plant-B,line-B10,machine-B8,lot-64,UP,aPZT,category-1,sub-a4,30,0,30
2026-11-07,45,plant-B,line-B8,machine-B5,lot-93,DN,aPZT,pass,pass,0,2043,2076
2026-11-07,45,plant-A,line-A1,machine-A3,lot-52,UP,bPZT,pass,pass,0,2804,2875
2026-11-07,45,plant-A,line-A10,machine-A6,lot-43,UP,bPZT,category-2,sub-b10,19,0,19
2026-11-07,45,plant-B,line-B1,machine-B5,lot-5,DN,bPZT,category-1,sub-b4,19,0,19
2026-11-07,45,plant-A,line-A1,machine-A8,lot-68,UP,aPZT,category-1,sub-a1,21,0,21
2026-11-07,45,plant-A,line-A9,machine-A5,lot-46,UP,aPZT,category-3,sub-a2,29,0,29
2026-11-07,45,plant-A,line-A10,machine-A6,lot-43,UP,bPZT,category-5,sub-b9,2,0,2
2026-11-07,45,plant-B,line-B2,machine-B4,lot-23,DN,aPZT,category-3,sub-a4,1,0,1
2026-11-07,45,plant-A,line-A9,machine-A5,lot-46,DN,aPZT,category-4,sub-a4,32,0,32
2026-11-07,45,plant-A,line-A5,machine-A7,lot-27,UP,aPZT,category-5,sub-a7,18,0,18
2026-11-07,45,plant-B,line-B2,machine-B1,lot-96,DN,bPZT,category-2,sub-b4,25,0,25
2026-11-07,45,plant-A,line-A5,machine-A7,lot-27,DN,bPZT,category-4,sub-b7,20,0,20
2026-11-07,45,plant-B,line-B1,machine-B5,lot-5,UP,bPZT,category-5,sub-b2,37,0,37
2026-11-07,45,plant-B,line-B8,machine-B5,lot-93,UP,aPZT,category-1,,2,0,2
2026-11-07,45,plant-A,line-A8,machine-A10,lot-89,UP,aPZT,category-5,sub-a9,24,0,24
2026-11-07,45,plant-A,line-A9,machine-A5,lot-46,UP,aPZT,pass,pass,0,2345,2347
2026-11-07,45,plant-A,line-A2,machine-A8,lot-41,UP,aPZT,category-2,sub-a7,8,0,8
2026-11-07,45,plant-B,line-B10,machine-B8,lot-64,UP,bPZT,pass,pass,0,2709,2853
2026-11-07,45,plant-A,line-A3,machine-A9,lot-8,DN,aPZT,pass,pass,0,2903,2909
2026-11-07,45,plant-A,line-A7,machine-A5,lot-20,UP,bPZT,category-5,sub-b7,16,0,16
2026-11-07,45,plant-A,line-A7,machine-A5,lot-20,DN,bPZT,pass,pass,0,2899,2970
2026-11-07,45,plant-B,line-B3,machine-B1,lot-40,UP,aPZT,category-4,sub-a1,24,0,24
2026-11-07,45,plant-A,line-A8,machine-A1,lot-84,DN,bPZT,category-1,sub-b1,38,0,38
2026-11-07,45,plant-A,line-A2,machine-A8,lot-41,DN,aPZT,category-1,sub-a3,6,0,6
2026-11-07,45,plant-A,line-A1,machine-A8,lot-68,DN,bPZT,category-2,sub-b8,38,0,38
2026-11-07,45,plant-A,line-A10,machine-A8,lot-69,DN,aPZT,category-1,sub-a8,9,0,9
2026-11-07,45,plant-A,line-A1,machine-A3,lot-52,UP,aPZT,pass,pass,0,2804,2858
2026-11-07,45,plant-A,line-A7,machine-A5,lot-20,DN,aPZT,category-2,sub-a5,31,0,31
2026-11-07,45,plant-B,line-B6,machine-B4,lot-56,UP,bPZT,category-1,sub-b6,3,0,3
2026-11-07,45,plant-A,line-A10,machine-A6,lot-43,DN,bPZT,pass,pass,0,2476,2534
2026-11-07,45,plant-A,line-A2,machine-A8,lot-41,DN,bPZT,pass,pass,0,2427,2595
2026-11-07,45,plant-A,line-A8,machine-A3,lot-7,UP,aPZT,category-2,sub-a1,26,0,26
2026-11-07,45,plant-A,line-A5,machine-A7,lot-27,DN,bPZT,pass,pass,0,2836,2902
2026-11-07,45,plant-B,line-B2,machine-B4,lot-23,UP,bPZT,pass,pass,0,2417,2454
2026-11-07,45,plant-B,line-B1,machine-B5,lot-5,UP,bPZT,pass,pass,0,2446,2494
2026-11-07,45,plant-B,line-B3,machine-B1,lot-40,DN,aPZT,category-4,sub-a8,28,0,28
2026-11-07,45,plant-B,line-B1,machine-B5,lot-5,UP,aPZT,pass,pass,0,2446,2527
2026-11-07,45,plant-B,line-B8,machine-B5,lot-93,DN,aPZT,category-3,sub-a1,7,0,7
2026-11-07,45,plant-A,line-A8,machine-A1,lot-84,UP,aPZT,category-5,sub-a4,30,0,30
2026-11-07,45,plant-A,line-A5,machine-A7,lot-27,DN,aPZT,pass,pass,0,2836,2889
2026-11-07,45,plant-B,line-B2,machine-B1,lot-96,DN,aPZT,category-5,sub-a5,29,0,29
2026-11-07,45,plant-A,line-A2,machine-A8,lot-16,UP,bPZT,pass,pass,0,2327,2437
2026-11-07,45,plant-A,line-A10,machine-A6,lot-43,DN,aPZT,category-3,sub-a3,40,0,40
2026-11-07,45,plant-A,line-A2,machine-A8,lot-16,UP,bPZT,category-5,sub-b2,31,0,31
2026-11-07,45,plant-A,line-A1,machine-A8,lot-68,UP,bPZT,category-2,sub-b4,10,0,10
2026-11-07,45,plant-B,line-B2,machine-B4,lot-23,DN,bPZT,category-2,sub-b5,8,0,8
2026-11-07,45,plant-A,line-A8,machine-A1,lot-84,UP,aPZT,pass,pass,0,2665,2843
2026-11-07,45,plant-A,line-A9,machine-A5,lot-46,UP,aPZT,category-3,sub-a9,29,0,29
2026-11-07,45,plant-A,line-A2,machine-A8,lot-41,UP,aPZT,category-5,sub-a9,15,0,15
2026-11-07,45,plant-B,line-B2,machine-B1,lot-96,DN,aPZT,category-4,sub-a2,10,0,10
2026-11-07,45,plant-A,line-A7,machine-A5,lot-20,UP,aPZT,category-3,sub-a9,38,0,38
2026-11-07,45,plant-B,line-B5,machine-B3,lot-80,DN,aPZT,pass,pass,0,2502,2505
2026-11-07,45,plant-B,line-B9,machine-B3,lot-19,DN,bPZT,pass,pass,0,2829,2867
2026-11-07,45,plant-A,line-A3,machine-A9,lot-8,UP,aPZT,category-3,sub-a6,11,0,11
2026-11-07,45,plant-B,line-B10,machine-B8,lot-64,DN,aPZT,category-4,sub-a4,32,0,32
2026-11-07,45,plant-A,line-A2,machine-A8,lot-16,UP,aPZT,category-5,sub-a2,19,0,19
2026-11-07,45,plant-B,line-B6,machine-B4,lot-56,UP,bPZT,category-5,sub-b9,34,0,34
2026-11-07,45,plant-B,line-B1,machine-B5,lot-5,UP,aPZT,category-2,sub-a9,22,0,22
2026-11-07,45,plant-B,line-B9,machine-B3,lot-19,UP,bPZT,category-1,sub-b7,9,0,9
2026-11-07,45,plant-A,line-A3,machine-A9,lot-8,DN,bPZT,pass,pass,0,2903,2914
2026-11-07,45,plant-A,line-A5,machine-A7,lot-27,UP,aPZT,category-3,sub-a7,11,0,11
2026-11-07,45,plant-A,line-A7,machine-A5,lot-20,DN,aPZT,category-3,sub-a6,2,0,2
2026-11-07,45,plant-A,line-A1,machine-A8,lot-68,UP,aPZT,pass,pass,0,2242,2303
2026-11-07,45,plant-A,line-A2,machine-A8,lot-41,UP,aPZT,category-3,sub-a4,12,0,12
2026-11-07,45,plant-B,line-B6,machine-B4,lot-56,UP,aPZT,category-3,sub-a6,16,0,16
2026-11-07,45,plant-B,line-B1,machine-B3,lot-34,UP,aPZT,category-3,sub-a2,9,0,9
2026-11-07,45,plant-B,line-B8,machine-B5,lot-93,UP,bPZT,pass,pass,0,2043,2118
2026-11-07,45,plant-B,line-B10,machine-B8,lot-64,DN,aPZT,category-1,sub-a10,16,0,16
2026-11-07,45,plant-A,line-A8,machine-A1,lot-84,DN,bPZT,category-5,sub-b10,17,0,17
2026-11-07,45,plant-B,line-B6,machine-B4,lot-56,UP,bPZT,category-1,sub-b9,17,0,17
2026-11-07,45,plant-A,line-A9,machine-A3,lot-48,DN,aPZT,category-1,sub-a6,9,0,9
2026-11-07,45,plant-A,line-A10,machine-A8,lot-69,DN,aPZT,category-5,sub-a3,7,0,7
2026-11-07,45,plant-B,line-B9,machine-B3,lot-19,uP,aPZT,category-2,,38,0,38
2026-11-07,45,plant-B,line-B2,machine-B1,lot-96,DN,bPZT,pass,pass,0,2438,2477
2026-11-07,45,plant-B,line-B10,machine-B8,lot-64,UP,aPZT,pass,pass,0,2709,2746
2026-11-07,45,plant-B,line-B1,machine-B3,lot-34,UP,aPZT,pass,pass,0,2014,2037
2026-11-07,45,plant-B,line-B3,machine-B1,lot-40,DN,aPZT,category-2,sub-a4,16,0,16
2026-11-07,45,plant-A,line-A10,machine-A8,lot-69,UP,aPZT,category-1,sub-a1,36,0,36
2026-11-07,45,plant-A,line-A9,machine-A5,lot-46,UP,bPZT,pass,pass,0,2345,2515
2026-11-07,45,plant-B,line-B1,machine-B3,lot-34,UP,aPZT,category-5,sub-a3,21,0,21
2026-11-07,45,plant-A,line-A2,machine-A8,lot-41,DN,aPZT,category-3,sub-a2,26,0,26
2026-11-07,45,plant-A,line-A7,machine-A5,lot-20,UP,aPZT,pass,pass,0,2899,2944
2026-11-07,45,plant-A,line-A10,machine-A8,lot-69,DN,bPZT,pass,pass,0,2904,3009
2026-11-07,45,plant-A,line-A8,machine-A3,lot-7,UP,aPZT,category-2,sub-a4,20,0,20
2026-11-07,45,plant-A,line-A8,machine-A3,lot-7,UP,bPZT,category-2,sub-b1,12,0,12
2026-11-07,45,plant-B,line-B2,machine-B1,lot-96,UP,bPZT,category-2,sub-b10,27,0,27
2026-11-07,45,plant-A,line-A2,machine-A8,lot-16,DN,aPZT,category-3,sub-a10,15,0,15
2026-11-07,45,plant-A,line-A8,machine-A3,lot-7,DN,bPZT,category-2,sub-b7,38,0,38
2026-11-07,45,plant-B,line-B6,machine-B4,lot-56,UP,bPZT,pass,pass,0,2728,2755
2026-11-07,45,plant-A,line-A2,machine-A8,lot-41,UP,aPZT,category-5,sub-a8,11,0,11
2026-11-07,45,plant-A,line-A8,machine-A10,lot-89,Dn,aPZT,category-5,sub-a9,24,0,24
2026-11-07,45,plant-A,line-A9,machine-A3,lot-48,UP,bPZT,pass,pass,0,2520,2529
2026-11-07,45,plant-B,line-B8,machine-B5,lot-93,UP,aPZT,category-5,sub-a7,21,0,21
2026-11-07,45,plant-B,line-B6,machine-B4,lot-56,UP,bPZT,category-3,sub-b4,36,0,36
2026-11-07,45,plant-A,line-A8,machine-A3,lot-7,UP,aPZT,category-1,sub-a10,34,0,34
2026-11-07,45,plant-B,line-B5,machine-B3,lot-80,UP,aPZT,category-5,sub-a10,25,0,25
2026-11-08,45,plant-A,line-A3,machine-A2,lot-37,dn,bPZT,pass,,0,2464,2522
2026-11-08,45,plant-B,line-B7,machine-B10,lot-14,DN,bPZT,category-5,sub-b6,25,0,25
2026-11-08,45,plant-B,line-B10,machine-B6,lot-3,DN,aPZT,category-4,sub-a4,31,0,31
2026-11-08,45,plant-A,line-A3,machine-A2,lot-37,DN,aPZT,category-1,sub-a3,3,0,3
2026-11-08,45,plant-B,line-B8,machine-B3,lot-59,UP,aPZT,category-5,sub-a6,25,0,25
2026-11-08,45,plant-B,line-B6,machine-B5,lot-80,DN,bPZT,pass,pass,0,2565,2630
2026-11-08,45,plant-B,line-B6,machine-B5,lot-80,UP,bPZT,category-2,sub-b10,4,0,4
2026-11-08,45,plant-B,line-B3,machine-B8,lot-8,UP,aPZT,category-4,sub-a8,16,0,16
2026-11-08,45,plant-A,line-A4,machine-A10,lot-24,DN,aPZT,category-5,sub-a8,29,0,29
2026-11-08,45,plant-A,line-A5,machine-A6,lot-61,DN,bPZT,pass,pass,0,2614,2711
2026-11-08,45,plant-B,line-B7,machine-B3,lot-72,DN,aPZT,category-4,sub-a5,11,0,11
2026-11-08,45,plant-A,line-A9,machine-A1,lot-74,DN,bPZT,category-5,sub-b1,7,0,7
2026-11-08,45,plant-B,line-B9,machine-B9,lot-48,DN,bPZT,category-5,sub-b5,9,0,9
2026-11-08,45,plant-A,line-A3,machine-A2,lot-37,UP,bPZT,category-3,sub-b8,37,0,37
2026-11-08,45,plant-B,line-B9,machine-B9,lot-48,UP,aPZT,category-4,sub-a1,6,0,6
2026-11-08,45,plant-B,line-B3,machine-B8,lot-34,DN,bPZT,category-2,sub-b7,29,0,29
2026-11-08,45,plant-A,line-A5,machine-A6,lot-61,DN,aPZT,category-3,sub-a2,25,0,25
2026-11-08,45,plant-B,line-B10,machine-B6,lot-3,DN,aPZT,category-3,sub-a1,37,0,37
2026-11-08,45,plant-B,line-B10,machine-B8,lot-28,UP,bPZT,pass,pass,0,2208,2222
2026-11-08,45,plant-A,line-A9,machine-A1,lot-74,UP,bPZT,category-3,sub-b6,27,0,27
2026-11-08,45,plant-B,line-B8,machine-B2,lot-94,UP,bPZT,category-3,sub-b7,36,0,36
2026-11-08,45,plant-B,line-B3,machine-B8,lot-8,DN,aPZT,category-3,sub-a9,35,0,35
2026-11-08,45,plant-A,line-A8,machine-A9,lot-92,DN,aPZT,category-2,sub-a1,34,0,34
2026-11-08,45,plant-A,line-A9,machine-A7,lot-47,UP,bPZT,category-1,sub-b7,23,0,23
2026-11-08,45,plant-A,line-A8,machine-A9,lot-92,UP,bPZT,pass,pass,0,2756,2803
2026-11-08,45,plant-A,line-A3,machine-A2,lot-37,DN,aPZT,category-4,sub-a3,22,0,22
2026-11-08,45,plant-A,line-A5,machine-A9,lot-42,UP,aPZT,pass,pass,0,2477,2509
2026-11-08,45,plant-A,line-A4,machine-A10,lot-24,DN,aPZT,category-2,sub-a5,2,0,2
2026-11-08,45,plant-B,line-B2,machine-B2,lot-7,UP,bPZT,pass,pass,0,2241,2249
2026-11-08,45,plant-B,line-B10,machine-B6,lot-3,UP,bPZT,category-1,sub-b2,30,0,30
2026-11-08,45,plant-B,line-B8,machine-B3,lot-59,DN,aPZT,pass,pass,0,2206,2337
2026-11-08,45,plant-B,line-B10,machine-B8,lot-28,Up,bPZT,category-5,sub-b8,33,0,33
2026-11-08,45,plant-B,line-B2,machine-B2,lot-7,DN,bPZT,category-1,sub-b2,8,0,8
2026-11-08,45,plant-B,line-B3,machine-B8,lot-8,UP,aPZT,category-1,sub-a3,1,0,1
2026-11-08,45,plant-B,line-B2,machine-B2,lot-7,DN,bPZT,category-5,sub-b5,14,0,14
2026-11-08,45,plant-A,line-A9,machine-A7,lot-20,UP,bPZT,category-5,sub-b2,36,0,36
2026-11-08,45,plant-A,line-A8,machine-A9,lot-92,DN,aPZT,category-4,sub-a5,13,0,13
2026-11-08,45,plant-A,line-A9,machine-A1,lot-74,UP,bPZT,category-1,sub-b4,16,0,16
2026-11-08,45,plant-B,line-B9,machine-B9,lot-48,DN,bPZT,category-4,sub-b3,22,0,22
2026-11-08,45,plant-B,line-B9,machine-B9,lot-48,DN,aPZT,category-5,sub-a8,16,0,16
2026-11-08,45,plant-A,line-A9,machine-A1,lot-74,DN,bPZT,pass,pass,0,2730,2760
2026-11-08,45,plant-B,line-B9,machine-B9,lot-48,DN,bPZT,category-1,sub-b1,39,0,39
2026-11-08,45,plant-B,line-B6,machine-B5,lot-80,DN,aPZT,category-2,sub-a10,28,0,28
2026-11-08,45,plant-A,line-A8,machine-A8,lot-53,DN,aPZT,category-1,sub-a7,9,0,9
2026-11-08,45,plant-A,line-A8,machine-A8,lot-53,UP,aPZT,category-2,sub-a6,23,0,23
2026-11-08,45,plant-B,line-B3,machine-B8,lot-8,UP,aPZT,category-4,sub-a5,1,0,1
2026-11-08,45,plant-B,line-B8,machine-B2,lot-94,DN,bPZT,category-2,sub-b9,3,0,3
2026-11-08,45,plant-B,line-B8,machine-B3,lot-59,UP,bPZT,category-4,sub-b9,11,0,11
2026-11-08,45,plant-B,line-B10,machine-B8,lot-28,UP,aPZT,category-4,sub-a5,14,0,14
2026-11-08,45,plant-A,line-A9,machine-A4,lot-38,DN,aPZT,pass,pass,0,2866,2943
2026-11-08,45,plant-B,line-B8,machine-B2,lot-94,DN,aPZT,category-3,sub-a8,20,0,20
2026-11-08,45,plant-A,line-A6,machine-A8,lot-26,UP,bPZT,category-1,sub-b10,2,0,2
2026-11-08,45,plant-A,line-A8,machine-A8,lot-53,UP,aPZT,category-3,sub-a4,32,0,32
2026-11-08,45,plant-B,line-B3,machine-B8,lot-34,DN,bPZT,category-1,sub-b9,39,0,39
2026-11-08,45,plant-A,line-A3,machine-A2,lot-37,DN,aPZT,pass,pass,0,2464,2579
2026-11-08,45,plant-A,line-A9,machine-A7,lot-47,UP,bPZT,category-5,sub-b10,17,0,17
2026-11-08,45,plant-A,line-A9,machine-A10,lot-82,DN,bPZT,category-1,sub-b2,17,0,17
2026-11-08,45,plant-B,line-B7,machine-B3,lot-72,UP,bPZT,pass,pass,0,2908,2946
2026-11-08,45,plant-B,line-B2,machine-B2,lot-7,UP,aPZT,pass,pass,0,2241,2384
2026-11-08,45,plant-A,line-A9,machine-A7,lot-49,DN,bPZT,category-5,sub-b1,30,0,30
2026-11-08,45,plant-A,line-A9,machine-A7,lot-20,UP,aPZT,category-1,sub-a5,23,0,23
2026-11-08,45,plant-A,line-A9,machine-A7,lot-20,UP,bPZT,category-4,sub-b6,26,0,26
2026-11-08,45,plant-B,line-B7,machine-B3,lot-72,UP,aPZT,category-1,sub-a1,27,0,27
2026-11-08,45,plant-A,line-A5,machine-A9,lot-42,UP,bPZT,pass,pass,0,2477,2521
2026-11-08,45,plant-B,line-B3,machine-B8,lot-8,DN,bPZT,category-4,sub-b3,38,0,38
2026-11-08,45,plant-A,line-A5,machine-A9,lot-42,DN,bPZT,category-3,sub-b2,32,0,32
2026-11-08,45,plant-B,line-B3,machine-B8,lot-34,UP,aPZT,category-3,sub-a6,27,0,27
2026-11-08,45,plant-B,line-B6,machine-B5,lot-80,DN,aPZT,pass,pass,0,2565,2623
2026-11-08,45,plant-B,line-B2,machine-B2,lot-7,UP,bPZT,category-3,sub-b8,37,0,37
2026-11-08,45,plant-A,line-A9,machine-A7,lot-20,UP,aPZT,category-1,sub-a3,22,0,22
2026-11-08,45,plant-B,line-B3,machine-B8,lot-8,DN,aPZT,pass,pass,0,2494,2532
2026-11-08,45,plant-A,line-A5,machine-A6,lot-61,UP,aPZT,category-4,sub-a7,36,0,36
2026-11-08,45,plant-B,line-B3,machine-B8,lot-34,DN,aPZT,category-1,sub-a7,38,0,38
2026-11-08,45,plant-A,line-A9,machine-A4,lot-38,DN,bPZT,category-4,sub-b6,35,0,35
2026-11-08,45,plant-A,line-A8,machine-A8,lot-53,DN,aPZT,pass,pass,0,2490,2563
2026-11-08,45,plant-B,line-B2,machine-B2,lot-7,UP,bPZT,category-2,sub-b8,31,0,31
2026-11-08,45,plant-B,line-B10,machine-B6,lot-3,DN,bPZT,pass,pass,0,2603,2683
2026-11-08,45,plant-B,line-B7,machine-B3,lot-72,DN,bPZT,category-4,sub-b1,2,0,2
2026-11-08,45,plant-B,line-B6,machine-B5,lot-80,UP,bPZT,category-2,sub-b4,4,0,4
2026-11-08,45,plant-B,line-B8,machine-B2,lot-94,DN,aPZT,pass,pass,0,2352,2420
2026-11-08,45,plant-B,line-B8,machine-B3,lot-59,UP,bPZT,pass,pass,0,2206,2231
2026-11-08,45,plant-B,line-B7,machine-B10,lot-14,UP,bPZT,category-4,sub-b2,6,0,6
2026-11-08,45,plant-B,line-B2,machine-B2,lot-7,DN,bPZT,category-3,sub-b2,17,0,17
2026-11-08,45,plant-A,line-A9,machine-A1,lot-74,UP,aPZT,pass,pass,0,2730,2838
2026-11-08,45,plant-B,line-B3,machine-B8,lot-8,UP,aPZT,category-4,sub-a1,37,0,37
2026-11-08,45,plant-A,line-A9,machine-A1,lot-74,UP,bPZT,category-3,sub-b4,15,0,15
2026-11-08,45,plant-B,line-B8,machine-B3,lot-59,UP,bPZT,category-5,sub-b2,28,0,28
2026-11-08,45,plant-B,line-B7,machine-B10,lot-14,DN,aPZT,category-1,sub-a4,30,0,30
2026-11-08,45,plant-B,line-B1,machine-B9,lot-44,UP,bPZT,category-3,sub-b5,6,0,6
2026-11-08,45,plant-A,line-A5,machine-A6,lot-61,UP,aPZT,category-5,sub-a10,3,0,3
2026-11-08,45,plant-B,line-B1,machine-B9,lot-44,UP,aPZT,pass,pass,0,2261,2326
2026-11-08,45,plant-B,line-B9,machine-B9,lot-48,UP,bPZT,pass,pass,0,2024,2144
2026-11-08,45,plant-B,line-B9,machine-B9,lot-48,DN,aPZT,category-2,sub-a1,17,0,17
2026-11-08,45,plant-A,line-A3,machine-A2,lot-37,DN,bPZT,category-4,sub-b6,17,0,17
2026-11-08,45,plant-B,line-B8,machine-B3,lot-59,UP,bPZT,category-3,sub-b8,37,0,37
2026-11-08,45,plant-A,line-A8,machine-A8,lot-53,UP,bPZT,pass,pass,0,2490,2613
2026-11-08,45,plant-A,line-A8,machine-A8,lot-53,DN,bPZT,category-1,sub-b5,28,0,28
2026-11-08,45,plant-B,line-B9,machine-B9,lot-48,DN,aPZT,category-5,sub-a9,30,0,30
2026-11-08,45,plant-B,line-B10,machine-B6,lot-3,UP,aPZT,pass,pass,0,2603,2659
2026-11-08,45,plant-A,line-A9,machine-A7,lot-47,DN,aPZT,category-1,sub-a2,9,0,9
2026-11-08,45,plant-A,line-A9,machine-A1,lot-74,DN,aPZT,category-3,sub-a3,28,0,28
2026-11-08,45,plant-A,line-A9,machine-A7,lot-47,DN,bPZT,category-1,sub-b6,14,0,14
2026-11-08,45,plant-A,line-A8,machine-A8,lot-53,UP,aPZT,category-4,sub-a6,35,0,35
2026-11-08,45,plant-A,line-A4,machine-A10,lot-24,UP,bPZT,category-4,sub-b6,35,0,35
2026-11-08,45,plant-A,line-A4,machine-A10,lot-24,UP,aPZT,category-1,sub-a7,7,0,7
2026-11-08,45,plant-B,line-B1,machine-B9,lot-44,DN,bPZT,category-3,sub-b9,19,0,19
2026-11-08,45,plant-B,line-B3,machine-B8,lot-34,UP,bPZT,pass,pass,0,2433,2555
2026-11-08,45,plant-B,line-B3,machine-B8,lot-34,DN,bPZT,category-3,sub-b4,4,0,4
2026-11-08,45,plant-B,line-B10,machine-B6,lot-3,DN,aPZT,category-4,sub-a7,12,0,12
2026-11-08,45,plant-B,line-B7,machine-B10,lot-14,DN,aPZT,category-1,sub-a7,31,0,31
2026-11-08,45,plant-B,line-B7,machine-B10,lot-14,DN,bPZT,category-2,sub-b1,1,0,1
2026-11-08,45,plant-B,line-B3,machine-B8,lot-34,DN,aPZT,pass,pass,0,2433,2505
2026-11-08,45,plant-B,line-B8,machine-B2,lot-94,UP,bPZT,pass,pass,0,2352,2372
2026-11-08,45,plant-B,line-B6,machine-B5,lot-80,UP,bPZT,category-5,sub-b10,6,0,6
2026-11-08,45,plant-B,line-B10,machine-B8,lot-28,UP,bPZT,category-2,sub-b2,16,0,16
2026-11-08,45,plant-B,line-B6,machine-B5,lot-80,UP,bPZT,category-5,sub-b9,7,0,7
2026-11-08,45,plant-A,line-A9,machine-A10,lot-82,DN,bPZT,pass,pass,0,2562,2634
2026-11-08,45,plant-A,line-A6,machine-A8,lot-26,up,aPZT,pass,pass,0,2154,2195
2026-11-08,45,plant-A,line-A9,machine-A1,lot-74,UP,bPZT,category-2,sub-b3,32,0,32
2026-11-08,45,plant-B,line-B9,machine-B9,lot-48,UP,aPZT,category-1,sub-a8,19,0,19
2026-11-08,45,plant-B,line-B6,machine-B5,lot-80,UP,bPZT,category-3,sub-b10,26,0,26
2026-11-08,45,plant-B,line-B10,machine-B6,lot-3,UP,bPZT,category-2,sub-b3,11,0,11
2026-11-08,45,plant-A,line-A6,machine-A8,lot-26,UP,bPZT,pass,pass,0,2154,2174
2026-11-08,45,plant-B,line-B7,machine-B3,lot-72,UP,aPZT,pass,pass,0,2908,2911
2026-11-08,45,plant-A,line-A9,machine-A1,lot-74,UP,aPZT,category-1,sub-a3,2,0,2
2026-11-08,45,plant-A,line-A9,machine-A10,lot-82,DN,aPZT,category-4,sub-a5,34,0,34
2026-11-08,45,plant-A,line-A6,machine-A8,lot-26,DN,aPZT,category-4,sub-a7,5,0,5
2026-11-08,45,plant-A,line-A9,machine-A7,lot-47,uP,aPZT,pass,,0,2741,2863
2026-11-08,45,plant-A,line-A5,machine-A9,lot-42,UP,aPZT,category-1,sub-a5,37,0,37
2026-11-08,45,plant-A,line-A9,machine-A10,lot-82,UP,aPZT,category-1,sub-a3,3,0,3
2026-11-08,45,plant-A,line-A5,machine-A6,lot-61,DN,aPZT,category-5,sub-a8,19,0,19
2026-11-08,45,plant-A,line-A3,machine-A2,lot-37,DN,bPZT,category-4,sub-b3,28,0,28
2026-11-08,45,plant-A,line-A6,machine-A8,lot-26,UP,bPZT,category-1,sub-b6,39,0,39
2026-11-08,45,plant-A,line-A9,machine-A7,lot-47,DN,aPZT,category-5,sub-a9,17,0,17
2026-11-08,45,plant-A,line-A8,machine-A9,lot-92,DN,bPZT,category-2,sub-b6,8,0,8
2026-11-08,45,plant-B,line-B7,machine-B3,lot-72,UP,bPZT,category-4,sub-b4,1,0,1
2026-11-08,45,plant-A,line-A5,machine-A6,lot-61,DN,aPZT,pass,pass,0,2614,2663
2026-11-08,45,plant-A,line-A8,machine-A8,lot-53,UP,bPZT,category-3,sub-b2,26,0,26
2026-11-08,45,plant-A,line-A9,machine-A1,lot-74,UP,bPZT,category-5,sub-b9,11,0,11
2026-11-08,45,plant-A,line-A8,machine-A9,lot-92,DN,aPZT,pass,pass,0,2756,2764
2026-11-08,45,plant-B,line-B3,machine-B8,lot-34,UP,aPZT,category-1,sub-a10,31,0,31
2026-11-08,45,plant-B,line-B2,machine-B2,lot-7,DN,aPZT,category-2,sub-a10,2,0,2
2026-11-08,45,plant-A,line-A9,machine-A7,lot-47,UP,bPZT,pass,pass,0,2741,2767
2026-11-08,45,plant-B,line-B3,machine-B8,lot-8,DN,bPZT,pass,pass,0,2494,2615
2026-11-08,45,plant-B,line-B7,machine-B10,lot-14,UP,aPZT,pass,pass,0,2522,2578
2026-11-08,45,plant-A,line-A5,machine-A9,lot-42,UP,aPZT,category-5,sub-a7,7,0,7
2026-11-08,45,plant-A,line-A9,machine-A10,lot-82,UP,bPZT,category-1,sub-b3,26,0,26
2026-11-08,45,plant-B,line-B2,machine-B2,lot-7,DN,aPZT,category-4,sub-a1,6,0,6
2026-11-08,45,plant-B,line-B8,machine-B3,lot-59,DN,bPZT,category-2,sub-b10,30,0,30
2026-11-08,45,plant-B,line-B1,machine-B9,lot-44,UP,bPZT,pass,pass,0,2261,2350
2026-11-08,45,plant-A,line-A9,machine-A10,lot-82,UP,aPZT,pass,pass,0,2562,2688
2026-11-08,45,plant-B,line-B6,machine-B5,lot-80,UP,bPZT,category-2,sub-b3,2,0,2
2026-11-08,45,plant-A,line-A9,machine-A7,lot-20,DN,aPZT,pass,pass,0,2199,2261
2026-11-08,45,plant-A,line-A9,machine-A10,lot-82,UP,bPZT,category-3,sub-b6,32,0,32
2026-11-08,45,plant-A,line-A5,machine-A6,lot-61,DN,aPZT,category-5,sub-a8,14,0,14
2026-11-08,45,plant-A,line-A9,machine-A4,lot-38,UP,bPZT,pass,pass,0,2866,2904
2026-11-08,45,plant-A,line-A8,machine-A8,lot-53,DN,aPZT,category-1,sub-a6,24,0,24
2026-11-08,45,plant-A,line-A9,machine-A10,lot-82,DN,aPZT,category-1,sub-a5,35,0,35
2026-11-08,45,plant-B,line-B8,machine-B3,lot-59,DN,bPZT,category-2,sub-b1,25,0,25
2026-11-08,45,plant-A,line-A9,machine-A4,lot-38,UP,bPZT,category-4,sub-b8,6,0,6
2026-11-08,45,plant-A,line-A9,machine-A7,lot-49,DN,bPZT,category-1,sub-b3,14,0,14
2026-11-08,45,plant-B,line-B7,machine-B10,lot-14,UP,bPZT,category-2,sub-b8,24,0,24
2026-11-08,45,plant-B,line-B6,machine-B5,lot-80,DN,bPZT,category-5,sub-b8,9,0,9
2026-11-08,45,plant-A,line-A4,machine-A10,lot-24,DN,aPZT,pass,pass,0,2901,2936
2026-11-08,45,plant-A,line-A9,machine-A4,lot-38,UP,aPZT,category-1,sub-a9,38,0,38
2026-11-08,45,plant-B,line-B1,machine-B9,lot-44,DN,aPZT,category-2,sub-a6,27,0,27
2026-11-08,45,plant-B,line-B7,machine-B10,lot-14,DN,bPZT,pass,pass,0,2522,2583
2026-11-08,45,plant-B,line-B9,machine-B9,lot-48,UP,aPZT,pass,pass,0,2024,2129
2026-11-08,45,plant-A,line-A3,machine-A2,lot-37,UP,aPZT,category-5,sub-a7,33,0,33
2026-11-08,45,plant-B,line-B1,machine-B9,lot-44,DN,aPZT,category-5,sub-a3,31,0,31
2026-11-08,45,plant-A,line-A6,machine-A8,lot-26,UP,aPZT,category-3,sub-a9,15,0,15
2026-11-08,45,plant-B,line-B3,machine-B8,lot-8,UP,aPZT,category-5,sub-a2,31,0,31
2026-11-08,45,plant-A,line-A9,machine-A10,lot-82,DN,bPZT,category-5,sub-b10,33,0,33
2026-11-08,45,plant-B,line-B1,machine-B9,lot-44,DN,aPZT,category-3,sub-a10,8,0,8
2026-11-08,45,plant-A,line-A5,machine-A6,lot-61,UP,bPZT,category-5,sub-b10,40,0,40
2026-11-08,45,plant-A,line-A3,machine-A2,lot-37,up,bPZT,category-3,,33,0,33
2026-11-08,45,plant-B,line-B1,machine-B9,lot-44,UP,bPZT,category-4,sub-b9,40,0,40
2026-11-08,45,plant-A,line-A8,machine-A8,lot-53,UP,bPZT,category-3,sub-b2,19,0,19
2026-11-08,45,plant-A,line-A9,machine-A7,lot-47,UP,bPZT,category-5,sub-b10,40,0,40
2026-11-08,45,plant-B,line-B8,machine-B2,lot-94,UP,bPZT,category-4,sub-b5,22,0,22
2026-11-08,45,plant-B,line-B6,machine-B5,lot-80,UP,aPZT,category-2,sub-a5,37,0,37
2026-11-08,45,plant-A,line-A4,machine-A10,lot-24,DN,bPZT,pass,pass,0,2901,2939
2026-11-08,45,plant-A,line-A9,machine-A7,lot-20,DN,aPZT,category-1,sub-a3,14,0,14
2026-11-08,45,plant-A,line-A9,machine-A7,lot-49,UP,aPZT,category-3,sub-a10,4,0,4
2026-11-08,45,plant-B,line-B10,machine-B6,lot-3,DN,bPZT,category-5,sub-b1,15,0,15
2026-11-08,45,plant-A,line-A9,machine-A7,lot-49,UP,bPZT,pass,pass,0,2907,2911
2026-11-08,45,plant-A,line-A9,machine-A7,lot-47,DN,bPZT,category-1,sub-b10,28,0,28
2026-11-08,45,plant-B,line-B1,machine-B9,lot-44,UP,aPZT,category-1,sub-a8,23,0,23
2026-11-08,45,plant-B,line-B8,machine-B2,lot-94,UP,bPZT,category-2,sub-b2,7,0,7
2026-11-08,45,plant-B,line-B9,machine-B9,lot-48,DN,aPZT,category-5,sub-a5,32,0,32
2026-11-08,45,plant-B,line-B10,machine-B8,lot-28,UP,aPZT,pass,pass,0,2208,2276
2026-11-08,45,plant-A,line-A9,machine-A7,lot-49,DN,aPZT,pass,pass,0,2907,2951
2026-11-08,45,plant-B,line-B2,machine-B2,lot-7,UP,bPZT,category-5,sub-b2,36,0,36
2026-11-08,45,plant-B,line-B9,machine-B9,lot-48,UP,bPZT,category-1,sub-b6,35,0,35
2026-11-08,45,plant-A,line-A9,machine-A7,lot-20,DN,bPZT,pass,pass,0,2199,2258
2026-11-08,45,plant-A,line-A9,machine-A4,lot-38,DN,bPZT,category-1,sub-b5,36,0,36
2026-11-08,45,plant-A,line-A9,machine-A10,lot-82,DN,bPZT,category-3,sub-b6,18,0,18
2026-11-08,45,plant-B,line-B10,machine-B8,lot-28,UP,bPZT,category-5,sub-b1,19,0,19
2026-11-08,45,plant-A,line-A5,machine-A6,lot-61,DN,bPZT,category-5,,9,0,9
2026-11-08,45,plant-B,line-B3,machine-B8,lot-34,DN,aPZT,category-4,sub-a4,26,0,26
2026-11-09,46,plant-A,line-A1,machine-A8,lot-53,DN,aPZT,category-5,sub-a4,35,0,35
2026-11-09,46,plant-B,line-B7,machine-B1,lot-45,UP,aPZT,category-5,sub-a6,7,0,7
2026-11-09,46,plant-A,line-A7,machine-A9,lot-37,UP,bPZT,category-1,sub-b5,3,0,3
2026-11-09,46,plant-A,line-A2,machine-A3,lot-36,UP,bPZT,category-2,sub-b10,17,0,17
2026-11-09,46,plant-B,line-B7,machine-B7,lot-19,DN,aPZT,category-5,sub-a1,20,0,20
2026-11-09,46,plant-B,line-B10,machine-B3,lot-89,DN,bPZT,category-2,sub-b2,40,0,40
2026-11-09,46,plant-A,line-A6,machine-A5,lot-71,UP,bPZT,category-1,sub-b9,14,0,14
2026-11-09,46,plant-B,line-B7,machine-B5,lot-64,UP,bPZT,pass,pass,0,2667,2696
2026-11-09,46,plant-A,line-A2,machine-A3,lot-36,DN,bPZT,category-5,sub-b8,36,0,36
2026-11-09,46,plant-B,line-B6,machine-B6,lot-100,DN,bPZT,category-1,sub-b4,11,0,11
2026-11-09,46,plant-B,line-B5,machine-B3,lot-93,DN,bPZT,category-4,sub-b2,4,0,4
2026-11-09,46,plant-B,line-B2,machine-B7,lot-27,UP,aPZT,pass,pass,0,2632,2646
2026-11-09,46,plant-A,line-A5,machine-A7,lot-8,DN,bPZT,category-4,sub-b6,16,0,16
2026-11-09,46,plant-B,line-B10,machine-B4,lot-31,UP,bPZT,category-2,sub-b2,24,0,24
2026-11-09,46,plant-B,line-B7,machine-B5,lot-64,DN,aPZT,category-2,sub-a9,19,0,19
2026-11-09,46,plant-B,line-B2,machine-B7,lot-27,DN,bPZT,pass,pass,0,2632,2697
2026-11-09,46,plant-A,line-A7,machine-A9,lot-37,DN,aPZT,category-4,sub-a3,1,0,1
2026-11-09,46,plant-B,line-B7,machine-B5,lot-64,DN,aPZT,pass,pass,0,2667,2757
2026-11-09,46,plant-A,line-A9,machine-A2,lot-90,DN,aPZT,category-5,sub-a3,31,0,31
2026-11-09,46,plant-B,line-B1,machine-B1,lot-59,DN,aPZT,category-2,sub-a9,8,0,8
2026-11-09,46,plant-B,line-B7,machine-B5,lot-64,DN,bPZT,category-3,sub-b7,40,0,40
2026-11-09,46,plant-B,line-B5,machine-B3,lot-93,UP,aPZT,category-2,sub-a2,36,0,36
2026-11-09,46,plant-B,line-B7,machine-B7,lot-19,DN,aPZT,category-3,sub-a9,20,0,20
2026-11-09,46,plant-B,line-B1,machine-B1,lot-59,DN,bPZT,category-5,sub-b2,24,0,24
2026-11-09,46,plant-A,line-A10,machine-A6,lot-77,UP,aPZT,category-1,sub-a4,34,0,34
2026-11-09,46,plant-A,line-A2,machine-A3,lot-25,DN,bPZT,category-1,sub-b5,12,0,12
2026-11-09,46,plant-B,line-B10,machine-B4,lot-31,DN,aPZT,category-2,sub-a10,16,0,16
2026-11-09,46,plant-A,line-A10,machine-A6,lot-77,DN,bPZT,category-1,sub-b8,39,0,39
2026-11-09,46,plant-B,line-B6,machine-B6,lot-100,DN,aPZT,category-3,sub-a6,14,0,14
2026-11-09,46,plant-B,line-B3,machine-B10,lot-74,DN,aPZT,pass,pass,0,2655,2696
2026-11-09,46,plant-B,line-B5,machine-B6,lot-23,DN,aPZT,category-4,sub-a2,8,0,8
2026-11-09,46,plant-A,line-A3,machine-A3,lot-80,UP,bPZT,pass,pass,0,2143,2197
2026-11-09,46,plant-A,line-A10,machine-A6,lot-77,UP,bPZT,pass,pass,0,2629,2692
2026-11-09,46,plant-A,line-A3,machine-A3,lot-80,DN,aPZT,pass,pass,0,2143,2242
2026-11-09,46,plant-A,line-A9,machine-A2,lot-90,UP,aPZT,category-2,sub-a7,14,0,14
2026-11-09,46,plant-A,line-A6,machine-A5,lot-71,UP,bPZT,category-2,sub-b1,7,0,7
2026-11-09,46,plant-A,line-A2,machine-A3,lot-25,UP,bPZT,category-2,sub-b8,29,0,29
2026-11-09,46,plant-A,line-A6,machine-A5,lot-71,DN,bPZT,pass,pass,0,2325,2352
2026-11-09,46,plant-A,line-A7,machine-A9,lot-37,UP,bPZT,category-5,sub-b6,18,0,18
2026-11-09,46,plant-A,line-A4,machine-A6,lot-57,UP,aPZT,category-2,sub-a3,16,0,16
2026-11-09,46,plant-B,line-B1,machine-B1,lot-59,DN,bPZT,category-1,sub-b2,36,0,36
2026-11-09,46,plant-A,line-A1,machine-A8,lot-53,DN,aPZT,category-1,sub-a10,31,0,31
2026-11-09,46,plant-B,line-B10,machine-B3,lot-89,UP,bPZT,pass,pass,0,2694,2706
2026-11-09,46,plant-B,line-B3,machine-B10,lot-74,DN,aPZT,category-4,sub-a9,32,0,32
2026-11-09,46,plant-B,line-B7,machine-B7,lot-19,UP,aPZT,category-5,sub-a10,31,0,31
2026-11-09,46,plant-A,line-A5,machine-A10,lot-11,UP,bPZT,category-2,sub-b4,1,0,1
2026-11-09,46,plant-B,line-B6,machine-B6,lot-100,DN,aPZT,category-4,sub-a7,25,0,25
2026-11-09,46,plant-B,line-B6,machine-B6,lot-100,UP,bPZT,pass,pass,0,2061,2101
2026-11-09,46,plant-B,line-B5,machine-B6,lot-32,UP,bPZT,category-5,sub-b3,2,0,2
2026-11-09,46,plant-A,line-A4,machine-A6,lot-57,DN,bPZT,pass,pass,0,2253,2339
2026-11-09,46,plant-B,line-B5,machine-B6,lot-23,UP,aPZT,pass,pass,0,2867,2881
2026-11-09,46,plant-B,line-B7,machine-B7,lot-19,UP,bPZT,category-2,sub-b8,24,0,24
2026-11-09,46,plant-B,line-B7,machine-B1,lot-45,UP,bPZT,pass,pass,0,2034,2113
2026-11-09,46,plant-B,line-B5,machine-B3,lot-93,DN,aPZT,category-1,sub-a4,39,0,39
2026-11-09,46,plant-A,line-A2,machine-A3,lot-36,UP,aPZT,category-1,sub-a1,11,0,11
2026-11-09,46,plant-A,line-A7,machine-A9,lot-37,DN,aPZT,pass,pass,0,2070,2116
2026-11-09,46,plant-A,line-A5,machine-A10,lot-11,DN,aPZT,category-1,sub-a6,18,0,18
2026-11-09,46,plant-A,line-A8,machine-A10,lot-1,UP,aPZT,category-2,sub-a3,36,0,36
2026-11-09,46,plant-B,line-B7,machine-B5,lot-64,UP,bPZT,category-1,sub-b8,15,0,15
2026-11-09,46,plant-A,line-A5,machine-A10,lot-11,DN,bPZT,pass,pass,0,2557,2649
2026-11-09,46,plant-B,line-B1,machine-B1,lot-59,UP,bPZT,category-1,sub-b7,28,0,28
2026-11-09,46,plant-B,line-B5,machine-B3,lot-93,DN,aPZT,category-5,sub-a9,34,0,34
2026-11-09,46,plant-A,line-A10,machine-A6,lot-77,DN,bPZT,category-1,sub-b1,25,0,25
2026-11-09,46,plant-B,line-B6,machine-B6,lot-100,UP,aPZT,pass,pass,0,2061,2131
2026-11-09,46,plant-B,line-B5,machine-B6,lot-23,DN,aPZT,category-3,sub-a5,11,0,11
2026-11-09,46,plant-B,line-B7,machine-B1,lot-45,UP,bPZT,category-1,sub-b8,38,0,38
2026-11-09,46,plant-B,line-B5,machine-B6,lot-32,UP,aPZT,pass,pass,0,2736,2758
2026-11-09,46,plant-B,line-B10,machine-B3,lot-89,UP,bPZT,category-4,sub-b5,2,0,2
2026-11-09,46,plant-B,line-B3,machine-B10,lot-74,DN,bPZT,category-1,sub-b2,19,0,19
2026-11-09,46,plant-B,line-B5,machine-B6,lot-32,UP,aPZT,category-5,sub-a10,8,0,8
2026-11-09,46,plant-A,line-A2,machine-A3,lot-36,UP,bPZT,category-4,sub-b9,31,0,31
2026-11-09,46,plant-A,line-A2,machine-A3,lot-25,DN,bPZT,pass,pass,0,2161,2171
2026-11-09,46,plant-A,line-A3,machine-A3,lot-80,UP,aPZT,category-5,sub-a3,34,0,34
2026-11-09,46,plant-B,line-B1,machine-B1,lot-59,DN,bPZT,pass,pass,0,2047,2055
2026-11-09,46,plant-A,line-A1,machine-A8,lot-53,UP,bPZT,category-3,sub-b4,39,0,39
2026-11-09,46,plant-B,line-B7,machine-B5,lot-64,UP,bPZT,category-3,sub-b2,35,0,35
2026-11-09,46,plant-B,line-B9,machine-B9,lot-15,UP,bPZT,pass,pass,0,2245,2267
2026-11-09,46,plant-B,line-B2,machine-B7,lot-27,DN,aPZT,category-2,sub-a8,30,0,30
2026-11-09,46,plant-B,line-B5,machine-B6,lot-23,UP,bPZT,category-2,sub-b10,14,0,14
2026-11-09,46,plant-A,line-A10,machine-A6,lot-77,DN,bPZT,category-1,sub-b4,28,0,28
2026-11-09,46,plant-A,line-A9,machine-A2,lot-90,DN,bPZT,category-4,sub-b6,15,0,15
2026-11-09,46,plant-B,line-B1,machine-B1,lot-59,UP,bPZT,category-3,sub-b9,40,0,40
2026-11-09,46,plant-B,line-B10,machine-B3,lot-89,UP,aPZT,category-1,sub-a3,12,0,12
2026-11-09,46,plant-B,line-B7,machine-B1,lot-45,UP,aPZT,pass,pass,0,2034,2132
2026-11-09,46,plant-A,line-A8,machine-A10,lot-1,UP,bPZT,category-3,sub-b5,2,0,2
2026-11-09,46,plant-A,line-A2,machine-A3,lot-25,DN,bPZT,category-4,sub-b9,33,0,33
2026-11-09,46,plant-B,line-B7,machine-B7,lot-19,DN,aPZT,pass,pass,0,2112,2136
2026-11-09,46,plant-A,line-A8,machine-A10,lot-1,DN,aPZT,category-5,sub-a9,23,0,23
2026-11-09,46,plant-B,line-B5,machine-B6,lot-32,DN,aPZT,category-1,sub-a7,31,0,31
2026-11-09,46,plant-A,line-A3,machine-A3,lot-80,DN,bPZT,category-1,sub-b3,15,0,15
2026-11-09,46,plant-B,line-B2,machine-B7,lot-27,UP,bPZT,category-4,sub-b8,14,0,14
2026-11-09,46,plant-A,line-A2,machine-A3,lot-36,UP,aPZT,category-1,sub-a8,14,0,14
2026-11-09,46,plant-B,line-B5,machine-B3,lot-93,UP,aPZT,category-1,sub-a5,24,0,24
2026-11-09,46,plant-B,line-B7,machine-B1,lot-45,UP,bPZT,category-1,sub-b4,25,0,25
2026-11-09,46,plant-A,line-A4,machine-A6,lot-57,DN,bPZT,category-4,sub-b5,20,0,20
2026-11-09,46,plant-B,line-B9,machine-B9,lot-15,UP,aPZT,category-5,sub-a2,22,0,22
2026-11-09,46,plant-A,line-A3,machine-A3,lot-80,UP,aPZT,category-5,sub-a8,20,0,20
2026-11-09,46,plant-B,line-B5,machine-B3,lot-93,UP,bPZT,category-1,sub-b10,18,0,18
2026-11-09,46,plant-B,line-B6,machine-B6,lot-100,Up,aPZT,category-3,,1,0,1
2026-11-09,46,plant-A,line-A1,machine-A8,lot-53,UP,bPZT,category-4,sub-b3,21,0,21
2026-11-09,46,plant-B,line-B5,machine-B6,lot-23,DN,aPZT,category-3,sub-a8,11,0,11
2026-11-09,46,plant-A,line-A1,machine-A8,lot-53,UP,aPZT,pass,pass,0,2507,2602
2026-11-09,46,plant-B,line-B10,machine-B4,lot-31,UP,bPZT,category-1,sub-b7,4,0,4
2026-11-09,46,plant-A,line-A2,machine-A3,lot-25,DN,aPZT,category-5,sub-a7,10,0,10
2026-11-09,46,plant-B,line-B2,machine-B7,lot-27,UP,aPZT,category-2,sub-a4,2,0,2
2026-11-09,46,plant-A,line-A9,machine-A2,lot-90,UP,bPZT,pass,pass,0,2381,2487
2026-11-09,46,plant-B,line-B9,machine-B9,lot-15,UP,aPZT,pass,pass,0,2245,2277
2026-11-09,46,plant-B,line-B1,machine-B1,lot-59,UP,bPZT,category-3,sub-b4,8,0,8
2026-11-09,46,plant-B,line-B10,machine-B3,lot-89,UP,aPZT,pass,pass,0,2694,2738
2026-11-09,46,plant-A,line-A6,machine-A5,lot-71,DN,bPZT,category-3,sub-b8,9,0,9
2026-11-09,46,plant-A,line-A6,machine-A5,lot-71,UP,aPZT,pass,pass,0,2325,2390
2026-11-09,46,plant-A,line-A4,machine-A6,lot-57,DN,aPZT,category-3,sub-a5,21,0,21
2026-11-09,46,plant-B,line-B1,machine-B1,lot-59,DN,bPZT,category-2,sub-b4,32,0,32
2026-11-09,46,plant-B,line-B10,machine-B4,lot-31,DN,aPZT,category-4,sub-a3,38,0,38
2026-11-09,46,plant-A,line-A1,machine-A8,lot-53,DN,bPZT,category-3,sub-b4,35,0,35
2026-11-09,46,plant-B,line-B1,machine-B1,lot-59,UP,bPZT,category-4,sub-b4,15,0,15
2026-11-09,46,plant-A,line-A9,machine-A2,lot-90,UP,aPZT,category-1,sub-a4,21,0,21
2026-11-09,46,plant-A,line-A7,machine-A9,lot-37,DN,aPZT,category-2,sub-a5,3,0,3
2026-11-09,46,plant-A,line-A3,machine-A3,lot-80,DN,bPZT,category-2,sub-b8,26,0,26
2026-11-09,46,plant-B,line-B6,machine-B6,lot-100,DN,bPZT,category-3,sub-b3,20,0,20
2026-11-09,46,plant-A,line-A7,machine-A9,lot-37,DN,bPZT,category-3,sub-b1,25,0,25
2026-11-09,46,plant-A,line-A2,machine-A3,lot-25,DN,bPZT,category-1,sub-b2,20,0,20
2026-11-09,46,plant-B,line-B5,machine-B3,lot-93,UP,aPZT,category-4,sub-a10,31,0,31
2026-11-09,46,plant-A,line-A5,machine-A10,lot-11,DN,bPZT,category-1,sub-b2,5,0,5
2026-11-09,46,plant-B,line-B10,machine-B3,lot-89,DN,bPZT,category-4,sub-b5,2,0,2
2026-11-09,46,plant-B,line-B5,machine-B6,lot-23,DN,bPZT,pass,pass,0,2867,2917
2026-11-09,46,plant-B,line-B9,machine-B9,lot-15,UP,bPZT,category-2,sub-b3,32,0,32
2026-11-09,46,plant-A,line-A4,machine-A6,lot-57,UP,aPZT,pass,pass,0,2253,2301
2026-11-09,46,plant-A,line-A7,machine-A9,lot-37,DN,aPZT,category-3,sub-a5,9,0,9
2026-11-09,46,plant-B,line-B5,machine-B3,lot-93,UP,aPZT,pass,pass,0,2736,2788
2026-11-09,46,plant-B,line-B10,machine-B4,lot-31,UP,aPZT,category-3,,19,0,19
2026-11-09,46,plant-A,line-A2,machine-A3,lot-36,DN,aPZT,category-1,sub-a8,32,0,32
2026-11-09,46,plant-B,line-B7,machine-B1,lot-45,DN,aPZT,category-1,sub-a7,7,0,7
2026-11-09,46,plant-B,line-B10,machine-B4,lot-31,UP,bPZT,pass,pass,0,2700,2777
2026-11-09,46,plant-B,line-B5,machine-B3,lot-93,DN,bPZT,category-2,sub-b4,30,0,30
2026-11-09,46,plant-B,line-B3,machine-B10,lot-74,UP,bPZT,pass,pass,0,2655,2769
2026-11-09,46,plant-B,line-B7,machine-B1,lot-45,DN,aPZT,category-2,sub-a1,20,0,20
2026-11-09,46,plant-A,line-A6,machine-A5,lot-71,DN,bPZT,category-2,sub-b4,13,0,13
2026-11-09,46,plant-B,line-B10,machine-B4,lot-31,UP,aPZT,category-3,sub-a1,4,0,4
2026-11-09,46,plant-A,line-A6,machine-A5,lot-71,DN,bPZT,category-3,sub-b9,22,0,22
2026-11-09,46,plant-A,line-A3,machine-A3,lot-80,UP,bPZT,category-5,sub-b10,20,0,20
2026-11-09,46,plant-A,line-A3,machine-A3,lot-80,UP,bPZT,category-5,,2,0,2
2026-11-09,46,plant-A,line-A2,machine-A3,lot-36,DN,aPZT,pass,pass,0,2442,2526
2026-11-09,46,plant-B,line-B7,machine-B1,lot-45,DN,bPZT,category-1,sub-b5,11,0,11
2026-11-09,46,plant-A,line-A8,machine-A10,lot-1,DN,aPZT,pass,pass,0,2097,2099
2026-11-09,46,plant-A,line-A2,machine-A3,lot-25,UP,bPZT,category-5,sub-b2,1,0,1
2026-11-09,46,plant-A,line-A3,machine-A3,lot-80,UP,bPZT,category-2,sub-b8,11,0,11
2026-11-09,46,plant-A,line-A2,machine-A3,lot-36,DN,bPZT,pass,pass,0,2442,2522
2026-11-09,46,plant-B,line-B3,machine-B10,lot-74,UP,bPZT,category-3,sub-b10,22,0,22
2026-11-09,46,plant-B,line-B6,machine-B6,lot-100,UP,bPZT,category-5,sub-b10,39,0,39
2026-11-09,46,plant-A,line-A8,machine-A10,lot-1,UP,aPZT,category-2,sub-a8,40,0,40
2026-11-09,46,plant-A,line-A5,machine-A10,lot-11,DN,bPZT,category-4,sub-b9,15,0,15
2026-11-09,46,plant-B,line-B10,machine-B4,lot-31,UP,bPZT,category-3,sub-b6,23,0,23
2026-11-09,46,plant-A,line-A4,machine-A6,lot-57,UP,aPZT,category-5,sub-a5,24,0,24
2026-11-09,46,plant-A,line-A6,machine-A5,lot-71,UP,aPZT,category-5,sub-a2,27,0,27
2026-11-09,46,plant-B,line-B7,machine-B1,lot-45,UP,aPZT,category-1,sub-a10,23,0,23
2026-11-09,46,plant-A,line-A1,machine-A8,lot-53,UP,bPZT,pass,pass,0,2507,2573
2026-11-09,46,plant-A,line-A5,machine-A10,lot-11,UP,aPZT,category-5,sub-a1,35,0,35
2026-11-09,46,plant-A,line-A5,machine-A10,lot-11,UP,aPZT,pass,pass,0,2557,2614
2026-11-09,46,plant-B,line-B5,machine-B3,lot-93,DN,aPZT,category-2,sub-a8,3,0,3
2026-11-09,46,plant-A,line-A10,machine-A6,lot-77,UP,aPZT,pass,pass,0,2629,2721
2026-11-09,46,plant-B,line-B2,machine-B7,lot-27,UP,aPZT,category-4,sub-a3,23,0,23
2026-11-09,46,plant-B,line-B3,machine-B10,lot-74,UP,aPZT,category-4,sub-a6,1,0,1
2026-11-09,46,plant-A,line-A5,machine-A7,lot-8,UP,aPZT,category-1,sub-a8,18,0,18
2026-11-09,46,plant-A,line-A9,machine-A2,lot-90,DN,bPZT,category-1,sub-b4,4,0,4
2026-11-09,46,plant-B,line-B7,machine-B1,lot-45,DN,aPZT,category-4,sub-a1,22,0,22
2026-11-09,46,plant-B,line-B5,machine-B6,lot-23,DN,aPZT,category-5,sub-a2,20,0,20
2026-11-09,46,plant-B,line-B1,machine-B1,lot-59,DN,bPZT,category-1,sub-b6,37,0,37
2026-11-09,46,plant-A,line-A8,machine-A10,lot-1,DN,bPZT,pass,pass,0,2097,2196
2026-11-09,46,plant-B,line-B5,machine-B3,lot-93,UP,aPZT,category-1,sub-a1,13,0,13
2026-11-09,46,plant-B,line-B10,machine-B4,lot-31,DN,bPZT,category-2,sub-b3,14,0,14
2026-11-09,46,plant-A,line-A2,machine-A3,lot-25,DN,bPZT,category-4,sub-b7,27,0,27
2026-11-09,46,plant-A,line-A2,machine-A3,lot-25,DN,aPZT,pass,pass,0,2161,2283
2026-11-09,46,plant-B,line-B3,machine-B10,lot-74,DN,aPZT,category-3,sub-a10,39,0,39
2026-11-09,46,plant-B,line-B1,machine-B1,lot-59,UP,aPZT,pass,pass,0,2047,2267
2026-11-09,46,plant-A,line-A7,machine-A9,lot-37,UP,bPZT,pass,pass,0,2070,2122
2026-11-09,46,plant-A,line-A5,machine-A7,lot-8,UP,aPZT,pass,pass,0,2698,2714
2026-11-09,46,plant-B,line-B10,machine-B4,lot-31,DN,aPZT,pass,pass,0,2700,2765
2026-11-09,46,plant-B,line-B7,machine-B5,lot-64,UP,aPZT,category-3,sub-a4,10,0,10
2026-11-09,46,plant-B,line-B5,machine-B6,lot-32,DN,bPZT,category-4,sub-b2,4,0,4
2026-11-09,46,plant-B,line-B7,machine-B7,lot-19,UP,bPZT,pass,pass,0,2112,2183
2026-11-09,46,plant-A,line-A9,machine-A2,lot-90,DN,aPZT,category-3,sub-a7,40,0,40
2026-11-09,46,plant-B,line-B3,machine-B10,lot-74,DN,aPZT,category-5,sub-a7,29,0,29
2026-11-09,46,plant-A,line-A7,machine-A9,lot-37,UP,aPZT,category-3,sub-a5,29,0,29
2026-11-09,46,plant-A,line-A10,machine-A6,lot-77,UP,aPZT,category-4,sub-a9,29,0,29
2026-11-09,46,plant-B,line-B5,machine-B6,lot-32,DN,bPZT,category-2,sub-b10,16,0,16
2026-11-09,46,plant-A,line-A5,machine-A7,lot-8,DN,bPZT,pass,pass,0,2698,2716
2026-11-09,46,plant-A,line-A4,machine-A6,lot-57,DN,bPZT,category-4,sub-b7,28,0,28
2026-11-09,46,plant-B,line-B5,machine-B3,lot-93,UP,bPZT,pass,pass,0,2736,2916
2026-11-09,46,plant-A,line-A4,machine-A6,lot-57,DN,aPZT,category-1,sub-a6,25,0,25
2026-11-09,46,plant-A,line-A5,machine-A10,lot-11,UP,aPZT,category-2,sub-a5,39,0,39
2026-11-09,46,plant-A,line-A9,machine-A2,lot-90,DN,aPZT,pass,pass,0,2381,2400
2026-11-09,46,plant-B,line-B2,machine-B7,lot-27,DN,aPZT,category-1,sub-a7,10,0,10
2026-11-09,46,plant-A,line-A5,machine-A10,lot-11,UP,bPZT,category-4,sub-b5,36,0,36
2026-11-09,46,plant-B,line-B7,machine-B1,lot-45,DN,bPZT,category-3,sub-b8,24,0,24
2026-11-09,46,plant-B,line-B3,machine-B10,lot-74,UP,aPZT,category-1,sub-a10,13,0,13
2026-11-09,46,plant-A,line-A3,machine-A3,lot-80,UP,bPZT,category-5,sub-b3,25,0,25
2026-11-09,46,plant-A,line-A2,machine-A3,lot-36,DN,aPZT,category-2,sub-a3,23,0,23
2026-11-09,46,plant-B,line-B5,machine-B6,lot-32,UP,bPZT,pass,pass,0,2736,2775
2026-11-09,46,plant-A,line-A7,machine-A9,lot-37,UP,aPZT,category-1,sub-a5,10,0,10
2026-11-10,46,plant-A,line-A2,machine-A7,lot-66,UP,bPZT,category-4,sub-b4,3,0,3
2026-11-10,46,plant-B,line-B10,machine-B7,lot-67,DN,bPZT,category-4,sub-b6,39,0,39
2026-11-10,46,plant-B,line-B4,machine-B9,lot-84,UP,aPZT,category-2,sub-a1,10,0,10
2026-11-10,46,plant-B,line-B9,machine-B4,lot-74,DN,bPZT,pass,pass,0,2171,2289
2026-11-10,46,plant-A,line-A1,machine-A10,lot-12,UP,aPZT,category-3,sub-a3,29,0,29
2026-11-10,46,plant-B,line-B9,machine-B4,lot-74,DN,aPZT,category-2,sub-a7,33,0,33
2026-11-10,46,plant-A,line-A6,machine-A7,lot-69,UP,aPZT,category-5,sub-a6,34,0,34
2026-11-10,46,plant-A,line-A5,machine-A3,lot-9,UP,bPZT,category-2,sub-b1,19,0,19
2026-11-10,46,plant-A,line-A6,machine-A7,lot-69,UP,aPZT,pass,pass,0,2085,2178
2026-11-10,46,plant-B,line-B5,machine-B2,lot-37,DN,bPZT,category-2,sub-b1,13,0,13
2026-11-10,46,plant-B,line-B2,machine-B6,lot-81,UP,bPZT,category-4,sub-b9,35,0,35
2026-11-10,46,plant-A,line-A6,machine-A7,lot-69,DN,aPZT,category-5,sub-a4,6,0,6
2026-11-10,46,plant-A,line-A5,machine-A10,lot-40,UP,bPZT,pass,pass,0,2357,2375
2026-11-10,46,plant-B,line-B4,machine-B7,lot-53,UP,aPZT,category-3,sub-a2,12,0,12
2026-11-10,46,plant-B,line-B4,machine-B8,lot-78,DN,aPZT,category-1,sub-a4,20,0,20
2026-11-10,46,plant-B,line-B8,machine-B5,lot-77,UP,aPZT,pass,pass,0,2715,2729
2026-11-10,46,plant-A,line-A5,machine-A10,lot-40,DN,aPZT,category-5,sub-a4,11,0,11
2026-11-10,46,plant-B,line-B9,machine-B4,lot-74,DN,aPZT,category-3,sub-a8,28,0,28
2026-11-10,46,plant-B,line-B6,machine-B6,lot-57,DN,aPZT,category-4,sub-a10,35,0,35
2026-11-10,46,plant-B,line-B6,machine-B6,lot-57,DN,bPZT,category-3,sub-b10,33,0,33
2026-11-10,46,plant-A,line-A5,machine-A3,lot-9,DN,bPZT,pass,pass,0,2286,2352
2026-11-10,46,plant-B,line-B3,machine-B9,lot-28,UP,bPZT,pass,pass,0,2819,2923
2026-11-10,46,plant-B,line-B4,machine-B9,lot-84,DN,aPZT,category-2,sub-a2,2,0,2
2026-11-10,46,plant-A,line-A8,machine-A1,lot-30,UP,aPZT,category-3,sub-a8,10,0,10
2026-11-10,46,plant-B,line-B4,machine-B9,lot-84,DN,bPZT,category-3,sub-b2,1,0,1
2026-11-10,46,plant-B,line-B7,machine-B2,lot-36,DN,bPZT,category-3,sub-b2,2,0,2
2026-11-10,46,plant-B,line-B9,machine-B10,lot-26,UP,aPZT,category-5,sub-a10,14,0,14
2026-11-10,46,plant-B,line-B2,machine-B6,lot-81,UP,bPZT,category-3,sub-b3,14,0,14
2026-11-10,46,plant-B,line-B4,machine-B9,lot-84,UP,aPZT,pass,pass,0,2269,2319
2026-11-10,46,plant-B,line-B4,machine-B9,lot-84,DN,bPZT,category-5,sub-b7,11,0,11
2026-11-10,46,plant-A,line-A6,machine-A7,lot-69,DN,aPZT,category-2,sub-a6,31,0,31
2026-11-10,46,plant-B,line-B5,machine-B2,lot-37,DN,bPZT,category-2,sub-b4,11,0,11
2026-11-10,46,plant-B,line-B4,machine-B7,lot-35,DN,aPZT,pass,pass,0,2075,2131
2026-11-10,46,plant-B,line-B10,machine-B7,lot-67,UP,bPZT,category-2,sub-b3,33,0,33
2026-11-10,46,plant-B,line-B4,machine-B7,lot-53,DN,aPZT,category-5,sub-a9,20,0,20
2026-11-10,46,plant-B,line-B5,machine-B2,lot-37,DN,bPZT,category-2,sub-b5,10,0,10
2026-11-10,46,plant-A,line-A4,machine-A1,lot-20,UP,aPZT,category-4,sub-a9,32,0,32
2026-11-10,46,plant-A,line-A6,machine-A7,lot-69,UP,bPZT,pass,pass,0,2085,2214
2026-11-10,46,plant-B,line-B9,machine-B4,lot-74,UP,aPZT,category-1,sub-a3,23,0,23
2026-11-10,46,plant-B,line-B4,machine-B9,lot-84,DN,bPZT,pass,pass,0,2269,2287
2026-11-10,46,plant-A,line-A7,machine-A4,lot-29,UP,bPZT,category-2,sub-b8,13,0,13
2026-11-10,46,plant-B,line-B2,machine-B10,lot-63,UP,aPZT,category-1,sub-a9,36,0,36
2026-11-10,46,plant-B,line-B4,machine-B8,lot-78,UP,aPZT,pass,pass,0,2480,2498
2026-11-10,46,plant-A,line-A2,machine-A7,lot-66,UP,bPZT,pass,pass,0,2811,2865
2026-11-10,46,plant-B,line-B3,machine-B9,lot-28,DN,aPZT,category-2,sub-a2,28,0,28
2026-11-10,46,plant-B,line-B8,machine-B5,lot-77,UP,aPZT,category-3,sub-a9,20,0,20
2026-11-10,46,plant-A,line-A5,machine-A10,lot-40,UP,aPZT,category-5,sub-a7,7,0,7
2026-11-10,46,plant-B,line-B10,machine-B7,lot-67,UP,aPZT,category-2,sub-a4,3,0,3
2026-11-10,46,plant-B,line-B4,machine-B9,lot-84,UP,bPZT,category-5,sub-b4,38,0,38
2026-11-10,46,plant-A,line-A1,machine-A10,lot-12,DN,bPZT,category-2,sub-b8,27,0,27
2026-11-10,46,plant-B,line-B2,machine-B6,lot-81,UP,bPZT,pass,pass,0,2930,2968
2026-11-10,46,plant-A,line-A8,machine-A1,lot-30,UP,bPZT,category-3,sub-b4,18,0,18
2026-11-10,46,plant-A,line-A1,machine-A9,lot-58,DN,aPZT,category-5,sub-a10,26,0,26
2026-11-10,46,plant-B,line-B10,machine-B7,lot-67,UP,bPZT,category-2,sub-b1,4,0,4
2026-11-10,46,plant-A,line-A4,machine-A1,lot-20,UP,bPZT,category-3,sub-b3,12,0,12
2026-11-10,46,plant-B,line-B4,machine-B7,lot-53,DN,aPZT,pass,pass,0,2798,2875
2026-11-10,46,plant-A,line-A2,machine-A7,lot-66,UP,bPZT,category-5,sub-b1,38,0,38
2026-11-10,46,plant-A,line-A2,machine-A7,lot-66,DN,bPZT,category-4,sub-b9,12,0,12
2026-11-10,46,plant-A,line-A1,machine-A9,lot-58,UP,bPZT,pass,pass,0,2144,2170
2026-11-10,46,plant-A,line-A6,machine-A7,lot-69,DN,bPZT,category-3,sub-b1,33,0,33
2026-11-10,46,plant-A,line-A2,machine-A7,lot-66,UP,bPZT,category-3,sub-b6,40,0,40
2026-11-10,46,plant-B,line-B2,machine-B10,lot-63,uP,aPZT,category-2,,31,0,31
2026-11-10,46,plant-B,line-B4,machine-B2,lot-91,UP,aPZT,category-2,sub-a1,18,0,18
2026-11-10,46,plant-B,line-B8,machine-B5,lot-77,DN,bPZT,pass,pass,0,2715,2801
2026-11-10,46,plant-B,line-B2,machine-B10,lot-63,DN,bPZT,category-5,sub-b2,26,0,26
2026-11-10,46,plant-B,line-B3,machine-B9,lot-28,DN,bPZT,category-3,sub-b10,38,0,38
2026-11-10,46,plant-B,line-B10,machine-B7,lot-67,DN,bPZT,category-4,sub-b8,15,0,15
2026-11-10,46,plant-B,line-B9,machine-B4,lot-74,DN,bPZT,category-3,sub-b6,35,0,35
2026-11-10,46,plant-B,line-B4,machine-B8,lot-78,UP,aPZT,category-4,sub-a3,2,0,2
2026-11-10,46,plant-A,line-A1,machine-A9,lot-58,UP,bPZT,category-4,sub-b8,10,0,10
2026-11-10,46,plant-A,line-A2,machine-A8,lot-15,DN,aPZT,category-5,sub-a3,1,0,1
2026-11-10,46,plant-B,line-B10,machine-B7,lot-67,DN,aPZT,pass,pass,0,2138,2273
2026-11-10,46,plant-A,line-A5,machine-A3,lot-9,DN,aPZT,category-5,sub-a2,34,0,34
2026-11-10,46,plant-B,line-B3,machine-B9,lot-28,DN,aPZT,category-4,sub-a9,8,0,8
2026-11-10,46,plant-B,line-B4,machine-B2,lot-91,DN,aPZT,pass,pass,0,2911,2931
2026-11-10,46,plant-B,line-B6,machine-B6,lot-57,UP,bPZT,category-5,sub-b3,4,0,4
2026-11-10,46,plant-B,line-B8,machine-B5,lot-77,UP,aPZT,category-1,sub-a4,29,0,29
2026-11-10,46,plant-B,line-B3,machine-B9,lot-28,UP,aPZT,category-3,,12,0,12
2026-11-10,46,plant-B,line-B4,machine-B2,lot-91,DN,bPZT,pass,pass,0,2911,2976
2026-11-10,46,plant-B,line-B2,machine-B10,lot-63,UP,aPZT,category-4,sub-a6,29,0,29
2026-11-10,46,plant-A,line-A2,machine-A8,lot-15,UP,bPZT,category-2,sub-b3,2,0,2
2026-11-10,46,plant-A,line-A2,machine-A8,lot-15,DN,bPZT,category-4,sub-b5,3,0,3
2026-11-10,46,plant-A,line-A7,machine-A4,lot-29,UP,aPZT,pass,pass,0,2554,2615
2026-11-10,46,plant-B,line-B4,machine-B8,lot-78,DN,aPZT,category-5,sub-a3,25,0,25
2026-11-10,46,plant-B,line-B10,machine-B7,lot-67,UP,bPZT,category-4,sub-b9,15,0,15
2026-11-10,46,plant-B,line-B4,machine-B7,lot-53,UP,bPZT,category-2,sub-b5,9,0,9
2026-11-10,46,plant-A,line-A6,machine-A7,lot-69,UP,aPZT,category-5,sub-a10,18,0,18
2026-11-10,46,plant-B,line-B6,machine-B6,lot-57,DN,bPZT,category-1,sub-b3,38,0,38
2026-11-10,46,plant-B,line-B9,machine-B10,lot-26,UP,bPZT,pass,pass,0,2045,2102
2026-11-10,46,plant-B,line-B3,machine-B9,lot-28,UP,aPZT,category-1,sub-a8,7,0,7
2026-11-10,46,plant-A,line-A7,machine-A4,lot-29,DN,bPZT,pass,pass,0,2554,2567
2026-11-10,46,plant-A,line-A7,machine-A4,lot-29,DN,bPZT,category-4,sub-b8,5,0,5
2026-11-10,46,plant-B,line-B4,machine-B2,lot-91,DN,aPZT,category-2,sub-a1,30,0,30
2026-11-10,46,plant-B,line-B2,machine-B10,lot-63,DN,bPZT,pass,pass,0,2976,3148
2026-11-10,46,plant-B,line-B9,machine-B4,lot-74,Dn,aPZT,category-3,sub-a3,6,0,6
2026-11-10,46,plant-B,line-B6,machine-B6,lot-57,Dn,aPZT,pass,,0,2994,3104
2026-11-10,46,plant-B,line-B6,machine-B6,lot-57,UP,bPZT,category-3,sub-b1,20,0,20
2026-11-10,46,plant-B,line-B2,machine-B10,lot-63,UP,aPZT,pass,pass,0,2976,3052
2026-11-10,46,plant-B,line-B2,machine-B10,lot-63,UP,aPZT,category-3,sub-a8,37,0,37
2026-11-10,46,plant-B,line-B7,machine-B2,lot-36,DN,aPZT,category-4,sub-a1,35,0,35
2026-11-10,46,plant-B,line-B8,machine-B5,lot-77,DN,bPZT,category-4,sub-b4,14,0,14
2026-11-10,46,plant-A,line-A1,machine-A9,lot-58,DN,bPZT,category-1,sub-b5,3,0,3
2026-11-10,46,plant-B,line-B5,machine-B2,lot-37,DN,bPZT,category-1,sub-b9,8,0,8
2026-11-10,46,plant-A,line-A5,machine-A10,lot-40,DN,bPZT,category-1,sub-b2,22,0,22
2026-11-10,46,plant-B,line-B2,machine-B6,lot-81,DN,aPZT,pass,pass,0,2930,3013
2026-11-10,46,plant-B,line-B5,machine-B2,lot-37,DN,aPZT,category-3,sub-a10,23,0,23
2026-11-10,46,plant-B,line-B6,machine-B6,lot-57,UP,bPZT,category-4,sub-b7,11,0,11
2026-11-10,46,plant-A,line-A8,machine-A1,lot-30,UP,aPZT,pass,pass,0,2616,2686
2026-11-10,46,plant-B,line-B9,machine-B10,lot-26,UP,bPZT,category-2,sub-b10,35,0,35
2026-11-10,46,plant-B,line-B3,machine-B9,lot-28,DN,aPZT,category-2,sub-a5,17,0,17
2026-11-10,46,plant-B,line-B5,machine-B2,lot-37,DN,bPZT,category-5,sub-b6,28,0,28
2026-11-10,46,plant-B,line-B7,machine-B2,lot-36,UP,bPZT,pass,pass,0,2053,2088
2026-11-10,46,plant-A,line-A1,machine-A10,lot-12,DN,bPZT,category-3,sub-b4,19,0,19
2026-11-10,46,plant-B,line-B2,machine-B6,lot-81,DN,aPZT,category-5,sub-a2,17,0,17
2026-11-10,46,plant-B,line-B4,machine-B7,lot-53,DN,bPZT,pass,,0,2798,2850
2026-11-10,46,plant-A,line-A5,machine-A3,lot-9,UP,aPZT,category-5,sub-a7,12,0,12
2026-11-10,46,plant-A,line-A7,machine-A4,lot-29,DN,aPZT,category-4,sub-a4,13,0,13
2026-11-10,46,plant-B,line-B4,machine-B8,lot-78,UP,aPZT,category-4,sub-a4,17,0,17
2026-11-10,46,plant-A,line-A2,machine-A8,lot-15,UP,aPZT,category-5,sub-a9,30,0,30
2026-11-10,46,plant-B,line-B9,machine-B4,lot-74,UP,aPZT,pass,pass,0,2171,2206
2026-11-10,46,plant-B,line-B6,machine-B6,lot-57,UP,bPZT,category-2,sub-b2,4,0,4
2026-11-10,46,plant-A,line-A8,machine-A1,lot-30,UP,bPZT,pass,pass,0,2616,2683
2026-11-10,46,plant-B,line-B3,machine-B9,lot-28,UP,aPZT,category-2,sub-a9,32,0,32
2026-11-10,46,plant-B,line-B2,machine-B10,lot-63,UP,bPZT,category-5,sub-b6,12,0,12
2026-11-10,46,plant-A,line-A6,machine-A7,lot-69,UP,bPZT,category-4,sub-b6,22,0,22
2026-11-10,46,plant-B,line-B4,machine-B8,lot-78,DN,bPZT,pass,pass,0,2480,2623
2026-11-10,46,plant-A,line-A8,machine-A1,lot-30,UP,bPZT,category-2,sub-b2,35,0,35
2026-11-10,46,plant-B,line-B4,machine-B7,lot-35,DN,bPZT,category-4,sub-b1,37,0,37
2026-11-10,46,plant-A,line-A4,machine-A1,lot-20,UP,bPZT,category-4,sub-b9,26,0,26
2026-11-10,46,plant-B,line-B5,machine-B2,lot-37,DN,aPZT,pass,pass,0,2078,2222
2026-11-10,46,plant-B,line-B4,machine-B8,lot-78,DN,aPZT,category-5,sub-a6,29,0,29
2026-11-10,46,plant-A,line-A1,machine-A10,lot-12,DN,bPZT,pass,pass,0,2416,2445
2026-11-10,46,plant-B,line-B2,machine-B6,lot-81,DN,bPZT,category-2,sub-b2,34,0,34
2026-11-10,46,plant-A,line-A6,machine-A7,lot-69,UP,bPZT,category-5,sub-b1,38,0,38
2026-11-10,46,plant-B,line-B4,machine-B7,lot-35,DN,aPZT,category-1,sub-a5,26,0,26
2026-11-10,46,plant-B,line-B9,machine-B10,lot-26,UP,aPZT,pass,pass,0,2045,2100
2026-11-10,46,plant-B,line-B4,machine-B7,lot-35,UP,bPZT,pass,pass,0,2075,2101
2026-11-10,46,plant-B,line-B4,machine-B8,lot-78,UP,aPZT,category-3,sub-a2,9,0,9
2026-11-10,46,plant-A,line-A5,machine-A10,lot-40,UP,bPZT,category-4,sub-b6,1,0,1
2026-11-10,46,plant-B,line-B2,machine-B6,lot-81,UP,aPZT,category-5,sub-a10,1,0,1
2026-11-10,46,plant-A,line-A2,machine-A8,lot-15,DN,aPZT,category-3,sub-a3,28,0,28
2026-11-10,46,plant-B,line-B10,machine-B7,lot-67,UP,bPZT,category-3,sub-b4,7,0,7
2026-11-10,46,plant-B,line-B3,machine-B9,lot-28,UP,bPZT,category-3,sub-b10,23,0,23
2026-11-10,46,plant-A,line-A4,machine-A1,lot-20,DN,bPZT,pass,pass,0,2430,2462
2026-11-10,46,plant-A,line-A4,machine-A1,lot-20,UP,bPZT,category-4,sub-b2,29,0,29
2026-11-10,46,plant-A,line-A7,machine-A4,lot-29,DN,bPZT,category-3,sub-b9,32,0,32
2026-11-10,46,plant-A,line-A5,machine-A3,lot-9,DN,aPZT,category-1,sub-a4,19,0,19
2026-11-10,46,plant-A,line-A5,machine-A10,lot-40,DN,aPZT,pass,pass,0,2357,2380
2026-11-10,46,plant-B,line-B4,machine-B8,lot-78,Dn,aPZT,category-2,sub-a10,35,0,35
2026-11-10,46,plant-A,line-A8,machine-A1,lot-30,UP,aPZT,category-1,sub-a6,22,0,22
2026-11-10,46,plant-B,line-B4,machine-B9,lot-84,UP,aPZT,category-1,sub-a7,6,0,6
2026-11-10,46,plant-B,line-B4,machine-B7,lot-53,UP,bPZT,category-4,sub-b6,36,0,36
2026-11-10,46,plant-B,line-B4,machine-B2,lot-91,UP,aPZT,category-3,sub-a7,17,0,17
2026-11-10,46,plant-B,line-B6,machine-B6,lot-57,DN,bPZT,pass,pass,0,2994,3029
2026-11-10,46,plant-B,line-B5,machine-B2,lot-37,UP,bPZT,category-5,sub-b1,38,0,38
2026-11-10,46,plant-B,line-B4,machine-B8,lot-78,DN,bPZT,category-5,,18,0,18
2026-11-10,46,plant-A,line-A5,machine-A3,lot-9,DN,bPZT,category-5,sub-b1,32,0,32
2026-11-10,46,plant-B,line-B4,machine-B8,lot-78,UP,aPZT,category-5,sub-a5,6,0,6
2026-11-10,46,plant-B,line-B3,machine-B9,lot-28,DN,aPZT,pass,pass,0,2819,2880
2026-11-10,46,plant-B,line-B4,machine-B7,lot-53,DN,aPZT,category-1,sub-a5,11,0,11
2026-11-10,46,plant-B,line-B4,machine-B2,lot-91,UP,bPZT,category-3,sub-b2,20,0,20
2026-11-10,46,plant-B,line-B2,machine-B6,lot-81,DN,aPZT,category-3,sub-a8,20,0,20
2026-11-10,46,plant-B,line-B9,machine-B10,lot-26,DN,bPZT,category-1,sub-b10,20,0,20
2026-11-10,46,plant-A,line-A8,machine-A1,lot-30,UP,bPZT,category-3,sub-b1,17,0,17
2026-11-10,46,plant-A,line-A8,machine-A1,lot-30,DN,aPZT,category-4,sub-a2,3,0,3
2026-11-10,46,plant-B,line-B10,machine-B7,lot-67,UP,bPZT,pass,pass,0,2138,2141
2026-11-10,46,plant-A,line-A5,machine-A3,lot-9,DN,aPZT,pass,pass,0,2286,2377
2026-11-10,46,plant-B,line-B8,machine-B5,lot-77,DN,aPZT,category-1,sub-a7,34,0,34
2026-11-10,46,plant-A,line-A2,machine-A7,lot-66,DN,aPZT,pass,pass,0,2811,2904
2026-11-10,46,plant-B,line-B4,machine-B7,lot-53,UP,aPZT,category-4,sub-a10,9,0,9
2026-11-10,46,plant-B,line-B4,machine-B7,lot-35,UP,bPZT,category-1,sub-b1,19,0,19
2026-11-10,46,plant-B,line-B5,machine-B2,lot-37,DN,bPZT,pass,pass,0,2078,2101
2026-11-10,46,plant-B,line-B2,machine-B10,lot-63,UP,aPZT,category-2,sub-a2,39,0,39
2026-11-10,46,plant-B,line-B2,machine-B10,lot-63,DN,bPZT,category-3,sub-b9,38,0,38
2026-11-10,46,plant-A,line-A5,machine-A3,lot-9,UP,bPZT,category-3,sub-b1,40,0,40
2026-11-10,46,plant-B,line-B10,machine-B7,lot-67,UP,bPZT,category-3,sub-b10,20,0,20
2026-11-10,46,plant-A,line-A7,machine-A4,lot-29,DN,bPZT,category-4,sub-b3,4,0,4
2026-11-10,46,plant-A,line-A1,machine-A10,lot-12,UP,aPZT,pass,pass,0,2416,2481
2026-11-10,46,plant-A,line-A6,machine-A7,lot-69,UP,aPZT,category-1,sub-a9,28,0,28
2026-11-10,46,plant-A,line-A8,machine-A1,lot-30,DN,aPZT,category-4,sub-a3,32,0,32
2026-11-10,46,plant-A,line-A2,machine-A7,lot-66,UP,aPZT,category-2,sub-a4,15,0,15
2026-11-10,46,plant-A,line-A6,machine-A7,lot-69,DN,aPZT,category-4,sub-a3,12,0,12
2026-11-10,46,plant-A,line-A1,machine-A10,lot-12,DN,bPZT,category-2,sub-b1,19,0,19
2026-11-10,46,plant-B,line-B7,machine-B2,lot-36,UP,bPZT,category-5,sub-b6,4,0,4
2026-11-10,46,plant-A,line-A4,machine-A1,lot-20,DN,aPZT,pass,pass,0,2430,2497
2026-11-10,46,plant-A,line-A2,machine-A8,lot-15,UP,aPZT,pass,pass,0,2249,2254
2026-11-10,46,plant-B,line-B7,machine-B2,lot-36,DN,aPZT,pass,pass,0,2053,2059
2026-11-10,46,plant-B,line-B9,machine-B10,lot-26,UP,aPZT,category-4,sub-a3,36,0,36
2026-11-10,46,plant-B,line-B4,machine-B7,lot-53,UP,bPZT,category-5,sub-b8,32,0,32
2026-11-10,46,plant-A,line-A1,machine-A9,lot-58,DN,bPZT,category-2,sub-b9,39,0,39
2026-11-10,46,plant-B,line-B8,machine-B5,lot-77,UP,aPZT,category-1,sub-a3,3,0,3
2026-11-10,46,plant-B,line-B10,machine-B7,lot-67,DN,bPZT,category-5,sub-b6,2,0,2
2026-11-10,46,plant-B,line-B5,machine-B2,lot-37,UP,bPZT,category-2,sub-b7,36,0,36
2026-11-10,46,plant-A,line-A2,machine-A8,lot-15,DN,bPZT,pass,pass,0,2249,2308
2026-11-10,46,plant-A,line-A7,machine-A4,lot-29,DN,bPZT,category-1,sub-b3,7,0,7
2026-11-10,46,plant-B,line-B9,machine-B4,lot-74,DN,aPZT,category-1,sub-a10,28,0,28
2026-11-10,46,plant-A,line-A1,machine-A9,lot-58,DN,aPZT,pass,pass,0,2144,2196
2026-11-10,46,plant-A,line-A5,machine-A3,lot-9,UP,aPZT,category-3,sub-a4,1,0,1
2026-11-10,46,plant-A,line-A2,machine-A7,lot-66,DN,aPZT,category-4,sub-a6,39,0,39
2026-11-10,46,plant-B,line-B9,machine-B10,lot-26,DN,aPZT,category-4,sub-a1,7,0,7
2026-11-11,46,plant-A,line-A6,machine-A8,lot-17,DN,bPZT,category-5,sub-b6,33,0,33
2026-11-11,46,plant-A,line-A1,machine-A8,lot-43,DN,aPZT,pass,pass,0,2364,2443
2026-11-11,46,plant-A,line-A9,machine-A3,lot-40,DN,aPZT,pass,pass,0,2399,2423
2026-11-11,46,plant-B,line-B2,machine-B4,lot-87,UP,aPZT,category-4,sub-a7,35,0,35
2026-11-11,46,plant-A,line-A10,machine-A4,lot-79,DN,bPZT,pass,pass,0,2260,2330
2026-11-11,46,plant-A,line-A5,machine-A10,lot-31,UP,aPZT,category-5,sub-a8,20,0,20
2026-11-11,46,plant-A,line-A1,machine-A8,lot-43,UP,bPZT,pass,pass,0,2364,2385
2026-11-11,46,plant-B,line-B8,machine-B4,lot-86,UP,bPZT,category-1,sub-b7,32,0,32
2026-11-11,46,plant-A,line-A7,machine-A7,lot-82,UP,aPZT,category-2,sub-a1,9,0,9
2026-11-11,46,plant-A,line-A6,machine-A8,lot-17,DN,bPZT,category-2,sub-b6,28,0,28
2026-11-11,46,plant-A,line-A5,machine-A1,lot-51,UP,aPZT,category-4,sub-a2,38,0,38
2026-11-11,46,plant-A,line-A1,machine-A2,lot-22,DN,bPZT,category-4,sub-b4,38,0,38
2026-11-11,46,plant-A,line-A9,machine-A3,lot-40,UP,bPZT,category-2,sub-b10,18,0,18
2026-11-11,46,plant-B,line-B3,machine-B10,lot-73,UP,aPZT,pass,pass,0,2763,2793
2026-11-11,46,plant-A,line-A7,machine-A7,lot-82,DN,aPZT,category-5,sub-a2,1,0,1
2026-11-11,46,plant-A,line-A5,machine-A1,lot-51,DN,aPZT,category-3,sub-a5,35,0,35
2026-11-11,46,plant-A,line-A4,machine-A1,lot-81,DN,bPZT,category-4,sub-b4,26,0,26
2026-11-11,46,plant-A,line-A8,machine-A8,lot-64,DN,aPZT,category-3,sub-a10,23,0,23
2026-11-11,46,plant-A,line-A1,machine-A2,lot-22,UP,bPZT,category-4,sub-b9,36,0,36
2026-11-11,46,plant-B,line-B4,machine-B10,lot-42,UP,bPZT,category-2,sub-b6,36,0,36
2026-11-11,46,plant-A,line-A1,machine-A7,lot-7,UP,aPZT,category-2,sub-a9,23,0,23
2026-11-11,46,plant-A,line-A2,machine-A4,lot-99,UP,aPZT,category-5,sub-a10,26,0,26
2026-11-11,46,plant-A,line-A7,machine-A1,lot-83,DN,aPZT,category-3,sub-a4,21,0,21
2026-11-11,46,plant-A,line-A9,machine-A3,lot-40,UP,aPZT,category-5,sub-a9,38,0,38
2026-11-11,46,plant-A,line-A1,machine-A8,lot-43,UP,bPZT,category-3,sub-b6,39,0,39
2026-11-11,46,plant-B,line-B3,machine-B10,lot-73,UP,bPZT,pass,pass,0,2763,2812
2026-11-11,46,plant-A,line-A7,machine-A7,lot-82,DN,aPZT,category-1,sub-a4,16,0,16
2026-11-11,46,plant-B,line-B4,machine-B10,lot-42,DN,aPZT,category-4,sub-a3,39,0,39
2026-11-11,46,plant-B,line-B6,machine-B1,lot-71,DN,aPZT,pass,pass,0,2442,2476
2026-11-11,46,plant-A,line-A10,machine-A4,lot-79,DN,aPZT,category-5,sub-a6,22,0,22
2026-11-11,46,plant-A,line-A1,machine-A8,lot-43,UP,aPZT,category-1,sub-a5,21,0,21
2026-11-11,46,plant-A,line-A7,machine-A7,lot-82,UP,aPZT,category-3,sub-a1,34,0,34
2026-11-11,46,plant-A,line-A2,machine-A10,lot-25,DN,bPZT,category-1,sub-b1,26,0,26
2026-11-11,46,plant-A,line-A2,machine-A4,lot-99,UP,aPZT,category-1,sub-a9,18,0,18
2026-11-11,46,plant-A,line-A2,machine-A10,lot-25,UP,aPZT,category-2,sub-a8,31,0,31
2026-11-11,46,plant-A,line-A5,machine-A2,lot-44,DN,aPZT,category-3,sub-a2,33,0,33
2026-11-11,46,plant-B,line-B3,machine-B10,lot-73,UP,bPZT,category-3,sub-b4,30,0,30
2026-11-11,46,plant-A,line-A9,machine-A3,lot-40,DN,aPZT,category-1,sub-a10,4,0,4
2026-11-11,46,plant-A,line-A4,machine-A1,lot-81,DN,bPZT,category-3,sub-b6,35,0,35
2026-11-11,46,plant-A,line-A8,machine-A8,lot-64,DN,bPZT,category-3,sub-b2,40,0,40
2026-11-11,46,plant-B,line-B2,machine-B4,lot-87,UP,aPZT,pass,pass,0,2283,2321
2026-11-11,46,plant-A,line-A5,machine-A2,lot-28,DN,aPZT,pass,pass,0,2089,2175
2026-11-11,46,plant-A,line-A4,machine-A1,lot-81,UP,aPZT,pass,pass,0,2204,2345
2026-11-11,46,plant-B,line-B10,machine-B3,lot-88,DN,bPZT,pass,pass,0,2833,2879
2026-11-11,46,plant-B,line-B4,machine-B10,lot-42,UP,bPZT,category-3,sub-b4,32,0,32
2026-11-11,46,plant-A,line-A6,machine-A8,lot-17,UP,aPZT,category-4,sub-a5,23,0,23
2026-11-11,46,plant-A,line-A2,machine-A4,lot-99,DN,bPZT,category-4,sub-b7,29,0,29
2026-11-11,46,plant-A,line-A7,machine-A7,lot-82,DN,bPZT,pass,pass,0,2202,2316
2026-11-11,46,plant-A,line-A10,machine-A3,lot-49,UP,bPZT,category-5,sub-b8,39,0,39
2026-11-11,46,plant-B,line-B8,machine-B4,lot-86,DN,bPZT,pass,pass,0,2065,2085
2026-11-11,46,plant-B,line-B8,machine-B4,lot-86,DN,aPZT,pass,pass,0,2065,2116
2026-11-11,46,plant-A,line-A2,machine-A4,lot-99,UP,aPZT,category-4,sub-a1,16,0,16
2026-11-11,46,plant-A,line-A1,machine-A7,lot-7,UP,aPZT,category-2,sub-a5,34,0,34
2026-11-11,46,plant-A,line-A7,machine-A7,lot-82,DN,bPZT,category-5,sub-b4,35,0,35
2026-11-11,46,plant-A,line-A7,machine-A1,lot-83,DN,bPZT,category-3,sub-b9,11,0,11
2026-11-11,46,plant-B,line-B10,machine-B3,lot-88,UP,aPZT,pass,pass,0,2833,2867
2026-11-11,46,plant-A,line-A10,machine-A4,lot-79,DN,aPZT,category-5,sub-a5,27,0,27
2026-11-11,46,plant-B,line-B3,machine-B10,lot-73,UP,aPZT,category-5,sub-a4,16,0,16
2026-11-11,46,plant-A,line-A2,machine-A4,lot-99,UP,bPZT,category-2,sub-b5,12,0,12
2026-11-11,46,plant-B,line-B3,machine-B10,lot-73,DN,aPZT,category-1,sub-a4,11,0,11
2026-11-11,46,plant-A,line-A5,machine-A2,lot-28,DN,aPZT,category-1,sub-a5,3,0,3
2026-11-11,46,plant-A,line-A10,machine-A3,lot-49,UP,aPZT,category-1,sub-a6,23,0,23
2026-11-11,46,plant-A,line-A6,machine-A8,lot-17,UP,bPZT,category-4,sub-b1,14,0,14
2026-11-11,46,plant-A,line-A2,machine-A4,lot-99,DN,bPZT,category-2,sub-b5,10,0,10
2026-11-11,46,plant-B,line-B2,machine-B4,lot-87,DN,bPZT,category-5,sub-b1,1,0,1
2026-11-11,46,plant-A,line-A1,machine-A7,lot-7,DN,bPZT,category-4,sub-b9,16,0,16
2026-11-11,46,plant-A,line-A5,machine-A10,lot-31,UP,aPZT,category-5,sub-a1,23,0,23
2026-11-11,46,plant-B,line-B4,machine-B10,lot-42,UP,aPZT,pass,pass,0,2265,2378
2026-11-11,46,plant-A,line-A5,machine-A1,lot-8,DN,aPZT,category-4,sub-a8,35,0,35
2026-11-11,46,plant-A,line-A2,machine-A4,lot-99,UP,bPZT,category-1,sub-b4,33,0,33
2026-11-11,46,plant-B,line-B8,machine-B8,lot-47,UP,bPZT,category-3,sub-b1,30,0,30
2026-11-11,46,plant-A,line-A4,machine-A1,lot-81,DN,bPZT,category-5,sub-b1,29,0,29
2026-11-11,46,plant-B,line-B8,machine-B8,lot-47,DN,aPZT,pass,pass,0,2982,3136
2026-11-11,46,plant-A,line-A4,machine-A1,lot-81,DN,aPZT,category-3,sub-a10,38,0,38
2026-11-11,46,plant-A,line-A9,machine-A3,lot-40,DN,aPZT,category-5,sub-a2,37,0,37
2026-11-11,46,plant-A,line-A5,machine-A2,lot-44,DN,aPZT,category-2,sub-a10,32,0,32
2026-11-11,46,plant-A,line-A10,machine-A3,lot-49,UP,bPZT,pass,pass,0,2373,2454
2026-11-11,46,plant-B,line-B4,machine-B10,lot-42,UP,bPZT,pass,pass,0,2265,2320
2026-11-11,46,plant-B,line-B10,machine-B3,lot-88,DN,bPZT,category-1,sub-b10,34,0,34
2026-11-11,46,plant-A,line-A1,machine-A7,lot-7,DN,bPZT,category-2,sub-b1,17,0,17
2026-11-11,46,plant-A,line-A6,machine-A8,lot-17,UP,bPZT,pass,pass,0,2278,2301
2026-11-11,46,plant-A,line-A8,machine-A8,lot-64,DN,aPZT,pass,pass,0,2723,2767
2026-11-11,46,plant-A,line-A6,machine-A8,lot-17,UP,bPZT,category-4,sub-b2,33,0,33
2026-11-11,46,plant-A,line-A9,machine-A3,lot-40,UP,bPZT,category-1,sub-b5,6,0,6
2026-11-11,46,plant-A,line-A5,machine-A2,lot-44,UP,bPZT,pass,pass,0,2916,2997
2026-11-11,46,plant-A,line-A6,machine-A8,lot-17,UP,bPZT,category-1,sub-b1,38,0,38
2026-11-11,46,plant-A,line-A1,machine-A2,lot-22,DN,aPZT,category-2,sub-a4,11,0,11
2026-11-11,46,plant-A,line-A9,machine-A3,lot-40,DN,aPZT,category-3,sub-a4,40,0,40
2026-11-11,46,plant-A,line-A1,machine-A8,lot-43,DN,bPZT,category-4,sub-b2,40,0,40
2026-11-11,46,plant-A,line-A1,machine-A2,lot-22,DN,aPZT,pass,pass,0,2893,3022
2026-11-11,46,plant-A,line-A7,machine-A7,lot-82,DN,aPZT,category-3,sub-a10,9,0,9
2026-11-11,46,plant-A,line-A5,machine-A1,lot-8,UP,bPZT,category-1,sub-b2,34,0,34
2026-11-11,46,plant-A,line-A8,machine-A8,lot-64,up,bPZT,category-5,,4,0,4
2026-11-11,46,plant-A,line-A9,machine-A3,lot-40,UP,bPZT,pass,pass,0,2399,2531
2026-11-11,46,plant-A,line-A4,machine-A1,lot-81,DN,bPZT,pass,pass,0,2204,2242
2026-11-11,46,plant-A,line-A2,machine-A4,lot-99,UP,aPZT,pass,pass,0,2878,2991
2026-11-11,46,plant-A,line-A7,machine-A7,lot-82,UP,aPZT,pass,pass,0,2202,2237
2026-11-11,46,plant-A,line-A8,machine-A8,lot-64,UP,aPZT,category-2,sub-a4,22,0,22
2026-11-11,46,plant-A,line-A1,machine-A2,lot-22,DN,bPZT,category-4,sub-b3,13,0,13
2026-11-11,46,plant-A,line-A5,machine-A2,lot-44,UP,aPZT,pass,pass,0,2916,2948
2026-11-11,46,plant-A,line-A5,machine-A1,lot-51,DN,bPZT,category-2,sub-b5,1,0,1
2026-11-11,46,plant-B,line-B2,machine-B4,lot-87,DN,bPZT,category-2,sub-b8,9,0,9
2026-11-11,46,plant-B,line-B8,machine-B8,lot-47,UP,bPZT,category-4,sub-b9,28,0,28
2026-11-11,46,plant-B,line-B8,machine-B8,lot-47,UP,bPZT,category-3,sub-b7,31,0,31
2026-11-11,46,plant-A,line-A7,machine-A1,lot-83,UP,aPZT,category-3,sub-a10,22,0,22
2026-11-11,46,plant-A,line-A2,machine-A10,lot-25,dn,aPZT,pass,,0,2372,2399
2026-11-11,46,plant-A,line-A1,machine-A2,lot-22,DN,aPZT,category-3,sub-a5,8,0,8
2026-11-11,46,plant-A,line-A1,machine-A7,lot-7,UP,bPZT,category-4,sub-b8,6,0,6
2026-11-11,46,plant-A,line-A5,machine-A10,lot-31,DN,bPZT,category-5,sub-b2,18,0,18
2026-11-11,46,plant-B,line-B6,machine-B1,lot-71,DN,bPZT,category-3,sub-b6,23,0,23
2026-11-11,46,plant-B,line-B4,machine-B10,lot-42,DN,bPZT,category-5,sub-b10,8,0,8
2026-11-11,46,plant-A,line-A4,machine-A1,lot-81,UP,bPZT,category-1,sub-b3,14,0,14
2026-11-11,46,plant-A,line-A5,machine-A2,lot-28,UP,bPZT,category-1,sub-b2,32,0,32
2026-11-11,46,plant-B,line-B8,machine-B8,lot-47,DN,bPZT,category-1,sub-b10,27,0,27
2026-11-11,46,plant-A,line-A5,machine-A10,lot-31,UP,bPZT,category-1,sub-b6,31,0,31
2026-11-11,46,plant-A,line-A5,machine-A10,lot-31,DN,aPZT,pass,pass,0,2349,2398
2026-11-11,46,plant-A,line-A7,machine-A7,lot-82,UP,aPZT,category-2,sub-a7,33,0,33
2026-11-11,46,plant-A,line-A5,machine-A1,lot-51,UP,bPZT,category-4,sub-b2,32,0,32
2026-11-11,46,plant-A,line-A10,machine-A3,lot-49,DN,aPZT,pass,pass,0,2373,2412
2026-11-11,46,plant-B,line-B8,machine-B4,lot-86,UP,aPZT,category-2,sub-a6,1,0,1
2026-11-11,46,plant-B,line-B3,machine-B10,lot-73,DN,aPZT,category-4,sub-a6,22,0,22
2026-11-11,46,plant-B,line-B8,machine-B4,lot-86,UP,bPZT,category-1,sub-b5,19,0,19
2026-11-11,46,plant-A,line-A4,machine-A1,lot-81,UP,bPZT,category-4,sub-b6,20,0,20
2026-11-11,46,plant-B,line-B4,machine-B10,lot-42,DN,aPZT,category-5,sub-a7,16,0,16
2026-11-11,46,plant-A,line-A2,machine-A10,lot-25,DN,aPZT,category-2,sub-a2,2,0,2
2026-11-11,46,plant-B,line-B8,machine-B8,lot-47,DN,bPZT,pass,pass,0,2982,3029
2026-11-11,46,plant-B,line-B8,machine-B8,lot-47,DN,bPZT,category-1,sub-b9,31,0,31
2026-11-11,46,plant-A,line-A5,machine-A2,lot-44,UP,aPZT,category-3,sub-a5,16,0,16
2026-11-11,46,plant-B,line-B6,machine-B1,lot-71,DN,aPZT,category-2,sub-a2,3,0,3
2026-11-11,46,plant-A,line-A8,machine-A8,lot-64,DN,aPZT,category-5,sub-a1,32,0,32
2026-11-11,46,plant-A,line-A5,machine-A1,lot-51,UP,bPZT,category-2,sub-b2,28,0,28
2026-11-11,46,plant-A,line-A1,machine-A2,lot-22,DN,bPZT,pass,pass,0,2893,2926
2026-11-11,46,plant-A,line-A1,machine-A2,lot-22,DN,bPZT,category-1,sub-b4,11,0,11
2026-11-11,46,plant-B,line-B8,machine-B4,lot-86,UP,aPZT,category-4,sub-a2,19,0,19
2026-11-11,46,plant-B,line-B2,machine-B4,lot-87,UP,bPZT,category-1,sub-b2,28,0,28
2026-11-11,46,plant-A,line-A5,machine-A10,lot-31,DN,aPZT,category-4,sub-a7,30,0,30
2026-11-11,46,plant-A,line-A1,machine-A7,lot-7,UP,bPZT,pass,pass,0,2111,2168
2026-11-11,46,plant-A,line-A10,machine-A3,lot-49,DN,aPZT,category-5,sub-a7,18,0,18
2026-11-11,46,plant-B,line-B2,machine-B4,lot-87,DN,bPZT,pass,pass,0,2283,2331
2026-11-11,46,plant-A,line-A2,machine-A4,lot-99,UP,bPZT,category-1,sub-b1,25,0,25
2026-11-11,46,plant-A,line-A1,machine-A2,lot-22,UP,bPZT,category-4,sub-b3,4,0,4
2026-11-11,46,plant-A,line-A5,machine-A10,lot-31,DN,aPZT,category-2,sub-a8,25,0,25
2026-11-11,46,plant-A,line-A5,machine-A1,lot-51,DN,bPZT,pass,pass,0,2231,2313
2026-11-11,46,plant-A,line-A2,machine-A4,lot-99,UP,aPZT,category-3,sub-a7,5,0,5
2026-11-11,46,plant-A,line-A2,machine-A4,lot-99,UP,bPZT,category-5,sub-b2,4,0,4
2026-11-11,46,plant-A,line-A6,machine-A8,lot-17,DN,aPZT,pass,pass,0,2278,2464
2026-11-11,46,plant-A,line-A5,machine-A2,lot-28,UP,aPZT,category-4,sub-a3,8,0,8
2026-11-11,46,plant-A,line-A2,machine-A10,lot-25,UP,bPZT,pass,pass,0,2372,2517
2026-11-11,46,plant-A,line-A8,machine-A8,lot-64,DN,aPZT,category-2,sub-a10,28,0,28
2026-11-11,46,plant-A,line-A5,machine-A1,lot-51,DN,aPZT,category-1,sub-a6,9,0,9
2026-11-11,46,plant-A,line-A5,machine-A1,lot-51,UP,bPZT,category-1,sub-b5,13,0,13
2026-11-11,46,plant-A,line-A2,machine-A10,lot-25,UP,aPZT,category-2,sub-a6,34,0,34
2026-11-11,46,plant-A,line-A5,machine-A2,lot-28,UP,bPZT,category-1,sub-b3,39,0,39
2026-11-11,46,plant-B,line-B10,machine-B3,lot-88,UP,aPZT,category-2,sub-a7,18,0,18
2026-11-11,46,plant-B,line-B8,machine-B8,lot-47,dN,aPZT,category-1,sub-a7,7,0,7
2026-11-11,46,plant-B,line-B4,machine-B10,lot-42,DN,bPZT,category-2,sub-b6,37,0,37
2026-11-11,46,plant-A,line-A1,machine-A7,lot-7,UP,aPZT,pass,pass,0,2111,2150
2026-11-11,46,plant-A,line-A10,machine-A4,lot-79,UP,aPZT,pass,pass,0,2260,2297
2026-11-11,46,plant-A,line-A2,machine-A10,lot-25,UP,aPZT,category-1,sub-a3,39,0,39
2026-11-11,46,plant-B,line-B6,machine-B1,lot-71,UP,bPZT,category-5,sub-b7,11,0,11
2026-11-11,46,plant-B,line-B10,machine-B3,lot-88,DN,aPZT,category-4,sub-a3,6,0,6
2026-11-11,46,plant-B,line-B10,machine-B3,lot-88,UP,aPZT,category-3,,22,0,22
2026-11-11,46,plant-A,line-A7,machine-A1,lot-83,DN,bPZT,pass,pass,0,2408,2472
2026-11-11,46,plant-A,line-A7,machine-A7,lot-82,DN,aPZT,category-3,sub-a6,12,0,12
2026-11-11,46,plant-A,line-A5,machine-A1,lot-8,UP,bPZT,category-5,sub-b3,15,0,15
2026-11-11,46,plant-A,line-A5,machine-A1,lot-51,DN,bPZT,category-4,sub-b10,15,0,15
2026-11-11,46,plant-A,line-A2,machine-A10,lot-25,UP,aPZT,category-3,sub-a1,26,0,26
2026-11-11,46,plant-A,line-A8,machine-A8,lot-64,DN,bPZT,pass,pass,0,2723,2842
2026-11-11,46,plant-A,line-A5,machine-A2,lot-28,UP,bPZT,pass,pass,0,2089,2100
2026-11-11,46,plant-A,line-A8,machine-A8,lot-64,UP,aPZT,category-3,,14,0,14
2026-11-11,46,plant-A,line-A1,machine-A2,lot-22,UP,aPZT,category-4,sub-a3,14,0,14
2026-11-11,46,plant-A,line-A10,machine-A4,lot-79,DN,aPZT,category-3,sub-a9,13,0,13
2026-11-11,46,plant-A,line-A10,machine-A3,lot-49,DN,aPZT,category-4,sub-a7,40,0,40
2026-11-11,46,plant-A,line-A5,machine-A2,lot-44,DN,bPZT,category-2,sub-b3,32,0,32
2026-11-11,46,plant-A,line-A5,machine-A1,lot-51,UP,bPZT,category-5,sub-b1,31,0,31
2026-11-11,46,plant-A,line-A4,machine-A1,lot-81,UP,bPZT,category-4,sub-b7,15,0,15
2026-11-11,46,plant-A,line-A5,machine-A1,lot-8,UP,aPZT,pass,pass,0,2173,2222
2026-11-11,46,plant-A,line-A5,machine-A1,lot-8,UP,bPZT,pass,pass,0,2173,2208
2026-11-11,46,plant-A,line-A7,machine-A1,lot-83,DN,bPZT,category-2,sub-b3,39,0,39
2026-11-11,46,plant-A,line-A2,machine-A10,lot-25,UP,bPZT,category-4,sub-b4,1,0,1
2026-11-11,46,plant-A,line-A4,machine-A1,lot-81,DN,bPZT,category-1,sub-b10,2,0,2
2026-11-11,46,plant-A,line-A6,machine-A8,lot-17,UP,bPZT,category-3,sub-b6,15,0,15
2026-11-11,46,plant-A,line-A5,machine-A10,lot-31,DN,bPZT,pass,pass,0,2349,2447
2026-11-11,46,plant-B,line-B6,machine-B1,lot-71,UP,bPZT,pass,pass,0,2442,2445
2026-11-11,46,plant-B,line-B8,machine-B8,lot-47,DN,aPZT,category-4,sub-a4,40,0,40
2026-11-11,46,plant-A,line-A7,machine-A1,lot-83,UP,bPZT,category-1,sub-b9,23,0,23
2026-11-11,46,plant-B,line-B2,machine-B4,lot-87,UP,aPZT,category-2,sub-a7,13,0,13
2026-11-11,46,plant-A,line-A7,machine-A1,lot-83,DN,aPZT,category-5,sub-a7,21,0,21
2026-11-11,46,plant-A,line-A10,machine-A4,lot-79,DN,aPZT,category-4,sub-a9,8,0,8
2026-11-11,46,plant-A,line-A5,machine-A1,lot-51,UP,bPZT,category-5,sub-b4,3,0,3
2026-11-11,46,plant-A,line-A2,machine-A4,lot-99,UP,bPZT,pass,pass,0,2878,2943
2026-11-11,46,plant-A,line-A9,machine-A3,lot-40,UP,aPZT,category-1,sub-a2,13,0,13
2026-11-11,46,plant-A,line-A10,machine-A4,lot-79,UP,bPZT,category-3,sub-b7,37,0,37
2026-11-11,46,plant-A,line-A2,machine-A10,lot-25,UP,aPZT,category-5,sub-a7,13,0,13
2026-11-11,46,plant-A,line-A6,machine-A8,lot-17,DN,bPZT,category-3,sub-b2,25,0,25
2026-11-11,46,plant-B,line-B8,machine-B8,lot-47,DN,bPZT,category-4,sub-b2,7,0,7
2026-11-11,46,plant-A,line-A7,machine-A1,lot-83,UP,aPZT,pass,pass,0,2408,2481
2026-11-11,46,plant-A,line-A5,machine-A2,lot-28,DN,bPZT,category-2,sub-b3,15,0,15
2026-11-11,46,plant-A,line-A5,machine-A1,lot-51,DN,aPZT,pass,pass,0,2231,2354
2026-11-11,46,plant-A,line-A1,machine-A2,lot-22,DN,bPZT,category-2,sub-b8,27,0,27
2026-11-12,46,plant-A,line-A7,machine-A1,lot-60,DN,aPZT,category-1,sub-a8,3,0,3
2026-11-12,46,plant-A,line-A1,machine-A8,lot-7,DN,aPZT,category-4,sub-a7,9,0,9
2026-11-12,46,plant-A,line-A2,machine-A4,lot-3,UP,bPZT,category-1,sub-b9,10,0,10
2026-11-12,46,plant-A,line-A5,machine-A6,lot-2,DN,bPZT,category-4,sub-b3,37,0,37
2026-11-12,46,plant-A,line-A1,machine-A9,lot-77,UP,bPZT,category-4,sub-b7,8,0,8
2026-11-12,46,plant-A,line-A5,machine-A6,lot-2,UP,bPZT,category-2,sub-b3,27,0,27
2026-11-12,46,plant-B,line-B3,machine-B10,lot-68,UP,bPZT,category-4,sub-b2,37,0,37
2026-11-12,46,plant-A,line-A9,machine-A3,lot-36,DN,aPZT,category-1,,36,0,36
2026-11-12,46,plant-B,line-B3,machine-B6,lot-73,UP,aPZT,pass,pass,0,2601,2657
2026-11-12,46,plant-B,line-B8,machine-B4,lot-56,UP,aPZT,pass,pass,0,2366,2481
2026-11-12,46,plant-A,line-A9,machine-A8,lot-39,DN,aPZT,category-1,sub-a2,25,0,25
2026-11-12,46,plant-A,line-A5,machine-A3,lot-21,DN,bPZT,pass,pass,0,2386,2393
2026-11-12,46,plant-B,line-B8,machine-B2,lot-24,DN,bPZT,category-1,sub-b6,14,0,14
2026-11-12,46,plant-A,line-A7,machine-A3,lot-49,UP,aPZT,category-4,sub-a6,14,0,14
2026-11-12,46,plant-A,line-A9,machine-A8,lot-39,dn,aPZT,category-4,sub-a8,8,0,8
2026-11-12,46,plant-A,line-A2,machine-A4,lot-3,DN,bPZT,category-5,sub-b7,24,0,24
2026-11-12,46,plant-B,line-B8,machine-B4,lot-56,DN,aPZT,category-3,sub-a4,36,0,36
2026-11-12,46,plant-B,line-B8,machine-B4,lot-56,DN,bPZT,category-2,sub-b2,40,0,40
2026-11-12,46,plant-B,line-B4,machine-B2,lot-31,UP,aPZT,category-1,sub-a5,4,0,4
2026-11-12,46,plant-A,line-A5,machine-A6,lot-2,uP,bPZT,pass,,0,2275,2313
2026-11-12,46,plant-A,line-A9,machine-A3,lot-36,DN,bPZT,pass,pass,0,2536,2621
2026-11-12,46,plant-A,line-A7,machine-A4,lot-23,UP,aPZT,pass,pass,0,2695,2714
2026-11-12,46,plant-B,line-B1,machine-B8,lot-93,DN,aPZT,pass,pass,0,2712,2722
2026-11-12,46,plant-B,line-B7,machine-B8,lot-48,DN,bPZT,category-3,sub-b4,35,0,35
2026-11-12,46,plant-A,line-A5,machine-A3,lot-21,DN,aPZT,category-2,sub-a4,3,0,3
2026-11-12,46,plant-B,line-B7,machine-B3,lot-30,Dn,bPZT,pass,,0,2003,2070
2026-11-12,46,plant-B,line-B3,machine-B1,lot-94,DN,bPZT,category-1,sub-b10,17,0,17
2026-11-12,46,plant-B,line-B7,machine-B8,lot-48,DN,aPZT,pass,pass,0,2805,2875
2026-11-12,46,plant-A,line-A1,machine-A8,lot-7,DN,bPZT,category-2,sub-b2,16,0,16
2026-11-12,46,plant-B,line-B3,machine-B1,lot-94,DN,bPZT,category-3,sub-b6,18,0,18
2026-11-12,46,plant-A,line-A5,machine-A6,lot-2,UP,bPZT,category-2,sub-b3,17,0,17
2026-11-12,46,plant-B,line-B8,machine-B4,lot-56,UP,bPZT,category-5,sub-b10,40,0,40
2026-11-12,46,plant-A,line-A7,machine-A3,lot-49,UP,bPZT,category-1,sub-b10,21,0,21
2026-11-12,46,plant-B,line-B2,machine-B8,lot-15,DN,bPZT,category-4,sub-b9,35,0,35
2026-11-12,46,plant-A,line-A7,machine-A1,lot-60,UP,aPZT,category-2,sub-a6,1,0,1
2026-11-12,46,plant-A,line-A7,machine-A3,lot-49,DN,aPZT,category-1,sub-a1,12,0,12
2026-11-12,46,plant-A,line-A6,machine-A7,lot-97,UP,aPZT,category-1,sub-a8,27,0,27
2026-11-12,46,plant-B,line-B3,machine-B1,lot-94,UP,bPZT,category-5,sub-b10,39,0,39
2026-11-12,46,plant-B,line-B8,machine-B4,lot-56,DN,aPZT,category-1,sub-a3,24,0,24
2026-11-12,46,plant-A,line-A2,machine-A6,lot-14,DN,bPZT,pass,pass,0,2676,2723
2026-11-12,46,plant-A,line-A6,machine-A7,lot-97,DN,aPZT,category-3,sub-a9,26,0,26
2026-11-12,46,plant-B,line-B8,machine-B4,lot-56,UP,bPZT,category-1,sub-b7,32,0,32
2026-11-12,46,plant-B,line-B3,machine-B1,lot-94,DN,bPZT,pass,pass,0,2381,2408
2026-11-12,46,plant-B,line-B7,machine-B8,lot-48,UP,aPZT,category-2,sub-a10,32,0,32
2026-11-12,46,plant-A,line-A9,machine-A8,lot-39,DN,bPZT,pass,pass,0,2008,2075
2026-11-12,46,plant-A,line-A1,machine-A9,lot-77,DN,bPZT,pass,pass,0,2688,2696
2026-11-12,46,plant-B,line-B4,machine-B7,lot-91,DN,aPZT,pass,pass,0,2731,2835
2026-11-12,46,plant-B,line-B4,machine-B2,lot-31,DN,aPZT,category-1,sub-a4,32,0,32
2026-11-12,46,plant-A,line-A7,machine-A3,lot-49,DN,aPZT,pass,pass,0,2135,2156
2026-11-12,46,plant-A,line-A6,machine-A7,lot-97,DN,bPZT,pass,pass,0,2762,2972
2026-11-12,46,plant-B,line-B8,machine-B2,lot-24,DN,bPZT,category-5,sub-b2,13,0,13
2026-11-12,46,plant-A,line-A1,machine-A9,lot-77,UP,aPZT,pass,pass,0,2688,2753
2026-11-12,46,plant-A,line-A7,machine-A4,lot-23,UP,bPZT,category-2,sub-b2,19,0,19
2026-11-12,46,plant-A,line-A1,machine-A9,lot-77,UP,bPZT,category-3,sub-b2,11,0,11
2026-11-12,46,plant-B,line-B3,machine-B6,lot-73,UP,bPZT,category-1,sub-b10,6,0,6
2026-11-12,46,plant-B,line-B3,machine-B6,lot-73,DN,bPZT,category-5,sub-b3,10,0,10
2026-11-12,46,plant-A,line-A6,machine-A7,lot-97,DN,aPZT,pass,pass,0,2762,2797
2026-11-12,46,plant-A,line-A3,machine-A4,lot-100,DN,aPZT,pass,pass,0,2178,2227
2026-11-12,46,plant-A,line-A7,machine-A1,lot-60,UP,bPZT,category-4,sub-b5,32,0,32
2026-11-12,46,plant-A,line-A6,machine-A7,lot-97,DN,aPZT,category-5,,34,0,34
2026-11-12,46,plant-B,line-B1,machine-B8,lot-93,DN,aPZT,category-5,sub-a1,17,0,17
2026-11-12,46,plant-A,line-A2,machine-A4,lot-3,DN,bPZT,pass,pass,0,2864,2891
2026-11-12,46,plant-A,line-A9,machine-A3,lot-36,DN,aPZT,category-2,sub-a7,21,0,21
2026-11-12,46,plant-B,line-B8,machine-B2,lot-24,UP,aPZT,category-1,sub-a6,20,0,20
2026-11-12,46,plant-A,line-A1,machine-A8,lot-7,UP,bPZT,pass,pass,0,2728,2737
2026-11-12,46,plant-A,line-A6,machine-A7,lot-97,DN,aPZT,category-4,sub-a6,6,0,6
2026-11-12,46,plant-B,line-B2,machine-B8,lot-15,DN,aPZT,category-2,sub-a7,11,0,11
2026-11-12,46,plant-B,line-B3,machine-B6,lot-73,UP,bPZT,pass,pass,0,2601,2633
2026-11-12,46,plant-B,line-B8,machine-B4,lot-56,UP,aPZT,category-3,sub-a6,18,0,18
2026-11-12,46,plant-A,line-A7,machine-A4,lot-23,DN,aPZT,category-4,sub-a8,2,0,2
2026-11-12,46,plant-A,line-A7,machine-A1,lot-60,DN,aPZT,category-3,sub-a5,10,0,10
2026-11-12,46,plant-B,line-B4,machine-B2,lot-31,DN,aPZT,category-2,sub-a1,27,0,27
2026-11-12,46,plant-A,line-A1,machine-A8,lot-7,DN,bPZT,category-4,sub-b10,14,0,14
2026-11-12,46,plant-B,line-B3,machine-B10,lot-68,up,aPZT,category-1,,22,0,22
2026-11-12,46,plant-B,line-B1,machine-B8,lot-93,DN,bPZT,category-5,sub-b4,10,0,10
2026-11-12,46,plant-B,line-B4,machine-B7,lot-91,DN,bPZT,category-3,sub-b8,35,0,35
2026-11-12,46,plant-B,line-B4,machine-B2,lot-31,UP,bPZT,category-4,sub-b2,10,0,10
2026-11-12,46,plant-A,line-A9,machine-A3,lot-36,UP,bPZT,category-5,sub-b5,16,0,16
2026-11-12,46,plant-A,line-A7,machine-A1,lot-60,DN,bPZT,category-1,sub-b5,16,0,16
2026-11-12,46,plant-B,line-B3,machine-B6,lot-73,DN,bPZT,category-5,sub-b8,40,0,40
2026-11-12,46,plant-A,line-A9,machine-A8,lot-39,DN,aPZT,pass,pass,0,2008,2068
2026-11-12,46,plant-A,line-A6,machine-A7,lot-97,DN,aPZT,category-5,sub-a2,7,0,7
2026-11-12,46,plant-A,line-A1,machine-A9,lot-77,DN,bPZT,category-3,sub-b9,34,0,34
2026-11-12,46,plant-B,line-B4,machine-B7,lot-91,UP,bPZT,category-2,sub-b3,36,0,36
2026-11-12,46,plant-A,line-A7,machine-A1,lot-60,up,bPZT,category-5,sub-b5,10,0,10
2026-11-12,46,plant-B,line-B3,machine-B10,lot-68,DN,bPZT,pass,pass,0,2989,3042
2026-11-12,46,plant-A,line-A6,machine-A7,lot-97,UP,aPZT,category-2,sub-a7,20,0,20
2026-11-12,46,plant-A,line-A7,machine-A4,lot-23,DN,aPZT,category-1,sub-a1,17,0,17
2026-11-12,46,plant-B,line-B4,machine-B2,lot-31,UP,bPZT,category-1,sub-b9,10,0,10
2026-11-12,46,plant-A,line-A5,machine-A6,lot-2,UP,aPZT,category-1,sub-a8,38,0,38
2026-11-12,46,plant-A,line-A3,machine-A4,lot-100,UP,aPZT,category-2,sub-a1,9,0,9
2026-11-12,46,plant-B,line-B2,machine-B8,lot-15,DN,aPZT,category-2,sub-a6,30,0,30
2026-11-12,46,plant-B,line-B7,machine-B8,lot-48,UP,bPZT,category-3,sub-b6,1,0,1
2026-11-12,46,plant-B,line-B8,machine-B4,lot-56,UP,aPZT,category-5,sub-a9,4,0,4
2026-11-12,46,plant-A,line-A5,machine-A6,lot-2,UP,bPZT,category-4,,3,0,3
2026-11-12,46,plant-A,line-A2,machine-A4,lot-3,DN,bPZT,category-2,sub-b4,24,0,24
2026-11-12,46,plant-A,line-A9,machine-A8,lot-39,DN,bPZT,category-4,sub-b8,16,0,16
2026-11-12,46,plant-B,line-B3,machine-B10,lot-68,DN,bPZT,category-2,sub-b1,10,0,10
2026-11-12,46,plant-A,line-A3,machine-A4,lot-100,UP,aPZT,category-2,sub-a5,2,0,2
2026-11-12,46,plant-A,line-A7,machine-A3,lot-49,UP,aPZT,category-4,sub-a10,40,0,40
2026-11-12,46,plant-A,line-A2,machine-A4,lot-3,UP,bPZT,category-2,sub-b5,25,0,25
2026-11-12,46,plant-A,line-A3,machine-A4,lot-100,UP,bPZT,category-3,sub-b5,1,0,1
2026-11-12,46,plant-B,line-B2,machine-B8,lot-15,DN,bPZT,pass,pass,0,2299,2375
2026-11-12,46,plant-A,line-A2,machine-A6,lot-14,UP,bPZT,category-4,sub-b6,33,0,33
2026-11-12,46,plant-A,line-A1,machine-A9,lot-77,DN,bPZT,category-4,sub-b9,12,0,12
2026-11-12,46,plant-A,line-A5,machine-A3,lot-21,UP,bPZT,category-1,sub-b3,9,0,9
2026-11-12,46,plant-A,line-A2,machine-A4,lot-3,UP,aPZT,pass,pass,0,2864,2968
2026-11-12,46,plant-A,line-A7,machine-A1,lot-60,UP,bPZT,pass,pass,0,2456,2530
2026-11-12,46,plant-B,line-B7,machine-B3,lot-30,UP,bPZT,category-4,sub-b4,23,0,23
2026-11-12,46,plant-B,line-B8,machine-B2,lot-24,DN,aPZT,pass,pass,0,2442,2549
2026-11-12,46,plant-A,line-A9,machine-A8,lot-39,UP,bPZT,category-4,sub-b7,26,0,26
2026-11-12,46,plant-A,line-A9,machine-A8,lot-39,UP,bPZT,category-3,sub-b2,18,0,18
2026-11-12,46,plant-B,line-B3,machine-B1,lot-94,UP,aPZT,pass,pass,0,2381,2506
2026-11-12,46,plant-B,line-B7,machine-B8,lot-48,UP,bPZT,category-1,sub-b6,34,0,34
2026-11-12,46,plant-A,line-A1,machine-A8,lot-7,DN,bPZT,category-3,sub-b2,16,0,16
2026-11-12,46,plant-B,line-B4,machine-B2,lot-31,UP,bPZT,pass,pass,0,2906,2986
2026-11-12,46,plant-A,line-A6,machine-A7,lot-97,UP,aPZT,category-2,sub-a7,31,0,31
2026-11-12,46,plant-A,line-A9,machine-A8,lot-39,DN,aPZT,category-1,sub-a4,11,0,11
2026-11-12,46,plant-B,line-B4,machine-B7,lot-91,UP,bPZT,category-3,sub-b2,11,0,11
2026-11-12,46,plant-A,line-A9,machine-A3,lot-36,UP,bPZT,category-4,sub-b1,15,0,15
2026-11-12,46,plant-B,line-B3,machine-B1,lot-94,DN,bPZT,category-2,sub-b1,31,0,31
2026-11-12,46,plant-A,line-A7,machine-A1,lot-60,UP,aPZT,category-2,sub-a6,34,0,34
2026-11-12,46,plant-A,line-A2,machine-A6,lot-14,DN,bPZT,category-2,sub-b2,33,0,33
2026-11-12,46,plant-B,line-B8,machine-B4,lot-56,dn,bPZT,category-4,,3,0,3
2026-11-12,46,plant-B,line-B2,machine-B8,lot-15,UP,aPZT,pass,pass,0,2299,2334
2026-11-12,46,plant-A,line-A5,machine-A3,lot-21,UP,bPZT,category-1,sub-b2,3,0,3
2026-11-12,46,plant-B,line-B8,machine-B4,lot-56,DN,bPZT,pass,pass,0,2366,2448
2026-11-12,46,plant-A,line-A9,machine-A3,lot-36,DN,aPZT,category-1,sub-a5,18,0,18
2026-11-12,46,plant-B,line-B10,machine-B9,lot-50,DN,bPZT,pass,pass,0,2348,2374
2026-11-12,46,plant-A,line-A3,machine-A4,lot-100,UP,bPZT,category-2,sub-b10,40,0,40
2026-11-12,46,plant-A,line-A2,machine-A6,lot-14,dn,aPZT,category-1,,11,0,11
2026-11-12,46,plant-A,line-A5,machine-A3,lot-21,DN,bPZT,category-5,sub-b6,20,0,20
2026-11-12,46,plant-A,line-A2,machine-A4,lot-3,DN,aPZT,category-1,sub-a6,27,0,27
2026-11-12,46,plant-A,line-A7,machine-A4,lot-23,UP,bPZT,pass,pass,0,2695,2731
2026-11-12,46,plant-A,line-A2,machine-A4,lot-3,DN,bPZT,category-5,sub-b4,20,0,20
2026-11-12,46,plant-B,line-B8,machine-B2,lot-24,DN,bPZT,pass,pass,0,2442,2462
2026-11-12,46,plant-A,line-A3,machine-A4,lot-100,UP,bPZT,pass,pass,0,2178,2189
2026-11-12,46,plant-A,line-A9,machine-A3,lot-36,DN,bPZT,category-2,sub-b4,37,0,37
2026-11-12,46,plant-B,line-B7,machine-B8,lot-48,DN,bPZT,pass,pass,0,2805,2858
2026-11-12,46,plant-B,line-B7,machine-B8,lot-48,UP,aPZT,category-5,sub-a4,10,0,10
2026-11-12,46,plant-A,line-A5,machine-A3,lot-21,UP,aPZT,pass,pass,0,2386,2419
2026-11-12,46,plant-B,line-B7,machine-B3,lot-30,UP,aPZT,category-1,sub-a2,34,0,34
2026-11-12,46,plant-A,line-A7,machine-A1,lot-60,UP,bPZT,category-1,sub-b7,12,0,12
2026-11-12,46,plant-A,line-A3,machine-A4,lot-100,UP,bPZT,category-2,sub-b4,8,0,8
2026-11-12,46,plant-B,line-B7,machine-B3,lot-30,DN,aPZT,pass,pass,0,2003,2063
2026-11-12,46,plant-A,line-A9,machine-A3,lot-36,UP,aPZT,pass,pass,0,2536,2604
2026-11-12,46,plant-B,line-B4,machine-B7,lot-91,UP,bPZT,category-5,sub-b4,22,0,22
2026-11-12,46,plant-B,line-B4,machine-B7,lot-91,UP,aPZT,category-5,sub-a7,16,0,16
2026-11-12,46,plant-A,line-A7,machine-A1,lot-60,DN,aPZT,pass,pass,0,2456,2530
2026-11-12,46,plant-B,line-B2,machine-B8,lot-15,DN,aPZT,category-5,,35,0,35
2026-11-12,46,plant-A,line-A1,machine-A8,lot-7,DN,bPZT,category-2,sub-b6,1,0,1
2026-11-12,46,plant-B,line-B10,machine-B9,lot-50,DN,bPZT,category-5,sub-b6,12,0,12
2026-11-12,46,plant-A,line-A7,machine-A4,lot-23,UP,aPZT,category-1,sub-a7,17,0,17
2026-11-12,46,plant-B,line-B3,machine-B10,lot-68,DN,aPZT,category-1,sub-a7,29,0,29
2026-11-12,46,plant-A,line-A5,machine-A6,lot-2,UP,aPZT,pass,pass,0,2275,2436
2026-11-12,46,plant-B,line-B3,machine-B10,lot-68,UP,bPZT,category-2,sub-b2,22,0,22
2026-11-12,46,plant-A,line-A7,machine-A1,lot-60,DN,aPZT,category-5,sub-a3,26,0,26
2026-11-12,46,plant-A,line-A1,machine-A8,lot-7,UP,bPZT,category-5,sub-b10,33,0,33
2026-11-12,46,plant-A,line-A5,machine-A3,lot-21,DN,aPZT,category-4,sub-a8,4,0,4
2026-11-12,46,plant-B,line-B3,machine-B10,lot-68,UP,aPZT,category-3,sub-a1,2,0,2
2026-11-12,46,plant-A,line-A5,machine-A6,lot-2,DN,bPZT,category-3,sub-b4,38,0,38
2026-11-12,46,plant-A,line-A9,machine-A3,lot-36,DN,aPZT,category-3,sub-a10,10,0,10
2026-11-12,46,plant-B,line-B4,machine-B2,lot-31,DN,aPZT,category-1,sub-a8,17,0,17
2026-11-12,46,plant-A,line-A1,machine-A8,lot-7,UP,aPZT,pass,pass,0,2728,2838
2026-11-12,46,plant-B,line-B4,machine-B7,lot-91,UP,bPZT,pass,pass,0,2731,2747
2026-11-12,46,plant-B,line-B1,machine-B8,lot-93,UP,bPZT,pass,pass,0,2712,2729
2026-11-12,46,plant-B,line-B10,machine-B9,lot-50,UP,aPZT,category-2,sub-a6,26,0,26
2026-11-12,46,plant-A,line-A7,machine-A1,lot-60,DN,bPZT,category-4,sub-b5,4,0,4
2026-11-12,46,plant-B,line-B8,machine-B2,lot-24,up,bPZT,category-4,,28,0,28
2026-11-12,46,plant-B,line-B3,machine-B1,lot-94,DN,bPZT,category-3,sub-b10,20,0,20
2026-11-12,46,plant-B,line-B3,machine-B10,lot-68,UP,aPZT,pass,pass,0,2989,3081
2026-11-12,46,plant-B,line-B4,machine-B2,lot-31,UP,aPZT,pass,pass,0,2906,2952
2026-11-12,46,plant-B,line-B3,machine-B1,lot-94,DN,aPZT,category-2,sub-a10,9,0,9
2026-11-12,46,plant-B,line-B10,machine-B9,lot-50,DN,aPZT,pass,pass,0,2348,2360
2026-11-12,46,plant-A,line-A6,machine-A7,lot-97,DN,bPZT,category-5,sub-b8,35,0,35
2026-11-12,46,plant-A,line-A1,machine-A9,lot-77,DN,aPZT,category-2,sub-a3,8,0,8
2026-11-12,46,plant-A,line-A5,machine-A3,lot-21,DN,bPZT,category-3,sub-b2,1,0,1
2026-11-12,46,plant-B,line-B3,machine-B6,lot-73,DN,aPZT,category-4,sub-a1,32,0,32
2026-11-12,46,plant-A,line-A2,machine-A4,lot-3,DN,bPZT,category-1,sub-b3,1,0,1
2026-11-12,46,plant-A,line-A9,machine-A8,lot-39,DN,aPZT,category-1,sub-a5,20,0,20
2026-11-12,46,plant-A,line-A1,machine-A8,lot-7,UP,bPZT,category-2,,30,0,30
2026-11-12,46,plant-A,line-A5,machine-A6,lot-2,DN,bPZT,category-4,sub-b1,39,0,39
2026-11-12,46,plant-B,line-B7,machine-B3,lot-30,UP,aPZT,category-1,sub-a3,33,0,33
2026-11-12,46,plant-B,line-B4,machine-B2,lot-31,DN,bPZT,category-2,sub-b10,6,0,6
2026-11-12,46,plant-A,line-A7,machine-A3,lot-49,DN,bPZT,pass,pass,0,2135,2213
2026-11-12,46,plant-B,line-B3,machine-B10,lot-68,UP,bPZT,category-5,sub-b6,23,0,23
2026-11-12,46,plant-A,line-A6,machine-A7,lot-97,DN,aPZT,category-2,sub-a3,20,0,20
2026-11-12,46,plant-A,line-A2,machine-A6,lot-14,UP,aPZT,pass,pass,0,2676,2742
2026-11-12,46,plant-B,line-B4,machine-B2,lot-31,UP,bPZT,category-3,sub-b8,20,0,20
2026-11-12,46,plant-B,line-B3,machine-B1,lot-94,DN,aPZT,category-1,sub-a7,18,0,18
2026-11-12,46,plant-A,line-A9,machine-A8,lot-39,DN,aPZT,category-4,sub-a3,3,0,3
2026-11-12,46,plant-B,line-B7,machine-B8,lot-48,DN,aPZT,category-1,sub-a9,11,0,11
2026-11-12,46,plant-B,line-B8,machine-B2,lot-24,UP,bPZT,category-2,sub-b8,36,0,36
2026-11-12,46,plant-A,line-A7,machine-A3,lot-49,UP,aPZT,category-1,sub-a10,9,0,9
2026-11-12,46,plant-A,line-A2,machine-A6,lot-14,DN,aPZT,category-3,sub-a4,35,0,35
2026-11-12,46,plant-B,line-B8,machine-B2,lot-24,DN,bPZT,category-2,sub-b2,16,0,16
2026-11-12,46,plant-A,line-A2,machine-A6,lot-14,UP,aPZT,category-3,sub-a10,1,0,1
2026-11-12,46,plant-A,line-A7,machine-A3,lot-49,UP,aPZT,category-2,sub-a1,3,0,3
2026-11-12,46,plant-A,line-A6,machine-A7,lot-97,UP,aPZT,category-2,sub-a3,39,0,39
2026-11-12,46,plant-B,line-B7,machine-B3,lot-30,DN,bPZT,category-3,sub-b1,37,0,37
2026-11-13,46,plant-A,line-A2,machine-A10,lot-13,DN,bPZT,pass,pass,0,2998,3057
2026-11-13,46,plant-A,line-A4,machine-A6,lot-60,DN,aPZT,category-4,sub-a5,10,0,10
2026-11-13,46,plant-B,line-B7,machine-B10,lot-89,DN,aPZT,category-1,sub-a9,26,0,26
2026-11-13,46,plant-A,line-A1,machine-A8,lot-73,DN,aPZT,category-2,sub-a10,11,0,11
2026-11-13,46,plant-B,line-B6,machine-B8,lot-35,UP,bPZT,category-5,sub-b8,3,0,3
2026-11-13,46,plant-A,line-A4,machine-A3,lot-85,DN,aPZT,pass,pass,0,2224,2301
2026-11-13,46,plant-A,line-A7,machine-A5,lot-37,DN,bPZT,pass,pass,0,2678,2721
2026-11-13,46,plant-A,line-A4,machine-A3,lot-85,DN,aPZT,category-5,sub-a10,28,0,28
2026-11-13,46,plant-B,line-B3,machine-B2,lot-39,DN,bPZT,category-2,sub-b5,8,0,8
2026-11-13,46,plant-B,line-B6,machine-B8,lot-35,DN,aPZT,category-3,sub-a6,7,0,7
2026-11-13,46,plant-A,line-A3,machine-A4,lot-61,DN,aPZT,category-2,sub-a2,13,0,13
2026-11-13,46,plant-A,line-A1,machine-A10,lot-69,UP,bPZT,category-3,sub-b2,6,0,6
2026-11-13,46,plant-A,line-A4,machine-A3,lot-85,DN,bPZT,category-4,sub-b8,22,0,22
2026-11-13,46,plant-A,line-A3,machine-A4,lot-61,DN,aPZT,category-3,sub-a5,40,0,40
2026-11-13,46,plant-A,line-A2,machine-A10,lot-13,DN,aPZT,pass,pass,0,2998,3030
2026-11-13,46,plant-A,line-A7,machine-A5,lot-37,DN,aPZT,pass,pass,0,2678,2716
2026-11-13,46,plant-B,line-B8,machine-B10,lot-90,UP,bPZT,pass,pass,0,2224,2282
2026-11-13,46,plant-A,line-A3,machine-A4,lot-61,UP,aPZT,category-3,sub-a1,9,0,9
2026-11-13,46,plant-A,line-A1,machine-A10,lot-69,DN,aPZT,category-3,sub-a1,23,0,23
2026-11-13,46,plant-B,line-B6,machine-B5,lot-52,UP,bPZT,category-1,sub-b9,6,0,6
2026-11-13,46,plant-B,line-B7,machine-B10,lot-89,DN,bPZT,category-3,sub-b2,27,0,27
2026-11-13,46,plant-B,line-B7,machine-B8,lot-44,DN,aPZT,category-4,sub-a9,24,0,24
2026-11-13,46,plant-A,line-A1,machine-A10,lot-69,DN,aPZT,pass,pass,0,2985,3071
2026-11-13,46,plant-B,line-B6,machine-B5,lot-52,DN,bPZT,category-1,sub-b1,4,0,4
2026-11-13,46,plant-A,line-A6,machine-A6,lot-32,UP,bPZT,category-2,sub-b10,33,0,33
2026-11-13,46,plant-A,line-A9,machine-A7,lot-71,UP,aPZT,pass,pass,0,2891,2977
2026-11-13,46,plant-A,line-A4,machine-A3,lot-85,DN,bPZT,pass,pass,0,2224,2325
2026-11-13,46,plant-A,line-A2,machine-A10,lot-13,UP,aPZT,category-5,sub-a7,13,0,13
2026-11-13,46,plant-B,line-B7,machine-B10,lot-89,UP,aPZT,category-3,sub-a5,11,0,11
2026-11-13,46,plant-A,line-A5,machine-A10,lot-94,UP,bPZT,pass,pass,0,2476,2633
2026-11-13,46,plant-A,line-A4,machine-A8,lot-93,DN,aPZT,category-5,,6,0,6
2026-11-13,46,plant-A,line-A2,machine-A10,lot-29,UP,bPZT,category-1,sub-b1,22,0,22
2026-11-13,46,plant-B,line-B8,machine-B7,lot-91,UP,aPZT,pass,pass,0,2992,3019
2026-11-13,46,plant-A,line-A9,machine-A7,lot-71,UP,aPZT,category-3,,24,0,24
2026-11-13,46,plant-A,line-A3,machine-A4,lot-61,DN,aPZT,category-5,sub-a8,32,0,32
2026-11-13,46,plant-B,line-B3,machine-B1,lot-82,DN,aPZT,category-5,sub-a6,11,0,11
2026-11-13,46,plant-B,line-B3,machine-B1,lot-82,DN,aPZT,pass,pass,0,2712,2756
2026-11-13,46,plant-B,line-B7,machine-B8,lot-44,UP,bPZT,category-2,sub-b6,21,0,21
2026-11-13,46,plant-A,line-A6,machine-A6,lot-32,DN,aPZT,category-1,sub-a2,31,0,31
2026-11-13,46,plant-A,line-A9,machine-A7,lot-71,UP,aPZT,category-5,sub-a2,5,0,5
2026-11-13,46,plant-A,line-A1,machine-A10,lot-69,UP,bPZT,category-4,sub-b2,30,0,30
2026-11-13,46,plant-B,line-B5,machine-B10,lot-8,DN,aPZT,category-2,sub-a9,31,0,31
2026-11-13,46,plant-A,line-A6,machine-A6,lot-32,UP,aPZT,pass,pass,0,2886,3049
2026-11-13,46,plant-A,line-A9,machine-A7,lot-71,DN,bPZT,category-3,,3,0,3
2026-11-13,46,plant-B,line-B8,machine-B7,lot-91,DN,bPZT,category-3,sub-b10,2,0,2
2026-11-13,46,plant-A,line-A4,machine-A3,lot-85,UP,bPZT,category-2,sub-b3,30,0,30
2026-11-13,46,plant-A,line-A1,machine-A8,lot-73,DN,bPZT,category-4,sub-b8,27,0,27
2026-11-13,46,plant-B,line-B8,machine-B7,lot-91,UP,aPZT,category-4,sub-a3,10,0,10
2026-11-13,46,plant-A,line-A4,machine-A8,lot-93,DN,aPZT,category-4,sub-a8,15,0,15
2026-11-13,46,plant-B,line-B6,machine-B8,lot-35,UP,aPZT,pass,pass,0,2670,2715
2026-11-13,46,plant-A,line-A6,machine-A6,lot-32,DN,bPZT,category-1,sub-b8,36,0,36
2026-11-13,46,plant-A,line-A5,machine-A10,lot-94,DN,aPZT,category-5,sub-a3,18,0,18
2026-11-13,46,plant-A,line-A1,machine-A7,lot-15,UP,bPZT,category-5,sub-b2,10,0,10
2026-11-13,46,plant-A,line-A3,machine-A4,lot-61,DN,bPZT,pass,pass,0,2270,2391
2026-11-13,46,plant-B,line-B6,machine-B10,lot-31,UP,aPZT,pass,,0,2234,2258
2026-11-13,46,plant-A,line-A5,machine-A10,lot-94,UP,aPZT,category-1,sub-a2,27,0,27
2026-11-13,46,plant-B,line-B8,machine-B7,lot-91,UP,bPZT,category-1,sub-b4,3,0,3
2026-11-13,46,plant-A,line-A4,machine-A6,lot-60,DN,aPZT,category-5,sub-a1,31,0,31
2026-11-13,46,plant-B,line-B7,machine-B8,lot-44,DN,aPZT,category-3,sub-a2,4,0,4
2026-11-13,46,plant-A,line-A4,machine-A6,lot-60,DN,bPZT,pass,pass,0,2425,2541
2026-11-13,46,plant-A,line-A6,machine-A6,lot-32,DN,bPZT,category-3,sub-b10,2,0,2
2026-11-13,46,plant-B,line-B3,machine-B2,lot-39,UP,aPZT,category-1,sub-a2,15,0,15
2026-11-13,46,plant-B,line-B7,machine-B10,lot-89,DN,bPZT,pass,pass,0,2260,2333
2026-11-13,46,plant-A,line-A2,machine-A10,lot-29,UP,aPZT,category-4,sub-a10,3,0,3
2026-11-13,46,plant-A,line-A5,machine-A10,lot-94,UP,aPZT,pass,pass,0,2476,2501
2026-11-13,46,plant-B,line-B6,machine-B5,lot-52,DN,bPZT,category-1,sub-b7,15,0,15
2026-11-13,46,plant-B,line-B5,machine-B10,lot-8,DN,bPZT,category-3,sub-b3,19,0,19
2026-11-13,46,plant-B,line-B3,machine-B2,lot-39,UP,bPZT,category-2,sub-b7,25,0,25
2026-11-13,46,plant-A,line-A4,machine-A3,lot-85,DN,bPZT,category-3,sub-b7,22,0,22
2026-11-13,46,plant-B,line-B6,machine-B10,lot-31,UP,aPZT,category-1,sub-a5,27,0,27
2026-11-13,46,plant-B,line-B7,machine-B10,lot-89,DN,aPZT,category-2,sub-a6,25,0,25
2026-11-13,46,plant-B,line-B7,machine-B8,lot-44,UP,bPZT,pass,pass,0,2578,2647
2026-11-13,46,plant-B,line-B6,machine-B10,lot-31,UP,bPZT,pass,pass,0,2234,2320
2026-11-13,46,plant-A,line-A1,machine-A8,lot-73,dN,bPZT,category-4,sub-b2,6,0,6
2026-11-13,46,plant-A,line-A9,machine-A7,lot-71,DN,aPZT,category-1,sub-a8,29,0,29
2026-11-13,46,plant-B,line-B3,machine-B2,lot-39,UP,bPZT,category-5,sub-b1,4,0,4
2026-11-13,46,plant-B,line-B3,machine-B2,lot-39,DN,aPZT,category-4,sub-a1,37,0,37
2026-11-13,46,plant-B,line-B8,machine-B10,lot-90,DN,aPZT,category-5,sub-a5,2,0,2
2026-11-13,46,plant-A,line-A4,machine-A3,lot-85,UP,aPZT,category-5,sub-a10,37,0,37
2026-11-13,46,plant-A,line-A1,machine-A10,lot-69,UP,aPZT,category-1,sub-a2,14,0,14
2026-11-13,46,plant-A,line-A3,machine-A4,lot-61,DN,bPZT,category-5,sub-b4,8,0,8
2026-11-13,46,plant-A,line-A6,machine-A6,lot-32,UP,bPZT,category-2,sub-b3,22,0,22
2026-11-13,46,plant-A,line-A1,machine-A2,lot-5,DN,aPZT,category-3,sub-a3,30,0,30
2026-11-13,46,plant-B,line-B7,machine-B10,lot-89,UP,aPZT,category-5,sub-a1,9,0,9
2026-11-13,46,plant-B,line-B3,machine-B1,lot-82,DN,aPZT,category-5,sub-a8,5,0,5
2026-11-13,46,plant-A,line-A1,machine-A2,lot-5,DN,aPZT,pass,pass,0,2438,2453
2026-11-13,46,plant-B,line-B3,machine-B2,lot-39,dn,aPZT,pass,pass,0,2417,2473
2026-11-13,46,plant-A,line-A4,machine-A8,lot-93,UP,bPZT,category-4,sub-b1,8,0,8
2026-11-13,46,plant-A,line-A4,machine-A6,lot-60,DN,aPZT,pass,pass,0,2425,2459
2026-11-13,46,plant-B,line-B3,machine-B1,lot-82,UP,bPZT,pass,pass,0,2712,2764
2026-11-13,46,plant-A,line-A5,machine-A10,lot-94,UP,aPZT,category-1,sub-a6,31,0,31
2026-11-13,46,plant-A,line-A1,machine-A10,lot-69,UP,bPZT,category-3,sub-b2,36,0,36
2026-11-13,46,plant-A,line-A9,machine-A7,lot-71,UP,aPZT,category-1,sub-a3,17,0,17
2026-11-13,46,plant-A,line-A1,machine-A8,lot-73,DN,aPZT,category-5,sub-a7,22,0,22
2026-11-13,46,plant-A,line-A5,machine-A10,lot-94,UP,aPZT,category-1,sub-a3,30,0,30
2026-11-13,46,plant-A,line-A1,machine-A2,lot-5,DN,aPZT,category-3,sub-a5,21,0,21
2026-11-13,46,plant-A,line-A1,machine-A8,lot-73,UP,bPZT,pass,pass,0,2519,2590
2026-11-13,46,plant-A,line-A1,machine-A7,lot-15,DN,aPZT,pass,pass,0,2519,2529
2026-11-13,46,plant-B,line-B3,machine-B2,lot-39,DN,bPZT,category-4,sub-b5,19,0,19
2026-11-13,46,plant-B,line-B3,machine-B2,lot-39,DN,aPZT,category-3,sub-a2,33,0,33
2026-11-13,46,plant-B,line-B6,machine-B5,lot-52,UP,bPZT,category-4,sub-b2,12,0,12
2026-11-13,46,plant-A,line-A4,machine-A8,lot-93,UP,aPZT,category-3,sub-a2,25,0,25
2026-11-13,46,plant-A,line-A2,machine-A10,lot-13,DN,bPZT,category-1,sub-b8,32,0,32
2026-11-13,46,plant-A,line-A1,machine-A7,lot-15,UP,aPZT,category-4,sub-a6,4,0,4
2026-11-13,46,plant-B,line-B6,machine-B5,lot-52,UP,bPZT,pass,pass,0,2535,2611
2026-11-13,46,plant-A,line-A2,machine-A10,lot-29,DN,aPZT,pass,pass,0,2277,2318
2026-11-13,46,plant-B,line-B5,machine-B10,lot-8,DN,aPZT,category-4,sub-a8,28,0,28
2026-11-13,46,plant-B,line-B8,machine-B7,lot-91,UP,aPZT,category-2,sub-a4,15,0,15
2026-11-13,46,plant-A,line-A1,machine-A10,lot-69,UP,bPZT,pass,pass,0,2985,3039
2026-11-13,46,plant-A,line-A7,machine-A5,lot-37,up,bPZT,category-4,sub-b6,38,0,38
2026-11-13,46,plant-B,line-B7,machine-B10,lot-89,DN,aPZT,pass,pass,0,2260,2287
2026-11-13,46,plant-A,line-A2,machine-A10,lot-29,UP,aPZT,category-2,,2,0,2
2026-11-13,46,plant-A,line-A1,machine-A2,lot-5,DN,bPZT,pass,pass,0,2438,2493
2026-11-13,46,plant-A,line-A4,machine-A3,lot-85,UP,bPZT,category-3,sub-b6,3,0,3
2026-11-13,46,plant-A,line-A4,machine-A8,lot-93,DN,aPZT,category-4,sub-a10,6,0,6
2026-11-13,46,plant-A,line-A7,machine-A5,lot-37,DN,aPZT,category-4,sub-a3,35,0,35
2026-11-13,46,plant-B,line-B8,machine-B7,lot-91,DN,aPZT,category-5,sub-a5,24,0,24
2026-11-13,46,plant-B,line-B6,machine-B8,lot-35,UP,bPZT,category-4,sub-b8,17,0,17
2026-11-13,46,plant-B,line-B8,machine-B7,lot-91,DN,bPZT,category-2,sub-b9,1,0,1
2026-11-13,46,plant-A,line-A4,machine-A6,lot-60,UP,aPZT,category-2,sub-a1,35,0,35
2026-11-13,46,plant-A,line-A4,machine-A8,lot-93,UP,aPZT,category-5,sub-a3,20,0,20
2026-11-13,46,plant-B,line-B6,machine-B8,lot-35,UP,aPZT,category-3,sub-a2,31,0,31
2026-11-13,46,plant-B,line-B5,machine-B10,lot-8,DN,aPZT,category-1,sub-a8,13,0,13
2026-11-13,46,plant-A,line-A5,machine-A10,lot-94,dN,aPZT,category-2,sub-a4,21,0,21
2026-11-13,46,plant-A,line-A5,machine-A10,lot-94,UP,aPZT,category-3,sub-a2,3,0,3
2026-11-13,46,plant-A,line-A9,machine-A7,lot-71,UP,bPZT,category-3,sub-b6,17,0,17
2026-11-13,46,plant-A,line-A1,machine-A10,lot-69,DN,aPZT,category-5,sub-a9,17,0,17
2026-11-13,46,plant-B,line-B8,machine-B7,lot-91,DN,bPZT,category-5,sub-b9,7,0,7
2026-11-13,46,plant-A,line-A3,machine-A4,lot-61,UP,aPZT,category-1,sub-a7,10,0,10
2026-11-13,46,plant-A,line-A4,machine-A6,lot-60,UP,aPZT,category-3,sub-a1,15,0,15
2026-11-13,46,plant-B,line-B6,machine-B8,lot-35,DN,aPZT,category-5,sub-a1,17,0,17
2026-11-13,46,plant-B,line-B2,machine-B7,lot-64,DN,aPZT,pass,pass,0,2847,2858
2026-11-13,46,plant-B,line-B7,machine-B8,lot-44,DN,aPZT,pass,,0,2578,2599
2026-11-13,46,plant-A,line-A1,machine-A8,lot-73,UP,aPZT,category-3,sub-a7,38,0,38
2026-11-13,46,plant-B,line-B8,machine-B10,lot-90,DN,aPZT,category-1,sub-a5,27,0,27
2026-11-13,46,plant-A,line-A2,machine-A10,lot-29,DN,aPZT,category-5,sub-a8,28,0,28
2026-11-13,46,plant-A,line-A1,machine-A2,lot-5,UP,aPZT,category-5,sub-a5,3,0,3
2026-11-13,46,plant-A,line-A6,machine-A6,lot-32,UP,bPZT,pass,pass,0,2886,2917
2026-11-13,46,plant-B,line-B5,machine-B10,lot-8,DN,bPZT,pass,pass,0,2907,2979
2026-11-13,46,plant-A,line-A1,machine-A2,lot-5,UP,aPZT,category-1,sub-a7,1,0,1
2026-11-13,46,plant-B,line-B6,machine-B8,lot-35,UP,bPZT,pass,pass,0,2670,2761
2026-11-13,46,plant-B,line-B5,machine-B10,lot-8,DN,aPZT,pass,pass,0,2907,2926
2026-11-13,46,plant-B,line-B6,machine-B10,lot-31,DN,bPZT,category-4,sub-b5,24,0,24
2026-11-13,46,plant-A,line-A4,machine-A8,lot-93,DN,bPZT,category-5,sub-b4,9,0,9
2026-11-13,46,plant-A,line-A4,machine-A6,lot-60,UP,bPZT,category-5,sub-b10,34,0,34
2026-11-13,46,plant-B,line-B2,machine-B7,lot-64,DN,aPZT,category-3,sub-a3,14,0,14
2026-11-13,46,plant-B,line-B3,machine-B1,lot-82,UP,bPZT,category-2,sub-b6,12,0,12
2026-11-13,46,plant-A,line-A1,machine-A10,lot-69,DN,bPZT,category-3,sub-b6,14,0,14
2026-11-13,46,plant-A,line-A4,machine-A6,lot-60,DN,aPZT,category-3,sub-a2,9,0,9
2026-11-13,46,plant-B,line-B6,machine-B10,lot-31,UP,aPZT,category-5,sub-a2,26,0,26
2026-11-13,46,plant-B,line-B6,machine-B10,lot-31,DN,aPZT,category-3,sub-a2,33,0,33
2026-11-13,46,plant-A,line-A3,machine-A4,lot-61,UP,bPZT,category-5,sub-b10,6,0,6
2026-11-13,46,plant-A,line-A2,machine-A10,lot-29,DN,aPZT,category-2,sub-a8,10,0,10
2026-11-13,46,plant-B,line-B6,machine-B8,lot-35,UP,aPZT,category-1,sub-a4,36,0,36
2026-11-13,46,plant-B,line-B7,machine-B8,lot-44,UP,aPZT,category-1,sub-a8,24,0,24
2026-11-13,46,plant-B,line-B3,machine-B1,lot-82,DN,bPZT,category-2,sub-b1,32,0,32
2026-11-13,46,plant-A,line-A9,machine-A7,lot-71,UP,bPZT,category-2,sub-b1,29,0,29
2026-11-13,46,plant-A,line-A2,machine-A10,lot-13,Up,aPZT,category-5,sub-a2,37,0,37
2026-11-13,46,plant-A,line-A6,machine-A6,lot-32,UP,bPZT,category-4,sub-b5,40,0,40
2026-11-13,46,plant-B,line-B6,machine-B5,lot-52,DN,aPZT,category-2,sub-a10,28,0,28
2026-11-13,46,plant-B,line-B2,machine-B7,lot-64,DN,bPZT,category-2,sub-b8,11,0,11
2026-11-13,46,plant-A,line-A4,machine-A6,lot-60,DN,aPZT,category-3,sub-a7,16,0,16
2026-11-13,46,plant-A,line-A7,machine-A5,lot-37,UP,aPZT,category-5,sub-a5,8,0,8
2026-11-13,46,plant-A,line-A1,machine-A7,lot-15,DN,bPZT,pass,pass,0,2519,2577
2026-11-13,46,plant-A,line-A1,machine-A7,lot-15,DN,aPZT,category-5,sub-a5,6,0,6
2026-11-13,46,plant-B,line-B8,machine-B10,lot-90,UP,aPZT,category-4,sub-a1,29,0,29
2026-11-13,46,plant-A,line-A1,machine-A7,lot-15,UP,aPZT,category-1,sub-a9,9,0,9
2026-11-13,46,plant-B,line-B8,machine-B7,lot-91,UP,bPZT,pass,pass,0,2992,3041
2026-11-13,46,plant-A,line-A9,machine-A7,lot-71,DN,aPZT,category-5,sub-a3,8,0,8
2026-11-13,46,plant-A,line-A4,machine-A8,lot-93,DN,aPZT,pass,pass,0,2886,2903
2026-11-13,46,plant-A,line-A5,machine-A10,lot-94,DN,bPZT,category-2,sub-b8,23,0,23
2026-11-13,46,plant-A,line-A3,machine-A4,lot-61,UP,aPZT,pass,pass,0,2270,2284
2026-11-13,46,plant-A,line-A1,machine-A2,lot-5,UP,bPZT,category-2,sub-b9,15,0,15
2026-11-13,46,plant-B,line-B8,machine-B10,lot-90,DN,aPZT,pass,pass,0,2224,2253
2026-11-13,46,plant-B,line-B2,machine-B7,lot-64,DN,bPZT,pass,pass,0,2847,2861
2026-11-13,46,plant-B,line-B7,machine-B8,lot-44,DN,aPZT,category-2,sub-a8,17,0,17
2026-11-13,46,plant-A,line-A6,machine-A6,lot-32,DN,bPZT,category-4,sub-b3,30,0,30
2026-11-13,46,plant-A,line-A4,machine-A8,lot-93,DN,bPZT,pass,pass,0,2886,2958
2026-11-13,46,plant-A,line-A3,machine-A4,lot-61,UP,aPZT,category-5,sub-a9,17,0,17
2026-11-13,46,plant-A,line-A2,machine-A10,lot-29,UP,bPZT,pass,pass,0,2277,2320
2026-11-13,46,plant-A,line-A9,machine-A7,lot-71,UP,bPZT,pass,pass,0,2891,2974
2026-11-13,46,plant-B,line-B6,machine-B5,lot-52,UP,aPZT,category-1,sub-a2,35,0,35
2026-11-13,46,plant-A,line-A5,machine-A10,lot-94,DN,bPZT,category-5,sub-b10,2,0,2
2026-11-13,46,plant-B,line-B8,machine-B10,lot-90,UP,bPZT,category-5,sub-b3,29,0,29
2026-11-13,46,plant-B,line-B6,machine-B5,lot-52,UP,aPZT,pass,pass,0,2535,2592
2026-11-13,46,plant-A,line-A1,machine-A8,lot-73,UP,bPZT,category-4,sub-b8,32,0,32
2026-11-13,46,plant-B,line-B3,machine-B1,lot-82,DN,aPZT,category-2,sub-a4,36,0,36
2026-11-13,46,plant-B,line-B6,machine-B8,lot-35,DN,bPZT,category-2,sub-b7,25,0,25
2026-11-13,46,plant-A,line-A1,machine-A8,lot-73,DN,aPZT,pass,pass,0,2519,2584
2026-11-13,46,plant-B,line-B6,machine-B5,lot-52,DN,bPZT,category-2,sub-b3,20,0,20
2026-11-13,46,plant-A,line-A1,machine-A7,lot-15,UP,aPZT,category-3,sub-a7,39,0,39
2026-11-13,46,plant-B,line-B7,machine-B10,lot-89,DN,aPZT,category-2,sub-a8,2,0,2
2026-11-13,46,plant-A,line-A4,machine-A3,lot-85,UP,aPZT,category-3,sub-a7,36,0,36
2026-11-13,46,plant-B,line-B3,machine-B2,lot-39,DN,bPZT,pass,pass,0,2417,2502
2026-11-13,46,plant-A,line-A2,machine-A10,lot-13,UP,aPZT,category-3,sub-a8,9,0,9
2026-11-13,46,plant-B,line-B6,machine-B5,lot-52,UP,aPZT,category-3,sub-a6,13,0,13
2026-11-13,46,plant-A,line-A9,machine-A7,lot-71,DN,bPZT,category-1,sub-b1,37,0,37
2026-11-13,46,plant-A,line-A2,machine-A10,lot-29,DN,bPZT,category-3,sub-b7,19,0,19
2026-11-13,46,plant-B,line-B8,machine-B7,lot-91,DN,bPZT,category-2,sub-b6,14,0,14
2026-11-13,46,plant-A,line-A5,machine-A10,lot-94,DN,aPZT,category-2,sub-a9,27,0,27
2026-11-14,46,plant-B,line-B6,machine-B4,lot-66,DN,aPZT,category-4,sub-a1,36,0,36
2026-11-14,46,plant-B,line-B6,machine-B7,lot-61,DN,aPZT,category-3,sub-a7,1,0,1
2026-11-14,46,plant-A,line-A3,machine-A3,lot-65,UP,aPZT,category-5,sub-a4,21,0,21
2026-11-14,46,plant-B,line-B6,machine-B7,lot-61,DN,aPZT,pass,pass,0,2106,2111
2026-11-14,46,plant-B,line-B6,machine-B4,lot-66,UP,bPZT,category-5,sub-b7,25,0,25
2026-11-14,46,plant-A,line-A10,machine-A6,lot-43,UP,aPZT,category-1,sub-a2,35,0,35
2026-11-14,46,plant-A,line-A10,machine-A10,lot-2,DN,aPZT,pass,pass,0,2910,2984
2026-11-14,46,plant-A,line-A1,machine-A10,lot-7,DN,aPZT,category-5,sub-a9,16,0,16
2026-11-14,46,plant-A,line-A1,machine-A10,lot-7,DN,aPZT,category-2,sub-a10,15,0,15
2026-11-14,46,plant-B,line-B9,machine-B1,lot-37,DN,aPZT,category-1,sub-a5,9,0,9
2026-11-14,46,plant-B,line-B6,machine-B7,lot-61,UP,aPZT,category-5,sub-a8,19,0,19
2026-11-14,46,plant-A,line-A2,machine-A5,lot-11,UP,bPZT,pass,pass,0,2715,2800
2026-11-14,46,plant-B,line-B10,machine-B10,lot-33,DN,aPZT,category-1,sub-a10,28,0,28
2026-11-14,46,plant-B,line-B6,machine-B2,lot-92,UP,aPZT,pass,pass,0,2875,2891
2026-11-14,46,plant-A,line-A2,machine-A5,lot-11,DN,bPZT,category-3,sub-b3,18,0,18
2026-11-14,46,plant-B,line-B10,machine-B5,lot-94,DN,bPZT,pass,pass,0,2995,3049
2026-11-14,46,plant-B,line-B9,machine-B1,lot-37,DN,bPZT,category-4,sub-b7,13,0,13
2026-11-14,46,plant-B,line-B6,machine-B3,lot-44,UP,bPZT,category-5,sub-b5,30,0,30
2026-11-14,46,plant-A,line-A3,machine-A3,lot-65,DN,bPZT,category-5,sub-b9,26,0,26
2026-11-14,46,plant-A,line-A10,machine-A10,lot-2,DN,aPZT,category-2,sub-a8,6,0,6
2026-11-14,46,plant-A,line-A7,machine-A6,lot-62,DN,bPZT,category-1,sub-b8,37,0,37
2026-11-14,46,plant-B,line-B10,machine-B10,lot-33,UP,aPZT,pass,pass,0,2936,3012
2026-11-14,46,plant-A,line-A10,machine-A6,lot-43,DN,bPZT,pass,pass,0,2035,2088
2026-11-14,46,plant-B,line-B10,machine-B5,lot-94,UP,aPZT,category-4,sub-a10,10,0,10
2026-11-14,46,plant-B,line-B10,machine-B5,lot-94,UP,aPZT,pass,pass,0,2995,3016
2026-11-14,46,plant-A,line-A3,machine-A3,lot-65,DN,aPZT,pass,pass,0,2425,2508
2026-11-14,46,plant-A,line-A3,machine-A3,lot-65,DN,bPZT,category-5,sub-b3,21,0,21
2026-11-14,46,plant-B,line-B10,machine-B10,lot-21,DN,aPZT,category-5,sub-a2,5,0,5
2026-11-14,46,plant-A,line-A7,machine-A5,lot-99,up,aPZT,pass,,0,2137,2200
2026-11-14,46,plant-A,line-A2,machine-A5,lot-11,DN,aPZT,category-4,sub-a6,16,0,16
2026-11-14,46,plant-A,line-A6,machine-A1,lot-96,UP,bPZT,category-5,sub-b2,6,0,6
2026-11-14,46,plant-B,line-B1,machine-B3,lot-95,UP,bPZT,pass,pass,0,2606,2687
2026-11-14,46,plant-B,line-B6,machine-B2,lot-92,DN,aPZT,category-2,sub-a7,28,0,28
2026-11-14,46,plant-B,line-B6,machine-B6,lot-86,UP,aPZT,category-2,sub-a10,14,0,14
2026-11-14,46,plant-A,line-A7,machine-A5,lot-99,DN,aPZT,category-4,sub-a3,10,0,10
2026-11-14,46,plant-A,line-A10,machine-A10,lot-2,UP,bPZT,pass,pass,0,2910,2951
2026-11-14,46,plant-A,line-A7,machine-A6,lot-62,UP,bPZT,category-4,sub-b10,34,0,34
2026-11-14,46,plant-B,line-B4,machine-B7,lot-59,UP,bPZT,category-5,sub-b4,37,0,37
2026-11-14,46,plant-B,line-B10,machine-B10,lot-33,DN,bPZT,category-3,sub-b8,11,0,11
2026-11-14,46,plant-A,line-A6,machine-A1,lot-96,UP,bPZT,pass,pass,0,2464,2567
2026-11-14,46,plant-B,line-B4,machine-B7,lot-59,UP,bPZT,category-4,sub-b5,11,0,11
2026-11-14,46,plant-A,line-A6,machine-A1,lot-96,DN,aPZT,category-3,sub-a8,18,0,18
2026-11-14,46,plant-A,line-A1,machine-A10,lot-7,UP,bPZT,pass,pass,0,2129,2231
2026-11-14,46,plant-A,line-A7,machine-A6,lot-62,DN,bPZT,pass,,0,2273,2289
2026-11-14,46,plant-B,line-B4,machine-B5,lot-1,UP,aPZT,pass,pass,0,2924,2958
2026-11-14,46,plant-B,line-B6,machine-B7,lot-61,Dn,aPZT,category-5,,22,0,22
2026-11-14,46,plant-B,line-B6,machine-B3,lot-44,DN,aPZT,category-4,sub-a6,25,0,25
2026-11-14,46,plant-B,line-B4,machine-B5,lot-1,UP,aPZT,category-4,sub-a1,27,0,27
2026-11-14,46,plant-B,line-B6,machine-B4,lot-66,DN,bPZT,category-3,sub-b2,22,0,22
2026-11-14,46,plant-B,line-B4,machine-B5,lot-1,DN,aPZT,category-5,sub-a2,26,0,26
2026-11-14,46,plant-A,line-A1,machine-A5,lot-54,DN,aPZT,category-5,sub-a10,22,0,22
2026-11-14,46,plant-A,line-A3,machine-A6,lot-20,DN,bPZT,category-1,sub-b2,14,0,14
2026-11-14,46,plant-B,line-B6,machine-B6,lot-86,DN,aPZT,category-2,sub-a4,7,0,7
2026-11-14,46,plant-A,line-A3,machine-A6,lot-20,UP,bPZT,category-4,sub-b10,14,0,14
2026-11-14,46,plant-A,line-A10,machine-A6,lot-43,UP,aPZT,category-5,sub-a5,4,0,4
2026-11-14,46,plant-A,line-A1,machine-A5,lot-54,DN,bPZT,category-4,sub-b2,32,0,32
2026-11-14,46,plant-B,line-B6,machine-B6,lot-86,DN,aPZT,category-5,sub-a9,29,0,29
2026-11-14,46,plant-B,line-B4,machine-B7,lot-59,DN,aPZT,category-3,sub-a2,33,0,33
2026-11-14,46,plant-B,line-B1,machine-B3,lot-95,UP,aPZT,category-5,sub-a10,18,0,18
2026-11-14,46,plant-A,line-A6,machine-A8,lot-26,UP,bPZT,pass,pass,0,2230,2280
2026-11-14,46,plant-A,line-A6,machine-A1,lot-96,DN,aPZT,pass,pass,0,2464,2493
2026-11-14,46,plant-B,line-B4,machine-B7,lot-59,dN,bPZT,category-4,,30,0,30
2026-11-14,46,plant-B,line-B1,machine-B3,lot-95,UP,aPZT,category-5,sub-a7,25,0,25
2026-11-14,46,plant-B,line-B4,machine-B7,lot-59,DN,aPZT,pass,pass,0,2503,2581
2026-11-14,46,plant-B,line-B6,machine-B6,lot-64,UP,aPZT,pass,pass,0,2377,2453
2026-11-14,46,plant-B,line-B9,machine-B1,lot-37,DN,aPZT,pass,pass,0,2960,3023
2026-11-14,46,plant-B,line-B1,machine-B3,lot-95,UP,bPZT,category-2,sub-b10,11,0,11
2026-11-14,46,plant-B,line-B6,machine-B6,lot-64,DN,bPZT,category-3,sub-b5,33,0,33
2026-11-14,46,plant-A,line-A6,machine-A8,lot-26,DN,aPZT,category-2,,28,0,28
2026-11-14,46,plant-A,line-A10,machine-A6,lot-43,UP,aPZT,pass,pass,0,2035,2059
2026-11-14,46,plant-A,line-A1,machine-A5,lot-54,UP,aPZT,pass,pass,0,2641,2708
2026-11-14,46,plant-A,line-A10,machine-A10,lot-2,DN,aPZT,category-5,sub-a5,9,0,9
2026-11-14,46,plant-B,line-B6,machine-B6,lot-64,DN,bPZT,category-4,sub-b4,27,0,27
2026-11-14,46,plant-B,line-B6,machine-B3,lot-44,DN,bPZT,category-5,sub-b10,24,0,24
2026-11-14,46,plant-A,line-A6,machine-A8,lot-26,DN,aPZT,pass,pass,0,2230,2268
2026-11-14,46,plant-A,line-A10,machine-A6,lot-43,DN,aPZT,category-5,sub-a6,1,0,1
2026-11-14,46,plant-B,line-B6,machine-B6,lot-64,DN,bPZT,pass,pass,0,2377,2412
2026-11-14,46,plant-A,line-A1,machine-A9,lot-40,UP,bPZT,category-3,sub-b9,37,0,37
2026-11-14,46,plant-A,line-A7,machine-A5,lot-99,DN,bPZT,pass,pass,0,2137,2209
2026-11-14,46,plant-A,line-A7,machine-A6,lot-62,UP,bPZT,category-3,sub-b7,18,0,18
2026-11-14,46,plant-B,line-B10,machine-B10,lot-21,DN,bPZT,pass,pass,0,2721,2809
2026-11-14,46,plant-A,line-A1,machine-A9,lot-40,DN,bPZT,category-4,sub-b3,38,0,38
2026-11-14,46,plant-B,line-B4,machine-B5,lot-1,UP,bPZT,pass,pass,0,2924,3032
2026-11-14,46,plant-B,line-B6,machine-B2,lot-92,UP,aPZT,category-3,sub-a8,25,0,25
2026-11-14,46,plant-A,line-A2,machine-A5,lot-11,DN,bPZT,category-2,sub-b3,19,0,19
2026-11-14,46,plant-B,line-B6,machine-B7,lot-61,UP,bPZT,pass,pass,0,2106,2184
2026-11-14,46,plant-B,line-B6,machine-B2,lot-92,DN,aPZT,category-3,sub-a2,5,0,5
2026-11-14,46,plant-A,line-A2,machine-A5,lot-11,dN,aPZT,pass,pass,0,2715,2780
2026-11-14,46,plant-B,line-B6,machine-B3,lot-44,UP,aPZT,category-1,sub-a8,26,0,26
2026-11-14,46,plant-A,line-A10,machine-A10,lot-2,UP,aPZT,category-2,sub-a8,5,0,5
2026-11-14,46,plant-A,line-A1,machine-A9,lot-40,UP,aPZT,category-1,sub-a1,4,0,4
2026-11-14,46,plant-B,line-B6,machine-B7,lot-61,UP,aPZT,category-1,sub-a4,5,0,5
2026-11-14,46,plant-B,line-B10,machine-B10,lot-33,DN,aPZT,category-1,sub-a7,5,0,5
2026-11-14,46,plant-B,line-B9,machine-B1,lot-37,UP,bPZT,pass,pass,0,2960,2969
2026-11-14,46,plant-B,line-B10,machine-B10,lot-21,UP,aPZT,category-4,sub-a5,36,0,36
2026-11-14,46,plant-B,line-B4,machine-B5,lot-1,UP,bPZT,category-3,sub-b2,12,0,12
2026-11-14,46,plant-B,line-B1,machine-B3,lot-95,UP,aPZT,category-3,sub-a9,25,0,25
2026-11-14,46,plant-B,line-B6,machine-B7,lot-61,DN,bPZT,category-4,,5,0,5
2026-11-14,46,plant-B,line-B10,machine-B10,lot-21,DN,aPZT,pass,pass,0,2721,2736
2026-11-14,46,plant-A,line-A3,machine-A6,lot-20,DN,bPZT,category-4,sub-b6,7,0,7
2026-11-14,46,plant-B,line-B6,machine-B6,lot-64,DN,aPZT,category-3,sub-a8,34,0,34
2026-11-14,46,plant-B,line-B6,machine-B4,lot-66,DN,aPZT,pass,pass,0,2994,3116
2026-11-14,46,plant-B,line-B4,machine-B7,lot-59,DN,aPZT,category-1,sub-a9,29,0,29
2026-11-14,46,plant-B,line-B6,machine-B6,lot-86,UP,aPZT,pass,pass,0,2891,2907
2026-11-14,46,plant-B,line-B6,machine-B6,lot-86,DN,aPZT,category-3,sub-a9,2,0,2
2026-11-14,46,plant-B,line-B6,machine-B4,lot-66,DN,bPZT,category-4,sub-b3,33,0,33
2026-11-14,46,plant-A,line-A6,machine-A1,lot-96,DN,aPZT,category-5,sub-a9,21,0,21
2026-11-14,46,plant-B,line-B6,machine-B6,lot-86,UP,bPZT,category-3,sub-b4,16,0,16
2026-11-14,46,plant-B,line-B6,machine-B6,lot-86,UP,bPZT,pass,,0,2891,2953
2026-11-14,46,plant-B,line-B6,machine-B4,lot-66,UP,bPZT,category-2,sub-b5,27,0,27
2026-11-14,46,plant-A,line-A1,machine-A9,lot-40,UP,bPZT,pass,pass,0,2834,2888
2026-11-14,46,plant-A,line-A1,machine-A5,lot-54,UP,bPZT,category-2,sub-b10,33,0,33
2026-11-14,46,plant-B,line-B10,machine-B10,lot-21,UP,aPZT,category-2,sub-a6,1,0,1
2026-11-14,46,plant-A,line-A1,machine-A10,lot-7,DN,aPZT,category-3,sub-a9,19,0,19
2026-11-14,46,plant-B,line-B10,machine-B10,lot-21,up,aPZT,category-2,,38,0,38
2026-11-14,46,plant-B,line-B6,machine-B3,lot-44,UP,bPZT,pass,pass,0,2242,2409
2026-11-14,46,plant-B,line-B1,machine-B3,lot-95,DN,aPZT,pass,pass,0,2606,2617
2026-11-14,46,plant-B,line-B6,machine-B3,lot-44,DN,aPZT,category-2,sub-a8,11,0,11
2026-11-14,46,plant-A,line-A6,machine-A1,lot-96,DN,aPZT,category-5,sub-a2,26,0,26
2026-11-14,46,plant-B,line-B6,machine-B3,lot-44,DN,bPZT,category-3,sub-b4,6,0,6
2026-11-14,46,plant-A,line-A3,machine-A6,lot-20,UP,aPZT,category-4,sub-a9,9,0,9
2026-11-14,46,plant-B,line-B6,machine-B2,lot-92,UP,bPZT,category-4,sub-b10,16,0,16
2026-11-14,46,plant-A,line-A10,machine-A6,lot-43,DN,aPZT,category-5,sub-a4,13,0,13
2026-11-14,46,plant-B,line-B6,machine-B6,lot-64,UP,aPZT,category-1,sub-a10,1,0,1
2026-11-14,46,plant-B,line-B6,machine-B3,lot-44,DN,aPZT,pass,pass,0,2242,2302
2026-11-14,46,plant-A,line-A1,machine-A10,lot-7,DN,aPZT,category-1,sub-a5,30,0,30
2026-11-14,46,plant-B,line-B4,machine-B7,lot-59,DN,bPZT,pass,pass,0,2503,2595
2026-11-14,46,plant-B,line-B6,machine-B2,lot-92,UP,aPZT,category-1,sub-a4,19,0,19
2026-11-14,46,plant-A,line-A2,machine-A5,lot-11,UP,aPZT,category-2,sub-a5,15,0,15
2026-11-14,46,plant-B,line-B6,machine-B3,lot-44,UP,aPZT,category-1,sub-a7,38,0,38
2026-11-14,46,plant-A,line-A10,machine-A10,lot-2,DN,aPZT,category-1,sub-a9,15,0,15
2026-11-14,46,plant-B,line-B10,machine-B10,lot-21,UP,aPZT,category-3,sub-a8,8,0,8
2026-11-14,46,plant-B,line-B6,machine-B4,lot-66,DN,bPZT,category-5,sub-b9,15,0,15
2026-11-14,46,plant-A,line-A2,machine-A5,lot-11,UP,aPZT,category-3,sub-a4,32,0,32
2026-11-14,46,plant-A,line-A10,machine-A10,lot-2,UP,bPZT,category-5,sub-b9,31,0,31
2026-11-14,46,plant-B,line-B6,machine-B4,lot-66,UP,bPZT,pass,pass,0,2994,3030
2026-11-14,46,plant-B,line-B10,machine-B5,lot-94,UP,aPZT,category-5,sub-a1,28,0,28
2026-11-14,46,plant-B,line-B6,machine-B6,lot-86,DN,aPZT,category-1,sub-a4,4,0,4
2026-11-14,46,plant-B,line-B10,machine-B5,lot-94,UP,bPZT,category-2,sub-b10,21,0,21
2026-11-14,46,plant-B,line-B6,machine-B6,lot-86,UP,aPZT,category-4,sub-a10,6,0,6
2026-11-14,46,plant-A,line-A7,machine-A5,lot-99,UP,bPZT,category-2,sub-b1,17,0,17
2026-11-14,46,plant-A,line-A1,machine-A5,lot-54,DN,bPZT,category-5,sub-b5,2,0,2
2026-11-14,46,plant-B,line-B10,machine-B5,lot-94,DN,aPZT,category-1,sub-a9,16,0,16
2026-11-14,46,plant-A,line-A3,machine-A3,lot-65,UP,bPZT,pass,pass,0,2425,2446
2026-11-14,46,plant-A,line-A3,machine-A6,lot-20,DN,aPZT,pass,pass,0,2329,2402
2026-11-14,46,plant-A,line-A3,machine-A3,lot-65,UP,bPZT,category-2,sub-b8,1,0,1
2026-11-14,46,plant-B,line-B4,machine-B5,lot-1,DN,aPZT,category-2,sub-a5,29,0,29
2026-11-14,46,plant-A,line-A1,machine-A10,lot-7,DN,bPZT,category-2,sub-b6,11,0,11
2026-11-14,46,plant-B,line-B10,machine-B10,lot-33,DN,aPZT,category-5,sub-a10,18,0,18
2026-11-14,46,plant-B,line-B10,machine-B10,lot-33,UP,bPZT,pass,pass,0,2936,3008
2026-11-14,46,plant-A,line-A2,machine-A5,lot-11,UP,bPZT,category-4,sub-b8,28,0,28
2026-11-14,46,plant-B,line-B4,machine-B5,lot-1,UP,aPZT,category-3,sub-a2,26,0,26
2026-11-14,46,plant-A,line-A1,machine-A10,lot-7,UP,aPZT,pass,pass,0,2129,2140
2026-11-14,46,plant-A,line-A7,machine-A5,lot-99,UP,aPZT,category-4,sub-a8,25,0,25
2026-11-14,46,plant-A,line-A7,machine-A6,lot-62,DN,bPZT,category-4,sub-b7,2,0,2
2026-11-14,46,plant-B,line-B10,machine-B10,lot-33,UP,bPZT,category-4,sub-b10,2,0,2
2026-11-14,46,plant-B,line-B4,machine-B7,lot-59,UP,aPZT,category-4,sub-a2,5,0,5
2026-11-14,46,plant-A,line-A1,machine-A9,lot-40,DN,aPZT,category-4,sub-a7,33,0,33
2026-11-14,46,plant-A,line-A3,machine-A6,lot-20,DN,bPZT,pass,pass,0,2329,2338
2026-11-14,46,plant-A,line-A7,machine-A5,lot-99,UP,aPZT,category-2,sub-a6,37,0,37
2026-11-14,46,plant-A,line-A7,machine-A5,lot-99,UP,bPZT,category-3,sub-b2,27,0,27
2026-11-14,46,plant-A,line-A6,machine-A8,lot-26,DN,aPZT,category-4,sub-a10,22,0,22
2026-11-14,46,plant-B,line-B4,machine-B5,lot-1,UP,bPZT,category-2,sub-b3,22,0,22
2026-11-14,46,plant-B,line-B10,machine-B10,lot-33,UP,bPZT,category-5,sub-b5,25,0,25
2026-11-14,46,plant-A,line-A1,machine-A9,lot-40,UP,aPZT,pass,pass,0,2834,2909
2026-11-14,46,plant-A,line-A10,machine-A6,lot-43,UP,bPZT,category-5,sub-b7,24,0,24
2026-11-14,46,plant-A,line-A7,machine-A6,lot-62,DN,bPZT,category-1,sub-b4,32,0,32
2026-11-14,46,plant-B,line-B6,machine-B3,lot-44,DN,aPZT,category-1,sub-a5,35,0,35
2026-11-14,46,plant-A,line-A10,machine-A10,lot-2,UP,bPZT,category-3,sub-b5,3,0,3
2026-11-14,46,plant-A,line-A2,machine-A5,lot-11,UP,aPZT,category-3,sub-a10,22,0,22
2026-11-14,46,plant-A,line-A10,machine-A10,lot-2,DN,bPZT,category-5,sub-b2,40,0,40
2026-11-14,46,plant-A,line-A1,machine-A5,lot-54,DN,aPZT,category-2,sub-a2,12,0,12
2026-11-14,46,plant-A,line-A1,machine-A5,lot-54,UP,bPZT,pass,pass,0,2641,2675
2026-11-14,46,plant-B,line-B10,machine-B10,lot-21,DN,bPZT,category-5,sub-b7,15,0,15
2026-11-14,46,plant-A,line-A6,machine-A1,lot-96,dn,bPZT,category-4,,23,0,23
2026-11-14,46,plant-A,line-A7,machine-A6,lot-62,DN,bPZT,category-2,sub-b7,22,0,22
2026-11-14,46,plant-A,line-A3,machine-A6,lot-20,UP,bPZT,category-4,,38,0,38
2026-11-14,46,plant-A,line-A1,machine-A9,lot-40,UP,aPZT,category-4,sub-a1,4,0,4
2026-11-14,46,plant-A,line-A7,machine-A6,lot-62,DN,bPZT,category-2,sub-b3,8,0,8
2026-11-14,46,plant-A,line-A7,machine-A5,lot-99,UP,bPZT,category-5,sub-b9,16,0,16
2026-11-14,46,plant-A,line-A6,machine-A8,lot-26,DN,bPZT,category-3,sub-b9,38,0,38
2026-11-14,46,plant-A,line-A6,machine-A1,lot-96,UP,aPZT,category-2,sub-a4,38,0,38
2026-11-14,46,plant-A,line-A1,machine-A10,lot-7,DN,aPZT,category-4,sub-a9,22,0,22
2026-11-14,46,plant-A,line-A7,machine-A5,lot-99,DN,bPZT,category-1,sub-b5,3,0,3
2026-11-14,46,plant-B,line-B6,machine-B3,lot-44,DN,aPZT,category-3,sub-a9,32,0,32
2026-11-14,46,plant-A,line-A1,machine-A9,lot-40,UP,aPZT,category-4,sub-a4,13,0,13
2026-11-14,46,plant-B,line-B10,machine-B10,lot-33,UP,aPZT,category-1,sub-a9,21,0,21
2026-11-14,46,plant-A,line-A7,machine-A6,lot-62,UP,aPZT,pass,pass,0,2273,2451
2026-11-14,46,plant-A,line-A7,machine-A6,lot-62,UP,aPZT,category-1,sub-a4,16,0,16
2026-11-14,46,plant-A,line-A3,machine-A3,lot-65,DN,bPZT,category-1,sub-b5,35,0,35
2026-11-14,46,plant-B,line-B6,machine-B7,lot-61,DN,aPZT,category-1,sub-a3,31,0,31
2026-11-14,46,plant-B,line-B6,machine-B2,lot-92,DN,bPZT,pass,pass,0,2875,2952
2026-11-14,46,plant-A,line-A7,machine-A6,lot-62,DN,bPZT,category-5,sub-b10,25,0,25
2026-11-14,46,plant-B,line-B9,machine-B1,lot-37,DN,bPZT,category-3,sub-b5,26,0,26
2026-11-14,46,plant-A,line-A10,machine-A10,lot-2,UP,aPZT,category-5,sub-a7,6,0,6
2026-11-14,46,plant-B,line-B10,machine-B10,lot-33,UP,bPZT,category-3,sub-b1,38,0,38
2026-11-14,46,plant-B,line-B1,machine-B3,lot-95,UP,aPZT,category-5,sub-a8,13,0,13
2026-11-14,46,plant-B,line-B6,machine-B6,lot-64,DN,bPZT,category-5,sub-b3,16,0,16
2026-11-14,46,plant-B,line-B4,machine-B7,lot-59,UP,aPZT,category-2,sub-a7,25,0,25
2026-11-14,46,plant-B,line-B9,machine-B1,lot-37,DN,bPZT,category-4,sub-b5,24,0,24
2026-11-15,46,plant-B,line-B2,machine-B1,lot-40,UP,bPZT,category-2,sub-b2,17,0,17
2026-11-15,46,plant-B,line-B2,machine-B1,lot-40,DN,aPZT,category-3,sub-a1,38,0,38
2026-11-15,46,plant-A,line-A1,machine-A7,lot-80,UP,aPZT,category-1,sub-a7,7,0,7
2026-11-15,46,plant-A,line-A1,machine-A7,lot-80,UP,aPZT,category-4,sub-a6,22,0,22
2026-11-15,46,plant-A,line-A6,machine-A9,lot-46,UP,bPZT,category-1,sub-b10,22,0,22
2026-11-15,46,plant-A,line-A6,machine-A2,lot-61,UP,aPZT,pass,pass,0,2128,2148
2026-11-15,46,plant-A,line-A6,machine-A2,lot-61,DN,aPZT,category-1,sub-a3,20,0,20
2026-11-15,46,plant-B,line-B2,machine-B1,lot-40,UP,aPZT,pass,pass,0,2022,2049
2026-11-15,46,plant-B,line-B6,machine-B10,lot-25,DN,aPZT,category-5,sub-a6,15,0,15
2026-11-15,46,plant-A,line-A8,machine-A7,lot-76,UP,bPZT,category-1,sub-b4,25,0,25
2026-11-15,46,plant-A,line-A6,machine-A9,lot-46,UP,bPZT,pass,pass,0,2181,2241
2026-11-15,46,plant-B,line-B9,machine-B2,lot-1,DN,bPZT,category-2,sub-b1,33,0,33
2026-11-15,46,plant-B,line-B5,machine-B10,lot-62,DN,bPZT,category-2,sub-b5,27,0,27
2026-11-15,46,plant-A,line-A5,machine-A5,lot-63,DN,bPZT,pass,pass,0,2066,2156
2026-11-15,46,plant-A,line-A4,machine-A2,lot-78,UP,aPZT,pass,pass,0,2537,2581
2026-11-15,46,plant-B,line-B9,machine-B2,lot-1,DN,bPZT,category-2,sub-b8,31,0,31
2026-11-15,46,plant-B,line-B2,machine-B10,lot-88,DN,bPZT,pass,pass,0,2102,2116
2026-11-15,46,plant-A,line-A9,machine-A2,lot-6,UP,aPZT,pass,pass,0,2630,2675
2026-11-15,46,plant-A,line-A7,machine-A9,lot-13,UP,bPZT,pass,pass,0,2770,2820
2026-11-15,46,plant-A,line-A7,machine-A9,lot-13,UP,aPZT,category-2,sub-a10,8,0,8
2026-11-15,46,plant-B,line-B2,machine-B1,lot-40,DN,bPZT,category-4,sub-b10,2,0,2
2026-11-15,46,plant-A,line-A2,machine-A1,lot-49,UP,bPZT,pass,pass,0,2587,2636
2026-11-15,46,plant-B,line-B2,machine-B10,lot-88,DN,bPZT,category-2,sub-b3,10,0,10
2026-11-15,46,plant-B,line-B6,machine-B2,lot-60,UP,bPZT,pass,pass,0,2213,2229
2026-11-15,46,plant-B,line-B1,machine-B8,lot-94,UP,aPZT,category-2,sub-a2,25,0,25
2026-11-15,46,plant-A,line-A7,machine-A9,lot-13,DN,bPZT,category-5,sub-b1,28,0,28
2026-11-15,46,plant-A,line-A4,machine-A2,lot-78,DN,bPZT,category-5,sub-b5,6,0,6
2026-11-15,46,plant-B,line-B9,machine-B2,lot-1,UP,bPZT,pass,pass,0,2296,2323
2026-11-15,46,plant-B,line-B5,machine-B10,lot-62,DN,aPZT,category-2,sub-a9,27,0,27
2026-11-15,46,plant-B,line-B2,machine-B10,lot-88,UP,bPZT,category-5,sub-b3,39,0,39
2026-11-15,46,plant-B,line-B6,machine-B2,lot-60,DN,aPZT,category-2,sub-a10,4,0,4
2026-11-15,46,plant-B,line-B2,machine-B6,lot-95,UP,bPZT,category-1,sub-b3,13,0,13
2026-11-15,46,plant-A,line-A6,machine-A9,lot-46,DN,aPZT,category-1,sub-a6,39,0,39
2026-11-15,46,plant-A,line-A9,machine-A2,lot-59,DN,aPZT,pass,pass,0,2240,2241
2026-11-15,46,plant-B,line-B6,machine-B10,lot-25,DN,bPZT,category-2,sub-b9,24,0,24
2026-11-15,46,plant-B,line-B6,machine-B10,lot-25,DN,bPZT,category-5,sub-b4,12,0,12
2026-11-15,46,plant-B,line-B2,machine-B1,lot-40,UP,bPZT,pass,pass,0,2022,2118
2026-11-15,46,plant-A,line-A5,machine-A5,lot-63,UP,aPZT,category-4,sub-a3,39,0,39
2026-11-15,46,plant-A,line-A2,machine-A1,lot-49,DN,aPZT,pass,pass,0,2587,2612
2026-11-15,46,plant-A,line-A7,machine-A8,lot-30,UP,aPZT,category-1,sub-a1,6,0,6
2026-11-15,46,plant-A,line-A4,machine-A2,lot-78,UP,bPZT,category-3,sub-b2,20,0,20
2026-11-15,46,plant-B,line-B2,machine-B6,lot-95,DN,bPZT,category-4,sub-b5,11,0,11
2026-11-15,46,plant-A,line-A7,machine-A8,lot-30,UP,bPZT,category-1,sub-b5,30,0,30
2026-11-15,46,plant-B,line-B6,machine-B10,lot-25,UP,bPZT,pass,pass,0,2597,2623
2026-11-15,46,plant-B,line-B2,machine-B10,lot-88,UP,bPZT,category-5,sub-b8,18,0,18
2026-11-15,46,plant-A,line-A7,machine-A9,lot-13,UP,aPZT,category-1,sub-a3,37,0,37
2026-11-15,46,plant-A,line-A6,machine-A3,lot-71,DN,bPZT,pass,pass,0,2779,2787
2026-11-15,46,plant-B,line-B2,machine-B5,lot-79,UP,bPZT,category-3,sub-b1,7,0,7
2026-11-15,46,plant-B,line-B8,machine-B3,lot-85,DN,aPZT,category-2,sub-a7,9,0,9
2026-11-15,46,plant-B,line-B2,machine-B5,lot-79,DN,bPZT,category-3,sub-b3,30,0,30
2026-11-15,46,plant-B,line-B1,machine-B8,lot-94,DN,aPZT,pass,pass,0,2305,2317
2026-11-15,46,plant-A,line-A9,machine-A2,lot-59,UP,aPZT,category-2,sub-a4,23,0,23
2026-11-15,46,plant-B,line-B2,machine-B1,lot-40,DN,bPZT,category-3,sub-b10,8,0,8
2026-11-15,46,plant-A,line-A1,machine-A10,lot-47,UP,aPZT,pass,pass,0,2296,2434
2026-11-15,46,plant-B,line-B5,machine-B2,lot-77,DN,bPZT,category-1,sub-b9,15,0,15
2026-11-15,46,plant-A,line-A2,machine-A1,lot-49,DN,aPZT,category-2,sub-a5,6,0,6
2026-11-15,46,plant-A,line-A7,machine-A9,lot-13,UP,aPZT,pass,pass,0,2770,2798
2026-11-15,46,plant-A,line-A6,machine-A3,lot-71,DN,bPZT,category-1,sub-b9,16,0,16
2026-11-15,46,plant-A,line-A5,machine-A5,lot-63,UP,aPZT,category-3,sub-a1,8,0,8
2026-11-15,46,plant-A,line-A7,machine-A8,lot-30,UP,aPZT,category-3,sub-a7,23,0,23
2026-11-15,46,plant-A,line-A5,machine-A5,lot-63,UP,aPZT,category-4,sub-a5,11,0,11
2026-11-15,46,plant-A,line-A2,machine-A1,lot-49,DN,aPZT,category-4,sub-a1,21,0,21
2026-11-15,46,plant-A,line-A9,machine-A2,lot-59,DN,bPZT,category-4,sub-b8,1,0,1
2026-11-15,46,plant-B,line-B6,machine-B2,lot-60,DN,aPZT,pass,pass,0,2213,2273
2026-11-15,46,plant-B,line-B2,machine-B1,lot-40,DN,aPZT,category-4,sub-a2,29,0,29
2026-11-15,46,plant-B,line-B1,machine-B1,lot-21,DN,aPZT,category-2,sub-a1,17,0,17
2026-11-15,46,plant-B,line-B5,machine-B2,lot-77,UP,aPZT,category-4,sub-a8,16,0,16
2026-11-15,46,plant-B,line-B6,machine-B10,lot-25,DN,aPZT,category-4,sub-a3,9,0,9
2026-11-15,46,plant-A,line-A8,machine-A7,lot-76,DN,aPZT,category-2,sub-a6,30,0,30
2026-11-15,46,plant-A,line-A2,machine-A1,lot-49,UP,bPZT,category-1,sub-b3,25,0,25
2026-11-15,46,plant-B,line-B2,machine-B5,lot-79,DN,aPZT,category-4,sub-a9,19,0,19
2026-11-15,46,plant-B,line-B9,machine-B2,lot-1,DN,aPZT,pass,pass,0,2296,2425
2026-11-15,46,plant-A,line-A6,machine-A2,lot-61,DN,aPZT,category-3,sub-a10,38,0,38
2026-11-15,46,plant-A,line-A6,machine-A3,lot-71,DN,bPZT,category-5,sub-b9,28,0,28
2026-11-15,46,plant-B,line-B5,machine-B2,lot-77,UP,aPZT,pass,pass,0,2234,2249
2026-11-15,46,plant-A,line-A8,machine-A7,lot-76,DN,bPZT,category-5,sub-b2,11,0,11
2026-11-15,46,plant-B,line-B1,machine-B8,lot-94,DN,aPZT,category-3,sub-a7,38,0,38
2026-11-15,46,plant-B,line-B1,machine-B1,lot-21,UP,aPZT,category-1,sub-a7,21,0,21
2026-11-15,46,plant-B,line-B2,machine-B10,lot-88,UP,bPZT,category-4,sub-b4,9,0,9
2026-11-15,46,plant-A,line-A1,machine-A7,lot-80,DN,aPZT,category-1,sub-a10,20,0,20
2026-11-15,46,plant-A,line-A1,machine-A7,lot-80,DN,bPZT,category-5,sub-b2,27,0,27
2026-11-15,46,plant-B,line-B1,machine-B1,lot-21,UP,aPZT,category-3,sub-a2,31,0,31
2026-11-15,46,plant-A,line-A6,machine-A2,lot-61,DN,aPZT,category-5,sub-a10,6,0,6
2026-11-15,46,plant-B,line-B2,machine-B1,lot-40,UP,aPZT,category-2,sub-a9,29,0,29
2026-11-15,46,plant-B,line-B2,machine-B5,lot-79,up,aPZT,category-5,,23,0,23
2026-11-15,46,plant-A,line-A9,machine-A2,lot-59,UP,aPZT,category-5,sub-a1,12,0,12
2026-11-15,46,plant-A,line-A6,machine-A2,lot-61,UP,aPZT,category-4,sub-a6,33,0,33
2026-11-15,46,plant-B,line-B2,machine-B10,lot-88,DN,aPZT,category-2,sub-a7,14,0,14
2026-11-15,46,plant-A,line-A5,machine-A5,lot-63,UP,bPZT,category-3,sub-b10,9,0,9
2026-11-15,46,plant-A,line-A9,machine-A2,lot-6,UP,bPZT,category-4,sub-b9,4,0,4
2026-11-15,46,plant-B,line-B9,machine-B2,lot-1,UP,bPZT,category-2,sub-b1,11,0,11
2026-11-15,46,plant-A,line-A6,machine-A9,lot-46,UP,bPZT,category-5,sub-b3,1,0,1
2026-11-15,46,plant-A,line-A8,machine-A7,lot-76,UP,aPZT,category-3,sub-a1,21,0,21
2026-11-15,46,plant-A,line-A9,machine-A2,lot-6,UP,bPZT,category-1,sub-b7,24,0,24
2026-11-15,46,plant-B,line-B6,machine-B2,lot-60,DN,bPZT,category-3,sub-b10,27,0,27
2026-11-15,46,plant-B,line-B2,machine-B10,lot-88,UP,bPZT,category-5,sub-b6,26,0,26
2026-11-15,46,plant-A,line-A9,machine-A2,lot-6,DN,bPZT,pass,pass,0,2630,2745
2026-11-15,46,plant-B,line-B8,machine-B3,lot-85,DN,aPZT,pass,pass,0,2748,2762
2026-11-15,46,plant-B,line-B6,machine-B2,lot-60,dn,bPZT,category-3,sub-b6,24,0,24
2026-11-15,46,plant-B,line-B1,machine-B8,lot-94,DN,bPZT,category-3,sub-b10,12,0,12
2026-11-15,46,plant-A,line-A4,machine-A2,lot-78,UP,aPZT,category-1,sub-a3,9,0,9
2026-11-15,46,plant-A,line-A1,machine-A10,lot-47,UP,bPZT,category-4,sub-b7,19,0,19
2026-11-15,46,plant-A,line-A1,machine-A10,lot-47,DN,bPZT,category-5,sub-b3,19,0,19
2026-11-15,46,plant-B,line-B6,machine-B10,lot-25,DN,bPZT,category-3,sub-b10,15,0,15
2026-11-15,46,plant-A,line-A5,machine-A5,lot-63,UP,aPZT,category-5,sub-a1,5,0,5
2026-11-15,46,plant-A,line-A6,machine-A9,lot-46,UP,aPZT,pass,pass,0,2181,2204
2026-11-15,46,plant-A,line-A1,machine-A10,lot-47,DN,bPZT,category-5,sub-b2,16,0,16
2026-11-15,46,plant-B,line-B2,machine-B10,lot-88,DN,bPZT,category-5,sub-b8,4,0,4
2026-11-15,46,plant-B,line-B5,machine-B10,lot-62,DN,bPZT,pass,pass,0,2457,2494
2026-11-15,46,plant-A,line-A1,machine-A10,lot-47,UP,bPZT,category-3,sub-b1,36,0,36
2026-11-15,46,plant-B,line-B1,machine-B1,lot-21,DN,bPZT,category-3,sub-b6,37,0,37
2026-11-15,46,plant-A,line-A4,machine-A2,lot-78,UP,bPZT,pass,pass,0,2537,2588
2026-11-15,46,plant-B,line-B2,machine-B6,lot-95,DN,bPZT,category-2,sub-b9,16,0,16
2026-11-15,46,plant-A,line-A7,machine-A8,lot-30,DN,bPZT,pass,pass,0,2679,2734
2026-11-15,46,plant-B,line-B1,machine-B1,lot-21,DN,bPZT,pass,pass,0,2161,2260
2026-11-15,46,plant-A,line-A9,machine-A2,lot-6,DN,bPZT,category-1,sub-b6,17,0,17
2026-11-15,46,plant-B,line-B8,machine-B3,lot-85,UP,bPZT,pass,pass,0,2748,2769
2026-11-15,46,plant-B,line-B9,machine-B2,lot-1,DN,bPZT,category-3,sub-b6,30,0,30
2026-11-15,46,plant-A,line-A9,machine-A2,lot-6,UP,aPZT,category-2,sub-a8,36,0,36
2026-11-15,46,plant-A,line-A9,machine-A2,lot-6,UP,aPZT,category-4,sub-a2,22,0,22
2026-11-15,46,plant-A,line-A1,machine-A7,lot-80,UP,aPZT,pass,pass,0,2918,2945
2026-11-15,46,plant-B,line-B5,machine-B10,lot-62,DN,bPZT,category-1,sub-b4,16,0,16
2026-11-15,46,plant-A,line-A1,machine-A10,lot-47,DN,bPZT,pass,pass,0,2296,2316
2026-11-15,46,plant-B,line-B1,machine-B8,lot-94,UP,aPZT,category-4,sub-a2,7,0,7
2026-11-15,46,plant-B,line-B9,machine-B2,lot-1,UP,aPZT,category-3,sub-a2,21,0,21
2026-11-15,46,plant-A,line-A6,machine-A2,lot-61,UP,aPZT,category-5,sub-a10,39,0,39
2026-11-15,46,plant-A,line-A1,machine-A7,lot-80,DN,bPZT,pass,pass,0,2918,2967
2026-11-15,46,plant-B,line-B5,machine-B10,lot-62,UP,aPZT,pass,pass,0,2457,2530
2026-11-15,46,plant-B,line-B9,machine-B2,lot-1,UP,aPZT,category-3,sub-a1,6,0,6
2026-11-15,46,plant-A,line-A9,machine-A2,lot-59,UP,bPZT,pass,pass,0,2240,2294
2026-11-15,46,plant-A,line-A6,machine-A9,lot-46,UP,aPZT,category-4,sub-a1,21,0,21
2026-11-15,46,plant-B,line-B2,machine-B6,lot-95,UP,aPZT,category-3,sub-a2,28,0,28
2026-11-15,46,plant-B,line-B2,machine-B5,lot-79,DN,aPZT,category-2,sub-a1,15,0,15
2026-11-15,46,plant-A,line-A2,machine-A1,lot-49,UP,aPZT,category-1,sub-a8,22,0,22
2026-11-15,46,plant-A,line-A9,machine-A2,lot-6,DN,aPZT,category-3,sub-a2,38,0,38
2026-11-15,46,plant-A,line-A8,machine-A7,lot-76,UP,aPZT,category-4,sub-a9,20,0,20
2026-11-15,46,plant-B,line-B2,machine-B6,lot-95,UP,aPZT,pass,pass,0,2235,2341
2026-11-15,46,plant-B,line-B8,machine-B3,lot-85,UP,aPZT,category-4,sub-a4,12,0,12
2026-11-15,46,plant-B,line-B2,machine-B5,lot-79,DN,aPZT,pass,pass,0,2437,2474
2026-11-15,46,plant-B,line-B1,machine-B1,lot-21,DN,aPZT,category-3,sub-a5,3,0,3
2026-11-15,46,plant-B,line-B2,machine-B6,lot-95,UP,bPZT,category-3,sub-b6,35,0,35
2026-11-15,46,plant-A,line-A6,machine-A3,lot-71,DN,aPZT,category-1,sub-a7,8,0,8
2026-11-15,46,plant-A,line-A6,machine-A3,lot-71,DN,aPZT,pass,pass,0,2779,2895
2026-11-15,46,plant-B,line-B6,machine-B2,lot-60,UP,bPZT,category-4,sub-b7,2,0,2
2026-11-15,46,plant-B,line-B2,machine-B5,lot-79,DN,aPZT,category-4,sub-a8,16,0,16
2026-11-15,46,plant-A,line-A7,machine-A8,lot-30,DN,bPZT,category-1,sub-b2,28,0,28
2026-11-15,46,plant-A,line-A4,machine-A2,lot-78,DN,bPZT,category-2,sub-b9,18,0,18
2026-11-15,46,plant-A,line-A8,machine-A7,lot-76,UP,aPZT,pass,pass,0,2576,2626
2026-11-15,46,plant-B,line-B5,machine-B2,lot-77,UP,bPZT,pass,pass,0,2234,2250
2026-11-15,46,plant-A,line-A7,machine-A8,lot-30,DN,aPZT,category-4,sub-a4,4,0,4
2026-11-15,46,plant-A,line-A5,machine-A5,lot-63,DN,aPZT,pass,pass,0,2066,2075
2026-11-15,46,plant-A,line-A6,machine-A2,lot-61,UP,aPZT,category-4,sub-a4,6,0,6
2026-11-15,46,plant-B,line-B6,machine-B10,lot-25,UP,aPZT,category-5,sub-a1,2,0,2
2026-11-15,46,plant-B,line-B6,machine-B10,lot-25,DN,aPZT,pass,pass,0,2597,2681
2026-11-15,46,plant-A,line-A5,machine-A5,lot-63,UP,aPZT,category-2,sub-a10,27,0,27
2026-11-15,46,plant-B,line-B2,machine-B6,lot-95,UP,bPZT,category-4,sub-b5,1,0,1
2026-11-15,46,plant-B,line-B9,machine-B2,lot-1,UP,bPZT,category-5,sub-b1,6,0,6
2026-11-15,46,plant-A,line-A8,machine-A7,lot-76,UP,bPZT,pass,pass,0,2576,2650
2026-11-15,46,plant-A,line-A8,machine-A7,lot-76,DN,aPZT,category-4,sub-a4,3,0,3
2026-11-15,46,plant-A,line-A9,machine-A2,lot-6,DN,aPZT,category-5,sub-a2,19,0,19
2026-11-15,46,plant-B,line-B2,machine-B5,lot-79,DN,bPZT,pass,pass,0,2437,2528
2026-11-15,46,plant-B,line-B2,machine-B6,lot-95,DN,bPZT,category-5,sub-b8,1,0,1
2026-11-15,46,plant-A,line-A7,machine-A8,lot-30,UP,aPZT,category-2,sub-a1,22,0,22
2026-11-15,46,plant-B,line-B5,machine-B10,lot-62,DN,bPZT,category-5,sub-b2,30,0,30
2026-11-15,46,plant-A,line-A6,machine-A3,lot-71,DN,bPZT,category-1,sub-b8,22,0,22
2026-11-15,46,plant-B,line-B1,machine-B8,lot-94,UP,aPZT,category-2,sub-a5,18,0,18
2026-11-15,46,plant-B,line-B2,machine-B6,lot-95,DN,bPZT,pass,pass,0,2235,2263
2026-11-15,46,plant-A,line-A4,machine-A2,lot-78,UP,aPZT,category-2,sub-a10,37,0,37
2026-11-15,46,plant-B,line-B2,machine-B6,lot-95,UP,bPZT,category-3,sub-b9,29,0,29
2026-11-15,46,plant-A,line-A6,machine-A3,lot-71,Up,bPZT,category-3,sub-b7,19,0,19
2026-11-15,46,plant-B,line-B6,machine-B2,lot-60,UP,bPZT,category-3,sub-b10,7,0,7
2026-11-15,46,plant-A,line-A6,machine-A3,lot-71,UP,bPZT,category-5,sub-b8,31,0,31
2026-11-15,46,plant-A,line-A6,machine-A2,lot-61,UP,aPZT,category-4,sub-a4,9,0,9
2026-11-15,46,plant-B,line-B1,machine-B1,lot-21,DN,aPZT,pass,pass,0,2161,2209
2026-11-15,46,plant-A,line-A6,machine-A2,lot-61,DN,bPZT,category-1,sub-b3,20,0,20
2026-11-15,46,plant-B,line-B9,machine-B2,lot-1,UP,bPZT,category-2,sub-b6,18,0,18
2026-11-15,46,plant-A,line-A1,machine-A10,lot-47,UP,aPZT,category-1,sub-a4,20,0,20
2026-11-15,46,plant-B,line-B2,machine-B10,lot-88,UP,bPZT,category-4,sub-b3,32,0,32
2026-11-15,46,plant-B,line-B2,machine-B5,lot-79,DN,aPZT,category-4,sub-a9,18,0,18
2026-11-15,46,plant-B,line-B2,machine-B10,lot-88,UP,bPZT,category-4,sub-b4,2,0,2
2026-11-15,46,plant-B,line-B1,machine-B1,lot-21,DN,aPZT,category-1,sub-a8,27,0,27
2026-11-15,46,plant-B,line-B2,machine-B10,lot-88,DN,bPZT,category-4,sub-b1,15,0,15
2026-11-15,46,plant-B,line-B2,machine-B10,lot-88,UP,bPZT,category-2,sub-b9,27,0,27
2026-11-15,46,plant-A,line-A6,machine-A2,lot-61,UP,bPZT,pass,pass,0,2128,2279
2026-11-15,46,plant-B,line-B5,machine-B10,lot-62,DN,aPZT,category-3,sub-a3,10,0,10
2026-11-15,46,plant-B,line-B1,machine-B1,lot-21,DN,bPZT,category-3,sub-b3,11,0,11
2026-11-15,46,plant-B,line-B8,machine-B3,lot-85,DN,bPZT,category-1,sub-b8,14,0,14
2026-11-15,46,plant-A,line-A9,machine-A2,lot-59,UP,aPZT,category-4,sub-a10,19,0,19
2026-11-15,46,plant-A,line-A8,machine-A7,lot-76,DN,bPZT,category-4,sub-b8,10,0,10
2026-11-15,46,plant-B,line-B6,machine-B2,lot-60,UP,aPZT,category-2,sub-a2,12,0,12
2026-11-15,46,plant-B,line-B1,machine-B8,lot-94,up,aPZT,category-2,sub-a6,21,0,21
2026-11-15,46,plant-B,line-B2,machine-B10,lot-88,DN,aPZT,pass,pass,0,2102,2284
2026-11-15,46,plant-A,line-A7,machine-A8,lot-30,DN,aPZT,pass,pass,0,2679,2737
2026-11-15,46,plant-B,line-B1,machine-B8,lot-94,DN,bPZT,pass,pass,0,2305,2414
2026-11-15,46,plant-A,line-A1,machine-A10,lot-47,DN,bPZT,category-2,sub-b9,25,0,25
2026-11-15,46,plant-B,line-B6,machine-B10,lot-25,DN,bPZT,category-3,sub-b8,33,0,33
2026-11-15,46,plant-A,line-A1,machine-A10,lot-47,UP,bPZT,category-3,sub-b5,23,0,23
2026-11-15,46,plant-A,line-A7,machine-A9,lot-13,UP,aPZT,category-5,sub-a9,5,0,5
2026-11-15,46,plant-A,line-A4,machine-A2,lot-78,DN,aPZT,category-2,sub-a6,5,0,5
2026-11-15,46,plant-A,line-A8,machine-A7,lot-76,DN,bPZT,category-3,sub-b6,4,0,4
2026-11-16,47,plant-A,line-A4,machine-A9,lot-76,DN,bPZT,category-3,sub-b8,30,0,30
2026-11-16,47,plant-B,line-B5,machine-B7,lot-64,DN,bPZT,pass,pass,0,2142,2182
2026-11-16,47,plant-A,line-A2,machine-A6,lot-18,UP,aPZT,category-3,sub-a8,22,0,22
2026-11-16,47,plant-A,line-A1,machine-A2,lot-86,DN,aPZT,category-3,sub-a10,17,0,17
2026-11-16,47,plant-B,line-B7,machine-B9,lot-9,DN,aPZT,pass,pass,0,2829,2834
2026-11-16,47,plant-A,line-A1,machine-A2,lot-86,DN,bPZT,category-4,sub-b4,31,0,31
2026-11-16,47,plant-B,line-B5,machine-B6,lot-14,DN,bPZT,pass,pass,0,2506,2635
2026-11-16,47,plant-B,line-B10,machine-B1,lot-35,UP,bPZT,category-1,sub-b5,13,0,13
2026-11-16,47,plant-B,line-B6,machine-B10,lot-26,DN,aPZT,category-5,sub-a5,1,0,1
2026-11-16,47,plant-A,line-A1,machine-A2,lot-86,DN,aPZT,category-4,sub-a3,31,0,31
2026-11-16,47,plant-A,line-A9,machine-A2,lot-57,UP,aPZT,category-4,sub-a5,40,0,40
2026-11-16,47,plant-A,line-A9,machine-A2,lot-57,DN,bPZT,category-2,sub-b10,13,0,13
2026-11-16,47,plant-B,line-B5,machine-B3,lot-27,DN,aPZT,category-1,sub-a7,37,0,37
2026-11-16,47,plant-A,line-A9,machine-A2,lot-57,DN,bPZT,category-4,sub-b8,25,0,25
2026-11-16,47,plant-A,line-A7,machine-A6,lot-97,UP,bPZT,category-3,sub-b5,20,0,20
2026-11-16,47,plant-B,line-B2,machine-B4,lot-78,UP,aPZT,category-3,sub-a6,20,0,20
2026-11-16,47,plant-B,line-B5,machine-B7,lot-13,DN,aPZT,category-2,sub-a3,39,0,39
2026-11-16,47,plant-A,line-A4,machine-A2,lot-4,DN,bPZT,pass,pass,0,2615,2736
2026-11-16,47,plant-A,line-A10,machine-A7,lot-62,DN,aPZT,category-1,sub-a7,24,0,24
2026-11-16,47,plant-A,line-A5,machine-A10,lot-75,UP,aPZT,category-4,sub-a2,2,0,2
2026-11-16,47,plant-A,line-A7,machine-A3,lot-23,UP,bPZT,category-4,sub-b6,29,0,29
2026-11-16,47,plant-B,line-B3,machine-B6,lot-52,DN,bPZT,pass,pass,0,2974,3000
2026-11-16,47,plant-B,line-B10,machine-B1,lot-35,UP,aPZT,category-5,sub-a7,15,0,15
2026-11-16,47,plant-B,line-B10,machine-B1,lot-35,UP,bPZT,pass,pass,0,2228,2283
2026-11-16,47,plant-A,line-A1,machine-A8,lot-56,UP,aPZT,category-5,sub-a10,21,0,21
2026-11-16,47,plant-A,line-A2,machine-A6,lot-18,uP,aPZT,category-2,sub-a2,3,0,3
2026-11-16,47,plant-A,line-A2,machine-A6,lot-18,UP,bPZT,category-4,sub-b8,6,0,6
2026-11-16,47,plant-A,line-A10,machine-A2,lot-48,UP,aPZT,category-2,sub-a9,13,0,13
2026-11-16,47,plant-A,line-A1,machine-A8,lot-56,UP,aPZT,category-5,sub-a1,16,0,16
2026-11-16,47,plant-B,line-B10,machine-B1,lot-35,UP,aPZT,pass,pass,0,2228,2301
2026-11-16,47,plant-A,line-A4,machine-A9,lot-76,DN,bPZT,category-1,sub-b9,37,0,37
2026-11-16,47,plant-B,line-B5,machine-B3,lot-27,DN,aPZT,category-4,sub-a6,36,0,36
2026-11-16,47,plant-A,line-A7,machine-A3,lot-23,UP,bPZT,category-5,sub-b8,24,0,24
2026-11-16,47,plant-A,line-A5,machine-A10,lot-75,UP,bPZT,category-5,sub-b8,38,0,38
2026-11-16,47,plant-A,line-A9,machine-A9,lot-33,DN,bPZT,pass,pass,0,2637,2674
2026-11-16,47,plant-A,line-A5,machine-A10,lot-75,DN,aPZT,category-4,sub-a10,8,0,8
2026-11-16,47,plant-B,line-B6,machine-B10,lot-26,DN,aPZT,category-4,sub-a1,5,0,5
2026-11-16,47,plant-B,line-B3,machine-B6,lot-52,UP,aPZT,pass,pass,0,2974,3040
2026-11-16,47,plant-B,line-B5,machine-B3,lot-27,UP,bPZT,category-5,sub-b10,6,0,6
2026-11-16,47,plant-A,line-A10,machine-A7,lot-62,UP,aPZT,category-4,sub-a8,5,0,5
2026-11-16,47,plant-B,line-B5,machine-B7,lot-13,DN,aPZT,category-2,sub-a1,30,0,30
2026-11-16,47,plant-A,line-A10,machine-A7,lot-62,DN,bPZT,category-3,sub-b6,12,0,12
2026-11-16,47,plant-A,line-A5,machine-A10,lot-75,UP,aPZT,category-3,sub-a6,33,0,33
2026-11-16,47,plant-A,line-A1,machine-A8,lot-56,DN,aPZT,category-2,sub-a7,25,0,25
2026-11-16,47,plant-A,line-A9,machine-A9,lot-33,DN,aPZT,pass,pass,0,2637,2693
2026-11-16,47,plant-A,line-A4,machine-A9,lot-76,UP,aPZT,category-5,sub-a8,25,0,25
2026-11-16,47,plant-A,line-A7,machine-A6,lot-97,DN,bPZT,category-3,sub-b3,1,0,1
2026-11-16,47,plant-B,line-B6,machine-B3,lot-83,UP,aPZT,category-5,sub-a6,23,0,23
2026-11-16,47,plant-B,line-B6,machine-B6,lot-81,DN,bPZT,category-1,sub-b6,40,0,40
2026-11-16,47,plant-A,line-A7,machine-A3,lot-23,UP,aPZT,pass,pass,0,2565,2696
2026-11-16,47,plant-A,line-A1,machine-A8,lot-56,UP,aPZT,category-4,sub-a5,18,0,18
2026-11-16,47,plant-A,line-A1,machine-A8,lot-56,DN,aPZT,category-2,sub-a7,29,0,29
2026-11-16,47,plant-B,line-B6,machine-B6,lot-81,DN,aPZT,category-2,sub-a9,12,0,12
2026-11-16,47,plant-B,line-B5,machine-B7,lot-64,DN,bPZT,category-1,sub-b2,10,0,10
2026-11-16,47,plant-A,line-A9,machine-A9,lot-33,DN,bPZT,category-3,sub-b5,26,0,26
2026-11-16,47,plant-B,line-B3,machine-B6,lot-52,DN,aPZT,category-4,sub-a4,26,0,26
2026-11-16,47,plant-B,line-B6,machine-B10,lot-26,UP,bPZT,pass,pass,0,2274,2309
2026-11-16,47,plant-A,line-A4,machine-A2,lot-4,UP,aPZT,pass,pass,0,2615,2654
2026-11-16,47,plant-A,line-A2,machine-A6,lot-18,DN,bPZT,category-3,sub-b4,39,0,39
2026-11-16,47,plant-B,line-B5,machine-B3,lot-27,DN,aPZT,category-2,sub-a2,4,0,4
2026-11-16,47,plant-A,line-A1,machine-A2,lot-86,DN,aPZT,pass,pass,0,2308,2346
2026-11-16,47,plant-A,line-A7,machine-A3,lot-23,DN,aPZT,category-5,sub-a6,6,0,6
2026-11-16,47,plant-A,line-A7,machine-A3,lot-23,DN,aPZT,category-5,sub-a2,19,0,19
2026-11-16,47,plant-B,line-B1,machine-B10,lot-36,DN,bPZT,pass,pass,0,2771,2800
2026-11-16,47,plant-B,line-B5,machine-B7,lot-13,DN,bPZT,category-5,sub-b7,11,0,11
2026-11-16,47,plant-A,line-A10,machine-A2,lot-48,DN,bPZT,pass,pass,0,2403,2478
2026-11-16,47,plant-B,line-B5,machine-B6,lot-14,DN,aPZT,category-5,sub-a6,28,0,28
2026-11-16,47,plant-B,line-B5,machine-B7,lot-64,UP,aPZT,pass,pass,0,2142,2224
2026-11-16,47,plant-B,line-B5,machine-B7,lot-64,UP,aPZT,category-1,sub-a4,40,0,40
2026-11-16,47,plant-B,line-B6,machine-B3,lot-83,DN,aPZT,category-2,sub-a8,9,0,9
2026-11-16,47,plant-B,line-B10,machine-B1,lot-35,UP,bPZT,category-5,sub-b1,18,0,18
2026-11-16,47,plant-B,line-B3,machine-B6,lot-52,UP,bPZT,category-3,sub-b4,23,0,23
2026-11-16,47,plant-A,line-A10,machine-A7,lot-62,DN,aPZT,pass,pass,0,2272,2370
2026-11-16,47,plant-B,line-B7,machine-B9,lot-9,UP,bPZT,category-2,sub-b8,5,0,5
2026-11-16,47,plant-A,line-A1,machine-A8,lot-56,UP,bPZT,category-5,sub-b6,10,0,10
2026-11-16,47,plant-B,line-B2,machine-B4,lot-78,DN,aPZT,category-1,sub-a10,29,0,29
2026-11-16,47,plant-B,line-B6,machine-B3,lot-83,UP,bPZT,category-4,sub-b2,28,0,28
2026-11-16,47,plant-A,line-A1,machine-A2,lot-86,UP,bPZT,pass,pass,0,2308,2455
2026-11-16,47,plant-B,line-B5,machine-B6,lot-14,DN,aPZT,category-3,sub-a9,25,0,25
2026-11-16,47,plant-B,line-B1,machine-B6,lot-96,UP,bPZT,category-2,sub-b3,32,0,32
2026-11-16,47,plant-A,line-A10,machine-A2,lot-48,UP,aPZT,category-4,sub-a8,18,0,18
2026-11-16,47,plant-A,line-A7,machine-A3,lot-23,UP,bPZT,category-1,sub-b1,34,0,34
2026-11-16,47,plant-B,line-B6,machine-B10,lot-26,UP,aPZT,category-1,sub-a8,13,0,13
2026-11-16,47,plant-B,line-B2,machine-B4,lot-78,UP,aPZT,category-1,sub-a4,38,0,38
2026-11-16,47,plant-B,line-B5,machine-B6,lot-14,UP,aPZT,pass,pass,0,2506,2544
2026-11-16,47,plant-B,line-B7,machine-B9,lot-9,UP,bPZT,pass,pass,0,2829,2853
2026-11-16,47,plant-B,line-B5,machine-B7,lot-64,UP,bPZT,category-3,sub-b3,21,0,21
2026-11-16,47,plant-A,line-A1,machine-A8,lot-56,UP,aPZT,category-5,sub-a10,7,0,7
2026-11-16,47,plant-A,line-A7,machine-A6,lot-97,DN,bPZT,category-4,sub-b3,9,0,9
2026-11-16,47,plant-A,line-A1,machine-A2,lot-86,DN,aPZT,category-4,sub-a3,33,0,33
2026-11-16,47,plant-B,line-B6,machine-B3,lot-83,DN,aPZT,category-1,sub-a6,21,0,21
2026-11-16,47,plant-A,line-A9,machine-A9,lot-33,UP,bPZT,category-1,sub-b9,30,0,30
2026-11-16,47,plant-B,line-B1,machine-B6,lot-96,DN,bPZT,category-4,sub-b10,14,0,14
2026-11-16,47,plant-A,line-A7,machine-A3,lot-23,DN,bPZT,category-1,sub-b6,4,0,4
2026-11-16,47,plant-B,line-B5,machine-B3,lot-27,UP,aPZT,category-1,sub-a9,18,0,18
2026-11-16,47,plant-A,line-A5,machine-A10,lot-75,UP,aPZT,pass,pass,0,2259,2297
2026-11-16,47,plant-A,line-A1,machine-A2,lot-86,UP,aPZT,category-5,sub-a3,32,0,32
2026-11-16,47,plant-A,line-A9,machine-A9,lot-33,UP,aPZT,category-5,sub-a10,37,0,37
2026-11-16,47,plant-B,line-B1,machine-B6,lot-96,UP,bPZT,pass,pass,0,2411,2448
2026-11-16,47,plant-A,line-A4,machine-A2,lot-4,UP,bPZT,category-1,sub-b2,39,0,39
2026-11-16,47,plant-B,line-B1,machine-B6,lot-96,UP,bPZT,category-3,sub-b5,9,0,9
2026-11-16,47,plant-B,line-B3,machine-B6,lot-52,Dn,bPZT,category-1,sub-b3,8,0,8
2026-11-16,47,plant-B,line-B6,machine-B3,lot-83,UP,bPZT,category-4,sub-b5,23,0,23
2026-11-16,47,plant-B,line-B2,machine-B4,lot-78,DN,aPZT,category-3,sub-a8,25,0,25
2026-11-16,47,plant-B,line-B2,machine-B4,lot-78,DN,aPZT,category-4,sub-a7,2,0,2
2026-11-16,47,plant-A,line-A2,machine-A6,lot-18,uP,aPZT,category-4,sub-a5,26,0,26
2026-11-16,47,plant-B,line-B1,machine-B10,lot-36,UP,bPZT,category-2,sub-b2,18,0,18
2026-11-16,47,plant-B,line-B6,machine-B3,lot-83,DN,aPZT,pass,pass,0,2185,2238
2026-11-16,47,plant-B,line-B5,machine-B7,lot-13,DN,bPZT,pass,pass,0,2097,2229
2026-11-16,47,plant-B,line-B2,machine-B4,lot-78,DN,aPZT,category-5,sub-a5,24,0,24
2026-11-16,47,plant-A,line-A5,machine-A10,lot-75,UP,aPZT,category-4,sub-a10,7,0,7
2026-11-16,47,plant-B,line-B1,machine-B6,lot-96,UP,bPZT,category-1,sub-b5,19,0,19
2026-11-16,47,plant-B,line-B6,machine-B6,lot-81,UP,bPZT,category-4,sub-b5,3,0,3
2026-11-16,47,plant-A,line-A7,machine-A6,lot-97,UP,aPZT,category-4,sub-a5,6,0,6
2026-11-16,47,plant-A,line-A1,machine-A8,lot-56,UP,aPZT,pass,pass,0,2721,2731
2026-11-16,47,plant-B,line-B5,machine-B3,lot-27,UP,aPZT,pass,pass,0,2850,2916
2026-11-16,47,plant-B,line-B10,machine-B1,lot-35,UP,aPZT,category-1,sub-a9,29,0,29
2026-11-16,47,plant-A,line-A9,machine-A2,lot-57,DN,bPZT,category-4,sub-b6,28,0,28
2026-11-16,47,plant-B,line-B5,machine-B3,lot-27,UP,bPZT,category-5,sub-b1,33,0,33
2026-11-16,47,plant-B,line-B3,machine-B6,lot-52,DN,bPZT,category-5,sub-b4,10,0,10
2026-11-16,47,plant-B,line-B3,machine-B6,lot-52,DN,bPZT,category-3,sub-b1,4,0,4
2026-11-16,47,plant-B,line-B1,machine-B6,lot-96,UP,aPZT,pass,pass,0,2411,2502
2026-11-16,47,plant-A,line-A10,machine-A7,lot-62,DN,bPZT,category-2,sub-b6,30,0,30
2026-11-16,47,plant-A,line-A1,machine-A8,lot-56,UP,bPZT,pass,pass,0,2721,2849
2026-11-16,47,plant-A,line-A7,machine-A3,lot-23,DN,bPZT,category-3,sub-b5,14,0,14
2026-11-16,47,plant-B,line-B6,machine-B3,lot-83,DN,bPZT,category-1,sub-b5,2,0,2
2026-11-16,47,plant-A,line-A10,machine-A7,lot-62,UP,bPZT,pass,pass,0,2272,2335
2026-11-16,47,plant-B,line-B5,machine-B6,lot-14,UP,aPZT,category-3,sub-a3,37,0,37
2026-11-16,47,plant-A,line-A2,machine-A6,lot-18,UP,bPZT,pass,pass,0,2764,2815
2026-11-16,47,plant-A,line-A10,machine-A7,lot-62,DN,aPZT,category-2,sub-a2,8,0,8
2026-11-16,47,plant-B,line-B10,machine-B1,lot-35,UP,bPZT,category-2,sub-b1,12,0,12
2026-11-16,47,plant-A,line-A7,machine-A6,lot-97,UP,aPZT,category-1,sub-a7,1,0,1
2026-11-16,47,plant-B,line-B5,machine-B6,lot-14,UP,aPZT,category-4,sub-a4,38,0,38
2026-11-16,47,plant-B,line-B6,machine-B10,lot-26,UP,aPZT,pass,pass,0,2274,2314
2026-11-16,47,plant-A,line-A7,machine-A3,lot-23,DN,bPZT,category-1,sub-b4,26,0,26
2026-11-16,47,plant-A,line-A10,machine-A7,lot-62,UP,aPZT,category-3,sub-a9,26,0,26
2026-11-16,47,plant-B,line-B2,machine-B4,lot-78,UP,bPZT,pass,pass,0,2156,2317
2026-11-16,47,plant-A,line-A4,machine-A2,lot-4,DN,aPZT,category-1,sub-a3,36,0,36
2026-11-16,47,plant-A,line-A7,machine-A6,lot-97,DN,bPZT,pass,pass,0,2220,2227
2026-11-16,47,plant-B,line-B1,machine-B6,lot-96,DN,bPZT,category-4,sub-b7,2,0,2
2026-11-16,47,plant-B,line-B1,machine-B6,lot-96,UP,aPZT,category-1,sub-a5,1,0,1
2026-11-16,47,plant-A,line-A7,machine-A6,lot-97,UP,bPZT,category-4,sub-b10,3,0,3
2026-11-16,47,plant-A,line-A4,machine-A2,lot-4,UP,aPZT,category-2,sub-a7,34,0,34
2026-11-16,47,plant-B,line-B5,machine-B7,lot-13,UP,aPZT,pass,pass,0,2097,2108
2026-11-16,47,plant-A,line-A9,machine-A2,lot-57,DN,bPZT,category-2,sub-b3,2,0,2
2026-11-16,47,plant-A,line-A2,machine-A6,lot-18,DN,aPZT,pass,pass,0,2764,2835
2026-11-16,47,plant-B,line-B2,machine-B4,lot-78,UP,bPZT,category-1,sub-b3,25,0,25
2026-11-16,47,plant-B,line-B5,machine-B7,lot-13,UP,aPZT,category-4,sub-a8,20,0,20
2026-11-16,47,plant-B,line-B6,machine-B6,lot-81,DN,bPZT,pass,,0,2306,2352
2026-11-16,47,plant-B,line-B5,machine-B7,lot-13,DN,aPZT,category-4,sub-a1,4,0,4
2026-11-16,47,plant-B,line-B5,machine-B3,lot-27,UP,bPZT,category-4,sub-b6,27,0,27
2026-11-16,47,plant-B,line-B2,machine-B4,lot-78,UP,aPZT,pass,pass,0,2156,2181
2026-11-16,47,plant-B,line-B6,machine-B3,lot-83,DN,bPZT,pass,pass,0,2185,2238
2026-11-16,47,plant-A,line-A10,machine-A7,lot-62,DN,bPZT,category-2,sub-b5,2,0,2
2026-11-16,47,plant-B,line-B5,machine-B7,lot-13,DN,aPZT,category-5,sub-a3,39,0,39
2026-11-16,47,plant-B,line-B6,machine-B10,lot-26,DN,aPZT,category-4,sub-a9,16,0,16
2026-11-16,47,plant-B,line-B5,machine-B3,lot-27,DN,bPZT,pass,pass,0,2850,2945
2026-11-16,47,plant-B,line-B10,machine-B1,lot-35,DN,bPZT,category-5,sub-b10,30,0,30
2026-11-16,47,plant-A,line-A7,machine-A3,lot-23,dN,bPZT,pass,,0,2565,2590
2026-11-16,47,plant-A,line-A10,machine-A2,lot-48,UP,aPZT,category-3,sub-a3,18,0,18
2026-11-16,47,plant-B,line-B6,machine-B10,lot-26,DN,bPZT,category-2,sub-b10,40,0,40
2026-11-16,47,plant-A,line-A1,machine-A2,lot-86,UP,bPZT,category-5,sub-b6,7,0,7
2026-11-16,47,plant-A,line-A2,machine-A6,lot-18,DN,bPZT,category-4,sub-b1,26,0,26
2026-11-16,47,plant-A,line-A10,machine-A2,lot-48,DN,bPZT,category-3,sub-b5,25,0,25
2026-11-16,47,plant-A,line-A4,machine-A2,lot-4,UP,aPZT,category-3,sub-a2,28,0,28
2026-11-16,47,plant-B,line-B7,machine-B9,lot-9,UP,aPZT,category-2,sub-a4,23,0,23
2026-11-16,47,plant-A,line-A4,machine-A2,lot-4,UP,aPZT,category-2,sub-a6,23,0,23
2026-11-16,47,plant-A,line-A9,machine-A2,lot-57,DN,aPZT,pass,pass,0,2667,2736
2026-11-16,47,plant-B,line-B1,machine-B10,lot-36,UP,aPZT,category-4,sub-a3,29,0,29
2026-11-16,47,plant-A,line-A7,machine-A6,lot-97,UP,bPZT,category-4,sub-b3,26,0,26
2026-11-16,47,plant-A,line-A10,machine-A2,lot-48,UP,bPZT,category-2,sub-b5,37,0,37
2026-11-16,47,plant-A,line-A1,machine-A2,lot-86,UP,aPZT,category-1,sub-a4,34,0,34
2026-11-16,47,plant-A,line-A9,machine-A2,lot-57,DN,bPZT,category-1,,1,0,1
2026-11-16,47,plant-B,line-B2,machine-B4,lot-78,UP,aPZT,category-4,sub-a7,23,0,23
2026-11-16,47,plant-A,line-A10,machine-A7,lot-62,DN,bPZT,category-3,sub-b10,37,0,37
2026-11-16,47,plant-A,line-A4,machine-A9,lot-76,DN,bPZT,pass,pass,0,2762,2803
2026-11-16,47,plant-B,line-B5,machine-B6,lot-14,DN,aPZT,category-2,sub-a10,1,0,1
2026-11-16,47,plant-A,line-A7,machine-A6,lot-97,DN,aPZT,pass,pass,0,2220,2317
2026-11-16,47,plant-A,line-A10,machine-A7,lot-62,UP,bPZT,category-2,sub-b2,17,0,17
2026-11-16,47,plant-A,line-A10,machine-A2,lot-48,DN,aPZT,pass,pass,0,2403,2465
2026-11-16,47,plant-A,line-A5,machine-A10,lot-75,UP,bPZT,pass,,0,2259,2309
2026-11-16,47,plant-B,line-B6,machine-B6,lot-81,UP,aPZT,category-5,sub-a7,34,0,34
2026-11-16,47,plant-A,line-A4,machine-A9,lot-76,DN,aPZT,category-1,sub-a8,16,0,16
2026-11-16,47,plant-B,line-B1,machine-B6,lot-96,DN,bPZT,category-2,sub-b3,15,0,15
2026-11-16,47,plant-A,line-A10,machine-A2,lot-48,DN,aPZT,category-3,sub-a2,4,0,4
2026-11-16,47,plant-A,line-A1,machine-A8,lot-56,DN,aPZT,category-2,sub-a9,12,0,12
2026-11-16,47,plant-B,line-B3,machine-B6,lot-52,DN,bPZT,category-2,sub-b3,2,0,2
2026-11-16,47,plant-B,line-B3,machine-B6,lot-52,UP,bPZT,category-4,sub-b8,19,0,19
2026-11-16,47,plant-B,line-B5,machine-B7,lot-64,UP,bPZT,category-4,sub-b2,33,0,33
2026-11-16,47,plant-B,line-B6,machine-B6,lot-81,DN,aPZT,pass,pass,0,2306,2349
2026-11-16,47,plant-B,line-B10,machine-B1,lot-35,DN,aPZT,category-2,sub-a2,11,0,11
2026-11-16,47,plant-A,line-A10,machine-A2,lot-48,UP,aPZT,category-2,sub-a10,22,0,22
2026-11-16,47,plant-B,line-B5,machine-B6,lot-14,UP,bPZT,category-2,sub-b5,38,0,38
2026-11-16,47,plant-A,line-A7,machine-A6,lot-97,DN,bPZT,category-4,sub-b8,38,0,38
2026-11-16,47,plant-A,line-A4,machine-A9,lot-76,DN,aPZT,pass,pass,0,2762,2829
2026-11-16,47,plant-B,line-B5,machine-B7,lot-64,DN,bPZT,category-3,sub-b4,18,0,18
2026-11-16,47,plant-B,line-B7,machine-B9,lot-9,UP,aPZT,category-4,sub-a6,1,0,1
2026-11-16,47,plant-B,line-B1,machine-B10,lot-36,DN,aPZT,pass,pass,0,2771,2789
2026-11-16,47,plant-A,line-A9,machine-A2,lot-57,UP,bPZT,pass,pass,0,2667,2707
2026-11-16,47,plant-B,line-B1,machine-B6,lot-96,UP,aPZT,category-4,sub-a9,36,0,36
2026-11-17,47,plant-A,line-A9,machine-A8,lot-31,UP,aPZT,pass,pass,0,2401,2424
2026-11-17,47,plant-B,line-B9,machine-B1,lot-9,UP,bPZT,category-4,sub-b9,14,0,14
2026-11-17,47,plant-B,line-B3,machine-B3,lot-41,UP,aPZT,category-4,sub-a1,14,0,14
2026-11-17,47,plant-A,line-A3,machine-A3,lot-16,UP,bPZT,category-4,sub-b3,26,0,26
2026-11-17,47,plant-B,line-B1,machine-B10,lot-82,DN,bPZT,category-5,sub-b7,34,0,34
2026-11-17,47,plant-B,line-B5,machine-B7,lot-91,UP,bPZT,category-3,sub-b9,1,0,1
2026-11-17,47,plant-B,line-B3,machine-B3,lot-41,UP,bPZT,category-2,sub-b7,37,0,37
2026-11-17,47,plant-B,line-B2,machine-B2,lot-74,UP,bPZT,category-4,sub-b8,28,0,28
2026-11-17,47,plant-B,line-B8,machine-B8,lot-22,UP,aPZT,category-2,sub-a9,22,0,22
2026-11-17,47,plant-A,line-A6,machine-A7,lot-66,DN,bPZT,category-2,sub-b6,21,0,21
2026-11-17,47,plant-B,line-B8,machine-B4,lot-33,DN,aPZT,pass,pass,0,2726,2764
2026-11-17,47,plant-A,line-A9,machine-A10,lot-30,UP,aPZT,category-3,sub-a9,7,0,7
2026-11-17,47,plant-A,line-A8,machine-A1,lot-52,UP,bPZT,category-2,sub-b2,27,0,27
2026-11-17,47,plant-B,line-B8,machine-B4,lot-33,UP,aPZT,category-2,sub-a9,17,0,17
2026-11-17,47,plant-A,line-A9,machine-A8,lot-31,DN,aPZT,category-5,sub-a7,8,0,8
2026-11-17,47,plant-B,line-B3,machine-B3,lot-41,DN,aPZT,category-4,sub-a9,14,0,14
2026-11-17,47,plant-B,line-B6,machine-B2,lot-65,UP,aPZT,category-5,sub-a7,33,0,33
2026-11-17,47,plant-A,line-A6,machine-A3,lot-97,DN,aPZT,pass,pass,0,2686,2708
2026-11-17,47,plant-B,line-B2,machine-B2,lot-74,UP,bPZT,category-5,sub-b8,30,0,30
2026-11-17,47,plant-B,line-B7,machine-B1,lot-8,DN,bPZT,category-1,sub-b5,9,0,9
2026-11-17,47,plant-B,line-B7,machine-B1,lot-8,DN,bPZT,category-4,sub-b2,20,0,20
2026-11-17,47,plant-A,line-A9,machine-A8,lot-31,UP,bPZT,category-5,sub-b9,2,0,2
2026-11-17,47,plant-B,line-B8,machine-B1,lot-40,DN,aPZT,category-3,sub-a7,25,0,25
2026-11-17,47,plant-A,line-A9,machine-A10,lot-30,DN,bPZT,pass,pass,0,2281,2349
2026-11-17,47,plant-B,line-B9,machine-B1,lot-9,DN,bPZT,category-2,sub-b5,38,0,38
2026-11-17,47,plant-A,line-A3,machine-A3,lot-16,UP,aPZT,category-1,sub-a1,26,0,26
2026-11-17,47,plant-B,line-B6,machine-B2,lot-65,UP,bPZT,category-4,sub-b10,11,0,11
2026-11-17,47,plant-B,line-B6,machine-B6,lot-48,DN,bPZT,category-2,sub-b1,33,0,33
2026-11-17,47,plant-B,line-B8,machine-B8,lot-22,DN,bPZT,category-5,sub-b9,40,0,40
2026-11-17,47,plant-B,line-B4,machine-B10,lot-59,UP,bPZT,category-5,sub-b2,2,0,2
2026-11-17,47,plant-A,line-A8,machine-A1,lot-52,UP,bPZT,pass,pass,0,2526,2626
2026-11-17,47,plant-A,line-A8,machine-A3,lot-89,UP,aPZT,category-2,sub-a4,2,0,2
2026-11-17,47,plant-B,line-B6,machine-B2,lot-65,UP,bPZT,pass,,0,2106,2208
2026-11-17,47,plant-B,line-B5,machine-B7,lot-91,DN,aPZT,category-4,sub-a4,25,0,25
2026-11-17,47,plant-B,line-B2,machine-B2,lot-74,DN,aPZT,pass,pass,0,2478,2554
2026-11-17,47,plant-A,line-A8,machine-A3,lot-89,DN,bPZT,category-3,sub-b10,4,0,4
2026-11-17,47,plant-B,line-B2,machine-B8,lot-17,DN,aPZT,category-2,sub-a7,19,0,19
2026-11-17,47,plant-A,line-A8,machine-A3,lot-89,UP,bPZT,category-4,sub-b9,33,0,33
2026-11-17,47,plant-A,line-A7,machine-A2,lot-18,UP,aPZT,category-5,sub-a2,26,0,26
2026-11-17,47,plant-B,line-B6,machine-B6,lot-48,DN,aPZT,category-4,sub-a6,19,0,19
2026-11-17,47,plant-B,line-B9,machine-B1,lot-9,DN,bPZT,pass,pass,0,2370,2423
2026-11-17,47,plant-A,line-A7,machine-A2,lot-18,UP,aPZT,category-2,sub-a5,35,0,35
2026-11-17,47,plant-B,line-B8,machine-B4,lot-33,UP,bPZT,category-4,sub-b1,25,0,25
2026-11-17,47,plant-A,line-A7,machine-A2,lot-18,DN,bPZT,category-3,sub-b10,15,0,15
2026-11-17,47,plant-B,line-B3,machine-B3,lot-41,DN,aPZT,category-4,sub-a4,15,0,15
2026-11-17,47,plant-A,line-A9,machine-A10,lot-14,UP,bPZT,pass,pass,0,2788,2848
2026-11-17,47,plant-B,line-B3,machine-B3,lot-41,UP,aPZT,category-4,sub-a5,13,0,13
2026-11-17,47,plant-B,line-B3,machine-B3,lot-41,up,aPZT,category-3,sub-a1,19,0,19
2026-11-17,47,plant-A,line-A1,machine-A6,lot-93,DN,bPZT,category-4,sub-b8,7,0,7
2026-11-17,47,plant-A,line-A3,machine-A3,lot-16,DN,bPZT,category-1,sub-b9,14,0,14
2026-11-17,47,plant-A,line-A9,machine-A10,lot-30,UP,aPZT,category-2,sub-a2,19,0,19
2026-11-17,47,plant-A,line-A9,machine-A10,lot-30,UP,aPZT,category-1,sub-a5,31,0,31
2026-11-17,47,plant-B,line-B7,machine-B1,lot-8,UP,aPZT,category-2,sub-a5,29,0,29
2026-11-17,47,plant-B,line-B2,machine-B2,lot-74,DN,bPZT,category-1,sub-b7,18,0,18
2026-11-17,47,plant-A,line-A6,machine-A7,lot-66,UP,aPZT,category-5,sub-a5,2,0,2
2026-11-17,47,plant-A,line-A6,machine-A3,lot-97,DN,aPZT,category-2,sub-a4,6,0,6
2026-11-17,47,plant-B,line-B8,machine-B9,lot-90,DN,aPZT,pass,pass,0,2641,2680
2026-11-17,47,plant-B,line-B9,machine-B1,lot-9,UP,bPZT,category-2,sub-b3,20,0,20
2026-11-17,47,plant-A,line-A6,machine-A7,lot-66,DN,aPZT,category-3,sub-a2,1,0,1
2026-11-17,47,plant-B,line-B6,machine-B6,lot-48,UP,bPZT,category-1,sub-b7,31,0,31
2026-11-17,47,plant-A,line-A8,machine-A2,lot-49,UP,bPZT,category-5,,4,0,4
2026-11-17,47,plant-A,line-A1,machine-A6,lot-93,UP,bPZT,category-3,sub-b1,22,0,22
2026-11-17,47,plant-B,line-B7,machine-B1,lot-8,DN,aPZT,category-2,sub-a10,14,0,14
2026-11-17,47,plant-B,line-B8,machine-B1,lot-40,UP,bPZT,pass,pass,0,2732,2858
2026-11-17,47,plant-B,line-B8,machine-B9,lot-90,DN,aPZT,category-4,sub-a4,6,0,6
2026-11-17,47,plant-A,line-A6,machine-A7,lot-66,Dn,bPZT,category-3,,17,0,17
2026-11-17,47,plant-B,line-B2,machine-B8,lot-17,DN,aPZT,pass,pass,0,2516,2518
2026-11-17,47,plant-B,line-B4,machine-B10,lot-59,DN,bPZT,category-1,sub-b9,4,0,4
2026-11-17,47,plant-A,line-A9,machine-A10,lot-14,UP,bPZT,category-3,sub-b2,35,0,35
2026-11-17,47,plant-A,line-A1,machine-A6,lot-93,DN,bPZT,pass,pass,0,2185,2288
2026-11-17,47,plant-A,line-A6,machine-A7,lot-66,UP,bPZT,category-4,sub-b8,34,0,34
2026-11-17,47,plant-B,line-B7,machine-B1,lot-8,DN,aPZT,pass,pass,0,2313,2352
2026-11-17,47,plant-B,line-B3,machine-B3,lot-41,UP,aPZT,category-4,sub-a7,23,0,23
2026-11-17,47,plant-B,line-B1,machine-B10,lot-82,UP,bPZT,category-3,sub-b6,5,0,5
2026-11-17,47,plant-B,line-B4,machine-B10,lot-59,DN,aPZT,category-2,sub-a4,40,0,40
2026-11-17,47,plant-A,line-A8,machine-A2,lot-49,DN,aPZT,category-2,sub-a7,16,0,16
2026-11-17,47,plant-B,line-B5,machine-B7,lot-91,UP,aPZT,category-2,sub-a8,25,0,25
2026-11-17,47,plant-B,line-B1,machine-B10,lot-82,DN,bPZT,pass,pass,0,2274,2297
2026-11-17,47,plant-A,line-A6,machine-A3,lot-97,UP,aPZT,category-1,sub-a5,32,0,32
2026-11-17,47,plant-A,line-A6,machine-A3,lot-97,Up,bPZT,pass,,0,2686,2773
2026-11-17,47,plant-B,line-B7,machine-B1,lot-8,UP,bPZT,category-5,sub-b9,10,0,10
2026-11-17,47,plant-A,line-A1,machine-A6,lot-93,UP,aPZT,category-2,sub-a7,34,0,34
2026-11-17,47,plant-B,line-B8,machine-B9,lot-90,UP,aPZT,category-5,sub-a9,31,0,31
2026-11-17,47,plant-B,line-B8,machine-B9,lot-90,DN,bPZT,category-3,sub-b8,39,0,39
2026-11-17,47,plant-B,line-B3,machine-B3,lot-41,UP,aPZT,category-2,sub-a7,36,0,36
2026-11-17,47,plant-A,line-A1,machine-A6,lot-93,DN,bPZT,category-5,sub-b10,9,0,9
2026-11-17,47,plant-A,line-A6,machine-A3,lot-97,DN,aPZT,category-2,sub-a7,28,0,28
2026-11-17,47,plant-B,line-B3,machine-B3,lot-41,DN,bPZT,pass,pass,0,2894,3110
2026-11-17,47,plant-B,line-B8,machine-B1,lot-40,dn,bPZT,category-4,,3,0,3
2026-11-17,47,plant-A,line-A3,machine-A3,lot-16,UP,bPZT,category-3,sub-b6,38,0,38
2026-11-17,47,plant-B,line-B8,machine-B8,lot-22,UP,bPZT,pass,pass,0,2975,2997
2026-11-17,47,plant-B,line-B3,machine-B3,lot-41,UP,aPZT,category-4,sub-a10,37,0,37
2026-11-17,47,plant-A,line-A8,machine-A2,lot-49,UP,bPZT,category-5,sub-b9,33,0,33
2026-11-17,47,plant-A,line-A1,machine-A6,lot-93,UP,aPZT,pass,pass,0,2185,2246
2026-11-17,47,plant-A,line-A6,machine-A7,lot-66,UP,aPZT,pass,pass,0,2472,2545
2026-11-17,47,plant-A,line-A6,machine-A7,lot-66,UP,bPZT,category-1,sub-b8,1,0,1
2026-11-17,47,plant-A,line-A9,machine-A10,lot-30,UP,aPZT,category-5,sub-a9,11,0,11
2026-11-17,47,plant-B,line-B6,machine-B2,lot-65,DN,aPZT,pass,pass,0,2106,2117
2026-11-17,47,plant-B,line-B6,machine-B6,lot-48,DN,bPZT,category-4,sub-b1,32,0,32
2026-11-17,47,plant-A,line-A8,machine-A1,lot-52,DN,aPZT,category-4,sub-a6,35,0,35
2026-11-17,47,plant-B,line-B8,machine-B1,lot-40,DN,aPZT,pass,pass,0,2732,2746
2026-11-17,47,plant-A,line-A7,machine-A2,lot-18,DN,aPZT,pass,pass,0,2637,2683
2026-11-17,47,plant-A,line-A3,machine-A3,lot-16,DN,bPZT,category-5,sub-b6,3,0,3
2026-11-17,47,plant-A,line-A9,machine-A10,lot-30,DN,bPZT,category-4,sub-b9,12,0,12
2026-11-17,47,plant-A,line-A9,machine-A10,lot-14,UP,aPZT,category-5,sub-a6,20,0,20
2026-11-17,47,plant-A,line-A8,machine-A1,lot-52,UP,bPZT,category-5,sub-b2,20,0,20
2026-11-17,47,plant-A,line-A6,machine-A7,lot-66,UP,bPZT,pass,pass,0,2472,2475
2026-11-17,47,plant-A,line-A9,machine-A10,lot-14,DN,aPZT,category-4,sub-a10,18,0,18
2026-11-17,47,plant-A,line-A9,machine-A10,lot-14,DN,aPZT,category-2,sub-a8,22,0,22
2026-11-17,47,plant-B,line-B9,machine-B1,lot-9,DN,bPZT,category-3,sub-b8,13,0,13
2026-11-17,47,plant-A,line-A9,machine-A8,lot-31,DN,bPZT,category-1,sub-b6,21,0,21
2026-11-17,47,plant-A,line-A1,machine-A6,lot-93,DN,aPZT,category-4,sub-a5,39,0,39
2026-11-17,47,plant-A,line-A8,machine-A1,lot-52,UP,bPZT,category-1,sub-b5,21,0,21
2026-11-17,47,plant-B,line-B9,machine-B1,lot-9,UP,aPZT,category-5,sub-a2,22,0,22
2026-11-17,47,plant-B,line-B6,machine-B2,lot-65,UP,aPZT,category-2,sub-a3,23,0,23
2026-11-17,47,plant-B,line-B8,machine-B4,lot-33,UP,bPZT,pass,pass,0,2726,2839
2026-11-17,47,plant-B,line-B1,machine-B10,lot-82,DN,bPZT,category-3,sub-b6,25,0,25
2026-11-17,47,plant-B,line-B1,machine-B10,lot-82,UP,bPZT,category-2,sub-b7,10,0,10
2026-11-17,47,plant-B,line-B4,machine-B10,lot-59,DN,aPZT,category-5,sub-a1,36,0,36
2026-11-17,47,plant-A,line-A9,machine-A8,lot-31,UP,aPZT,category-5,sub-a5,25,0,25
2026-11-17,47,plant-A,line-A8,machine-A3,lot-89,DN,bPZT,category-1,sub-b5,29,0,29
2026-11-17,47,plant-A,line-A7,machine-A2,lot-18,UP,aPZT,category-4,sub-a2,8,0,8
2026-11-17,47,plant-B,line-B8,machine-B4,lot-33,UP,aPZT,category-5,sub-a6,27,0,27
2026-11-17,47,plant-A,line-A1,machine-A6,lot-93,DN,bPZT,category-4,sub-b5,12,0,12
2026-11-17,47,plant-B,line-B5,machine-B7,lot-91,DN,aPZT,category-2,sub-a8,35,0,35
2026-11-17,47,plant-A,line-A6,machine-A3,lot-97,UP,bPZT,category-3,sub-b3,22,0,22
2026-11-17,47,plant-B,line-B8,machine-B1,lot-40,DN,aPZT,category-3,sub-a3,5,0,5
2026-11-17,47,plant-B,line-B9,machine-B1,lot-9,UP,aPZT,pass,pass,0,2370,2497
2026-11-17,47,plant-B,line-B2,machine-B2,lot-74,UP,aPZT,category-4,sub-a1,19,0,19
2026-11-17,47,plant-B,line-B3,machine-B3,lot-41,DN,aPZT,category-2,sub-a9,39,0,39
2026-11-17,47,plant-B,line-B8,machine-B4,lot-33,UP,aPZT,category-1,sub-a8,31,0,31
2026-11-17,47,plant-B,line-B9,machine-B1,lot-9,DN,bPZT,category-5,sub-b4,32,0,32
2026-11-17,47,plant-B,line-B8,machine-B4,lot-33,DN,aPZT,category-4,sub-a8,38,0,38
2026-11-17,47,plant-A,line-A8,machine-A2,lot-49,DN,bPZT,category-5,sub-b8,38,0,38
2026-11-17,47,plant-A,line-A9,machine-A10,lot-14,DN,aPZT,pass,pass,0,2788,2878
2026-11-17,47,plant-B,line-B9,machine-B1,lot-9,UP,aPZT,category-4,sub-a4,31,0,31
2026-11-17,47,plant-B,line-B8,machine-B1,lot-40,DN,aPZT,category-3,sub-a4,15,0,15
2026-11-17,47,plant-B,line-B5,machine-B7,lot-91,UP,aPZT,pass,pass,0,2247,2248
2026-11-17,47,plant-B,line-B8,machine-B8,lot-22,DN,aPZT,pass,pass,0,2975,3015
2026-11-17,47,plant-B,line-B6,machine-B6,lot-48,DN,bPZT,pass,pass,0,2629,2679
2026-11-17,47,plant-A,line-A7,machine-A2,lot-18,DN,bPZT,category-4,sub-b7,31,0,31
2026-11-17,47,plant-B,line-B1,machine-B10,lot-82,UP,aPZT,category-4,sub-a8,3,0,3
2026-11-17,47,plant-B,line-B7,machine-B1,lot-8,DN,bPZT,pass,pass,0,2313,2394
2026-11-17,47,plant-A,line-A8,machine-A1,lot-52,UP,aPZT,category-2,sub-a7,38,0,38
2026-11-17,47,plant-A,line-A3,machine-A3,lot-16,UP,aPZT,pass,pass,0,2336,2419
2026-11-17,47,plant-B,line-B8,machine-B1,lot-40,UP,aPZT,category-5,sub-a7,39,0,39
2026-11-17,47,plant-A,line-A9,machine-A10,lot-14,UP,bPZT,category-1,sub-b9,15,0,15
2026-11-17,47,plant-B,line-B5,machine-B7,lot-91,DN,bPZT,pass,pass,0,2247,2332
2026-11-17,47,plant-A,line-A9,machine-A8,lot-31,UP,aPZT,category-3,sub-a1,4,0,4
2026-11-17,47,plant-B,line-B3,machine-B3,lot-41,DN,aPZT,pass,,0,2894,2931
2026-11-17,47,plant-A,line-A1,machine-A6,lot-93,DN,aPZT,category-3,sub-a10,1,0,1
2026-11-17,47,plant-B,line-B1,machine-B10,lot-82,DN,aPZT,category-3,sub-a8,20,0,20
2026-11-17,47,plant-A,line-A8,machine-A1,lot-52,DN,aPZT,category-3,sub-a3,27,0,27
2026-11-17,47,plant-B,line-B1,machine-B10,lot-82,uP,aPZT,pass,,0,2274,2391
2026-11-17,47,plant-A,line-A7,machine-A2,lot-18,DN,aPZT,category-1,sub-a5,11,0,11
2026-11-17,47,plant-A,line-A8,machine-A1,lot-52,DN,aPZT,pass,pass,0,2526,2599
2026-11-17,47,plant-B,line-B4,machine-B10,lot-59,UP,aPZT,pass,pass,0,2965,2971
2026-11-17,47,plant-B,line-B8,machine-B4,lot-33,DN,bPZT,category-3,sub-b3,4,0,4
2026-11-17,47,plant-A,line-A3,machine-A3,lot-16,UP,bPZT,pass,pass,0,2336,2399
2026-11-17,47,plant-B,line-B8,machine-B1,lot-40,DN,aPZT,category-1,sub-a7,39,0,39
2026-11-17,47,plant-A,line-A9,machine-A10,lot-14,DN,bPZT,category-3,sub-b10,19,0,19
2026-11-17,47,plant-A,line-A8,machine-A2,lot-49,UP,aPZT,pass,pass,0,2768,2843
2026-11-17,47,plant-B,line-B2,machine-B8,lot-17,UP,bPZT,pass,pass,0,2516,2539
2026-11-17,47,plant-A,line-A9,machine-A8,lot-31,UP,aPZT,category-3,sub-a2,19,0,19
2026-11-17,47,plant-A,line-A7,machine-A2,lot-18,UP,bPZT,pass,pass,0,2637,2717
2026-11-17,47,plant-A,line-A8,machine-A2,lot-49,UP,bPZT,pass,pass,0,2768,2784
2026-11-17,47,plant-B,line-B1,machine-B10,lot-82,DN,bPZT,category-4,sub-b1,32,0,32
2026-11-17,47,plant-A,line-A8,machine-A1,lot-52,UP,bPZT,category-5,sub-b10,5,0,5
2026-11-17,47,plant-A,line-A9,machine-A10,lot-14,DN,bPZT,category-3,sub-b10,12,0,12
2026-11-17,47,plant-B,line-B8,machine-B1,lot-40,dn,bPZT,category-5,sub-b5,11,0,11
2026-11-17,47,plant-B,line-B8,machine-B1,lot-40,DN,aPZT,category-1,sub-a1,3,0,3
2026-11-17,47,plant-B,line-B8,machine-B9,lot-90,DN,bPZT,pass,pass,0,2641,2678
2026-11-17,47,plant-B,line-B3,machine-B3,lot-41,UP,aPZT,category-3,sub-a7,6,0,6
2026-11-17,47,plant-A,line-A3,machine-A3,lot-16,UP,aPZT,category-1,sub-a9,27,0,27
2026-11-17,47,plant-A,line-A8,machine-A3,lot-89,UP,aPZT,pass,pass,0,2190,2256
2026-11-17,47,plant-B,line-B4,machine-B10,lot-59,DN,bPZT,pass,pass,0,2965,3047
2026-11-17,47,plant-A,line-A1,machine-A6,lot-93,DN,bPZT,category-4,sub-b8,11,0,11
2026-11-17,47,plant-A,line-A8,machine-A3,lot-89,DN,bPZT,pass,pass,0,2190,2192
2026-11-17,47,plant-A,line-A3,machine-A3,lot-16,UP,aPZT,category-4,sub-a3,10,0,10
2026-11-17,47,plant-A,line-A9,machine-A10,lot-14,UP,bPZT,category-2,,2,0,2
2026-11-17,47,plant-B,line-B2,machine-B2,lot-74,UP,aPZT,category-3,sub-a5,9,0,9
2026-11-17,47,plant-B,line-B4,machine-B10,lot-59,DN,aPZT,category-2,sub-a7,6,0,6
2026-11-17,47,plant-B,line-B6,machine-B2,lot-65,UP,aPZT,category-4,sub-a6,35,0,35
2026-11-17,47,plant-B,line-B9,machine-B1,lot-9,DN,bPZT,category-5,sub-b1,10,0,10
2026-11-17,47,plant-B,line-B2,machine-B8,lot-17,UP,bPZT,category-3,sub-b7,2,0,2
2026-11-17,47,plant-A,line-A9,machine-A10,lot-30,UP,aPZT,pass,pass,0,2281,2293
2026-11-17,47,plant-A,line-A9,machine-A10,lot-14,DN,bPZT,category-5,sub-b2,7,0,7
2026-11-17,47,plant-B,line-B6,machine-B6,lot-48,DN,aPZT,pass,pass,0,2629,2725
2026-11-17,47,plant-A,line-A1,machine-A6,lot-93,DN,aPZT,category-5,sub-a7,29,0,29
2026-11-17,47,plant-B,line-B2,machine-B8,lot-17,DN,aPZT,category-5,sub-a3,4,0,4
2026-11-17,47,plant-A,line-A9,machine-A8,lot-31,UP,bPZT,pass,pass,0,2401,2492
2026-11-17,47,plant-B,line-B1,machine-B10,lot-82,DN,bPZT,category-4,sub-b5,11,0,11
2026-11-17,47,plant-A,line-A3,machine-A3,lot-16,DN,bPZT,category-5,sub-b10,2,0,2
2026-11-17,47,plant-B,line-B2,machine-B2,lot-74,UP,bPZT,pass,pass,0,2478,2506
2026-11-17,47,plant-A,line-A9,machine-A8,lot-31,UP,aPZT,category-5,sub-a6,35,0,35
2026-11-17,47,plant-B,line-B6,machine-B2,lot-65,UP,aPZT,category-5,sub-a8,11,0,11
2026-11-17,47,plant-B,line-B7,machine-B1,lot-8,UP,aPZT,category-5,sub-a4,38,0,38
2026-11-17,47,plant-B,line-B8,machine-B4,lot-33,DN,bPZT,category-1,sub-b3,9,0,9
2026-11-17,47,plant-B,line-B6,machine-B6,lot-48,UP,aPZT,category-1,sub-a9,31,0,31
2026-11-17,47,plant-A,line-A6,machine-A3,lot-97,UP,aPZT,category-1,sub-a7,21,0,21
2026-11-18,47,plant-A,line-A3,machine-A9,lot-37,DN,bPZT,category-1,sub-b9,16,0,16
2026-11-18,47,plant-B,line-B5,machine-B5,lot-14,UP,aPZT,pass,pass,0,2923,2983
2026-11-18,47,plant-B,line-B6,machine-B1,lot-48,DN,aPZT,category-1,sub-a9,18,0,18
2026-11-18,47,plant-B,line-B3,machine-B8,lot-55,UP,aPZT,pass,pass,0,2525,2571
2026-11-18,47,plant-B,line-B10,machine-B7,lot-75,UP,aPZT,category-2,sub-a5,3,0,3
2026-11-18,47,plant-A,line-A10,machine-A10,lot-99,UP,bPZT,category-5,sub-b10,12,0,12
2026-11-18,47,plant-A,line-A2,machine-A9,lot-83,UP,bPZT,category-4,sub-b4,8,0,8
2026-11-18,47,plant-A,line-A8,machine-A5,lot-40,DN,bPZT,category-3,sub-b4,8,0,8
2026-11-18,47,plant-A,line-A2,machine-A4,lot-65,UP,aPZT,category-3,sub-a9,24,0,24
2026-11-18,47,plant-B,line-B7,machine-B7,lot-73,UP,bPZT,category-3,sub-b9,30,0,30
2026-11-18,47,plant-B,line-B2,machine-B8,lot-8,UP,bPZT,category-4,sub-b1,32,0,32
2026-11-18,47,plant-A,line-A4,machine-A9,lot-52,DN,bPZT,pass,pass,0,2783,2846
2026-11-18,47,plant-B,line-B7,machine-B5,lot-43,UP,aPZT,category-5,sub-a1,36,0,36
2026-11-18,47,plant-B,line-B5,machine-B5,lot-14,DN,aPZT,category-3,sub-a8,20,0,20
2026-11-18,47,plant-A,line-A4,machine-A9,lot-52,UP,aPZT,pass,pass,0,2783,2845
2026-11-18,47,plant-A,line-A6,machine-A10,lot-39,UP,aPZT,pass,pass,0,2445,2467
2026-11-18,47,plant-B,line-B7,machine-B5,lot-43,UP,bPZT,category-3,sub-b3,23,0,23
2026-11-18,47,plant-B,line-B7,machine-B5,lot-43,DN,bPZT,category-3,sub-b10,37,0,37
2026-11-18,47,plant-B,line-B10,machine-B5,lot-82,UP,bPZT,pass,pass,0,2979,2996
2026-11-18,47,plant-A,line-A9,machine-A9,lot-50,UP,aPZT,category-5,sub-a6,13,0,13
2026-11-18,47,plant-A,line-A6,machine-A10,lot-39,UP,aPZT,category-2,sub-a3,1,0,1
2026-11-18,47,plant-A,line-A6,machine-A10,lot-39,DN,aPZT,category-4,sub-a2,25,0,25
2026-11-18,47,plant-B,line-B6,machine-B1,lot-48,UP,aPZT,category-4,sub-a7,32,0,32
2026-11-18,47,plant-A,line-A8,machine-A2,lot-1,UP,bPZT,category-3,sub-b3,5,0,5
2026-11-18,47,plant-B,line-B2,machine-B10,lot-23,UP,aPZT,category-3,sub-a5,9,0,9
2026-11-18,47,plant-A,line-A8,machine-A2,lot-1,DN,bPZT,category-1,sub-b8,10,0,10
2026-11-18,47,plant-B,line-B7,machine-B7,lot-73,DN,bPZT,pass,pass,0,2856,2881
2026-11-18,47,plant-A,line-A4,machine-A9,lot-52,UP,aPZT,category-3,sub-a1,25,0,25
2026-11-18,47,plant-A,line-A10,machine-A10,lot-99,DN,aPZT,category-3,sub-a2,2,0,2
2026-11-18,47,plant-B,line-B2,machine-B10,lot-23,UP,aPZT,category-1,sub-a4,10,0,10
2026-11-18,47,plant-B,line-B7,machine-B7,lot-73,DN,bPZT,category-4,sub-b2,28,0,28
2026-11-18,47,plant-A,line-A6,machine-A10,lot-39,DN,aPZT,category-4,sub-a10,9,0,9
2026-11-18,47,plant-B,line-B10,machine-B7,lot-75,UP,bPZT,category-3,sub-b4,18,0,18
2026-11-18,47,plant-B,line-B3,machine-B8,lot-55,DN,bPZT,category-2,sub-b1,8,0,8
2026-11-18,47,plant-A,line-A10,machine-A10,lot-99,DN,bPZT,category-3,sub-b9,23,0,23
2026-11-18,47,plant-A,line-A2,machine-A9,lot-83,UP,bPZT,pass,pass,0,2654,2708
2026-11-18,47,plant-B,line-B10,machine-B5,lot-82,DN,bPZT,category-5,sub-b3,4,0,4
2026-11-18,47,plant-A,line-A3,machine-A9,lot-37,UP,bPZT,category-3,sub-b6,35,0,35
2026-11-18,47,plant-A,line-A2,machine-A4,lot-65,DN,aPZT,category-3,sub-a9,16,0,16
2026-11-18,47,plant-B,line-B7,machine-B7,lot-73,Up,aPZT,category-5,sub-a10,22,0,22
2026-11-18,47,plant-B,line-B6,machine-B1,lot-48,DN,aPZT,category-1,sub-a3,16,0,16
2026-11-18,47,plant-B,line-B3,machine-B8,lot-55,DN,bPZT,category-3,sub-b8,10,0,10
2026-11-18,47,plant-B,line-B10,machine-B5,lot-82,UP,aPZT,pass,pass,0,2979,3075
2026-11-18,47,plant-B,line-B5,machine-B5,lot-14,UP,bPZT,category-5,sub-b2,9,0,9
2026-11-18,47,plant-A,line-A8,machine-A5,lot-40,UP,bPZT,pass,pass,0,2930,3009
2026-11-18,47,plant-B,line-B2,machine-B8,lot-8,UP,bPZT,category-3,sub-b7,18,0,18
2026-11-18,47,plant-A,line-A9,machine-A9,lot-50,DN,aPZT,category-4,sub-a2,5,0,5
2026-11-18,47,plant-B,line-B7,machine-B5,lot-43,UP,bPZT,pass,pass,0,2588,2624
2026-11-18,47,plant-A,line-A2,machine-A9,lot-83,UP,aPZT,pass,pass,0,2654,2743
2026-11-18,47,plant-B,line-B3,machine-B8,lot-55,UP,bPZT,category-5,sub-b2,7,0,7
2026-11-18,47,plant-B,line-B4,machine-B3,lot-86,DN,aPZT,pass,pass,0,2484,2537
2026-11-18,47,plant-B,line-B5,machine-B5,lot-14,UP,bPZT,category-5,sub-b9,9,0,9
2026-11-18,47,plant-B,line-B10,machine-B5,lot-82,DN,aPZT,category-5,sub-a10,17,0,17
2026-11-18,47,plant-B,line-B5,machine-B5,lot-14,UP,bPZT,pass,pass,0,2923,2948
2026-11-18,47,plant-A,line-A9,machine-A2,lot-24,DN,bPZT,category-1,sub-b7,36,0,36
2026-11-18,47,plant-B,line-B10,machine-B7,lot-75,UP,aPZT,category-5,sub-a6,3,0,3
2026-11-18,47,plant-A,line-A6,machine-A10,lot-39,DN,aPZT,category-1,sub-a8,21,0,21
2026-11-18,47,plant-B,line-B6,machine-B1,lot-48,UP,bPZT,category-3,sub-b4,10,0,10
2026-11-18,47,plant-B,line-B4,machine-B3,lot-86,UP,bPZT,category-1,sub-b5,13,0,13
2026-11-18,47,plant-A,line-A6,machine-A10,lot-39,UP,aPZT,category-4,sub-a6,3,0,3
2026-11-18,47,plant-B,line-B7,machine-B7,lot-73,UP,aPZT,pass,pass,0,2856,3020
2026-11-18,47,plant-A,line-A3,machine-A4,lot-69,UP,aPZT,category-4,sub-a8,28,0,28
2026-11-18,47,plant-A,line-A3,machine-A4,lot-69,uP,bPZT,category-5,,33,0,33
2026-11-18,47,plant-A,line-A10,machine-A8,lot-77,DN,bPZT,pass,pass,0,2691,2712
2026-11-18,47,plant-A,line-A6,machine-A10,lot-3,DN,bPZT,category-4,sub-b10,22,0,22
2026-11-18,47,plant-A,line-A3,machine-A9,lot-37,UP,aPZT,pass,pass,0,2209,2330
2026-11-18,47,plant-B,line-B3,machine-B8,lot-55,DN,aPZT,category-4,sub-a8,20,0,20
2026-11-18,47,plant-B,line-B7,machine-B7,lot-73,UP,aPZT,category-5,sub-a8,3,0,3
2026-11-18,47,plant-B,line-B3,machine-B2,lot-44,DN,aPZT,category-5,sub-a2,7,0,7
2026-11-18,47,plant-B,line-B10,machine-B5,lot-82,UP,bPZT,category-4,sub-b2,2,0,2
2026-11-18,47,plant-B,line-B6,machine-B1,lot-48,UP,bPZT,category-3,sub-b6,15,0,15
2026-11-18,47,plant-A,line-A10,machine-A10,lot-99,DN,aPZT,category-4,sub-a6,13,0,13
2026-11-18,47,plant-A,line-A2,machine-A4,lot-65,UP,aPZT,category-4,sub-a1,7,0,7
2026-11-18,47,plant-A,line-A10,machine-A8,lot-77,UP,bPZT,category-5,sub-b4,13,0,13
2026-11-18,47,plant-A,line-A9,machine-A2,lot-24,UP,bPZT,pass,pass,0,2607,2636
2026-11-18,47,plant-A,line-A3,machine-A4,lot-69,UP,bPZT,pass,pass,0,2465,2528
2026-11-18,47,plant-A,line-A6,machine-A10,lot-39,UP,aPZT,category-5,sub-a4,21,0,21
2026-11-18,47,plant-B,line-B10,machine-B7,lot-75,UP,bPZT,category-2,sub-b8,2,0,2
2026-11-18,47,plant-A,line-A6,machine-A10,lot-3,DN,aPZT,category-1,sub-a3,9,0,9
2026-11-18,47,plant-A,line-A9,machine-A9,lot-50,UP,aPZT,category-4,sub-a4,35,0,35
2026-11-18,47,plant-A,line-A2,machine-A9,lot-83,DN,bPZT,category-4,sub-b9,15,0,15
2026-11-18,47,plant-B,line-B5,machine-B5,lot-14,DN,aPZT,category-5,sub-a9,5,0,5
2026-11-18,47,plant-B,line-B2,machine-B8,lot-8,DN,bPZT,category-5,sub-b6,11,0,11
2026-11-18,47,plant-A,line-A6,machine-A10,lot-3,DN,bPZT,category-1,sub-b10,7,0,7
2026-11-18,47,plant-B,line-B2,machine-B8,lot-8,UP,bPZT,category-1,sub-b1,38,0,38
2026-11-18,47,plant-B,line-B10,machine-B7,lot-75,UP,aPZT,category-4,sub-a9,12,0,12
2026-11-18,47,plant-A,line-A2,machine-A9,lot-83,UP,aPZT,category-2,sub-a10,36,0,36
2026-11-18,47,plant-B,line-B7,machine-B7,lot-73,UP,bPZT,category-3,sub-b2,1,0,1
2026-11-18,47,plant-A,line-A6,machine-A10,lot-3,DN,bPZT,pass,pass,0,2926,2963
2026-11-18,47,plant-A,line-A2,machine-A4,lot-65,UP,aPZT,pass,pass,0,2886,2916
2026-11-18,47,plant-A,line-A2,machine-A4,lot-65,UP,bPZT,pass,pass,0,2886,2965
2026-11-18,47,plant-B,line-B4,machine-B3,lot-86,UP,aPZT,category-1,sub-a2,27,0,27
2026-11-18,47,plant-B,line-B5,machine-B5,lot-14,UP,bPZT,category-1,sub-b5,20,0,20
2026-11-18,47,plant-A,line-A6,machine-A10,lot-39,DN,bPZT,pass,pass,0,2445,2525
2026-11-18,47,plant-A,line-A2,machine-A4,lot-65,Dn,aPZT,category-1,sub-a1,2,0,2
2026-11-18,47,plant-A,line-A9,machine-A2,lot-24,UP,bPZT,category-1,sub-b6,11,0,11
2026-11-18,47,plant-A,line-A10,machine-A8,lot-77,DN,bPZT,category-1,sub-b10,35,0,35
2026-11-18,47,plant-B,line-B7,machine-B4,lot-25,DN,aPZT,category-5,sub-a4,37,0,37
2026-11-18,47,plant-B,line-B10,machine-B7,lot-75,DN,aPZT,pass,pass,0,2795,2919
2026-11-18,47,plant-A,line-A2,machine-A4,lot-65,DN,aPZT,category-3,sub-a8,30,0,30
2026-11-18,47,plant-B,line-B3,machine-B2,lot-44,uP,bPZT,category-4,,11,0,11
2026-11-18,47,plant-B,line-B2,machine-B8,lot-8,UP,bPZT,category-4,sub-b7,40,0,40
2026-11-18,47,plant-B,line-B10,machine-B7,lot-75,UP,bPZT,category-4,sub-b3,39,0,39
2026-11-18,47,plant-A,line-A4,machine-A9,lot-52,UP,bPZT,category-2,sub-b2,39,0,39
2026-11-18,47,plant-A,line-A4,machine-A9,lot-52,UP,aPZT,category-3,sub-a3,38,0,38
2026-11-18,47,plant-A,line-A10,machine-A8,lot-77,DN,bPZT,category-1,sub-b8,34,0,34
2026-11-18,47,plant-A,line-A9,machine-A2,lot-24,DN,aPZT,pass,pass,0,2607,2706
2026-11-18,47,plant-B,line-B3,machine-B2,lot-44,DN,bPZT,category-1,sub-b3,14,0,14
2026-11-18,47,plant-B,line-B2,machine-B8,lot-8,DN,bPZT,pass,pass,0,2884,2908
2026-11-18,47,plant-A,line-A9,machine-A9,lot-50,DN,bPZT,category-1,sub-b7,10,0,10
2026-11-18,47,plant-B,line-B7,machine-B5,lot-43,DN,bPZT,category-1,sub-b10,2,0,2
2026-11-18,47,plant-B,line-B5,machine-B5,lot-14,UP,bPZT,category-3,sub-b8,22,0,22
2026-11-18,47,plant-A,line-A3,machine-A4,lot-69,DN,aPZT,pass,pass,0,2465,2534
2026-11-18,47,plant-B,line-B10,machine-B5,lot-82,DN,bPZT,category-4,sub-b3,32,0,32
2026-11-18,47,plant-A,line-A9,machine-A2,lot-24,DN,bPZT,category-2,sub-b8,37,0,37
2026-11-18,47,plant-B,line-B3,machine-B2,lot-44,UP,aPZT,pass,pass,0,2868,2893
2026-11-18,47,plant-B,line-B3,machine-B8,lot-55,DN,bPZT,pass,pass,0,2525,2545
2026-11-18,47,plant-A,line-A3,machine-A9,lot-37,DN,bPZT,category-2,sub-b8,39,0,39
2026-11-18,47,plant-A,line-A3,machine-A9,lot-37,UP,bPZT,pass,pass,0,2209,2241
2026-11-18,47,plant-B,line-B6,machine-B1,lot-48,DN,aPZT,pass,pass,0,2267,2300
2026-11-18,47,plant-A,line-A8,machine-A2,lot-1,DN,aPZT,category-5,sub-a5,16,0,16
2026-11-18,47,plant-B,line-B7,machine-B4,lot-25,UP,aPZT,category-4,sub-a8,33,0,33
2026-11-18,47,plant-A,line-A4,machine-A9,lot-52,DN,bPZT,category-5,sub-b4,23,0,23
2026-11-18,47,plant-A,line-A2,machine-A4,lot-65,UP,bPZT,category-4,sub-b1,30,0,30
2026-11-18,47,plant-A,line-A8,machine-A2,lot-1,DN,aPZT,pass,pass,0,2028,2081
2026-11-18,47,plant-A,line-A8,machine-A2,lot-1,DN,aPZT,category-2,sub-a2,13,0,13
2026-11-18,47,plant-B,line-B10,machine-B7,lot-75,dN,bPZT,category-5,,19,0,19
2026-11-18,47,plant-A,line-A10,machine-A10,lot-99,UP,bPZT,category-1,sub-b3,9,0,9
2026-11-18,47,plant-B,line-B2,machine-B10,lot-23,UP,aPZT,category-2,sub-a7,23,0,23
2026-11-18,47,plant-B,line-B3,machine-B8,lot-55,DN,bPZT,category-1,sub-b2,21,0,21
2026-11-18,47,plant-A,line-A10,machine-A8,lot-77,UP,aPZT,pass,pass,0,2691,2832
2026-11-18,47,plant-B,line-B10,machine-B7,lot-75,DN,bPZT,category-3,sub-b4,19,0,19
2026-11-18,47,plant-A,line-A8,machine-A5,lot-40,DN,aPZT,category-2,sub-a9,4,0,4
2026-11-18,47,plant-A,line-A9,machine-A9,lot-50,DN,bPZT,pass,pass,0,2568,2671
2026-11-18,47,plant-B,line-B2,machine-B8,lot-8,UP,aPZT,category-3,sub-a6,8,0,8
2026-11-18,47,plant-B,line-B2,machine-B10,lot-23,UP,aPZT,pass,pass,0,2111,2131
2026-11-18,47,plant-A,line-A6,machine-A10,lot-3,UP,aPZT,category-1,sub-a2,28,0,28
2026-11-18,47,plant-B,line-B10,machine-B5,lot-82,DN,bPZT,category-2,,37,0,37
2026-11-18,47,plant-A,line-A10,machine-A8,lot-77,UP,bPZT,category-4,sub-b8,13,0,13
2026-11-18,47,plant-A,line-A8,machine-A5,lot-40,DN,aPZT,pass,pass,0,2930,2978
2026-11-18,47,plant-A,line-A8,machine-A5,lot-40,Up,aPZT,category-5,,31,0,31
2026-11-18,47,plant-B,line-B7,machine-B4,lot-25,UP,aPZT,pass,pass,0,2421,2487
2026-11-18,47,plant-B,line-B6,machine-B1,lot-48,DN,bPZT,pass,,0,2267,2371
2026-11-18,47,plant-B,line-B7,machine-B4,lot-25,UP,bPZT,category-1,sub-b5,36,0,36
2026-11-18,47,plant-A,line-A3,machine-A9,lot-37,DN,bPZT,category-3,sub-b4,1,0,1
2026-11-18,47,plant-A,line-A9,machine-A2,lot-24,UP,bPZT,category-4,sub-b1,7,0,7
2026-11-18,47,plant-B,line-B10,machine-B7,lot-75,DN,bPZT,pass,pass,0,2795,2819
2026-11-18,47,plant-A,line-A9,machine-A2,lot-24,DN,aPZT,category-1,sub-a8,29,0,29
2026-11-18,47,plant-B,line-B4,machine-B3,lot-86,DN,bPZT,category-4,sub-b2,37,0,37
2026-11-18,47,plant-B,line-B4,machine-B3,lot-86,DN,bPZT,pass,pass,0,2484,2540
2026-11-18,47,plant-A,line-A2,machine-A9,lot-83,DN,bPZT,category-2,sub-b10,22,0,22
2026-11-18,47,plant-B,line-B2,machine-B10,lot-23,Up,bPZT,category-3,,20,0,20
2026-11-18,47,plant-A,line-A6,machine-A10,lot-39,UP,bPZT,category-4,sub-b7,22,0,22
2026-11-18,47,plant-B,line-B4,machine-B3,lot-86,DN,bPZT,category-2,sub-b10,3,0,3
2026-11-18,47,plant-B,line-B3,machine-B2,lot-44,DN,aPZT,category-3,sub-a6,20,0,20
2026-11-18,47,plant-B,line-B2,machine-B8,lot-8,DN,aPZT,category-4,sub-a6,16,0,16
2026-11-18,47,plant-B,line-B7,machine-B5,lot-43,UP,aPZT,pass,pass,0,2588,2700
2026-11-18,47,plant-B,line-B10,machine-B5,lot-82,UP,bPZT,category-1,sub-b8,21,0,21
2026-11-18,47,plant-A,line-A9,machine-A9,lot-50,DN,aPZT,pass,pass,0,2568,2578
2026-11-18,47,plant-A,line-A8,machine-A5,lot-40,DN,bPZT,category-4,sub-b3,40,0,40
2026-11-18,47,plant-B,line-B7,machine-B4,lot-25,DN,bPZT,pass,pass,0,2421,2500
2026-11-18,47,plant-B,line-B2,machine-B8,lot-8,UP,aPZT,pass,pass,0,2884,3039
2026-11-18,47,plant-A,line-A2,machine-A9,lot-83,UP,aPZT,category-5,sub-a4,18,0,18
2026-11-18,47,plant-A,line-A10,machine-A10,lot-99,DN,bPZT,pass,pass,0,2921,2936
2026-11-18,47,plant-B,line-B10,machine-B7,lot-75,UP,aPZT,category-5,sub-a1,6,0,6
2026-11-18,47,plant-B,line-B7,machine-B5,lot-43,UP,bPZT,category-1,sub-b6,28,0,28
2026-11-18,47,plant-A,line-A10,machine-A8,lot-77,UP,bPZT,category-3,,6,0,6
2026-11-18,47,plant-B,line-B7,machine-B5,lot-43,DN,bPZT,category-5,sub-b7,22,0,22
2026-11-18,47,plant-A,line-A3,machine-A4,lot-69,UP,aPZT,category-1,sub-a4,35,0,35
2026-11-18,47,plant-B,line-B2,machine-B10,lot-23,DN,bPZT,pass,pass,0,2111,2174
2026-11-18,47,plant-B,line-B4,machine-B3,lot-86,DN,aPZT,category-5,sub-a4,26,0,26
2026-11-18,47,plant-B,line-B10,machine-B7,lot-75,UP,bPZT,category-2,sub-b9,27,0,27
2026-11-18,47,plant-A,line-A6,machine-A10,lot-3,UP,aPZT,pass,pass,0,2926,2955
2026-11-18,47,plant-B,line-B3,machine-B2,lot-44,UP,bPZT,pass,pass,0,2868,2895
2026-11-18,47,plant-A,line-A2,machine-A9,lot-83,UP,bPZT,category-4,sub-b3,15,0,15
2026-11-18,47,plant-A,line-A2,machine-A9,lot-83,DN,bPZT,category-3,sub-b1,29,0,29
2026-11-18,47,plant-A,line-A3,machine-A9,lot-37,DN,aPZT,category-3,sub-a8,32,0,32
2026-11-18,47,plant-A,line-A9,machine-A2,lot-24,DN,bPZT,category-2,sub-b9,8,0,8
2026-11-18,47,plant-A,line-A9,machine-A9,lot-50,DN,aPZT,category-2,sub-a1,25,0,25
2026-11-18,47,plant-A,line-A8,machine-A2,lot-1,DN,bPZT,pass,pass,0,2028,2057
2026-11-18,47,plant-A,line-A8,machine-A5,lot-40,UP,aPZT,category-2,sub-a4,9,0,9
2026-11-18,47,plant-B,line-B7,machine-B4,lot-25,UP,bPZT,category-4,sub-b7,30,0,30
2026-11-18,47,plant-A,line-A8,machine-A5,lot-40,UP,aPZT,category-1,sub-a9,35,0,35
2026-11-18,47,plant-B,line-B6,machine-B1,lot-48,DN,aPZT,category-4,sub-a1,38,0,38
2026-11-18,47,plant-B,line-B7,machine-B4,lot-25,DN,aPZT,category-4,sub-a2,9,0,9
2026-11-18,47,plant-A,line-A9,machine-A9,lot-50,UP,aPZT,category-4,sub-a7,25,0,25
2026-11-18,47,plant-B,line-B7,machine-B7,lot-73,UP,bPZT,category-1,sub-b8,36,0,36
2026-11-18,47,plant-A,line-A10,machine-A8,lot-77,UP,aPZT,category-5,sub-a1,21,0,21
2026-11-18,47,plant-B,line-B6,machine-B1,lot-48,UP,bPZT,category-3,sub-b2,8,0,8
2026-11-18,47,plant-B,line-B4,machine-B3,lot-86,UP,aPZT,category-3,sub-a1,3,0,3
2026-11-18,47,plant-A,line-A10,machine-A10,lot-99,UP,aPZT,pass,pass,0,2921,2965
2026-11-18,47,plant-A,line-A10,machine-A8,lot-77,DN,bPZT,category-2,sub-b1,24,0,24
2026-11-18,47,plant-B,line-B7,machine-B7,lot-73,UP,bPZT,category-1,sub-b5,36,0,36
2026-11-18,47,plant-A,line-A10,machine-A8,lot-77,UP,bPZT,category-4,sub-b9,16,0,16
2026-11-18,47,plant-B,line-B2,machine-B10,lot-23,UP,aPZT,category-5,sub-a9,21,0,21
2026-11-18,47,plant-B,line-B2,machine-B8,lot-8,DN,bPZT,category-4,sub-b8,16,0,16
2026-11-18,47,plant-A,line-A3,machine-A9,lot-37,UP,bPZT,category-3,sub-b2,30,0,30
2026-11-18,47,plant-A,line-A3,machine-A4,lot-69,UP,bPZT,category-2,sub-b5,36,0,36
2026-11-18,47,plant-B,line-B7,machine-B7,lot-73,DN,bPZT,category-3,sub-b7,33,0,33
2026-11-18,47,plant-A,line-A8,machine-A2,lot-1,UP,bPZT,category-4,sub-b2,38,0,38
2026-11-19,47,plant-A,line-A5,machine-A6,lot-55,UP,bPZT,category-3,sub-b8,22,0,22
2026-11-19,47,plant-A,line-A2,machine-A4,lot-18,DN,bPZT,pass,pass,0,2878,2929
2026-11-19,47,plant-A,line-A5,machine-A6,lot-90,DN,aPZT,category-3,sub-a1,9,0,9
2026-11-19,47,plant-B,line-B8,machine-B10,lot-32,UP,bPZT,category-1,sub-b3,30,0,30
2026-11-19,47,plant-B,line-B6,machine-B9,lot-26,DN,aPZT,pass,pass,0,2258,2382
2026-11-19,47,plant-B,line-B1,machine-B3,lot-85,DN,bPZT,category-1,sub-b1,37,0,37
2026-11-19,47,plant-A,line-A9,machine-A4,lot-57,DN,aPZT,category-3,sub-a8,32,0,32
2026-11-19,47,plant-A,line-A8,machine-A9,lot-43,DN,bPZT,category-3,sub-b1,23,0,23
2026-11-19,47,plant-A,line-A3,machine-A6,lot-14,DN,aPZT,pass,pass,0,2799,2895
2026-11-19,47,plant-B,line-B2,machine-B3,lot-27,UP,aPZT,category-5,sub-a5,2,0,2
2026-11-19,47,plant-B,line-B8,machine-B10,lot-32,UP,aPZT,pass,pass,0,2169,2257
2026-11-19,47,plant-B,line-B5,machine-B1,lot-29,UP,bPZT,pass,pass,0,2713,2802
2026-11-19,47,plant-A,line-A1,machine-A10,lot-62,UP,bPZT,category-1,sub-b5,34,0,34
2026-11-19,47,plant-A,line-A8,machine-A9,lot-43,DN,aPZT,category-5,sub-a6,16,0,16
2026-11-19,47,plant-A,line-A7,machine-A3,lot-20,DN,bPZT,category-1,,9,0,9
2026-11-19,47,plant-A,line-A8,machine-A7,lot-76,UP,aPZT,category-4,sub-a1,36,0,36
2026-11-19,47,plant-B,line-B8,machine-B2,lot-60,UP,aPZT,pass,pass,0,2018,2027
2026-11-19,47,plant-A,line-A3,machine-A6,lot-14,UP,aPZT,category-3,sub-a8,17,0,17
2026-11-19,47,plant-B,line-B5,machine-B9,lot-73,UP,bPZT,category-4,sub-b7,4,0,4
2026-11-19,47,plant-B,line-B5,machine-B9,lot-73,UP,aPZT,category-3,sub-a2,35,0,35
2026-11-19,47,plant-B,line-B6,machine-B9,lot-26,UP,bPZT,category-1,sub-b2,40,0,40
2026-11-19,47,plant-A,line-A7,machine-A5,lot-31,DN,aPZT,category-4,sub-a1,25,0,25
2026-11-19,47,plant-A,line-A1,machine-A10,lot-62,DN,aPZT,category-2,sub-a2,40,0,40
2026-11-19,47,plant-A,line-A8,machine-A9,lot-43,UP,bPZT,category-4,sub-b10,6,0,6
2026-11-19,47,plant-B,line-B8,machine-B10,lot-32,UP,bPZT,category-4,sub-b2,30,0,30
2026-11-19,47,plant-B,line-B6,machine-B9,lot-26,UP,aPZT,category-5,sub-a7,21,0,21
2026-11-19,47,plant-A,line-A7,machine-A5,lot-31,UP,aPZT,category-3,sub-a5,20,0,20
2026-11-19,47,plant-A,line-A8,machine-A9,lot-43,UP,bPZT,category-1,sub-b5,34,0,34
2026-11-19,47,plant-A,line-A3,machine-A6,lot-14,DN,bPZT,category-3,sub-b6,10,0,10
2026-11-19,47,plant-B,line-B1,machine-B3,lot-85,UP,aPZT,category-1,sub-a2,33,0,33
2026-11-19,47,plant-B,line-B2,machine-B3,lot-27,UP,bPZT,category-4,sub-b5,21,0,21
2026-11-19,47,plant-A,line-A5,machine-A6,lot-55,UP,bPZT,category-4,sub-b8,2,0,2
2026-11-19,47,plant-A,line-A8,machine-A9,lot-43,DN,bPZT,category-2,sub-b2,40,0,40
2026-11-19,47,plant-A,line-A5,machine-A6,lot-8,DN,aPZT,category-5,sub-a7,30,0,30
2026-11-19,47,plant-A,line-A8,machine-A7,lot-76,DN,aPZT,pass,pass,0,2963,3011
2026-11-19,47,plant-B,line-B1,machine-B7,lot-23,UP,bPZT,category-1,sub-b3,18,0,18
2026-11-19,47,plant-B,line-B1,machine-B4,lot-41,UP,bPZT,category-1,sub-b7,36,0,36
2026-11-19,47,plant-B,line-B3,machine-B10,lot-77,DN,aPZT,category-2,sub-a3,2,0,2
2026-11-19,47,plant-B,line-B1,machine-B7,lot-23,DN,aPZT,category-3,sub-a3,28,0,28
2026-11-19,47,plant-B,line-B2,machine-B3,lot-27,DN,bPZT,category-5,sub-b10,40,0,40
2026-11-19,47,plant-A,line-A6,machine-A1,lot-65,UP,bPZT,category-3,sub-b4,7,0,7
2026-11-19,47,plant-A,line-A6,machine-A1,lot-65,DN,aPZT,pass,pass,0,2446,2522
2026-11-19,47,plant-A,line-A1,machine-A10,lot-62,DN,bPZT,category-5,sub-b6,27,0,27
2026-11-19,47,plant-B,line-B1,machine-B4,lot-41,DN,bPZT,category-5,sub-b7,19,0,19
2026-11-19,47,plant-A,line-A2,machine-A4,lot-18,UP,aPZT,pass,pass,0,2878,2934
2026-11-19,47,plant-A,line-A5,machine-A6,lot-55,UP,aPZT,category-2,sub-a5,2,0,2
2026-11-19,47,plant-A,line-A8,machine-A7,lot-76,UP,bPZT,category-5,sub-b7,4,0,4
2026-11-19,47,plant-A,line-A5,machine-A6,lot-55,UP,bPZT,category-1,sub-b9,30,0,30
2026-11-19,47,plant-A,line-A8,machine-A7,lot-76,UP,bPZT,category-3,sub-b4,11,0,11
2026-11-19,47,plant-B,line-B5,machine-B1,lot-29,UP,aPZT,pass,pass,0,2713,2723
2026-11-19,47,plant-A,line-A7,machine-A5,lot-31,UP,bPZT,pass,pass,0,2212,2289
2026-11-19,47,plant-B,line-B2,machine-B2,lot-4,UP,bPZT,category-2,sub-b6,32,0,32
2026-11-19,47,plant-B,line-B2,machine-B2,lot-4,DN,aPZT,category-5,sub-a4,34,0,34
2026-11-19,47,plant-B,line-B1,machine-B7,lot-23,UP,aPZT,category-4,,2,0,2
2026-11-19,47,plant-A,line-A2,machine-A4,lot-18,DN,bPZT,category-1,sub-b10,32,0,32
2026-11-19,47,plant-B,line-B2,machine-B2,lot-4,DN,aPZT,category-5,sub-a3,15,0,15
2026-11-19,47,plant-B,line-B6,machine-B9,lot-26,DN,bPZT,category-4,sub-b7,8,0,8
2026-11-19,47,plant-B,line-B1,machine-B4,lot-41,DN,bPZT,category-2,sub-b2,9,0,9
2026-11-19,47,plant-B,line-B5,machine-B1,lot-29,UP,bPZT,category-1,sub-b8,10,0,10
2026-11-19,47,plant-B,line-B5,machine-B9,lot-73,DN,bPZT,category-4,sub-b8,31,0,31
2026-11-19,47,plant-B,line-B1,machine-B4,lot-41,UP,bPZT,category-4,sub-b8,18,0,18
2026-11-19,47,plant-B,line-B1,machine-B7,lot-23,UP,aPZT,category-2,sub-a1,21,0,21
2026-11-19,47,plant-A,line-A6,machine-A1,lot-65,DN,bPZT,category-5,sub-b2,22,0,22
2026-11-19,47,plant-B,line-B1,machine-B4,lot-41,DN,aPZT,pass,pass,0,2440,2631
2026-11-19,47,plant-A,line-A1,machine-A10,lot-62,DN,aPZT,pass,pass,0,2116,2177
2026-11-19,47,plant-B,line-B5,machine-B1,lot-29,DN,aPZT,category-4,sub-a5,4,0,4
2026-11-19,47,plant-B,line-B3,machine-B10,lot-77,DN,aPZT,category-3,sub-a6,27,0,27
2026-11-19,47,plant-A,line-A5,machine-A6,lot-90,DN,bPZT,category-5,sub-b5,30,0,30
2026-11-19,47,plant-A,line-A6,machine-A1,lot-65,DN,bPZT,pass,pass,0,2446,2476
2026-11-19,47,plant-B,line-B2,machine-B3,lot-27,UP,aPZT,pass,pass,0,2201,2361
2026-11-19,47,plant-B,line-B10,machine-B6,lot-42,UP,bPZT,pass,pass,0,2883,2953
2026-11-19,47,plant-B,line-B2,machine-B3,lot-27,UP,bPZT,category-5,sub-b10,39,0,39
2026-11-19,47,plant-A,line-A5,machine-A6,lot-55,DN,bPZT,pass,pass,0,2029,2031
2026-11-19,47,plant-B,line-B8,machine-B10,lot-32,UP,bPZT,category-4,sub-b8,11,0,11
2026-11-19,47,plant-A,line-A3,machine-A6,lot-14,UP,bPZT,category-1,sub-b2,6,0,6
2026-11-19,47,plant-B,line-B8,machine-B2,lot-60,DN,bPZT,category-2,sub-b5,9,0,9
2026-11-19,47,plant-A,line-A9,machine-A4,lot-57,UP,bPZT,pass,pass,0,2599,2631
2026-11-19,47,plant-B,line-B2,machine-B2,lot-4,UP,bPZT,category-3,sub-b6,19,0,19
2026-11-19,47,plant-B,line-B8,machine-B10,lot-32,DN,aPZT,category-1,sub-a9,37,0,37
2026-11-19,47,plant-A,line-A1,machine-A10,lot-62,DN,aPZT,category-1,sub-a2,34,0,34
2026-11-19,47,plant-B,line-B1,machine-B7,lot-23,UP,bPZT,category-4,sub-b1,40,0,40
2026-11-19,47,plant-B,line-B8,machine-B2,lot-60,UP,bPZT,pass,pass,0,2018,2030
2026-11-19,47,plant-A,line-A1,machine-A10,lot-62,DN,aPZT,category-5,sub-a3,37,0,37
2026-11-19,47,plant-B,line-B1,machine-B7,lot-23,Up,bPZT,category-1,,29,0,29
2026-11-19,47,plant-B,line-B3,machine-B10,lot-77,DN,aPZT,pass,pass,0,2048,2061
2026-11-19,47,plant-B,line-B10,machine-B6,lot-42,DN,bPZT,category-3,sub-b7,32,0,32
2026-11-19,47,plant-A,line-A1,machine-A10,lot-62,UP,aPZT,category-2,sub-a5,12,0,12
2026-11-19,47,plant-A,line-A7,machine-A3,lot-20,UP,aPZT,category-3,sub-a1,40,0,40
2026-11-19,47,plant-A,line-A6,machine-A1,lot-65,DN,aPZT,category-3,sub-a7,12,0,12
2026-11-19,47,plant-A,line-A1,machine-A10,lot-62,UP,bPZT,pass,pass,0,2116,2264
2026-11-19,47,plant-B,line-B1,machine-B4,lot-41,UP,bPZT,category-5,sub-b1,14,0,14
2026-11-19,47,plant-B,line-B2,machine-B3,lot-27,UP,bPZT,pass,pass,0,2201,2278
2026-11-19,47,plant-B,line-B3,machine-B10,lot-77,UP,bPZT,category-1,,13,0,13
2026-11-19,47,plant-A,line-A6,machine-A1,lot-65,UP,bPZT,category-3,sub-b5,18,0,18
2026-11-19,47,plant-B,line-B1,machine-B3,lot-85,UP,aPZT,category-5,sub-a2,28,0,28
2026-11-19,47,plant-B,line-B2,machine-B3,lot-27,UP,bPZT,category-1,sub-b5,22,0,22
2026-11-19,47,plant-B,line-B1,machine-B4,lot-41,DN,bPZT,category-5,sub-b1,31,0,31
2026-11-19,47,plant-B,line-B2,machine-B2,lot-4,UP,bPZT,pass,pass,0,2342,2459
2026-11-19,47,plant-A,line-A8,machine-A9,lot-43,DN,bPZT,category-4,sub-b10,2,0,2
2026-11-19,47,plant-B,line-B3,machine-B10,lot-77,UP,bPZT,pass,pass,0,2048,2191
2026-11-19,47,plant-A,line-A5,machine-A1,lot-30,DN,bPZT,category-1,sub-b4,17,0,17
2026-11-19,47,plant-A,line-A5,machine-A6,lot-90,DN,bPZT,category-3,sub-b1,40,0,40
2026-11-19,47,plant-A,line-A7,machine-A5,lot-31,DN,aPZT,pass,pass,0,2212,2236
2026-11-19,47,plant-A,line-A2,machine-A4,lot-18,UP,bPZT,category-4,sub-b5,8,0,8
2026-11-19,47,plant-B,line-B5,machine-B9,lot-73,UP,bPZT,category-1,sub-b4,19,0,19
2026-11-19,47,plant-B,line-B10,machine-B6,lot-42,DN,aPZT,pass,pass,0,2883,2948
2026-11-19,47,plant-A,line-A5,machine-A6,lot-8,UP,aPZT,pass,pass,0,2268,2288
2026-11-19,47,plant-A,line-A2,machine-A4,lot-18,UP,bPZT,category-3,sub-b9,16,0,16
2026-11-19,47,plant-B,line-B2,machine-B2,lot-4,UP,aPZT,pass,pass,0,2342,2414
2026-11-19,47,plant-B,line-B3,machine-B10,lot-77,UP,aPZT,category-3,sub-a1,28,0,28
2026-11-19,47,plant-B,line-B5,machine-B9,lot-73,DN,aPZT,pass,pass,0,2059,2164
2026-11-19,47,plant-A,line-A8,machine-A9,lot-43,UP,bPZT,pass,pass,0,2011,2027
2026-11-19,47,plant-B,line-B2,machine-B3,lot-27,UP,aPZT,category-2,sub-a8,27,0,27
2026-11-19,47,plant-B,line-B1,machine-B4,lot-41,UP,bPZT,pass,pass,0,2440,2496
2026-11-19,47,plant-B,line-B8,machine-B10,lot-32,UP,aPZT,category-4,sub-a9,17,0,17
2026-11-19,47,plant-A,line-A3,machine-A6,lot-14,DN,bPZT,category-1,sub-b2,21,0,21
2026-11-19,47,plant-A,line-A5,machine-A6,lot-55,DN,bPZT,category-1,sub-b1,31,0,31
2026-11-19,47,plant-B,line-B8,machine-B10,lot-32,UP,bPZT,pass,pass,0,2169,2223
2026-11-19,47,plant-B,line-B1,machine-B7,lot-23,DN,aPZT,pass,pass,0,2068,2181
2026-11-19,47,plant-A,line-A5,machine-A6,lot-90,UP,aPZT,category-2,sub-a1,36,0,36
2026-11-19,47,plant-A,line-A5,machine-A1,lot-30,DN,bPZT,pass,pass,0,2938,2940
2026-11-19,47,plant-A,line-A5,machine-A6,lot-8,DN,aPZT,category-3,sub-a7,34,0,34
2026-11-19,47,plant-A,line-A6,machine-A1,lot-65,DN,aPZT,category-4,sub-a5,18,0,18
2026-11-19,47,plant-A,line-A3,machine-A6,lot-14,DN,bPZT,category-3,sub-b10,27,0,27
2026-11-19,47,plant-B,line-B8,machine-B2,lot-60,UP,aPZT,category-3,sub-a9,12,0,12
2026-11-19,47,plant-B,line-B2,machine-B3,lot-27,DN,aPZT,category-2,sub-a10,21,0,21
2026-11-19,47,plant-B,line-B2,machine-B3,lot-27,DN,bPZT,category-5,sub-b4,38,0,38
2026-11-19,47,plant-B,line-B1,machine-B7,lot-23,UP,aPZT,category-2,sub-a2,15,0,15
2026-11-19,47,plant-B,line-B5,machine-B1,lot-29,DN,aPZT,category-5,sub-a4,37,0,37
2026-11-19,47,plant-B,line-B6,machine-B9,lot-26,UP,bPZT,category-4,sub-b3,40,0,40
2026-11-19,47,plant-B,line-B8,machine-B10,lot-32,DN,bPZT,category-3,sub-b10,17,0,17
2026-11-19,47,plant-B,line-B2,machine-B2,lot-4,UP,aPZT,category-3,sub-a7,17,0,17
2026-11-19,47,plant-A,line-A5,machine-A6,lot-90,UP,bPZT,pass,pass,0,2488,2589
2026-11-19,47,plant-B,line-B10,machine-B6,lot-42,UP,aPZT,category-1,sub-a7,16,0,16
2026-11-19,47,plant-B,line-B1,machine-B3,lot-85,UP,bPZT,category-2,sub-b4,6,0,6
2026-11-19,47,plant-A,line-A8,machine-A7,lot-76,DN,bPZT,pass,pass,0,2963,2999
2026-11-19,47,plant-B,line-B5,machine-B1,lot-29,DN,aPZT,category-5,sub-a1,36,0,36
2026-11-19,47,plant-B,line-B6,machine-B9,lot-26,UP,bPZT,category-1,sub-b6,19,0,19
2026-11-19,47,plant-B,line-B10,machine-B6,lot-42,UP,aPZT,category-2,sub-a6,17,0,17
2026-11-19,47,plant-B,line-B1,machine-B4,lot-41,UP,bPZT,category-2,sub-b9,19,0,19
2026-11-19,47,plant-A,line-A6,machine-A1,lot-65,UP,bPZT,category-3,sub-b7,11,0,11
2026-11-19,47,plant-B,line-B2,machine-B3,lot-27,DN,aPZT,category-4,sub-a10,27,0,27
2026-11-19,47,plant-B,line-B1,machine-B3,lot-85,UP,bPZT,pass,pass,0,2368,2445
2026-11-19,47,plant-A,line-A9,machine-A4,lot-57,DN,aPZT,pass,pass,0,2599,2638
2026-11-19,47,plant-A,line-A5,machine-A6,lot-55,DN,bPZT,category-2,sub-b3,27,0,27
2026-11-19,47,plant-A,line-A2,machine-A4,lot-18,DN,aPZT,category-2,sub-a4,34,0,34
2026-11-19,47,plant-B,line-B2,machine-B2,lot-4,dN,aPZT,category-1,,40,0,40
2026-11-19,47,plant-A,line-A7,machine-A5,lot-31,DN,aPZT,category-3,sub-a1,2,0,2
2026-11-19,47,plant-A,line-A8,machine-A9,lot-43,DN,bPZT,category-3,sub-b1,18,0,18
2026-11-19,47,plant-A,line-A5,machine-A6,lot-90,DN,bPZT,category-3,sub-b7,12,0,12
2026-11-19,47,plant-B,line-B5,machine-B9,lot-73,UP,bPZT,category-3,sub-b4,25,0,25
2026-11-19,47,plant-A,line-A8,machine-A9,lot-43,DN,bPZT,category-4,sub-b8,17,0,17
2026-11-19,47,plant-B,line-B1,machine-B7,lot-23,DN,bPZT,category-5,sub-b10,26,0,26
2026-11-19,47,plant-A,line-A2,machine-A4,lot-18,UP,aPZT,category-1,sub-a5,17,0,17
2026-11-19,47,plant-A,line-A5,machine-A6,lot-90,UP,aPZT,category-4,sub-a2,22,0,22
2026-11-19,47,plant-A,line-A9,machine-A4,lot-57,dn,bPZT,category-1,,39,0,39
2026-11-19,47,plant-B,line-B5,machine-B1,lot-29,UP,aPZT,category-1,sub-a9,7,0,7
2026-11-19,47,plant-A,line-A6,machine-A1,lot-65,DN,bPZT,category-3,sub-b1,18,0,18
2026-11-19,47,plant-A,line-A7,machine-A3,lot-20,DN,aPZT,pass,pass,0,2706,2715
2026-11-19,47,plant-A,line-A5,machine-A6,lot-8,UP,bPZT,pass,pass,0,2268,2332
2026-11-19,47,plant-A,line-A8,machine-A7,lot-76,UP,bPZT,category-4,sub-b4,17,0,17
2026-11-19,47,plant-B,line-B1,machine-B3,lot-85,DN,aPZT,pass,pass,0,2368,2411
2026-11-19,47,plant-A,line-A7,machine-A5,lot-31,UP,aPZT,category-2,sub-a5,19,0,19
2026-11-19,47,plant-B,line-B3,machine-B10,lot-77,DN,aPZT,category-3,sub-a10,16,0,16
2026-11-19,47,plant-B,line-B6,machine-B9,lot-26,DN,aPZT,category-1,sub-a1,5,0,5
2026-11-19,47,plant-B,line-B2,machine-B2,lot-4,UP,aPZT,category-3,sub-a4,11,0,11
2026-11-19,47,plant-A,line-A5,machine-A6,lot-90,DN,aPZT,category-4,sub-a8,34,0,34
2026-11-19,47,plant-B,line-B3,machine-B10,lot-77,UP,aPZT,category-5,sub-a9,37,0,37
2026-11-19,47,plant-B,line-B1,machine-B4,lot-41,DN,bPZT,category-4,sub-b9,36,0,36
2026-11-19,47,plant-A,line-A5,machine-A6,lot-55,UP,aPZT,pass,pass,0,2029,2181
2026-11-19,47,plant-A,line-A5,machine-A6,lot-55,UP,bPZT,category-1,sub-b2,30,0,30
2026-11-19,47,plant-A,line-A8,machine-A7,lot-76,UP,bPZT,category-3,sub-b3,16,0,16
2026-11-19,47,plant-B,line-B5,machine-B9,lot-73,DN,bPZT,category-2,sub-b4,17,0,17
2026-11-19,47,plant-B,line-B1,machine-B4,lot-41,UP,aPZT,category-5,sub-a1,33,0,33
2026-11-19,47,plant-A,line-A5,machine-A1,lot-30,UP,aPZT,pass,pass,0,2938,2955
2026-11-19,47,plant-B,line-B5,machine-B9,lot-73,UP,bPZT,category-3,sub-b2,9,0,9
2026-11-19,47,plant-A,line-A5,machine-A6,lot-55,UP,bPZT,category-3,sub-b6,10,0,10
2026-11-19,47,plant-B,line-B1,machine-B3,lot-85,DN,aPZT,category-4,sub-a3,16,0,16
2026-11-19,47,plant-A,line-A5,machine-A1,lot-30,UP,aPZT,category-1,sub-a7,2,0,2
2026-11-19,47,plant-A,line-A3,machine-A6,lot-14,DN,bPZT,pass,pass,0,2799,2816
2026-11-19,47,plant-B,line-B1,machine-B4,lot-41,UP,bPZT,category-5,sub-b4,9,0,9
2026-11-19,47,plant-A,line-A5,machine-A6,lot-8,DN,bPZT,category-1,sub-b6,20,0,20
2026-11-19,47,plant-B,line-B6,machine-B9,lot-26,DN,bPZT,pass,pass,0,2258,2284
2026-11-19,47,plant-A,line-A8,machine-A9,lot-43,DN,aPZT,pass,pass,0,2011,2151
2026-11-19,47,plant-B,line-B10,machine-B6,lot-42,UP,bPZT,category-2,sub-b5,33,0,33
2026-11-19,47,plant-B,line-B6,machine-B9,lot-26,UP,bPZT,category-1,sub-b7,12,0,12
2026-11-19,47,plant-B,line-B2,machine-B2,lot-4,DN,bPZT,category-4,sub-b9,21,0,21
2026-11-19,47,plant-A,line-A7,machine-A3,lot-20,UP,bPZT,pass,pass,0,2706,2746
2026-11-19,47,plant-B,line-B6,machine-B9,lot-26,UP,bPZT,category-4,sub-b10,5,0,5
2026-11-19,47,plant-A,line-A7,machine-A5,lot-31,DN,bPZT,category-3,sub-b1,24,0,24
2026-11-19,47,plant-A,line-A3,machine-A6,lot-14,DN,bPZT,category-2,sub-b9,32,0,32
2026-11-19,47,plant-A,line-A7,machine-A5,lot-31,DN,aPZT,category-2,sub-a5,11,0,11
2026-11-19,47,plant-A,line-A1,machine-A10,lot-62,DN,aPZT,category-4,sub-a7,25,0,25
2026-11-19,47,plant-B,line-B1,machine-B4,lot-41,UP,aPZT,category-2,sub-a7,23,0,23
2026-11-19,47,plant-B,line-B10,machine-B6,lot-42,DN,aPZT,category-3,sub-a10,37,0,37
2026-11-19,47,plant-B,line-B3,machine-B10,lot-77,UP,aPZT,category-2,sub-a4,33,0,33
2026-11-19,47,plant-B,line-B5,machine-B1,lot-29,DN,aPZT,category-2,sub-a1,5,0,5
2026-11-19,47,plant-A,line-A5,machine-A6,lot-90,DN,aPZT,pass,pass,0,2488,2570
2026-11-19,47,plant-B,line-B5,machine-B9,lot-73,UP,bPZT,pass,pass,0,2059,2094
2026-11-19,47,plant-B,line-B1,machine-B7,lot-23,DN,bPZT,pass,pass,0,2068,2134
2026-11-20,47,plant-A,line-A5,machine-A9,lot-92,DN,bPZT,category-1,sub-b2,22,0,22
2026-11-20,47,plant-B,line-B1,machine-B9,lot-75,DN,aPZT,category-5,sub-a1,5,0,5
2026-11-20,47,plant-B,line-B8,machine-B9,lot-55,DN,aPZT,category-5,sub-a1,6,0,6
2026-11-20,47,plant-B,line-B10,machine-B8,lot-17,UP,aPZT,category-5,sub-a7,5,0,5
2026-11-20,47,plant-A,line-A10,machine-A9,lot-24,DN,aPZT,pass,pass,0,2425,2511
2026-11-20,47,plant-A,line-A4,machine-A3,lot-77,UP,aPZT,category-3,sub-a6,15,0,15
2026-11-20,47,plant-A,line-A5,machine-A9,lot-92,DN,bPZT,category-4,sub-b6,37,0,37
2026-11-20,47,plant-B,line-B7,machine-B6,lot-34,UP,bPZT,category-3,sub-b2,5,0,5
2026-11-20,47,plant-B,line-B8,machine-B4,lot-80,DN,aPZT,category-1,sub-a5,3,0,3
2026-11-20,47,plant-B,line-B4,machine-B10,lot-94,DN,bPZT,pass,pass,0,2284,2324
2026-11-20,47,plant-B,line-B8,machine-B9,lot-55,UP,aPZT,pass,pass,0,2363,2404
2026-11-20,47,plant-B,line-B4,machine-B10,lot-94,DN,aPZT,category-5,sub-a2,1,0,1
2026-11-20,47,plant-B,line-B6,machine-B5,lot-37,UP,aPZT,category-2,sub-a1,40,0,40
2026-11-20,47,plant-A,line-A7,machine-A10,lot-69,DN,aPZT,category-5,sub-a2,22,0,22
2026-11-20,47,plant-B,line-B5,machine-B10,lot-19,UP,aPZT,category-1,sub-a2,23,0,23
2026-11-20,47,plant-B,line-B5,machine-B9,lot-29,DN,bPZT,pass,pass,0,2977,2992
2026-11-20,47,plant-B,line-B3,machine-B8,lot-48,DN,bPZT,category-2,sub-b8,9,0,9
2026-11-20,47,plant-B,line-B10,machine-B10,lot-28,UP,aPZT,category-1,sub-a9,25,0,25
2026-11-20,47,plant-A,line-A7,machine-A10,lot-69,DN,bPZT,category-1,sub-b2,28,0,28
2026-11-20,47,plant-A,line-A5,machine-A9,lot-92,DN,bPZT,category-4,sub-b3,35,0,35
2026-11-20,47,plant-B,line-B2,machine-B4,lot-20,DN,aPZT,category-3,sub-a9,30,0,30
2026-11-20,47,plant-B,line-B8,machine-B4,lot-80,DN,bPZT,category-3,sub-b7,19,0,19
2026-11-20,47,plant-A,line-A3,machine-A6,lot-36,UP,aPZT,category-1,sub-a10,34,0,34
2026-11-20,47,plant-B,line-B10,machine-B8,lot-17,DN,aPZT,category-1,sub-a5,26,0,26
2026-11-20,47,plant-B,line-B8,machine-B2,lot-96,DN,bPZT,category-3,sub-b4,24,0,24
2026-11-20,47,plant-B,line-B6,machine-B5,lot-37,UP,aPZT,pass,pass,0,2744,2795
2026-11-20,47,plant-A,line-A7,machine-A10,lot-69,UP,bPZT,category-3,sub-b1,36,0,36
2026-11-20,47,plant-A,line-A4,machine-A6,lot-18,DN,bPZT,category-1,sub-b1,5,0,5
2026-11-20,47,plant-B,line-B4,machine-B10,lot-94,DN,aPZT,category-2,sub-a9,33,0,33
2026-11-20,47,plant-B,line-B4,machine-B10,lot-94,DN,bPZT,category-1,sub-b6,22,0,22
2026-11-20,47,plant-B,line-B3,machine-B1,lot-68,DN,bPZT,category-5,sub-b4,2,0,2
2026-11-20,47,plant-B,line-B4,machine-B10,lot-94,UP,bPZT,category-2,sub-b6,3,0,3
2026-11-20,47,plant-B,line-B8,machine-B4,lot-80,DN,aPZT,pass,pass,0,2074,2210
2026-11-20,47,plant-B,line-B5,machine-B9,lot-59,UP,aPZT,category-3,sub-a3,36,0,36
2026-11-20,47,plant-A,line-A4,machine-A3,lot-77,dn,bPZT,category-1,,2,0,2
2026-11-20,47,plant-A,line-A10,machine-A9,lot-24,UP,bPZT,category-4,sub-b10,33,0,33
2026-11-20,47,plant-B,line-B1,machine-B9,lot-75,UP,aPZT,category-5,sub-a7,28,0,28
2026-11-20,47,plant-B,line-B3,machine-B8,lot-48,DN,bPZT,category-2,sub-b1,37,0,37
2026-11-20,47,plant-A,line-A8,machine-A8,lot-21,UP,aPZT,category-2,sub-a6,38,0,38
2026-11-20,47,plant-A,line-A4,machine-A6,lot-18,DN,aPZT,pass,pass,0,2713,2802
2026-11-20,47,plant-B,line-B8,machine-B4,lot-80,UP,bPZT,category-5,sub-b5,26,0,26
2026-11-20,47,plant-A,line-A7,machine-A10,lot-69,UP,aPZT,pass,pass,0,2632,2778
2026-11-20,47,plant-A,line-A7,machine-A10,lot-69,UP,bPZT,category-5,sub-b6,15,0,15
2026-11-20,47,plant-A,line-A3,machine-A6,lot-36,DN,aPZT,category-4,sub-a7,13,0,13
2026-11-20,47,plant-B,line-B8,machine-B2,lot-96,UP,bPZT,category-3,sub-b9,27,0,27
2026-11-20,47,plant-A,line-A5,machine-A9,lot-92,DN,bPZT,category-2,sub-b5,2,0,2
2026-11-20,47,plant-A,line-A8,machine-A8,lot-21,UP,aPZT,category-3,sub-a3,35,0,35
2026-11-20,47,plant-B,line-B5,machine-B9,lot-59,UP,aPZT,pass,pass,0,2845,2880
2026-11-20,47,plant-B,line-B3,machine-B1,lot-85,UP,bPZT,category-3,sub-b1,30,0,30
2026-11-20,47,plant-B,line-B8,machine-B2,lot-96,DN,bPZT,pass,pass,0,2595,2602
2026-11-20,47,plant-B,line-B7,machine-B6,lot-34,DN,bPZT,category-2,sub-b7,37,0,37
2026-11-20,47,plant-A,line-A5,machine-A9,lot-92,DN,bPZT,category-4,sub-b4,19,0,19
2026-11-20,47,plant-B,line-B10,machine-B8,lot-17,DN,aPZT,pass,pass,0,2051,2114
2026-11-20,47,plant-B,line-B8,machine-B2,lot-96,UP,aPZT,pass,pass,0,2595,2722
2026-11-20,47,plant-B,line-B8,machine-B4,lot-80,UP,bPZT,category-4,sub-b9,29,0,29
2026-11-20,47,plant-B,line-B1,machine-B9,lot-75,DN,aPZT,category-4,sub-a2,21,0,21
2026-11-20,47,plant-A,line-A8,machine-A7,lot-82,UP,bPZT,category-4,sub-b2,2,0,2
2026-11-20,47,plant-B,line-B8,machine-B4,lot-80,DN,aPZT,category-1,sub-a2,21,0,21
2026-11-20,47,plant-B,line-B5,machine-B9,lot-29,DN,bPZT,category-1,sub-b5,23,0,23
2026-11-20,47,plant-A,line-A8,machine-A8,lot-21,UP,aPZT,category-2,sub-a7,7,0,7
2026-11-20,47,plant-B,line-B8,machine-B2,lot-96,DN,aPZT,category-4,sub-a7,7,0,7
2026-11-20,47,plant-A,line-A5,machine-A9,lot-92,DN,bPZT,category-1,sub-b6,4,0,4
2026-11-20,47,plant-B,line-B4,machine-B10,lot-94,DN,bPZT,category-3,sub-b2,19,0,19
2026-11-20,47,plant-B,line-B5,machine-B10,lot-19,UP,aPZT,category-5,sub-a2,1,0,1
2026-11-20,47,plant-B,line-B7,machine-B6,lot-34,UP,aPZT,category-1,sub-a10,29,0,29
2026-11-20,47,plant-A,line-A5,machine-A9,lot-92,DN,aPZT,category-5,sub-a5,36,0,36
2026-11-20,47,plant-B,line-B10,machine-B8,lot-17,UP,bPZT,category-5,sub-b1,26,0,26
2026-11-20,47,plant-B,line-B5,machine-B10,lot-19,DN,aPZT,category-2,sub-a5,3,0,3
2026-11-20,47,plant-B,line-B8,machine-B9,lot-55,DN,bPZT,category-1,sub-b7,11,0,11
2026-11-20,47,plant-B,line-B10,machine-B10,lot-28,UP,aPZT,pass,pass,0,2632,2671
2026-11-20,47,plant-A,line-A4,machine-A3,lot-77,UP,bPZT,pass,pass,0,2435,2480
2026-11-20,47,plant-B,line-B5,machine-B10,lot-19,UP,aPZT,category-5,sub-a3,18,0,18
2026-11-20,47,plant-B,line-B8,machine-B5,lot-32,UP,bPZT,category-4,sub-b8,27,0,27
2026-11-20,47,plant-A,line-A4,machine-A3,lot-77,DN,aPZT,category-5,sub-a9,19,0,19
2026-11-20,47,plant-A,line-A10,machine-A9,lot-24,DN,bPZT,category-1,sub-b2,40,0,40
2026-11-20,47,plant-B,line-B5,machine-B9,lot-29,DN,aPZT,pass,pass,0,2977,3010
2026-11-20,47,plant-B,line-B8,machine-B2,lot-96,DN,bPZT,category-2,sub-b2,27,0,27
2026-11-20,47,plant-B,line-B5,machine-B9,lot-29,DN,bPZT,category-3,sub-b9,5,0,5
2026-11-20,47,plant-B,line-B2,machine-B4,lot-20,DN,bPZT,category-1,sub-b9,24,0,24
2026-11-20,47,plant-A,line-A8,machine-A7,lot-82,UP,bPZT,pass,pass,0,2874,2884
2026-11-20,47,plant-A,line-A7,machine-A10,lot-69,DN,bPZT,category-5,sub-b5,38,0,38
2026-11-20,47,plant-B,line-B6,machine-B5,lot-37,DN,bPZT,category-4,sub-b6,12,0,12
2026-11-20,47,plant-B,line-B8,machine-B4,lot-80,DN,bPZT,pass,pass,0,2074,2108
2026-11-20,47,plant-A,line-A4,machine-A3,lot-77,DN,aPZT,category-2,sub-a4,11,0,11
2026-11-20,47,plant-B,line-B3,machine-B1,lot-68,DN,aPZT,category-1,sub-a2,1,0,1
2026-11-20,47,plant-A,line-A7,machine-A10,lot-69,DN,bPZT,category-3,sub-b2,3,0,3
2026-11-20,47,plant-A,line-A8,machine-A8,lot-21,uP,aPZT,category-2,sub-a4,5,0,5
2026-11-20,47,plant-B,line-B7,machine-B6,lot-34,UP,bPZT,category-5,sub-b3,31,0,31
2026-11-20,47,plant-B,line-B10,machine-B8,lot-17,UP,bPZT,pass,pass,0,2051,2122
2026-11-20,47,plant-B,line-B1,machine-B9,lot-75,DN,bPZT,pass,pass,0,2304,2371
2026-11-20,47,plant-B,line-B3,machine-B1,lot-68,DN,aPZT,category-2,sub-a8,11,0,11
2026-11-20,47,plant-B,line-B3,machine-B8,lot-48,DN,bPZT,category-3,sub-b1,17,0,17
2026-11-20,47,plant-A,line-A7,machine-A10,lot-69,UP,bPZT,category-4,sub-b2,19,0,19
2026-11-20,47,plant-B,line-B8,machine-B5,lot-32,DN,bPZT,pass,pass,0,2517,2584
2026-11-20,47,plant-B,line-B1,machine-B9,lot-75,DN,bPZT,category-2,sub-b1,13,0,13
2026-11-20,47,plant-B,line-B10,machine-B10,lot-28,UP,bPZT,category-3,sub-b6,9,0,9
2026-11-20,47,plant-B,line-B5,machine-B10,lot-19,DN,bPZT,pass,pass,0,2807,2881
2026-11-20,47,plant-B,line-B8,machine-B2,lot-96,UP,bPZT,category-5,sub-b1,27,0,27
2026-11-20,47,plant-B,line-B2,machine-B4,lot-20,UP,bPZT,pass,pass,0,2897,2927
2026-11-20,47,plant-B,line-B10,machine-B8,lot-17,DN,aPZT,category-5,sub-a9,40,0,40
2026-11-20,47,plant-B,line-B7,machine-B6,lot-34,UP,bPZT,category-2,sub-b7,12,0,12
2026-11-20,47,plant-B,line-B4,machine-B10,lot-94,DN,aPZT,category-5,sub-a1,5,0,5
2026-11-20,47,plant-A,line-A8,machine-A8,lot-21,UP,aPZT,category-5,sub-a10,27,0,27
2026-11-20,47,plant-B,line-B3,machine-B8,lot-48,UP,bPZT,category-4,sub-b6,30,0,30
2026-11-20,47,plant-A,line-A8,machine-A7,lot-82,DN,bPZT,category-2,sub-b7,24,0,24
2026-11-20,47,plant-B,line-B3,machine-B1,lot-68,DN,aPZT,pass,pass,0,2729,2755
2026-11-20,47,plant-B,line-B3,machine-B1,lot-68,UP,aPZT,category-2,sub-a10,31,0,31
2026-11-20,47,plant-B,line-B4,machine-B10,lot-94,DN,bPZT,category-4,sub-b1,25,0,25
2026-11-20,47,plant-B,line-B1,machine-B9,lot-75,DN,bPZT,category-2,sub-b10,15,0,15
2026-11-20,47,plant-B,line-B5,machine-B10,lot-19,DN,bPZT,category-2,sub-b4,12,0,12
2026-11-20,47,plant-B,line-B6,machine-B5,lot-37,DN,aPZT,category-3,sub-a10,20,0,20
2026-11-20,47,plant-A,line-A8,machine-A8,lot-21,UP,aPZT,category-5,sub-a7,35,0,35
2026-11-20,47,plant-A,line-A4,machine-A6,lot-18,UP,bPZT,category-5,sub-b5,11,0,11
2026-11-20,47,plant-A,line-A4,machine-A6,lot-18,UP,bPZT,category-4,sub-b2,33,0,33
2026-11-20,47,plant-B,line-B6,machine-B5,lot-37,UP,bPZT,pass,pass,0,2744,2852
2026-11-20,47,plant-B,line-B7,machine-B6,lot-34,UP,aPZT,pass,pass,0,2647,2750
2026-11-20,47,plant-B,line-B3,machine-B1,lot-85,UP,bPZT,category-1,sub-b3,6,0,6
2026-11-20,47,plant-B,line-B8,machine-B9,lot-55,UP,bPZT,category-4,sub-b9,30,0,30
2026-11-20,47,plant-A,line-A8,machine-A8,lot-21,UP,aPZT,category-5,sub-a9,31,0,31
2026-11-20,47,plant-B,line-B3,machine-B1,lot-85,DN,bPZT,pass,pass,0,2892,2901
2026-11-20,47,plant-A,line-A8,machine-A8,lot-21,DN,bPZT,pass,pass,0,2583,2806
2026-11-20,47,plant-A,line-A8,machine-A8,lot-21,UP,aPZT,pass,pass,0,2583,2607
2026-11-20,47,plant-A,line-A4,machine-A6,lot-18,UP,bPZT,pass,pass,0,2713,2755
2026-11-20,47,plant-B,line-B3,machine-B1,lot-68,UP,bPZT,pass,,0,2729,2811
2026-11-20,47,plant-A,line-A8,machine-A7,lot-82,DN,bPZT,category-4,sub-b9,31,0,31
2026-11-20,47,plant-B,line-B3,machine-B8,lot-48,UP,bPZT,category-2,sub-b10,15,0,15
2026-11-20,47,plant-B,line-B4,machine-B10,lot-94,UP,bPZT,category-2,sub-b5,38,0,38
2026-11-20,47,plant-B,line-B2,machine-B4,lot-20,UP,aPZT,pass,pass,0,2897,2921
2026-11-20,47,plant-A,line-A4,machine-A6,lot-18,UP,aPZT,category-3,sub-a2,4,0,4
2026-11-20,47,plant-A,line-A8,machine-A8,lot-21,UP,aPZT,category-5,sub-a5,31,0,31
2026-11-20,47,plant-B,line-B1,machine-B9,lot-75,DN,aPZT,pass,pass,0,2304,2366
2026-11-20,47,plant-A,line-A5,machine-A9,lot-92,DN,bPZT,category-5,sub-b10,37,0,37
2026-11-20,47,plant-A,line-A8,machine-A7,lot-82,UP,aPZT,category-3,sub-a1,7,0,7
2026-11-20,47,plant-B,line-B10,machine-B10,lot-28,UP,aPZT,category-4,sub-a1,9,0,9
2026-11-20,47,plant-B,line-B5,machine-B9,lot-59,UP,bPZT,category-3,sub-b1,35,0,35
2026-11-20,47,plant-A,line-A10,machine-A9,lot-24,DN,bPZT,category-2,sub-b5,13,0,13
2026-11-20,47,plant-B,line-B3,machine-B1,lot-68,UP,bPZT,category-2,sub-b3,24,0,24
2026-11-20,47,plant-A,line-A8,machine-A7,lot-82,DN,bPZT,category-5,sub-b9,30,0,30
2026-11-20,47,plant-A,line-A3,machine-A6,lot-36,UP,aPZT,category-4,sub-a2,34,0,34
2026-11-20,47,plant-B,line-B10,machine-B8,lot-17,DN,bPZT,category-3,sub-b2,8,0,8
2026-11-20,47,plant-B,line-B8,machine-B5,lot-32,DN,aPZT,category-4,,36,0,36
2026-11-20,47,plant-B,line-B8,machine-B4,lot-80,DN,bPZT,category-3,sub-b4,35,0,35
2026-11-20,47,plant-B,line-B8,machine-B9,lot-55,UP,aPZT,category-1,sub-a8,36,0,36
2026-11-20,47,plant-B,line-B3,machine-B8,lot-48,DN,bPZT,pass,pass,0,2255,2281
2026-11-20,47,plant-B,line-B8,machine-B9,lot-55,DN,bPZT,pass,pass,0,2363,2405
2026-11-20,47,plant-B,line-B3,machine-B8,lot-48,uP,aPZT,pass,pass,0,2255,2378
2026-11-20,47,plant-B,line-B3,machine-B1,lot-68,UP,aPZT,category-1,sub-a8,39,0,39
2026-11-20,47,plant-B,line-B3,machine-B1,lot-85,DN,bPZT,category-5,sub-b9,9,0,9
2026-11-20,47,plant-B,line-B5,machine-B10,lot-19,UP,aPZT,pass,pass,0,2807,2819
2026-11-20,47,plant-B,line-B8,machine-B4,lot-80,DN,bPZT,category-3,sub-b7,27,0,27
2026-11-20,47,plant-B,line-B10,machine-B8,lot-17,DN,bPZT,category-2,sub-b7,29,0,29
2026-11-20,47,plant-B,line-B6,machine-B5,lot-37,UP,aPZT,category-1,sub-a3,30,0,30
2026-11-20,47,plant-A,line-A5,machine-A9,lot-92,DN,aPZT,pass,pass,0,2910,3066
2026-11-20,47,plant-B,line-B1,machine-B9,lot-75,UP,aPZT,category-3,sub-a3,13,0,13
2026-11-20,47,plant-B,line-B10,machine-B10,lot-28,DN,bPZT,pass,pass,0,2632,2701
2026-11-20,47,plant-B,line-B3,machine-B1,lot-85,DN,aPZT,pass,pass,0,2892,2966
2026-11-20,47,plant-A,line-A8,machine-A8,lot-21,UP,bPZT,category-2,sub-b10,24,0,24
2026-11-20,47,plant-A,line-A5,machine-A9,lot-92,UP,bPZT,pass,pass,0,2910,2965
2026-11-20,47,plant-B,line-B8,machine-B5,lot-32,DN,aPZT,category-4,sub-a5,31,0,31
2026-11-20,47,plant-B,line-B5,machine-B9,lot-29,DN,bPZT,category-3,sub-b5,5,0,5
2026-11-20,47,plant-B,line-B3,machine-B8,lot-48,DN,bPZT,category-4,sub-b5,15,0,15
2026-11-20,47,plant-B,line-B7,machine-B6,lot-34,UP,bPZT,category-3,sub-b6,18,0,18
2026-11-20,47,plant-B,line-B4,machine-B10,lot-94,UP,aPZT,category-5,sub-a7,1,0,1
2026-11-20,47,plant-B,line-B3,machine-B8,lot-48,DN,aPZT,category-3,sub-a3,26,0,26
2026-11-20,47,plant-A,line-A7,machine-A10,lot-69,DN,bPZT,pass,pass,0,2632,2654
2026-11-20,47,plant-A,line-A4,machine-A6,lot-18,UP,aPZT,category-5,sub-a4,38,0,38
2026-11-20,47,plant-A,line-A3,machine-A6,lot-36,uP,bPZT,category-5,,22,0,22
2026-11-20,47,plant-B,line-B5,machine-B10,lot-19,DN,aPZT,category-5,sub-a5,29,0,29
2026-11-20,47,plant-B,line-B1,machine-B9,lot-75,DN,bPZT,category-3,sub-b8,34,0,34
2026-11-20,47,plant-A,line-A10,machine-A9,lot-24,DN,aPZT,category-1,sub-a1,7,0,7
2026-11-20,47,plant-A,line-A8,machine-A7,lot-82,dN,aPZT,pass,,0,2874,2976
2026-11-20,47,plant-B,line-B3,machine-B1,lot-85,UP,bPZT,category-5,sub-b9,20,0,20
2026-11-20,47,plant-B,line-B3,machine-B1,lot-85,UP,bPZT,category-3,sub-b8,9,0,9
2026-11-20,47,plant-A,line-A8,machine-A7,lot-82,DN,aPZT,category-2,sub-a6,3,0,3
2026-11-20,47,plant-A,line-A3,machine-A6,lot-36,DN,bPZT,category-1,sub-b10,21,0,21
2026-11-20,47,plant-A,line-A8,machine-A7,lot-82,DN,bPZT,category-1,sub-b1,15,0,15
2026-11-20,47,plant-A,line-A5,machine-A9,lot-92,DN,aPZT,category-1,sub-a9,19,0,19
2026-11-20,47,plant-A,line-A7,machine-A10,lot-69,DN,bPZT,category-1,sub-b6,7,0,7
2026-11-20,47,plant-A,line-A4,machine-A3,lot-77,DN,aPZT,pass,pass,0,2435,2437
2026-11-20,47,plant-B,line-B6,machine-B5,lot-37,UP,aPZT,category-2,sub-a10,18,0,18
2026-11-20,47,plant-B,line-B5,machine-B9,lot-29,DN,aPZT,category-2,sub-a4,15,0,15
2026-11-20,47,plant-B,line-B8,machine-B4,lot-80,DN,aPZT,category-3,sub-a10,10,0,10
2026-11-20,47,plant-B,line-B6,machine-B5,lot-37,UP,bPZT,category-4,sub-b7,39,0,39
2026-11-20,47,plant-B,line-B10,machine-B10,lot-28,UP,aPZT,category-5,sub-a8,35,0,35
2026-11-20,47,plant-A,line-A8,machine-A8,lot-21,UP,aPZT,category-4,sub-a5,14,0,14
2026-11-20,47,plant-B,line-B8,machine-B5,lot-32,DN,aPZT,pass,pass,0,2517,2544
2026-11-20,47,plant-A,line-A3,machine-A6,lot-36,UP,bPZT,category-1,sub-b4,20,0,20
2026-11-20,47,plant-B,line-B5,machine-B9,lot-59,DN,bPZT,pass,pass,0,2845,2881
2026-11-20,47,plant-A,line-A3,machine-A6,lot-36,UP,aPZT,pass,pass,0,2372,2435
2026-11-20,47,plant-A,line-A4,machine-A6,lot-18,UP,bPZT,category-5,sub-b8,39,0,39
2026-11-20,47,plant-A,line-A3,machine-A6,lot-36,UP,aPZT,category-4,sub-a1,17,0,17
2026-11-20,47,plant-B,line-B10,machine-B10,lot-28,DN,bPZT,category-1,sub-b1,30,0,30
2026-11-20,47,plant-A,line-A4,machine-A6,lot-18,UP,bPZT,category-5,sub-b6,1,0,1
2026-11-20,47,plant-A,line-A3,machine-A6,lot-36,DN,aPZT,category-3,sub-a2,18,0,18
2026-11-20,47,plant-B,line-B3,machine-B1,lot-85,UP,aPZT,category-5,sub-a4,9,0,9
2026-11-20,47,plant-B,line-B7,machine-B6,lot-34,DN,bPZT,pass,pass,0,2647,2676
2026-11-20,47,plant-A,line-A10,machine-A9,lot-24,UP,bPZT,pass,pass,0,2425,2432
2026-11-20,47,plant-B,line-B4,machine-B10,lot-94,UP,aPZT,pass,pass,0,2284,2391
2026-11-20,47,plant-B,line-B8,machine-B2,lot-96,DN,bPZT,category-5,sub-b7,22,0,22
2026-11-20,47,plant-A,line-A3,machine-A6,lot-36,UP,bPZT,pass,pass,0,2372,2488
2026-11-21,47,plant-A,line-A2,machine-A1,lot-12,DN,bPZT,category-2,sub-b10,4,0,4
2026-11-21,47,plant-A,line-A4,machine-A7,lot-20,UP,aPZT,pass,pass,0,2921,3116
2026-11-21,47,plant-B,line-B10,machine-B4,lot-75,UP,aPZT,pass,pass,0,2694,2753
2026-11-21,47,plant-B,line-B10,machine-B4,lot-75,UP,aPZT,category-3,sub-a7,19,0,19
2026-11-21,47,plant-A,line-A10,machine-A3,lot-54,DN,aPZT,pass,pass,0,2600,2791
2026-11-21,47,plant-A,line-A9,machine-A1,lot-82,UP,aPZT,category-2,sub-a6,30,0,30
2026-11-21,47,plant-A,line-A3,machine-A2,lot-76,DN,bPZT,pass,pass,0,2017,2026
2026-11-21,47,plant-A,line-A1,machine-A5,lot-17,Up,aPZT,category-2,,4,0,4
2026-11-21,47,plant-A,line-A10,machine-A8,lot-47,DN,bPZT,pass,pass,0,2713,2801
2026-11-21,47,plant-B,line-B5,machine-B10,lot-66,DN,aPZT,category-1,sub-a10,14,0,14
2026-11-21,47,plant-A,line-A10,machine-A3,lot-54,UP,bPZT,category-1,sub-b2,17,0,17
2026-11-21,47,plant-A,line-A2,machine-A1,lot-12,DN,aPZT,pass,pass,0,2434,2438
2026-11-21,47,plant-B,line-B8,machine-B10,lot-28,UP,aPZT,category-3,sub-a2,33,0,33
2026-11-21,47,plant-A,line-A10,machine-A7,lot-70,UP,aPZT,category-5,sub-a3,29,0,29
2026-11-21,47,plant-A,line-A4,machine-A9,lot-100,DN,bPZT,category-4,sub-b3,3,0,3
2026-11-21,47,plant-A,line-A10,machine-A8,lot-47,DN,bPZT,category-5,sub-b9,25,0,25
2026-11-21,47,plant-A,line-A2,machine-A8,lot-46,DN,aPZT,pass,pass,0,2683,2774
2026-11-21,47,plant-B,line-B8,machine-B7,lot-52,DN,aPZT,pass,pass,0,2598,2634
2026-11-21,47,plant-B,line-B8,machine-B2,lot-38,UP,aPZT,category-3,sub-a3,33,0,33
2026-11-21,47,plant-B,line-B4,machine-B9,lot-34,DN,aPZT,category-1,sub-a10,13,0,13
2026-11-21,47,plant-B,line-B8,machine-B7,lot-52,UP,aPZT,category-1,sub-a5,20,0,20
2026-11-21,47,plant-A,line-A2,machine-A2,lot-53,UP,bPZT,pass,pass,0,2917,2956
2026-11-21,47,plant-A,line-A10,machine-A3,lot-54,UP,aPZT,category-2,sub-a3,16,0,16
2026-11-21,47,plant-B,line-B10,machine-B4,lot-75,UP,aPZT,category-3,sub-a2,34,0,34
2026-11-21,47,plant-A,line-A2,machine-A2,lot-65,DN,bPZT,category-1,sub-b4,29,0,29
2026-11-21,47,plant-A,line-A4,machine-A9,lot-100,DN,aPZT,category-2,sub-a1,38,0,38
2026-11-21,47,plant-A,line-A10,machine-A2,lot-64,UP,bPZT,pass,,0,2241,2283
2026-11-21,47,plant-A,line-A1,machine-A5,lot-17,UP,bPZT,category-3,sub-b5,29,0,29
2026-11-21,47,plant-B,line-B10,machine-B4,lot-75,DN,bPZT,category-3,sub-b4,29,0,29
2026-11-21,47,plant-A,line-A10,machine-A2,lot-64,DN,bPZT,category-3,sub-b8,21,0,21
2026-11-21,47,plant-B,line-B5,machine-B10,lot-66,UP,aPZT,category-2,sub-a6,5,0,5
2026-11-21,47,plant-A,line-A2,machine-A2,lot-65,UP,aPZT,category-2,sub-a2,14,0,14
2026-11-21,47,plant-A,line-A3,machine-A2,lot-76,DN,bPZT,category-4,sub-b8,1,0,1
2026-11-21,47,plant-B,line-B8,machine-B8,lot-8,UP,aPZT,category-2,sub-a3,29,0,29
2026-11-21,47,plant-A,line-A3,machine-A2,lot-76,UP,bPZT,category-4,sub-b2,27,0,27
2026-11-21,47,plant-B,line-B8,machine-B2,lot-38,UP,aPZT,category-3,sub-a8,9,0,9
2026-11-21,47,plant-B,line-B9,machine-B2,lot-24,DN,aPZT,category-3,sub-a4,13,0,13
2026-11-21,47,plant-B,line-B10,machine-B9,lot-73,DN,aPZT,category-4,sub-a5,20,0,20
2026-11-21,47,plant-A,line-A4,machine-A7,lot-20,DN,bPZT,category-3,sub-b3,5,0,5
2026-11-21,47,plant-A,line-A1,machine-A5,lot-17,DN,aPZT,category-2,sub-a3,8,0,8
2026-11-21,47,plant-A,line-A9,machine-A1,lot-82,UP,bPZT,category-5,sub-b2,13,0,13
2026-11-21,47,plant-B,line-B9,machine-B2,lot-24,UP,aPZT,category-5,sub-a5,21,0,21
2026-11-21,47,plant-A,line-A2,machine-A8,lot-46,UP,aPZT,category-5,sub-a6,6,0,6
2026-11-21,47,plant-B,line-B10,machine-B9,lot-73,UP,bPZT,category-5,sub-b2,2,0,2
2026-11-21,47,plant-B,line-B9,machine-B5,lot-5,UP,aPZT,category-5,sub-a2,33,0,33
2026-11-21,47,plant-B,line-B8,machine-B7,lot-52,DN,aPZT,category-4,sub-a7,30,0,30
2026-11-21,47,plant-A,line-A4,machine-A9,lot-100,UP,bPZT,pass,pass,0,2934,3031
2026-11-21,47,plant-A,line-A2,machine-A2,lot-53,DN,aPZT,category-1,sub-a4,39,0,39
2026-11-21,47,plant-B,line-B1,machine-B5,lot-21,UP,aPZT,pass,pass,0,2816,2834
2026-11-21,47,plant-A,line-A10,machine-A3,lot-54,UP,bPZT,category-3,sub-b4,35,0,35
2026-11-21,47,plant-A,line-A2,machine-A1,lot-12,UP,bPZT,pass,pass,0,2434,2492
2026-11-21,47,plant-B,line-B8,machine-B8,lot-8,UP,aPZT,pass,pass,0,2522,2579
2026-11-21,47,plant-B,line-B8,machine-B10,lot-28,DN,bPZT,category-1,sub-b2,17,0,17
2026-11-21,47,plant-A,line-A1,machine-A5,lot-17,DN,bPZT,pass,pass,0,2265,2282
2026-11-21,47,plant-B,line-B5,machine-B10,lot-66,UP,bPZT,category-2,sub-b9,7,0,7
2026-11-21,47,plant-A,line-A10,machine-A8,lot-47,UP,aPZT,category-4,,36,0,36
2026-11-21,47,plant-A,line-A4,machine-A9,lot-100,DN,aPZT,pass,pass,0,2934,2937
2026-11-21,47,plant-B,line-B8,machine-B2,lot-38,DN,aPZT,category-1,sub-a10,25,0,25
2026-11-21,47,plant-B,line-B8,machine-B8,lot-8,DN,bPZT,category-5,sub-b5,32,0,32
2026-11-21,47,plant-A,line-A10,machine-A7,lot-70,DN,aPZT,pass,pass,0,2273,2395
2026-11-21,47,plant-A,line-A2,machine-A2,lot-65,UP,bPZT,category-3,sub-b6,15,0,15
2026-11-21,47,plant-B,line-B8,machine-B2,lot-38,DN,bPZT,category-1,sub-b3,19,0,19
2026-11-21,47,plant-A,line-A10,machine-A8,lot-47,UP,bPZT,category-1,sub-b7,6,0,6
2026-11-21,47,plant-B,line-B10,machine-B4,lot-75,UP,bPZT,category-5,sub-b7,7,0,7
2026-11-21,47,plant-B,line-B9,machine-B5,lot-5,UP,bPZT,pass,pass,0,2562,2595
2026-11-21,47,plant-B,line-B8,machine-B7,lot-52,DN,bPZT,pass,pass,0,2598,2652
2026-11-21,47,plant-A,line-A5,machine-A7,lot-13,UP,aPZT,pass,pass,0,2912,2948
2026-11-21,47,plant-B,line-B4,machine-B9,lot-34,UP,aPZT,pass,pass,0,2672,2734
2026-11-21,47,plant-B,line-B9,machine-B2,lot-24,DN,aPZT,category-3,sub-a3,29,0,29
2026-11-21,47,plant-B,line-B8,machine-B10,lot-28,DN,bPZT,category-5,sub-b1,27,0,27
2026-11-21,47,plant-B,line-B1,machine-B5,lot-21,DN,aPZT,category-2,sub-a10,23,0,23
2026-11-21,47,plant-B,line-B8,machine-B2,lot-38,DN,aPZT,pass,pass,0,2907,2982
2026-11-21,47,plant-B,line-B5,machine-B10,lot-66,DN,bPZT,pass,pass,0,2580,2599
2026-11-21,47,plant-A,line-A10,machine-A7,lot-70,DN,bPZT,pass,pass,0,2273,2302
2026-11-21,47,plant-A,line-A2,machine-A8,lot-46,DN,bPZT,category-1,sub-b5,38,0,38
2026-11-21,47,plant-B,line-B4,machine-B9,lot-34,DN,bPZT,category-1,sub-b5,26,0,26
2026-11-21,47,plant-B,line-B1,machine-B5,lot-21,DN,bPZT,pass,pass,0,2816,2950
2026-11-21,47,plant-A,line-A10,machine-A2,lot-64,DN,aPZT,category-3,sub-a5,15,0,15
2026-11-21,47,plant-B,line-B8,machine-B2,lot-38,UP,bPZT,category-1,sub-b6,16,0,16
2026-11-21,47,plant-A,line-A10,machine-A7,lot-70,DN,bPZT,category-4,sub-b1,24,0,24
2026-11-21,47,plant-B,line-B8,machine-B10,lot-28,DN,aPZT,pass,pass,0,2191,2315
2026-11-21,47,plant-A,line-A5,machine-A7,lot-13,DN,bPZT,category-1,sub-b3,36,0,36
2026-11-21,47,plant-B,line-B9,machine-B5,lot-5,DN,bPZT,category-4,sub-b6,35,0,35
2026-11-21,47,plant-A,line-A9,machine-A1,lot-82,DN,bPZT,category-3,sub-b10,4,0,4
2026-11-21,47,plant-A,line-A4,machine-A7,lot-20,UP,aPZT,category-2,sub-a10,21,0,21
2026-11-21,47,plant-A,line-A1,machine-A5,lot-17,UP,bPZT,category-1,sub-b7,9,0,9
2026-11-21,47,plant-B,line-B1,machine-B5,lot-21,UP,aPZT,category-3,sub-a10,9,0,9
2026-11-21,47,plant-A,line-A10,machine-A7,lot-70,UP,bPZT,category-4,sub-b2,38,0,38
2026-11-21,47,plant-A,line-A9,machine-A1,lot-82,DN,bPZT,category-3,sub-b8,25,0,25
2026-11-21,47,plant-A,line-A3,machine-A2,lot-76,UP,bPZT,category-2,sub-b10,37,0,37
2026-11-21,47,plant-A,line-A10,machine-A8,lot-47,UP,aPZT,category-3,sub-a2,19,0,19
2026-11-21,47,plant-A,line-A5,machine-A7,lot-13,uP,aPZT,category-3,sub-a1,19,0,19
2026-11-21,47,plant-A,line-A5,machine-A7,lot-13,UP,aPZT,category-5,sub-a8,32,0,32
2026-11-21,47,plant-A,line-A10,machine-A3,lot-54,DN,bPZT,pass,pass,0,2600,2645
2026-11-21,47,plant-B,line-B9,machine-B5,lot-5,DN,bPZT,category-3,sub-b5,29,0,29
2026-11-21,47,plant-A,line-A2,machine-A2,lot-65,DN,aPZT,category-4,sub-a5,15,0,15
2026-11-21,47,plant-A,line-A2,machine-A2,lot-53,DN,bPZT,category-5,sub-b4,35,0,35
2026-11-21,47,plant-B,line-B8,machine-B7,lot-52,UP,bPZT,category-1,sub-b3,36,0,36
2026-11-21,47,plant-A,line-A4,machine-A9,lot-100,up,aPZT,category-3,sub-a5,31,0,31
2026-11-21,47,plant-B,line-B1,machine-B5,lot-21,UP,aPZT,category-2,sub-a4,29,0,29
2026-11-21,47,plant-A,line-A3,machine-A2,lot-76,DN,bPZT,category-3,sub-b2,9,0,9
2026-11-21,47,plant-B,line-B9,machine-B2,lot-24,UP,aPZT,pass,pass,0,2098,2118
2026-11-21,47,plant-A,line-A9,machine-A1,lot-82,DN,bPZT,pass,pass,0,2311,2361
2026-11-21,47,plant-B,line-B8,machine-B8,lot-8,DN,aPZT,category-1,sub-a6,40,0,40
2026-11-21,47,plant-B,line-B10,machine-B9,lot-73,UP,aPZT,category-3,sub-a5,16,0,16
2026-11-21,47,plant-A,line-A2,machine-A2,lot-65,DN,bPZT,pass,pass,0,2147,2176
2026-11-21,47,plant-A,line-A5,machine-A7,lot-13,DN,aPZT,category-2,sub-a6,22,0,22
2026-11-21,47,plant-B,line-B8,machine-B10,lot-28,DN,bPZT,category-4,sub-b6,6,0,6
2026-11-21,47,plant-A,line-A2,machine-A2,lot-65,DN,bPZT,category-2,sub-b7,21,0,21
2026-11-21,47,plant-B,line-B10,machine-B4,lot-75,UP,bPZT,pass,pass,0,2694,2785
2026-11-21,47,plant-A,line-A4,machine-A9,lot-100,DN,aPZT,category-2,sub-a2,28,0,28
2026-11-21,47,plant-A,line-A9,machine-A1,lot-82,UP,bPZT,category-2,sub-b3,7,0,7
2026-11-21,47,plant-A,line-A10,machine-A8,lot-47,UP,bPZT,category-4,sub-b2,26,0,26
2026-11-21,47,plant-A,line-A10,machine-A2,lot-64,DN,bPZT,category-5,sub-b6,20,0,20
2026-11-21,47,plant-A,line-A10,machine-A3,lot-54,UP,bPZT,category-4,sub-b2,30,0,30
2026-11-21,47,plant-B,line-B5,machine-B10,lot-66,DN,bPZT,category-3,sub-b9,34,0,34
2026-11-21,47,plant-B,line-B8,machine-B10,lot-28,UP,bPZT,category-2,sub-b3,25,0,25
2026-11-21,47,plant-A,line-A5,machine-A7,lot-13,UP,bPZT,pass,pass,0,2912,2985
2026-11-21,47,plant-A,line-A4,machine-A7,lot-20,DN,bPZT,pass,pass,0,2921,3004
2026-11-21,47,plant-B,line-B9,machine-B2,lot-24,DN,aPZT,category-4,sub-a3,12,0,12
2026-11-21,47,plant-A,line-A2,machine-A2,lot-65,up,bPZT,category-5,sub-b5,14,0,14
2026-11-21,47,plant-B,line-B8,machine-B7,lot-52,UP,aPZT,category-4,sub-a7,4,0,4
2026-11-21,47,plant-A,line-A1,machine-A5,lot-17,UP,aPZT,pass,pass,0,2265,2303
2026-11-21,47,plant-B,line-B1,machine-B5,lot-21,DN,aPZT,category-5,sub-a8,25,0,25
2026-11-21,47,plant-B,line-B1,machine-B5,lot-21,UP,aPZT,category-1,sub-a1,32,0,32
2026-11-21,47,plant-B,line-B8,machine-B8,lot-8,DN,bPZT,pass,pass,0,2522,2617
2026-11-21,47,plant-A,line-A2,machine-A2,lot-65,UP,aPZT,pass,pass,0,2147,2226
2026-11-21,47,plant-B,line-B9,machine-B2,lot-24,DN,bPZT,category-1,sub-b3,4,0,4
2026-11-21,47,plant-B,line-B8,machine-B10,lot-28,UP,bPZT,category-2,sub-b5,18,0,18
2026-11-21,47,plant-A,line-A10,machine-A7,lot-70,UP,bPZT,category-4,sub-b2,39,0,39
2026-11-21,47,plant-B,line-B1,machine-B5,lot-21,UP,aPZT,category-5,sub-a7,16,0,16
2026-11-21,47,plant-B,line-B5,machine-B10,lot-66,DN,aPZT,pass,pass,0,2580,2621
2026-11-21,47,plant-B,line-B1,machine-B5,lot-21,DN,bPZT,category-4,sub-b10,18,0,18
2026-11-21,47,plant-B,line-B9,machine-B2,lot-24,DN,bPZT,category-1,sub-b3,9,0,9
2026-11-21,47,plant-A,line-A4,machine-A7,lot-20,DN,bPZT,category-4,sub-b8,13,0,13
2026-11-21,47,plant-A,line-A10,machine-A2,lot-64,DN,aPZT,category-2,sub-a5,27,0,27
2026-11-21,47,plant-B,line-B9,machine-B2,lot-24,DN,bPZT,category-1,sub-b9,7,0,7
2026-11-21,47,plant-B,line-B8,machine-B2,lot-38,UP,bPZT,category-1,sub-b3,32,0,32
2026-11-21,47,plant-A,line-A2,machine-A1,lot-12,DN,aPZT,category-5,sub-a2,10,0,10
2026-11-21,47,plant-B,line-B8,machine-B10,lot-28,DN,bPZT,category-4,sub-b5,30,0,30
2026-11-21,47,plant-A,line-A3,machine-A2,lot-76,DN,aPZT,pass,pass,0,2017,2099
2026-11-21,47,plant-B,line-B8,machine-B8,lot-8,DN,bPZT,category-1,sub-b4,2,0,2
2026-11-21,47,plant-B,line-B9,machine-B2,lot-24,UP,bPZT,pass,pass,0,2098,2203
2026-11-21,47,plant-A,line-A2,machine-A2,lot-53,DN,aPZT,pass,pass,0,2917,2952
2026-11-21,47,plant-A,line-A4,machine-A7,lot-20,DN,bPZT,category-3,sub-b1,28,0,28
2026-11-21,47,plant-B,line-B9,machine-B5,lot-5,DN,aPZT,pass,pass,0,2562,2647
2026-11-21,47,plant-B,line-B4,machine-B9,lot-34,uP,bPZT,category-1,sub-b3,36,0,36
2026-11-21,47,plant-A,line-A2,machine-A8,lot-46,DN,bPZT,pass,pass,0,2683,2698
2026-11-21,47,plant-B,line-B10,machine-B9,lot-73,DN,bPZT,category-1,sub-b1,6,0,6
2026-11-21,47,plant-A,line-A10,machine-A3,lot-54,UP,bPZT,category-2,sub-b8,17,0,17
2026-11-21,47,plant-A,line-A10,machine-A3,lot-54,UP,aPZT,category-3,sub-a3,29,0,29
2026-11-21,47,plant-A,line-A2,machine-A1,lot-12,UP,aPZT,category-3,sub-a8,18,0,18
2026-11-21,47,plant-B,line-B10,machine-B9,lot-73,UP,bPZT,pass,pass,0,2082,2119
2026-11-21,47,plant-A,line-A4,machine-A7,lot-20,UP,bPZT,category-3,sub-b9,40,0,40
2026-11-21,47,plant-A,line-A9,machine-A1,lot-82,UP,aPZT,category-2,sub-a7,20,0,20
2026-11-21,47,plant-A,line-A3,machine-A2,lot-76,UP,aPZT,category-2,sub-a9,9,0,9
2026-11-21,47,plant-B,line-B4,machine-B9,lot-34,UP,aPZT,category-5,sub-a9,22,0,22
2026-11-21,47,plant-A,line-A10,machine-A7,lot-70,DN,bPZT,category-3,sub-b1,8,0,8
2026-11-21,47,plant-A,line-A10,machine-A7,lot-70,UP,bPZT,category-4,sub-b9,2,0,2
2026-11-21,47,plant-A,line-A10,machine-A8,lot-47,UP,aPZT,category-5,sub-a6,2,0,2
2026-11-21,47,plant-A,line-A10,machine-A3,lot-54,DN,bPZT,category-2,sub-b10,23,0,23
2026-11-21,47,plant-A,line-A9,machine-A1,lot-82,DN,bPZT,category-1,sub-b4,25,0,25
2026-11-21,47,plant-A,line-A1,machine-A5,lot-17,DN,aPZT,category-2,sub-a2,5,0,5
2026-11-21,47,plant-B,line-B8,machine-B2,lot-38,DN,bPZT,category-3,sub-b6,8,0,8
2026-11-21,47,plant-B,line-B10,machine-B4,lot-75,UP,aPZT,category-1,sub-a3,7,0,7
2026-11-21,47,plant-A,line-A10,machine-A8,lot-47,DN,aPZT,category-2,sub-a8,31,0,31
2026-11-21,47,plant-B,line-B8,machine-B10,lot-28,DN,bPZT,category-2,sub-b3,1,0,1
2026-11-21,47,plant-B,line-B10,machine-B9,lot-73,DN,aPZT,category-2,sub-a7,1,0,1
2026-11-21,47,plant-B,line-B9,machine-B2,lot-24,DN,aPZT,category-5,sub-a3,30,0,30
2026-11-21,47,plant-B,line-B8,machine-B2,lot-38,DN,aPZT,category-4,sub-a6,6,0,6
2026-11-21,47,plant-A,line-A4,machine-A7,lot-20,UP,bPZT,category-5,sub-b8,25,0,25
2026-11-21,47,plant-B,line-B10,machine-B9,lot-73,UP,aPZT,pass,pass,0,2082,2127
2026-11-21,47,plant-A,line-A10,machine-A7,lot-70,DN,bPZT,category-1,sub-b8,11,0,11
2026-11-21,47,plant-B,line-B8,machine-B8,lot-8,UP,aPZT,category-1,sub-a2,26,0,26
2026-11-21,47,plant-A,line-A2,machine-A8,lot-46,UP,aPZT,category-1,sub-a2,9,0,9
2026-11-21,47,plant-B,line-B4,machine-B9,lot-34,UP,bPZT,pass,pass,0,2672,2707
2026-11-21,47,plant-A,line-A10,machine-A2,lot-64,UP,bPZT,category-2,sub-b10,29,0,29
2026-11-21,47,plant-B,line-B10,machine-B9,lot-73,UP,bPZT,category-5,sub-b6,37,0,37
2026-11-21,47,plant-A,line-A10,machine-A3,lot-54,DN,bPZT,category-3,sub-b2,39,0,39
2026-11-21,47,plant-A,line-A10,machine-A8,lot-47,DN,bPZT,category-4,sub-b7,26,0,26
2026-11-21,47,plant-A,line-A2,machine-A8,lot-46,UP,bPZT,category-4,sub-b3,34,0,34
2026-11-21,47,plant-A,line-A4,machine-A7,lot-20,UP,bPZT,category-1,sub-b1,33,0,33
2026-11-21,47,plant-B,line-B8,machine-B8,lot-8,DN,bPZT,category-1,sub-b5,23,0,23
2026-11-21,47,plant-A,line-A10,machine-A8,lot-47,UP,aPZT,pass,pass,0,2713,2811
2026-11-21,47,plant-A,line-A2,machine-A1,lot-12,UP,aPZT,category-1,sub-a2,30,0,30
2026-11-21,47,plant-B,line-B10,machine-B4,lot-75,UP,aPZT,category-2,sub-a2,31,0,31
2026-11-21,47,plant-B,line-B8,machine-B10,lot-28,UP,bPZT,pass,pass,0,2191,2224
2026-11-21,47,plant-A,line-A4,machine-A7,lot-20,DN,bPZT,category-2,sub-b5,17,0,17
2026-11-21,47,plant-A,line-A9,machine-A1,lot-82,UP,aPZT,pass,pass,0,2311,2385
2026-11-21,47,plant-A,line-A2,machine-A8,lot-46,UP,bPZT,category-2,sub-b10,19,0,19
2026-11-21,47,plant-B,line-B10,machine-B4,lot-75,DN,bPZT,category-5,sub-b8,23,0,23
2026-11-21,47,plant-A,line-A4,machine-A7,lot-20,DN,aPZT,category-4,sub-a3,26,0,26
2026-11-21,47,plant-A,line-A10,machine-A3,lot-54,UP,bPZT,category-5,sub-b3,30,0,30
2026-11-21,47,plant-A,line-A4,machine-A7,lot-20,DN,aPZT,category-3,sub-a4,36,0,36
2026-11-21,47,plant-B,line-B9,machine-B5,lot-5,DN,bPZT,category-3,sub-b2,21,0,21
2026-11-21,47,plant-B,line-B8,machine-B2,lot-38,UP,bPZT,pass,pass,0,2907,2980
2026-11-21,47,plant-A,line-A10,machine-A2,lot-64,DN,aPZT,pass,pass,0,2241,2311
2026-11-21,47,plant-A,line-A4,machine-A7,lot-20,DN,bPZT,category-5,sub-b7,34,0,34
2026-11-21,47,plant-A,line-A10,machine-A8,lot-47,UP,bPZT,category-3,sub-b2,15,0,15
2026-11-21,47,plant-A,line-A3,machine-A2,lot-76,UP,bPZT,category-3,sub-b8,8,0,8
2026-11-22,47,plant-B,line-B5,machine-B6,lot-49,DN,bPZT,category-3,sub-b2,16,0,16
2026-11-22,47,plant-B,line-B5,machine-B1,lot-74,DN,aPZT,category-2,sub-a3,30,0,30
2026-11-22,47,plant-B,line-B2,machine-B7,lot-3,UP,aPZT,category-4,sub-a1,30,0,30
2026-11-22,47,plant-A,line-A3,machine-A5,lot-2,DN,bPZT,category-3,sub-b2,22,0,22
2026-11-22,47,plant-B,line-B3,machine-B1,lot-45,DN,bPZT,category-2,sub-b8,13,0,13
2026-11-22,47,plant-A,line-A6,machine-A10,lot-1,UP,aPZT,category-4,sub-a2,12,0,12
2026-11-22,47,plant-B,line-B8,machine-B3,lot-98,DN,aPZT,category-2,sub-a9,19,0,19
2026-11-22,47,plant-A,line-A8,machine-A2,lot-55,UP,bPZT,category-1,sub-b4,24,0,24
2026-11-22,47,plant-B,line-B5,machine-B1,lot-74,DN,aPZT,category-4,sub-a1,37,0,37
2026-11-22,47,plant-A,line-A7,machine-A8,lot-16,DN,bPZT,category-4,sub-b7,16,0,16
2026-11-22,47,plant-B,line-B2,machine-B7,lot-3,UP,aPZT,category-1,sub-a10,22,0,22
2026-11-22,47,plant-A,line-A9,machine-A8,lot-68,UP,aPZT,category-1,sub-a4,3,0,3
2026-11-22,47,plant-B,line-B5,machine-B1,lot-74,up,aPZT,category-3,sub-a3,17,0,17
2026-11-22,47,plant-B,line-B8,machine-B7,lot-47,DN,aPZT,pass,pass,0,2761,2793
2026-11-22,47,plant-A,line-A7,machine-A8,lot-16,DN,aPZT,category-1,sub-a9,31,0,31
2026-11-22,47,plant-B,line-B9,machine-B6,lot-88,UP,aPZT,category-5,sub-a8,10,0,10
2026-11-22,47,plant-A,line-A4,machine-A10,lot-92,UP,aPZT,pass,pass,0,2842,2919
2026-11-22,47,plant-B,line-B3,machine-B1,lot-45,DN,bPZT,pass,pass,0,2600,2617
2026-11-22,47,plant-B,line-B5,machine-B1,lot-74,UP,bPZT,pass,pass,0,2048,2168
2026-11-22,47,plant-B,line-B5,machine-B6,lot-49,Dn,aPZT,pass,pass,0,2184,2295
2026-11-22,47,plant-A,line-A4,machine-A10,lot-92,UP,aPZT,category-2,sub-a3,5,0,5
2026-11-22,47,plant-A,line-A7,machine-A8,lot-16,DN,bPZT,category-4,sub-b2,19,0,19
2026-11-22,47,plant-A,line-A9,machine-A2,lot-78,UP,bPZT,category-3,sub-b9,2,0,2
2026-11-22,47,plant-B,line-B8,machine-B7,lot-18,UP,aPZT,category-2,sub-a1,14,0,14
2026-11-22,47,plant-A,line-A4,machine-A4,lot-62,up,bPZT,category-5,,35,0,35
2026-11-22,47,plant-B,line-B10,machine-B9,lot-15,UP,bPZT,category-3,sub-b2,29,0,29
2026-11-22,47,plant-A,line-A9,machine-A8,lot-68,UP,aPZT,category-1,sub-a2,30,0,30
2026-11-22,47,plant-B,line-B8,machine-B3,lot-98,UP,aPZT,category-5,sub-a4,11,0,11
2026-11-22,47,plant-B,line-B8,machine-B7,lot-47,DN,aPZT,category-4,sub-a3,27,0,27
2026-11-22,47,plant-A,line-A3,machine-A7,lot-32,UP,aPZT,category-3,sub-a7,2,0,2
2026-11-22,47,plant-B,line-B9,machine-B6,lot-88,UP,bPZT,pass,pass,0,2706,2845
2026-11-22,47,plant-A,line-A4,machine-A4,lot-62,DN,bPZT,category-1,sub-b9,39,0,39
2026-11-22,47,plant-A,line-A8,machine-A2,lot-55,DN,aPZT,category-1,sub-a10,10,0,10
2026-11-22,47,plant-A,line-A3,machine-A5,lot-14,UP,aPZT,category-1,sub-a8,24,0,24
2026-11-22,47,plant-A,line-A9,machine-A2,lot-78,UP,aPZT,category-3,sub-a8,38,0,38
2026-11-22,47,plant-B,line-B8,machine-B3,lot-98,DN,bPZT,category-5,sub-b4,33,0,33
2026-11-22,47,plant-B,line-B8,machine-B7,lot-18,UP,aPZT,category-3,sub-a10,34,0,34
2026-11-22,47,plant-B,line-B8,machine-B3,lot-98,DN,aPZT,category-2,sub-a6,18,0,18
2026-11-22,47,plant-A,line-A9,machine-A2,lot-78,DN,aPZT,category-3,sub-a1,20,0,20
2026-11-22,47,plant-A,line-A7,machine-A8,lot-16,UP,aPZT,pass,pass,0,2880,2941
2026-11-22,47,plant-A,line-A3,machine-A5,lot-14,DN,bPZT,pass,pass,0,2962,2998
2026-11-22,47,plant-A,line-A1,machine-A10,lot-85,DN,bPZT,category-5,sub-b7,35,0,35
2026-11-22,47,plant-B,line-B5,machine-B1,lot-74,UP,aPZT,pass,pass,0,2048,2100
2026-11-22,47,plant-A,line-A3,machine-A7,lot-32,UP,aPZT,category-4,,2,0,2
2026-11-22,47,plant-A,line-A9,machine-A8,lot-68,UP,bPZT,category-1,sub-b4,33,0,33
2026-11-22,47,plant-B,line-B9,machine-B6,lot-79,UP,aPZT,category-1,sub-a5,3,0,3
2026-11-22,47,plant-B,line-B5,machine-B1,lot-74,DN,bPZT,category-4,sub-b1,14,0,14
2026-11-22,47,plant-A,line-A10,machine-A2,lot-5,DN,bPZT,category-5,sub-b10,18,0,18
2026-11-22,47,plant-B,line-B8,machine-B7,lot-47,DN,aPZT,category-4,sub-a8,1,0,1
2026-11-22,47,plant-B,line-B9,machine-B6,lot-88,DN,aPZT,category-3,sub-a4,34,0,34
2026-11-22,47,plant-A,line-A1,machine-A10,lot-85,UP,bPZT,category-4,sub-b2,5,0,5
2026-11-22,47,plant-B,line-B8,machine-B7,lot-47,UP,bPZT,category-4,sub-b4,19,0,19
2026-11-22,47,plant-B,line-B8,machine-B3,lot-98,DN,aPZT,pass,pass,0,2645,2678
2026-11-22,47,plant-B,line-B8,machine-B7,lot-18,DN,bPZT,pass,pass,0,2271,2386
2026-11-22,47,plant-B,line-B5,machine-B6,lot-49,UP,bPZT,category-4,sub-b9,25,0,25
2026-11-22,47,plant-A,line-A3,machine-A5,lot-14,DN,bPZT,category-5,sub-b1,23,0,23
2026-11-22,47,plant-B,line-B9,machine-B6,lot-88,DN,aPZT,pass,pass,0,2706,2721
2026-11-22,47,plant-A,line-A3,machine-A5,lot-14,UP,bPZT,category-1,sub-b6,14,0,14
2026-11-22,47,plant-B,line-B8,machine-B7,lot-18,UP,aPZT,category-5,sub-a10,3,0,3
2026-11-22,47,plant-B,line-B10,machine-B9,lot-15,DN,aPZT,pass,pass,0,2564,2653
2026-11-22,47,plant-B,line-B8,machine-B7,lot-18,UP,aPZT,category-3,sub-a5,26,0,26
2026-11-22,47,plant-A,line-A6,machine-A10,lot-44,UP,bPZT,category-2,sub-b1,5,0,5
2026-11-22,47,plant-B,line-B8,machine-B3,lot-98,DN,aPZT,category-2,sub-a8,37,0,37
2026-11-22,47,plant-A,line-A1,machine-A10,lot-85,UP,bPZT,category-1,sub-b4,31,0,31
2026-11-22,47,plant-B,line-B8,machine-B7,lot-18,UP,bPZT,category-5,sub-b3,16,0,16
2026-11-22,47,plant-A,line-A6,machine-A8,lot-90,DN,bPZT,pass,pass,0,2338,2403
2026-11-22,47,plant-B,line-B9,machine-B6,lot-88,UP,aPZT,category-4,sub-a5,9,0,9
2026-11-22,47,plant-B,line-B2,machine-B7,lot-3,UP,bPZT,pass,pass,0,2928,3019
2026-11-22,47,plant-B,line-B9,machine-B6,lot-79,UP,bPZT,category-4,sub-b4,27,0,27
2026-11-22,47,plant-B,line-B10,machine-B9,lot-15,DN,bPZT,category-1,sub-b10,18,0,18
2026-11-22,47,plant-A,line-A4,machine-A10,lot-92,DN,bPZT,category-3,sub-b9,38,0,38
2026-11-22,47,plant-A,line-A10,machine-A2,lot-5,UP,aPZT,category-3,sub-a2,13,0,13
2026-11-22,47,plant-B,line-B9,machine-B6,lot-79,DN,aPZT,pass,pass,0,2734,2781
2026-11-22,47,plant-A,line-A8,machine-A2,lot-55,UP,aPZT,pass,pass,0,2855,2879
2026-11-22,47,plant-A,line-A4,machine-A10,lot-92,UP,bPZT,category-4,sub-b2,39,0,39
2026-11-22,47,plant-A,line-A4,machine-A10,lot-92,UP,aPZT,category-2,sub-a1,11,0,11
2026-11-22,47,plant-B,line-B10,machine-B9,lot-15,UP,bPZT,pass,pass,0,2564,2608
2026-11-22,47,plant-A,line-A4,machine-A4,lot-62,DN,aPZT,category-4,sub-a6,18,0,18
2026-11-22,47,plant-A,line-A5,machine-A2,lot-4,DN,aPZT,category-3,sub-a6,16,0,16
2026-11-22,47,plant-A,line-A1,machine-A10,lot-85,DN,bPZT,category-2,sub-b5,32,0,32
2026-11-22,47,plant-A,line-A4,machine-A10,lot-92,DN,bPZT,pass,pass,0,2842,2882
2026-11-22,47,plant-A,line-A10,machine-A2,lot-5,DN,bPZT,category-1,sub-b9,5,0,5
2026-11-22,47,plant-A,line-A6,machine-A8,lot-90,UP,aPZT,pass,pass,0,2338,2369
2026-11-22,47,plant-A,line-A3,machine-A5,lot-2,DN,aPZT,category-2,sub-a7,35,0,35
2026-11-22,47,plant-A,line-A5,machine-A2,lot-4,DN,aPZT,pass,pass,0,2176,2208
2026-11-22,47,plant-A,line-A6,machine-A10,lot-1,DN,bPZT,category-3,sub-b5,16,0,16
2026-11-22,47,plant-A,line-A1,machine-A10,lot-85,DN,aPZT,pass,pass,0,2016,2162
2026-11-22,47,plant-A,line-A3,machine-A7,lot-32,DN,bPZT,category-1,sub-b6,3,0,3
2026-11-22,47,plant-B,line-B2,machine-B7,lot-3,dn,aPZT,pass,pass,0,2928,2991
2026-11-22,47,plant-B,line-B5,machine-B1,lot-74,UP,bPZT,category-4,sub-b8,9,0,9
2026-11-22,47,plant-B,line-B3,machine-B1,lot-45,DN,bPZT,category-1,sub-b1,40,0,40
2026-11-22,47,plant-A,line-A6,machine-A10,lot-1,UP,aPZT,category-3,sub-a7,6,0,6
2026-11-22,47,plant-B,line-B5,machine-B1,lot-74,UP,aPZT,category-5,sub-a4,36,0,36
2026-11-22,47,plant-A,line-A9,machine-A8,lot-68,UP,bPZT,category-4,sub-b10,16,0,16
2026-11-22,47,plant-B,line-B5,machine-B1,lot-74,UP,bPZT,category-4,sub-b2,21,0,21
2026-11-22,47,plant-A,line-A9,machine-A8,lot-68,UP,bPZT,category-3,sub-b7,7,0,7
2026-11-22,47,plant-A,line-A4,machine-A4,lot-62,UP,aPZT,category-1,sub-a10,30,0,30
2026-11-22,47,plant-A,line-A3,machine-A5,lot-2,UP,bPZT,pass,pass,0,2969,3050
2026-11-22,47,plant-A,line-A4,machine-A4,lot-62,UP,aPZT,category-5,sub-a10,36,0,36
2026-11-22,47,plant-A,line-A3,machine-A5,lot-2,DN,aPZT,category-1,sub-a6,10,0,10
2026-11-22,47,plant-A,line-A8,machine-A2,lot-55,DN,bPZT,pass,pass,0,2855,2987
2026-11-22,47,plant-A,line-A4,machine-A4,lot-62,DN,bPZT,category-3,sub-b5,27,0,27
2026-11-22,47,plant-A,line-A9,machine-A8,lot-68,DN,aPZT,category-4,sub-a4,26,0,26
2026-11-22,47,plant-B,line-B2,machine-B7,lot-3,UP,bPZT,category-1,sub-b4,39,0,39
2026-11-22,47,plant-A,line-A8,machine-A2,lot-55,UP,aPZT,category-1,sub-a1,29,0,29
2026-11-22,47,plant-B,line-B9,machine-B6,lot-79,DN,bPZT,category-3,sub-b10,6,0,6
2026-11-22,47,plant-A,line-A9,machine-A8,lot-68,UP,aPZT,pass,pass,0,2822,2907
2026-11-22,47,plant-A,line-A6,machine-A10,lot-44,UP,bPZT,pass,pass,0,2704,2731
2026-11-22,47,plant-A,line-A4,machine-A4,lot-62,DN,aPZT,category-3,sub-a7,14,0,14
2026-11-22,47,plant-B,line-B5,machine-B6,lot-49,uP,bPZT,category-5,,8,0,8
2026-11-22,47,plant-A,line-A4,machine-A4,lot-62,DN,bPZT,pass,pass,0,2077,2208
2026-11-22,47,plant-A,line-A8,machine-A2,lot-55,DN,aPZT,category-1,sub-a4,38,0,38
2026-11-22,47,plant-A,line-A9,machine-A8,lot-68,DN,bPZT,pass,pass,0,2822,2881
2026-11-22,47,plant-A,line-A6,machine-A10,lot-44,DN,aPZT,pass,pass,0,2704,2709
2026-11-22,47,plant-B,line-B8,machine-B7,lot-47,UP,aPZT,category-3,sub-a3,4,0,4
2026-11-22,47,plant-A,line-A7,machine-A8,lot-16,DN,bPZT,category-4,sub-b7,9,0,9
2026-11-22,47,plant-B,line-B8,machine-B7,lot-18,DN,bPZT,category-3,sub-b2,39,0,39
2026-11-22,47,plant-B,line-B5,machine-B6,lot-49,DN,bPZT,pass,pass,0,2184,2196
2026-11-22,47,plant-A,line-A6,machine-A10,lot-1,DN,bPZT,category-3,sub-b7,33,0,33
2026-11-22,47,plant-A,line-A3,machine-A5,lot-14,DN,bPZT,category-4,sub-b4,32,0,32
2026-11-22,47,plant-B,line-B5,machine-B6,lot-49,DN,bPZT,category-5,sub-b2,19,0,19
2026-11-22,47,plant-A,line-A6,machine-A10,lot-1,UP,bPZT,category-4,sub-b5,40,0,40
2026-11-22,47,plant-B,line-B10,machine-B9,lot-15,UP,bPZT,category-3,sub-b10,11,0,11
2026-11-22,47,plant-A,line-A3,machine-A5,lot-2,UP,aPZT,category-5,sub-a5,8,0,8
2026-11-22,47,plant-A,line-A7,machine-A8,lot-16,UP,aPZT,category-2,sub-a5,13,0,13
2026-11-22,47,plant-A,line-A9,machine-A2,lot-78,DN,aPZT,pass,pass,0,2956,2958
2026-11-22,47,plant-A,line-A10,machine-A2,lot-5,DN,aPZT,pass,pass,0,2401,2424
2026-11-22,47,plant-A,line-A6,machine-A8,lot-90,UP,aPZT,category-1,sub-a5,19,0,19
2026-11-22,47,plant-A,line-A9,machine-A2,lot-78,UP,aPZT,category-3,sub-a2,23,0,23
2026-11-22,47,plant-A,line-A5,machine-A2,lot-4,UP,bPZT,pass,pass,0,2176,2205
2026-11-22,47,plant-B,line-B5,machine-B6,lot-49,UP,bPZT,category-3,sub-b1,24,0,24
2026-11-22,47,plant-B,line-B2,machine-B7,lot-3,DN,aPZT,category-2,sub-a1,14,0,14
2026-11-22,47,plant-A,line-A7,machine-A8,lot-16,UP,aPZT,category-1,sub-a10,20,0,20
2026-11-22,47,plant-A,line-A6,machine-A10,lot-1,DN,bPZT,pass,pass,0,2165,2183
2026-11-22,47,plant-A,line-A3,machine-A7,lot-32,UP,bPZT,pass,pass,0,2364,2426
2026-11-22,47,plant-A,line-A6,machine-A8,lot-90,DN,aPZT,category-2,sub-a2,29,0,29
2026-11-22,47,plant-B,line-B5,machine-B6,lot-49,DN,aPZT,category-4,sub-a8,12,0,12
2026-11-22,47,plant-B,line-B10,machine-B9,lot-15,DN,aPZT,category-2,sub-a1,30,0,30
2026-11-22,47,plant-B,line-B9,machine-B6,lot-88,UP,aPZT,category-2,sub-a5,17,0,17
2026-11-22,47,plant-A,line-A3,machine-A7,lot-32,UP,aPZT,category-1,sub-a2,22,0,22
2026-11-22,47,plant-B,line-B8,machine-B3,lot-98,UP,bPZT,pass,pass,0,2645,2760
2026-11-22,47,plant-A,line-A3,machine-A7,lot-32,DN,bPZT,category-2,sub-b6,39,0,39
2026-11-22,47,plant-B,line-B9,machine-B6,lot-88,DN,aPZT,category-2,sub-a2,40,0,40
2026-11-22,47,plant-A,line-A6,machine-A10,lot-44,UP,aPZT,category-3,sub-a10,11,0,11
2026-11-22,47,plant-A,line-A4,machine-A10,lot-92,DN,aPZT,category-1,sub-a2,24,0,24
2026-11-22,47,plant-A,line-A7,machine-A8,lot-16,DN,bPZT,category-3,sub-b7,8,0,8
2026-11-22,47,plant-B,line-B2,machine-B7,lot-3,UP,bPZT,category-5,sub-b9,24,0,24
2026-11-22,47,plant-B,line-B3,machine-B1,lot-45,UP,aPZT,category-1,sub-a10,17,0,17
2026-11-22,47,plant-A,line-A3,machine-A5,lot-2,DN,bPZT,category-1,sub-b5,11,0,11
2026-11-22,47,plant-B,line-B9,machine-B6,lot-88,UP,aPZT,category-5,sub-a2,4,0,4
2026-11-22,47,plant-A,line-A9,machine-A2,lot-78,UP,aPZT,category-2,sub-a1,21,0,21
2026-11-22,47,plant-A,line-A4,machine-A4,lot-62,DN,aPZT,pass,pass,0,2077,2218
2026-11-22,47,plant-A,line-A8,machine-A2,lot-55,DN,aPZT,category-2,sub-a2,28,0,28
2026-11-22,47,plant-B,line-B3,machine-B1,lot-45,DN,bPZT,category-1,sub-b3,7,0,7
2026-11-22,47,plant-B,line-B8,machine-B7,lot-47,UP,bPZT,category-1,sub-b2,13,0,13
2026-11-22,47,plant-A,line-A4,machine-A4,lot-62,DN,bPZT,category-4,sub-b4,11,0,11
2026-11-22,47,plant-A,line-A6,machine-A8,lot-90,UP,bPZT,category-3,sub-b6,31,0,31
2026-11-22,47,plant-A,line-A3,machine-A5,lot-14,up,aPZT,pass,,0,2962,3031
2026-11-22,47,plant-A,line-A5,machine-A2,lot-4,DN,bPZT,category-1,sub-b5,32,0,32
2026-11-22,47,plant-A,line-A9,machine-A8,lot-68,UP,bPZT,category-5,sub-b8,29,0,29
2026-11-22,47,plant-B,line-B8,machine-B3,lot-98,UP,aPZT,category-4,sub-a5,2,0,2
2026-11-22,47,plant-A,line-A6,machine-A10,lot-44,DN,aPZT,category-5,sub-a10,16,0,16
2026-11-22,47,plant-A,line-A1,machine-A10,lot-85,UP,bPZT,pass,pass,0,2016,2031
2026-11-22,47,plant-B,line-B3,machine-B1,lot-45,DN,aPZT,pass,pass,0,2600,2660
2026-11-22,47,plant-B,line-B8,machine-B7,lot-18,UP,aPZT,pass,pass,0,2271,2326
2026-11-22,47,plant-B,line-B8,machine-B7,lot-47,DN,bPZT,pass,pass,0,2761,2793
2026-11-22,47,plant-A,line-A10,machine-A2,lot-5,UP,bPZT,pass,pass,0,2401,2415
2026-11-22,47,plant-B,line-B9,machine-B6,lot-88,UP,bPZT,category-5,sub-b9,15,0,15
2026-11-22,47,plant-A,line-A7,machine-A8,lot-16,DN,bPZT,pass,pass,0,2880,2944
2026-11-22,47,plant-A,line-A7,machine-A8,lot-16,UP,bPZT,category-5,sub-b3,9,0,9
2026-11-22,47,plant-A,line-A3,machine-A7,lot-32,DN,aPZT,category-5,sub-a4,36,0,36
2026-11-22,47,plant-A,line-A3,machine-A7,lot-32,UP,aPZT,pass,pass,0,2364,2406
2026-11-22,47,plant-A,line-A1,machine-A10,lot-85,UP,bPZT,category-5,sub-b6,15,0,15
2026-11-22,47,plant-A,line-A6,machine-A10,lot-1,UP,bPZT,category-1,sub-b1,32,0,32
2026-11-22,47,plant-A,line-A6,machine-A8,lot-90,DN,aPZT,category-4,sub-a7,6,0,6
2026-11-22,47,plant-A,line-A6,machine-A8,lot-90,UP,aPZT,category-2,sub-a8,11,0,11
2026-11-22,47,plant-A,line-A3,machine-A5,lot-2,UP,aPZT,category-4,sub-a2,18,0,18
2026-11-22,47,plant-A,line-A1,machine-A10,lot-85,DN,aPZT,category-3,sub-a4,15,0,15
2026-11-22,47,plant-A,line-A6,machine-A10,lot-1,UP,aPZT,pass,pass,0,2165,2286
2026-11-22,47,plant-A,line-A9,machine-A2,lot-78,DN,bPZT,pass,pass,0,2956,3058
2026-11-22,47,plant-B,line-B9,machine-B6,lot-79,UP,bPZT,pass,pass,0,2734,2737
2026-11-22,47,plant-B,line-B9,machine-B6,lot-88,DN,aPZT,category-4,sub-a7,25,0,25
2026-11-22,47,plant-A,line-A3,machine-A5,lot-2,DN,bPZT,category-5,sub-b10,14,0,14
2026-11-22,47,plant-A,line-A3,machine-A5,lot-2,DN,aPZT,pass,pass,0,2969,3016
2026-11-22,47,plant-B,line-B10,machine-B9,lot-15,DN,aPZT,category-1,sub-a8,14,0,14
2026-11-22,47,plant-A,line-A3,machine-A5,lot-2,DN,aPZT,category-4,sub-a2,10,0,10
2026-11-22,47,plant-A,line-A8,machine-A2,lot-55,UP,aPZT,category-1,sub-a1,27,0,27
2026-11-22,47,plant-B,line-B8,machine-B3,lot-98,DN,aPZT,category-1,sub-a7,28,0,28
2026-11-22,47,plant-B,line-B2,machine-B7,lot-3,DN,aPZT,category-4,sub-a5,25,0,25
2026-11-22,47,plant-B,line-B9,machine-B6,lot-79,DN,bPZT,category-4,sub-b4,14,0,14
2026-11-22,47,plant-A,line-A5,machine-A2,lot-4,UP,aPZT,category-1,sub-a8,13,0,13
2026-11-22,47,plant-A,line-A1,machine-A10,lot-85,DN,bPZT,category-5,sub-b4,28,0,28
2026-11-22,47,plant-B,line-B8,machine-B7,lot-18,DN,aPZT,category-1,sub-a7,38,0,38
2026-11-22,47,plant-A,line-A4,machine-A4,lot-62,DN,aPZT,category-2,sub-a3,33,0,33
2026-11-22,47,plant-B,line-B10,machine-B9,lot-15,DN,bPZT,category-3,sub-b7,31,0,31
2026-11-22,47,plant-B,line-B5,machine-B1,lot-74,DN,bPZT,category-2,sub-b8,8,0,8
2026-11-22,47,plant-B,line-B5,machine-B6,lot-49,UP,bPZT,category-1,sub-b2,19,0,19
2026-11-22,47,plant-A,line-A10,machine-A2,lot-5,DN,aPZT,category-2,sub-a8,1,0,1
2026-11-22,47,plant-A,line-A4,machine-A4,lot-62,UP,bPZT,category-3,sub-b7,29,0,29
2026-11-22,47,plant-A,line-A3,machine-A5,lot-14,UP,aPZT,category-3,sub-a5,12,0,12
2026-11-23,48,plant-B,line-B10,machine-B2,lot-84,UP,bPZT,category-1,sub-b9,33,0,33
2026-11-23,48,plant-B,line-B2,machine-B5,lot-24,DN,bPZT,category-5,sub-b5,38,0,38
2026-11-23,48,plant-B,line-B2,machine-B5,lot-24,UP,bPZT,pass,pass,0,2049,2113
2026-11-23,48,plant-B,line-B10,machine-B7,lot-99,DN,bPZT,category-2,sub-b10,37,0,37
2026-11-23,48,plant-A,line-A1,machine-A8,lot-68,DN,aPZT,category-5,sub-a3,18,0,18
2026-11-23,48,plant-A,line-A1,machine-A2,lot-23,UP,aPZT,category-1,sub-a10,7,0,7
2026-11-23,48,plant-A,line-A6,machine-A6,lot-28,UP,bPZT,pass,pass,0,2816,2878
2026-11-23,48,plant-B,line-B10,machine-B7,lot-67,DN,bPZT,category-4,sub-b5,7,0,7
2026-11-23,48,plant-A,line-A2,machine-A7,lot-80,UP,bPZT,category-3,sub-b8,37,0,37
2026-11-23,48,plant-A,line-A8,machine-A3,lot-2,UP,bPZT,category-3,sub-b9,12,0,12
2026-11-23,48,plant-A,line-A1,machine-A2,lot-23,DN,bPZT,category-1,sub-b2,6,0,6
2026-11-23,48,plant-A,line-A7,machine-A6,lot-16,DN,bPZT,pass,pass,0,2061,2105
2026-11-23,48,plant-A,line-A2,machine-A7,lot-80,UP,bPZT,category-2,sub-b7,1,0,1
2026-11-23,48,plant-B,line-B10,machine-B7,lot-67,UP,bPZT,pass,pass,0,2547,2612
2026-11-23,48,plant-A,line-A7,machine-A6,lot-16,UP,aPZT,category-2,sub-a7,2,0,2
2026-11-23,48,plant-B,line-B6,machine-B6,lot-12,UP,bPZT,category-4,sub-b9,19,0,19
2026-11-23,48,plant-A,line-A2,machine-A10,lot-14,DN,bPZT,category-5,sub-b8,39,0,39
2026-11-23,48,plant-B,line-B4,machine-B2,lot-71,DN,bPZT,category-1,sub-b8,32,0,32
2026-11-23,48,plant-A,line-A2,machine-A7,lot-80,UP,bPZT,category-4,sub-b5,6,0,6
2026-11-23,48,plant-A,line-A2,machine-A5,lot-5,UP,bPZT,category-4,sub-b9,3,0,3
2026-11-23,48,plant-A,line-A3,machine-A10,lot-65,DN,bPZT,category-5,sub-b3,39,0,39
2026-11-23,48,plant-A,line-A1,machine-A8,lot-68,DN,aPZT,category-5,sub-a6,13,0,13
2026-11-23,48,plant-B,line-B10,machine-B7,lot-99,UP,bPZT,category-2,sub-b8,9,0,9
2026-11-23,48,plant-A,line-A9,machine-A3,lot-3,DN,aPZT,pass,pass,0,2564,2599
2026-11-23,48,plant-A,line-A2,machine-A5,lot-5,UP,aPZT,pass,pass,0,2274,2292
2026-11-23,48,plant-A,line-A2,machine-A5,lot-5,UP,aPZT,category-2,sub-a2,20,0,20
2026-11-23,48,plant-A,line-A5,machine-A5,lot-31,DN,aPZT,pass,pass,0,2315,2368
2026-11-23,48,plant-A,line-A9,machine-A9,lot-75,UP,aPZT,pass,pass,0,2325,2381
2026-11-23,48,plant-B,line-B3,machine-B7,lot-30,UP,bPZT,category-5,sub-b6,3,0,3
2026-11-23,48,plant-A,line-A8,machine-A10,lot-93,UP,bPZT,category-1,sub-b1,3,0,3
2026-11-23,48,plant-B,line-B4,machine-B2,lot-71,DN,bPZT,category-3,sub-b8,24,0,24
2026-11-23,48,plant-B,line-B4,machine-B9,lot-27,UP,bPZT,pass,pass,0,2495,2523
2026-11-23,48,plant-B,line-B6,machine-B6,lot-12,DN,aPZT,category-5,sub-a8,18,0,18
2026-11-23,48,plant-A,line-A9,machine-A5,lot-100,DN,bPZT,category-5,,10,0,10
2026-11-23,48,plant-A,line-A7,machine-A1,lot-29,DN,aPZT,category-1,sub-a1,18,0,18
2026-11-23,48,plant-A,line-A10,machine-A6,lot-26,UP,aPZT,category-4,sub-a8,22,0,22
2026-11-23,48,plant-A,line-A6,machine-A6,lot-28,DN,bPZT,category-3,sub-b2,10,0,10
2026-11-23,48,plant-B,line-B10,machine-B2,lot-84,DN,aPZT,category-5,sub-a3,19,0,19
2026-11-23,48,plant-B,line-B6,machine-B6,lot-12,UP,bPZT,category-5,sub-b3,25,0,25
2026-11-23,48,plant-A,line-A8,machine-A10,lot-93,UP,aPZT,pass,pass,0,2209,2273
2026-11-23,48,plant-A,line-A10,machine-A2,lot-1,UP,aPZT,category-2,sub-a9,35,0,35
2026-11-23,48,plant-A,line-A1,machine-A2,lot-23,UP,bPZT,category-4,sub-b10,24,0,24
2026-11-23,48,plant-A,line-A10,machine-A6,lot-26,DN,bPZT,category-3,sub-b9,40,0,40
2026-11-23,48,plant-A,line-A5,machine-A5,lot-31,DN,aPZT,category-2,sub-a7,13,0,13
2026-11-23,48,plant-B,line-B6,machine-B6,lot-12,DN,aPZT,category-2,sub-a10,14,0,14
2026-11-23,48,plant-A,line-A10,machine-A2,lot-1,UP,bPZT,pass,pass,0,2128,2260
2026-11-23,48,plant-A,line-A2,machine-A10,lot-14,UP,bPZT,category-1,sub-b3,22,0,22
2026-11-23,48,plant-A,line-A1,machine-A8,lot-68,DN,bPZT,category-3,sub-b9,7,0,7
2026-11-23,48,plant-A,line-A8,machine-A10,lot-93,UP,bPZT,category-5,sub-b1,5,0,5
2026-11-23,48,plant-B,line-B4,machine-B2,lot-71,UP,bPZT,pass,pass,0,2041,2055
2026-11-23,48,plant-A,line-A9,machine-A3,lot-3,UP,bPZT,category-1,sub-b8,13,0,13
2026-11-23,48,plant-A,line-A9,machine-A3,lot-3,UP,aPZT,category-5,sub-a3,31,0,31
2026-11-23,48,plant-A,line-A7,machine-A1,lot-29,DN,bPZT,category-2,sub-b8,26,0,26
2026-11-23,48,plant-A,line-A9,machine-A3,lot-3,DN,bPZT,pass,pass,0,2564,2687
2026-11-23,48,plant-A,line-A5,machine-A5,lot-31,UP,bPZT,category-5,sub-b6,2,0,2
2026-11-23,48,plant-A,line-A10,machine-A2,lot-1,UP,aPZT,category-5,sub-a10,30,0,30
2026-11-23,48,plant-A,line-A8,machine-A10,lot-93,DN,bPZT,category-5,sub-b4,33,0,33
2026-11-23,48,plant-B,line-B2,machine-B5,lot-24,UP,bPZT,category-3,sub-b3,4,0,4
2026-11-23,48,plant-A,line-A2,machine-A5,lot-5,DN,aPZT,category-4,sub-a1,2,0,2
2026-11-23,48,plant-A,line-A9,machine-A5,lot-100,UP,bPZT,category-4,sub-b2,5,0,5
2026-11-23,48,plant-B,line-B10,machine-B7,lot-67,UP,aPZT,pass,pass,0,2547,2554
2026-11-23,48,plant-B,line-B4,machine-B9,lot-27,UP,aPZT,category-5,sub-a4,28,0,28
2026-11-23,48,plant-A,line-A10,machine-A2,lot-1,UP,bPZT,category-1,sub-b2,22,0,22
2026-11-23,48,plant-A,line-A9,machine-A3,lot-3,UP,aPZT,category-2,sub-a9,27,0,27
2026-11-23,48,plant-A,line-A9,machine-A3,lot-3,DN,aPZT,category-1,sub-a5,28,0,28
2026-11-23,48,plant-A,line-A5,machine-A5,lot-31,UP,bPZT,category-3,sub-b7,10,0,10
2026-11-23,48,plant-A,line-A9,machine-A9,lot-75,DN,aPZT,category-5,sub-a10,11,0,11
2026-11-23,48,plant-A,line-A3,machine-A10,lot-65,UP,bPZT,pass,pass,0,2682,2685
2026-11-23,48,plant-B,line-B10,machine-B7,lot-99,UP,aPZT,pass,pass,0,2139,2214
2026-11-23,48,plant-A,line-A10,machine-A2,lot-1,UP,aPZT,category-1,sub-a9,11,0,11
2026-11-23,48,plant-B,line-B4,machine-B2,lot-71,DN,aPZT,pass,pass,0,2041,2181
2026-11-23,48,plant-B,line-B10,machine-B2,lot-84,Up,bPZT,category-2,sub-b7,9,0,9
2026-11-23,48,plant-A,line-A10,machine-A2,lot-1,DN,bPZT,category-1,sub-b6,1,0,1
2026-11-23,48,plant-A,line-A3,machine-A10,lot-65,DN,aPZT,category-1,sub-a5,3,0,3
2026-11-23,48,plant-B,line-B2,machine-B5,lot-24,UP,aPZT,pass,pass,0,2049,2152
2026-11-23,48,plant-B,line-B2,machine-B5,lot-24,UP,aPZT,category-5,sub-a5,25,0,25
2026-11-23,48,plant-A,line-A9,machine-A9,lot-75,DN,bPZT,category-5,sub-b2,33,0,33
2026-11-23,48,plant-A,line-A7,machine-A1,lot-29,DN,aPZT,category-1,sub-a2,18,0,18
2026-11-23,48,plant-A,line-A7,machine-A1,lot-29,UP,bPZT,category-3,sub-b4,19,0,19
2026-11-23,48,plant-A,line-A1,machine-A2,lot-23,DN,aPZT,pass,pass,0,2029,2142
2026-11-23,48,plant-B,line-B4,machine-B9,lot-27,DN,aPZT,pass,pass,0,2495,2576
2026-11-23,48,plant-A,line-A2,machine-A5,lot-5,UP,bPZT,category-1,sub-b2,15,0,15
2026-11-23,48,plant-B,line-B2,machine-B5,lot-24,DN,bPZT,category-5,sub-b2,28,0,28
2026-11-23,48,plant-A,line-A9,machine-A9,lot-75,DN,aPZT,category-3,sub-a5,39,0,39
2026-11-23,48,plant-B,line-B10,machine-B7,lot-67,UP,aPZT,category-5,sub-a10,27,0,27
2026-11-23,48,plant-A,line-A2,machine-A7,lot-80,UP,bPZT,category-3,sub-b7,25,0,25
2026-11-23,48,plant-B,line-B2,machine-B5,lot-24,UP,bPZT,category-5,sub-b8,33,0,33
2026-11-23,48,plant-B,line-B3,machine-B7,lot-30,DN,aPZT,category-1,sub-a3,31,0,31
2026-11-23,48,plant-A,line-A2,machine-A7,lot-80,UP,bPZT,pass,pass,0,2867,2884
2026-11-23,48,plant-A,line-A2,machine-A7,lot-80,UP,aPZT,pass,pass,0,2867,2990
2026-11-23,48,plant-A,line-A10,machine-A6,lot-26,UP,bPZT,pass,pass,0,2861,2898
2026-11-23,48,plant-A,line-A6,machine-A6,lot-28,UP,aPZT,pass,pass,0,2816,2828
2026-11-23,48,plant-A,line-A5,machine-A5,lot-31,DN,aPZT,category-3,sub-a4,37,0,37
2026-11-23,48,plant-A,line-A7,machine-A1,lot-29,DN,bPZT,pass,pass,0,2381,2417
2026-11-23,48,plant-B,line-B10,machine-B2,lot-84,UP,bPZT,category-4,sub-b10,29,0,29
2026-11-23,48,plant-A,line-A8,machine-A3,lot-2,UP,aPZT,category-2,sub-a4,12,0,12
2026-11-23,48,plant-A,line-A5,machine-A5,lot-31,UP,bPZT,pass,pass,0,2315,2422
2026-11-23,48,plant-A,line-A10,machine-A6,lot-26,UP,aPZT,category-1,sub-a4,7,0,7
2026-11-23,48,plant-A,line-A10,machine-A6,lot-26,DN,aPZT,category-5,sub-a7,8,0,8
2026-11-23,48,plant-A,line-A10,machine-A2,lot-1,UP,aPZT,category-4,sub-a1,17,0,17
2026-11-23,48,plant-B,line-B10,machine-B2,lot-84,DN,bPZT,category-1,sub-b3,30,0,30
2026-11-23,48,plant-B,line-B3,machine-B7,lot-30,DN,bPZT,category-4,sub-b9,29,0,29
2026-11-23,48,plant-A,line-A6,machine-A6,lot-28,UP,bPZT,category-1,sub-b1,2,0,2
2026-11-23,48,plant-A,line-A8,machine-A10,lot-93,UP,bPZT,category-2,,23,0,23
2026-11-23,48,plant-A,line-A5,machine-A5,lot-31,UP,bPZT,category-3,sub-b8,20,0,20
2026-11-23,48,plant-B,line-B10,machine-B2,lot-84,DN,aPZT,category-5,sub-a7,24,0,24
2026-11-23,48,plant-B,line-B6,machine-B6,lot-12,DN,bPZT,category-2,sub-b4,25,0,25
2026-11-23,48,plant-A,line-A7,machine-A6,lot-16,UP,bPZT,category-5,sub-b10,17,0,17
2026-11-23,48,plant-A,line-A7,machine-A1,lot-29,UP,bPZT,category-4,sub-b9,35,0,35
2026-11-23,48,plant-A,line-A8,machine-A10,lot-93,DN,bPZT,pass,pass,0,2209,2230
2026-11-23,48,plant-A,line-A2,machine-A10,lot-14,UP,bPZT,pass,pass,0,2846,2859
2026-11-23,48,plant-A,line-A8,machine-A3,lot-2,DN,bPZT,pass,pass,0,2872,2944
2026-11-23,48,plant-B,line-B4,machine-B9,lot-27,UP,bPZT,category-4,sub-b3,9,0,9
2026-11-23,48,plant-B,line-B4,machine-B2,lot-71,DN,bPZT,category-1,sub-b8,38,0,38
2026-11-23,48,plant-A,line-A1,machine-A8,lot-68,DN,aPZT,category-5,sub-a8,5,0,5
2026-11-23,48,plant-B,line-B4,machine-B9,lot-27,DN,bPZT,category-3,sub-b10,21,0,21
2026-11-23,48,plant-A,line-A1,machine-A8,lot-68,DN,bPZT,pass,pass,0,2187,2274
2026-11-23,48,plant-B,line-B10,machine-B7,lot-99,DN,bPZT,pass,pass,0,2139,2149
2026-11-23,48,plant-A,line-A5,machine-A5,lot-31,UP,bPZT,category-4,,18,0,18
2026-11-23,48,plant-B,line-B10,machine-B2,lot-84,DN,bPZT,category-3,sub-b10,38,0,38
2026-11-23,48,plant-A,line-A6,machine-A6,lot-28,DN,aPZT,category-4,sub-a1,22,0,22
2026-11-23,48,plant-A,line-A1,machine-A8,lot-68,UP,aPZT,pass,pass,0,2187,2194
2026-11-23,48,plant-B,line-B2,machine-B5,lot-24,DN,aPZT,category-1,sub-a6,39,0,39
2026-11-23,48,plant-B,line-B10,machine-B7,lot-99,UP,aPZT,category-4,sub-a6,10,0,10
2026-11-23,48,plant-B,line-B4,machine-B2,lot-71,DN,bPZT,category-3,sub-b1,12,0,12
2026-11-23,48,plant-A,line-A9,machine-A9,lot-75,UP,bPZT,category-2,sub-b7,20,0,20
2026-11-23,48,plant-B,line-B10,machine-B2,lot-84,DN,bPZT,category-4,sub-b8,28,0,28
2026-11-23,48,plant-B,line-B4,machine-B2,lot-71,dN,bPZT,category-5,,5,0,5
2026-11-23,48,plant-A,line-A9,machine-A9,lot-75,DN,aPZT,category-1,sub-a9,23,0,23
2026-11-23,48,plant-A,line-A1,machine-A2,lot-23,UP,bPZT,pass,pass,0,2029,2065
2026-11-23,48,plant-A,line-A1,machine-A2,lot-23,DN,bPZT,category-3,sub-b7,8,0,8
2026-11-23,48,plant-A,line-A1,machine-A2,lot-23,DN,bPZT,category-5,sub-b9,19,0,19
2026-11-23,48,plant-B,line-B3,machine-B7,lot-30,DN,bPZT,category-1,sub-b6,14,0,14
2026-11-23,48,plant-A,line-A3,machine-A10,lot-65,UP,bPZT,category-3,sub-b6,35,0,35
2026-11-23,48,plant-A,line-A9,machine-A5,lot-100,UP,aPZT,category-5,sub-a9,34,0,34
2026-11-23,48,plant-B,line-B10,machine-B2,lot-84,UP,bPZT,category-1,sub-b7,21,0,21
2026-11-23,48,plant-A,line-A1,machine-A2,lot-23,DN,bPZT,category-5,sub-b3,38,0,38
2026-11-23,48,plant-A,line-A10,machine-A2,lot-1,DN,aPZT,category-1,sub-a7,5,0,5
2026-11-23,48,plant-A,line-A7,machine-A1,lot-29,DN,aPZT,pass,pass,0,2381,2489
2026-11-23,48,plant-A,line-A9,machine-A9,lot-75,DN,bPZT,category-4,sub-b3,3,0,3
2026-11-23,48,plant-A,line-A2,machine-A7,lot-80,UP,bPZT,category-1,sub-b2,28,0,28
2026-11-23,48,plant-B,line-B6,machine-B6,lot-12,DN,aPZT,pass,pass,0,2670,2739
2026-11-23,48,plant-B,line-B4,machine-B2,lot-71,DN,aPZT,category-5,sub-a6,14,0,14
2026-11-23,48,plant-A,line-A7,machine-A1,lot-29,DN,bPZT,category-2,,28,0,28
2026-11-23,48,plant-B,line-B6,machine-B6,lot-12,UP,aPZT,category-4,sub-a6,22,0,22
2026-11-23,48,plant-B,line-B6,machine-B6,lot-12,DN,bPZT,pass,pass,0,2670,2764
2026-11-23,48,plant-A,line-A2,machine-A10,lot-14,UP,bPZT,category-5,sub-b4,23,0,23
2026-11-23,48,plant-A,line-A3,machine-A10,lot-65,UP,bPZT,category-1,sub-b2,23,0,23
2026-11-23,48,plant-B,line-B3,machine-B7,lot-30,DN,aPZT,pass,pass,0,2305,2376
2026-11-23,48,plant-A,line-A1,machine-A2,lot-23,UP,bPZT,category-5,sub-b4,18,0,18
2026-11-23,48,plant-B,line-B10,machine-B7,lot-67,Dn,aPZT,category-3,,38,0,38
2026-11-23,48,plant-B,line-B4,machine-B9,lot-27,DN,bPZT,category-4,sub-b4,13,0,13
2026-11-23,48,plant-A,line-A1,machine-A2,lot-23,DN,aPZT,category-3,sub-a9,29,0,29
2026-11-23,48,plant-B,line-B10,machine-B7,lot-99,DN,bPZT,category-4,sub-b2,24,0,24
2026-11-23,48,plant-A,line-A3,machine-A10,lot-65,UP,aPZT,pass,pass,0,2682,2849
2026-11-23,48,plant-A,line-A9,machine-A3,lot-3,DN,aPZT,category-2,sub-a6,28,0,28
2026-11-23,48,plant-A,line-A9,machine-A9,lot-75,DN,bPZT,pass,pass,0,2325,2400
2026-11-23,48,plant-A,line-A5,machine-A5,lot-31,UP,bPZT,category-2,sub-b9,3,0,3
2026-11-23,48,plant-A,line-A5,machine-A5,lot-31,UP,aPZT,category-5,sub-a2,32,0,32
2026-11-23,48,plant-A,line-A9,machine-A5,lot-100,DN,bPZT,pass,pass,0,2896,2930
2026-11-23,48,plant-B,line-B3,machine-B7,lot-30,UP,bPZT,pass,pass,0,2305,2336
2026-11-23,48,plant-A,line-A10,machine-A6,lot-26,UP,aPZT,pass,pass,0,2861,2901
2026-11-23,48,plant-A,line-A9,machine-A3,lot-3,UP,aPZT,category-2,sub-a1,9,0,9
2026-11-23,48,plant-A,line-A10,machine-A2,lot-1,DN,aPZT,category-2,sub-a6,34,0,34
2026-11-23,48,plant-A,line-A1,machine-A8,lot-68,dN,aPZT,category-5,,33,0,33
2026-11-23,48,plant-A,line-A2,machine-A5,lot-5,UP,aPZT,category-3,sub-a6,10,0,10
2026-11-23,48,plant-A,line-A3,machine-A10,lot-65,DN,bPZT,category-4,sub-b3,36,0,36
2026-11-23,48,plant-A,line-A9,machine-A5,lot-100,DN,aPZT,pass,pass,0,2896,2963
2026-11-23,48,plant-A,line-A2,machine-A7,lot-80,UP,aPZT,category-2,sub-a9,17,0,17
2026-11-23,48,plant-B,line-B10,machine-B7,lot-99,DN,bPZT,category-2,sub-b1,5,0,5
2026-11-23,48,plant-A,line-A2,machine-A10,lot-14,UP,aPZT,category-1,sub-a5,13,0,13
2026-11-23,48,plant-B,line-B10,machine-B2,lot-84,DN,bPZT,pass,pass,0,2850,2893
2026-11-23,48,plant-A,line-A2,machine-A5,lot-5,UP,bPZT,pass,pass,0,2274,2310
2026-11-23,48,plant-B,line-B10,machine-B2,lot-84,UP,bPZT,category-5,sub-b7,14,0,14
2026-11-23,48,plant-A,line-A9,machine-A5,lot-100,UP,bPZT,category-2,sub-b10,31,0,31
2026-11-23,48,plant-A,line-A9,machine-A3,lot-3,DN,bPZT,category-3,sub-b3,22,0,22
2026-11-23,48,plant-A,line-A9,machine-A9,lot-75,UP,aPZT,category-2,sub-a10,2,0,2
2026-11-23,48,plant-B,line-B10,machine-B2,lot-84,UP,aPZT,pass,pass,0,2850,3052
2026-11-23,48,plant-B,line-B4,machine-B9,lot-27,UP,bPZT,category-1,sub-b2,38,0,38
2026-11-23,48,plant-A,line-A9,machine-A5,lot-100,DN,bPZT,category-5,sub-b5,21,0,21
2026-11-23,48,plant-A,line-A2,machine-A5,lot-5,dN,aPZT,category-1,,4,0,4
2026-11-23,48,plant-A,line-A7,machine-A6,lot-16,UP,aPZT,category-2,sub-a6,33,0,33
2026-11-23,48,plant-A,line-A6,machine-A6,lot-28,DN,aPZT,category-5,sub-a2,40,0,40
2026-11-23,48,plant-B,line-B6,machine-B6,lot-12,Dn,aPZT,category-5,,40,0,40
2026-11-23,48,plant-B,line-B4,machine-B2,lot-71,UP,bPZT,category-1,sub-b10,29,0,29
2026-11-23,48,plant-A,line-A3,machine-A10,lot-65,UP,bPZT,category-1,sub-b7,34,0,34
2026-11-23,48,plant-A,line-A2,machine-A10,lot-14,UP,aPZT,pass,pass,0,2846,2930
2026-11-23,48,plant-A,line-A5,machine-A5,lot-31,DN,aPZT,category-5,sub-a1,25,0,25
2026-11-23,48,plant-A,line-A7,machine-A6,lot-16,UP,bPZT,category-1,sub-b7,29,0,29
2026-11-23,48,plant-A,line-A10,machine-A2,lot-1,UP,bPZT,category-4,sub-b5,4,0,4
2026-11-23,48,plant-A,line-A8,machine-A3,lot-2,UP,aPZT,category-5,sub-a7,25,0,25
2026-11-23,48,plant-A,line-A10,machine-A2,lot-1,DN,aPZT,pass,pass,0,2128,2155
2026-11-23,48,plant-A,line-A7,machine-A6,lot-16,UP,aPZT,pass,pass,0,2061,2107
2026-11-23,48,plant-A,line-A8,machine-A3,lot-2,UP,aPZT,category-5,sub-a4,35,0,35
2026-11-23,48,plant-A,line-A7,machine-A6,lot-16,UP,aPZT,category-1,sub-a7,9,0,9
2026-11-23,48,plant-A,line-A8,machine-A10,lot-93,UP,aPZT,category-1,sub-a4,21,0,21
2026-11-23,48,plant-B,line-B3,machine-B7,lot-30,DN,bPZT,category-3,sub-b3,25,0,25
2026-11-23,48,plant-A,line-A8,machine-A3,lot-2,DN,aPZT,pass,pass,0,2872,2884
2026-11-23,48,plant-A,line-A1,machine-A8,lot-68,UP,aPZT,category-1,sub-a4,18,0,18
2026-11-23,48,plant-A,line-A2,machine-A7,lot-80,DN,bPZT,category-1,sub-b3,26,0,26
2026-11-24,48,plant-B,line-B3,machine-B8,lot-45,UP,aPZT,pass,pass,0,2860,2894
2026-11-24,48,plant-B,line-B9,machine-B8,lot-76,DN,aPZT,category-5,sub-a1,4,0,4
2026-11-24,48,plant-A,line-A4,machine-A7,lot-58,DN,bPZT,category-2,sub-b6,9,0,9
2026-11-24,48,plant-B,line-B3,machine-B6,lot-46,UP,aPZT,pass,pass,0,2545,2676
2026-11-24,48,plant-A,line-A4,machine-A7,lot-58,UP,bPZT,category-1,sub-b7,29,0,29
2026-11-24,48,plant-A,line-A8,machine-A2,lot-67,DN,bPZT,pass,pass,0,2825,2885
2026-11-24,48,plant-A,line-A10,machine-A2,lot-50,UP,bPZT,pass,pass,0,2841,2880
2026-11-24,48,plant-A,line-A4,machine-A2,lot-81,UP,bPZT,category-5,sub-b3,6,0,6
2026-11-24,48,plant-A,line-A3,machine-A4,lot-61,DN,bPZT,category-5,sub-b9,35,0,35
2026-11-24,48,plant-A,line-A5,machine-A4,lot-5,DN,aPZT,category-2,sub-a8,20,0,20
2026-11-24,48,plant-B,line-B3,machine-B6,lot-46,UP,bPZT,category-5,sub-b1,28,0,28
2026-11-24,48,plant-B,line-B4,machine-B7,lot-10,DN,aPZT,category-3,sub-a5,18,0,18
2026-11-24,48,plant-A,line-A6,machine-A4,lot-97,UP,aPZT,category-4,sub-a10,23,0,23
2026-11-24,48,plant-B,line-B3,machine-B6,lot-46,DN,bPZT,category-2,sub-b7,40,0,40
2026-11-24,48,plant-B,line-B9,machine-B8,lot-76,DN,bPZT,pass,pass,0,2519,2593
2026-11-24,48,plant-A,line-A6,machine-A4,lot-97,DN,aPZT,category-2,sub-a3,28,0,28
2026-11-24,48,plant-A,line-A3,machine-A2,lot-18,UP,aPZT,pass,pass,0,2299,2420
2026-11-24,48,plant-A,line-A2,machine-A3,lot-15,UP,bPZT,category-1,sub-b8,5,0,5
2026-11-24,48,plant-A,line-A6,machine-A4,lot-97,UP,bPZT,pass,pass,0,2021,2084
2026-11-24,48,plant-A,line-A5,machine-A6,lot-25,DN,bPZT,category-4,sub-b9,13,0,13
2026-11-24,48,plant-A,line-A10,machine-A2,lot-50,DN,aPZT,category-2,sub-a4,17,0,17
2026-11-24,48,plant-A,line-A4,machine-A10,lot-9,UP,aPZT,category-5,sub-a1,40,0,40
2026-11-24,48,plant-A,line-A10,machine-A4,lot-98,DN,bPZT,category-2,sub-b9,40,0,40
2026-11-24,48,plant-A,line-A5,machine-A6,lot-25,UP,aPZT,category-4,sub-a1,26,0,26
2026-11-24,48,plant-A,line-A10,machine-A4,lot-98,UP,aPZT,pass,,0,2792,2876
2026-11-24,48,plant-A,line-A4,machine-A10,lot-9,UP,bPZT,category-2,sub-b4,8,0,8
2026-11-24,48,plant-A,line-A3,machine-A2,lot-18,DN,bPZT,category-4,sub-b7,32,0,32
2026-11-24,48,plant-A,line-A4,machine-A10,lot-42,UP,aPZT,category-3,sub-a7,29,0,29
2026-11-24,48,plant-A,line-A8,machine-A2,lot-67,UP,aPZT,category-2,sub-a8,35,0,35
2026-11-24,48,plant-B,line-B4,machine-B7,lot-10,DN,bPZT,category-5,sub-b10,14,0,14
2026-11-24,48,plant-A,line-A5,machine-A9,lot-49,UP,aPZT,category-3,sub-a3,40,0,40
2026-11-24,48,plant-A,line-A5,machine-A4,lot-5,DN,aPZT,category-5,sub-a8,22,0,22
2026-11-24,48,plant-A,line-A10,machine-A6,lot-78,DN,bPZT,category-1,sub-b3,37,0,37
2026-11-24,48,plant-B,line-B3,machine-B6,lot-46,DN,aPZT,category-5,sub-a5,6,0,6
2026-11-24,48,plant-A,line-A5,machine-A4,lot-5,UP,aPZT,category-1,sub-a3,30,0,30
2026-11-24,48,plant-B,line-B9,machine-B8,lot-76,UP,aPZT,category-5,sub-a6,12,0,12
2026-11-24,48,plant-A,line-A7,machine-A5,lot-31,UP,bPZT,pass,pass,0,2242,2327
2026-11-24,48,plant-A,line-A8,machine-A9,lot-51,DN,aPZT,category-3,sub-a9,20,0,20
2026-11-24,48,plant-B,line-B4,machine-B7,lot-10,UP,bPZT,category-4,sub-b1,9,0,9
2026-11-24,48,plant-B,line-B3,machine-B8,lot-45,DN,bPZT,pass,pass,0,2860,2933
2026-11-24,48,plant-A,line-A5,machine-A6,lot-25,DN,aPZT,category-2,sub-a1,26,0,26
2026-11-24,48,plant-A,line-A3,machine-A2,lot-18,UP,bPZT,category-1,sub-b2,19,0,19
2026-11-24,48,plant-A,line-A5,machine-A4,lot-5,UP,bPZT,category-4,sub-b8,36,0,36
2026-11-24,48,plant-B,line-B7,machine-B5,lot-38,DN,bPZT,category-5,sub-b7,6,0,6
2026-11-24,48,plant-B,line-B3,machine-B6,lot-46,uP,bPZT,pass,,0,2545,2612
2026-11-24,48,plant-A,line-A4,machine-A7,lot-58,UP,bPZT,category-3,sub-b6,29,0,29
2026-11-24,48,plant-A,line-A6,machine-A4,lot-97,UP,aPZT,category-2,sub-a9,12,0,12
2026-11-24,48,plant-B,line-B2,machine-B2,lot-28,UP,aPZT,category-3,sub-a3,31,0,31
2026-11-24,48,plant-A,line-A4,machine-A10,lot-42,DN,bPZT,category-1,sub-b7,16,0,16
2026-11-24,48,plant-B,line-B10,machine-B4,lot-12,UP,bPZT,pass,pass,0,2489,2569
2026-11-24,48,plant-A,line-A5,machine-A9,lot-49,DN,aPZT,pass,pass,0,2668,2709
2026-11-24,48,plant-A,line-A8,machine-A9,lot-51,DN,bPZT,category-3,sub-b5,17,0,17
2026-11-24,48,plant-B,line-B3,machine-B6,lot-46,UP,aPZT,category-5,sub-a7,5,0,5
2026-11-24,48,plant-B,line-B10,machine-B4,lot-12,DN,aPZT,category-2,sub-a2,20,0,20
2026-11-24,48,plant-B,line-B4,machine-B7,lot-10,UP,aPZT,category-3,sub-a6,24,0,24
2026-11-24,48,plant-A,line-A4,machine-A10,lot-9,DN,aPZT,category-4,sub-a7,39,0,39
2026-11-24,48,plant-A,line-A5,machine-A9,lot-49,DN,bPZT,category-5,sub-b9,2,0,2
2026-11-24,48,plant-A,line-A10,machine-A6,lot-78,DN,bPZT,pass,pass,0,2844,2851
2026-11-24,48,plant-A,line-A3,machine-A4,lot-61,UP,bPZT,category-2,sub-b6,9,0,9
2026-11-24,48,plant-B,line-B7,machine-B5,lot-38,DN,aPZT,category-4,sub-a10,22,0,22
2026-11-24,48,plant-A,line-A2,machine-A3,lot-15,DN,aPZT,category-4,sub-a6,20,0,20
2026-11-24,48,plant-A,line-A5,machine-A4,lot-5,DN,aPZT,category-1,sub-a3,21,0,21
2026-11-24,48,plant-B,line-B3,machine-B8,lot-45,UP,aPZT,category-1,sub-a3,38,0,38
2026-11-24,48,plant-B,line-B4,machine-B7,lot-10,UP,aPZT,pass,pass,0,2331,2385
2026-11-24,48,plant-A,line-A7,machine-A5,lot-31,UP,aPZT,category-3,sub-a8,39,0,39
2026-11-24,48,plant-A,line-A8,machine-A9,lot-51,UP,bPZT,pass,pass,0,2724,2744
2026-11-24,48,plant-B,line-B3,machine-B3,lot-33,DN,aPZT,category-2,sub-a7,1,0,1
2026-11-24,48,plant-A,line-A8,machine-A9,lot-51,DN,bPZT,category-1,sub-b7,20,0,20
2026-11-24,48,plant-B,line-B2,machine-B2,lot-28,UP,aPZT,category-2,sub-a7,37,0,37
2026-11-24,48,plant-B,line-B2,machine-B2,lot-28,UP,aPZT,category-5,sub-a5,12,0,12
2026-11-24,48,plant-B,line-B10,machine-B4,lot-12,UP,aPZT,category-1,sub-a10,30,0,30
2026-11-24,48,plant-A,line-A10,machine-A6,lot-78,UP,bPZT,category-4,sub-b9,4,0,4
2026-11-24,48,plant-A,line-A4,machine-A7,lot-58,DN,bPZT,category-1,sub-b7,36,0,36
2026-11-24,48,plant-A,line-A3,machine-A4,lot-61,DN,bPZT,category-1,sub-b10,8,0,8
2026-11-24,48,plant-A,line-A8,machine-A2,lot-67,UP,aPZT,category-1,sub-a3,25,0,25
2026-11-24,48,plant-B,line-B2,machine-B2,lot-28,UP,aPZT,category-5,sub-a4,28,0,28
2026-11-24,48,plant-B,line-B7,machine-B5,lot-38,UP,aPZT,pass,pass,0,2467,2532
2026-11-24,48,plant-A,line-A8,machine-A9,lot-51,UP,aPZT,pass,,0,2724,2785
2026-11-24,48,plant-A,line-A4,machine-A10,lot-9,UP,bPZT,pass,pass,0,2383,2552
2026-11-24,48,plant-A,line-A5,machine-A9,lot-49,DN,aPZT,category-2,sub-a6,4,0,4
2026-11-24,48,plant-A,line-A8,machine-A2,lot-67,UP,aPZT,pass,pass,0,2825,2886
2026-11-24,48,plant-A,line-A8,machine-A9,lot-51,DN,bPZT,category-5,sub-b2,3,0,3
2026-11-24,48,plant-A,line-A4,machine-A10,lot-42,UP,aPZT,category-4,sub-a2,11,0,11
2026-11-24,48,plant-B,line-B3,machine-B6,lot-46,UP,aPZT,category-5,sub-a9,8,0,8
2026-11-24,48,plant-B,line-B3,machine-B6,lot-46,DN,aPZT,category-2,sub-a2,10,0,10
2026-11-24,48,plant-A,line-A4,machine-A10,lot-42,UP,aPZT,category-1,sub-a10,31,0,31
2026-11-24,48,plant-A,line-A10,machine-A6,lot-78,UP,bPZT,category-5,sub-b7,2,0,2
2026-11-24,48,plant-B,line-B4,machine-B7,lot-10,UP,aPZT,category-3,sub-a2,22,0,22
2026-11-24,48,plant-A,line-A4,machine-A2,lot-81,DN,aPZT,pass,pass,0,2744,2750
2026-11-24,48,plant-A,line-A4,machine-A10,lot-9,UP,aPZT,category-4,sub-a10,13,0,13
2026-11-24,48,plant-B,line-B2,machine-B2,lot-28,UP,aPZT,category-1,sub-a1,12,0,12
2026-11-24,48,plant-A,line-A4,machine-A2,lot-81,UP,aPZT,category-1,sub-a7,38,0,38
2026-11-24,48,plant-A,line-A3,machine-A4,lot-61,DN,aPZT,category-4,sub-a9,29,0,29
2026-11-24,48,plant-A,line-A3,machine-A2,lot-18,UP,aPZT,category-1,sub-a6,10,0,10
2026-11-24,48,plant-A,line-A8,machine-A9,lot-51,DN,bPZT,category-4,,12,0,12
2026-11-24,48,plant-A,line-A7,machine-A5,lot-31,DN,bPZT,category-2,sub-b8,21,0,21
2026-11-24,48,plant-A,line-A2,machine-A3,lot-15,UP,bPZT,category-4,sub-b1,22,0,22
2026-11-24,48,plant-B,line-B7,machine-B5,lot-38,UP,aPZT,category-4,sub-a5,20,0,20
2026-11-24,48,plant-A,line-A3,machine-A4,lot-61,UP,aPZT,pass,pass,0,2671,2803
2026-11-24,48,plant-A,line-A3,machine-A4,lot-61,DN,bPZT,category-3,sub-b8,34,0,34
2026-11-24,48,plant-B,line-B3,machine-B8,lot-45,UP,aPZT,category-3,sub-a1,35,0,35
2026-11-24,48,plant-A,line-A5,machine-A4,lot-5,UP,bPZT,pass,pass,0,2590,2683
2026-11-24,48,plant-A,line-A5,machine-A6,lot-25,UP,aPZT,pass,pass,0,2284,2332
2026-11-24,48,plant-B,line-B7,machine-B5,lot-38,DN,bPZT,pass,pass,0,2467,2532
2026-11-24,48,plant-A,line-A4,machine-A7,lot-58,UP,aPZT,pass,pass,0,2108,2237
2026-11-24,48,plant-A,line-A4,machine-A10,lot-9,DN,aPZT,category-5,sub-a7,21,0,21
2026-11-24,48,plant-A,line-A5,machine-A6,lot-25,UP,bPZT,category-3,sub-b5,35,0,35
2026-11-24,48,plant-A,line-A7,machine-A5,lot-31,DN,aPZT,pass,pass,0,2242,2317
2026-11-24,48,plant-B,line-B3,machine-B3,lot-33,DN,bPZT,category-2,sub-b4,5,0,5
2026-11-24,48,plant-B,line-B3,machine-B6,lot-46,UP,bPZT,category-4,sub-b7,26,0,26
2026-11-24,48,plant-A,line-A3,machine-A2,lot-18,DN,bPZT,category-2,sub-b6,27,0,27
2026-11-24,48,plant-A,line-A10,machine-A4,lot-98,UP,bPZT,category-3,sub-b2,4,0,4
2026-11-24,48,plant-A,line-A3,machine-A4,lot-61,DN,bPZT,pass,pass,0,2671,2700
2026-11-24,48,plant-A,line-A10,machine-A4,lot-98,DN,aPZT,category-5,sub-a9,30,0,30
2026-11-24,48,plant-B,line-B3,machine-B3,lot-33,UP,bPZT,pass,pass,0,2320,2321
2026-11-24,48,plant-A,line-A5,machine-A6,lot-25,UP,bPZT,pass,pass,0,2284,2374
2026-11-24,48,plant-A,line-A10,machine-A6,lot-78,DN,bPZT,category-3,sub-b1,12,0,12
2026-11-24,48,plant-B,line-B3,machine-B6,lot-46,DN,bPZT,category-2,sub-b8,31,0,31
2026-11-24,48,plant-B,line-B9,machine-B8,lot-76,uP,aPZT,category-3,,13,0,13
2026-11-24,48,plant-A,line-A10,machine-A2,lot-50,DN,aPZT,category-5,sub-a2,22,0,22
2026-11-24,48,plant-B,line-B10,machine-B4,lot-12,DN,aPZT,category-5,sub-a7,30,0,30
2026-11-24,48,plant-A,line-A3,machine-A2,lot-18,DN,bPZT,pass,pass,0,2299,2309
2026-11-24,48,plant-B,line-B10,machine-B4,lot-12,DN,aPZT,pass,pass,0,2489,2510
2026-11-24,48,plant-A,line-A8,machine-A2,lot-67,UP,bPZT,category-2,sub-b9,37,0,37
2026-11-24,48,plant-A,line-A5,machine-A6,lot-25,DN,aPZT,category-3,sub-a9,38,0,38
2026-11-24,48,plant-A,line-A8,machine-A2,lot-67,UP,bPZT,category-5,sub-b2,2,0,2
2026-11-24,48,plant-A,line-A4,machine-A10,lot-42,UP,bPZT,pass,pass,0,2015,2128
2026-11-24,48,plant-B,line-B3,machine-B6,lot-46,DN,aPZT,category-4,sub-a9,38,0,38
2026-11-24,48,plant-A,line-A7,machine-A5,lot-31,UP,aPZT,category-3,sub-a2,38,0,38
2026-11-24,48,plant-A,line-A3,machine-A2,lot-18,UP,bPZT,category-5,sub-b9,22,0,22
2026-11-24,48,plant-A,line-A2,machine-A3,lot-15,DN,bPZT,category-2,sub-b3,7,0,7
2026-11-24,48,plant-B,line-B2,machine-B2,lot-28,DN,bPZT,pass,pass,0,2508,2667
2026-11-24,48,plant-A,line-A7,machine-A5,lot-31,UP,bPZT,category-5,sub-b6,15,0,15
2026-11-24,48,plant-B,line-B3,machine-B6,lot-46,DN,bPZT,category-2,sub-b4,6,0,6
2026-11-24,48,plant-B,line-B9,machine-B8,lot-76,UP,aPZT,category-5,sub-a7,23,0,23
2026-11-24,48,plant-A,line-A4,machine-A10,lot-42,UP,aPZT,pass,pass,0,2015,2031
2026-11-24,48,plant-B,line-B9,machine-B8,lot-76,DN,aPZT,pass,pass,0,2519,2583
2026-11-24,48,plant-A,line-A10,machine-A6,lot-78,UP,bPZT,category-3,sub-b2,32,0,32
2026-11-24,48,plant-A,line-A5,machine-A4,lot-5,DN,bPZT,category-3,sub-b1,17,0,17
2026-11-24,48,plant-B,line-B3,machine-B3,lot-33,DN,aPZT,pass,pass,0,2320,2381
2026-11-24,48,plant-B,line-B4,machine-B7,lot-10,UP,bPZT,pass,pass,0,2331,2395
2026-11-24,48,plant-B,line-B3,machine-B8,lot-45,DN,bPZT,category-4,sub-b8,34,0,34
2026-11-24,48,plant-A,line-A10,machine-A6,lot-78,UP,aPZT,category-1,sub-a7,7,0,7
2026-11-24,48,plant-A,line-A4,machine-A10,lot-9,UP,bPZT,category-5,sub-b6,5,0,5
2026-11-24,48,plant-B,line-B2,machine-B2,lot-28,DN,aPZT,category-4,sub-a10,19,0,19
2026-11-24,48,plant-B,line-B7,machine-B5,lot-38,UP,bPZT,category-2,sub-b10,3,0,3
2026-11-24,48,plant-A,line-A6,machine-A4,lot-97,UP,aPZT,pass,pass,0,2021,2046
2026-11-24,48,plant-A,line-A10,machine-A2,lot-50,DN,aPZT,pass,pass,0,2841,2876
2026-11-24,48,plant-A,line-A4,machine-A7,lot-58,UP,aPZT,category-2,sub-a9,17,0,17
2026-11-24,48,plant-A,line-A4,machine-A7,lot-58,UP,bPZT,pass,pass,0,2108,2181
2026-11-24,48,plant-A,line-A5,machine-A9,lot-49,uP,aPZT,category-2,,18,0,18
2026-11-24,48,plant-A,line-A4,machine-A2,lot-81,UP,bPZT,pass,pass,0,2744,2802
2026-11-24,48,plant-A,line-A10,machine-A4,lot-98,DN,bPZT,pass,pass,0,2792,2832
2026-11-24,48,plant-A,line-A8,machine-A2,lot-67,DN,bPZT,category-3,sub-b4,22,0,22
2026-11-24,48,plant-B,line-B2,machine-B2,lot-28,DN,bPZT,category-2,sub-b7,36,0,36
2026-11-24,48,plant-A,line-A4,machine-A7,lot-58,DN,bPZT,category-3,sub-b2,26,0,26
2026-11-24,48,plant-B,line-B7,machine-B5,lot-38,UP,aPZT,category-1,sub-a6,7,0,7
2026-11-24,48,plant-A,line-A7,machine-A5,lot-31,DN,aPZT,category-5,sub-a4,8,0,8
2026-11-24,48,plant-A,line-A4,machine-A2,lot-81,UP,aPZT,category-4,sub-a7,20,0,20
2026-11-24,48,plant-B,line-B7,machine-B5,lot-38,DN,bPZT,category-4,sub-b6,35,0,35
2026-11-24,48,plant-A,line-A4,machine-A10,lot-9,DN,aPZT,category-2,sub-a9,19,0,19
2026-11-24,48,plant-B,line-B7,machine-B5,lot-38,UP,bPZT,category-1,sub-b6,21,0,21
2026-11-24,48,plant-B,line-B9,machine-B8,lot-76,DN,bPZT,category-1,sub-b3,27,0,27
2026-11-24,48,plant-A,line-A4,machine-A10,lot-42,UP,aPZT,category-1,sub-a5,11,0,11
2026-11-24,48,plant-A,line-A4,machine-A7,lot-58,DN,aPZT,category-3,sub-a3,25,0,25
2026-11-24,48,plant-A,line-A8,machine-A9,lot-51,DN,bPZT,category-3,sub-b6,9,0,9
2026-11-24,48,plant-B,line-B9,machine-B8,lot-76,UP,bPZT,category-4,sub-b7,4,0,4
2026-11-24,48,plant-A,line-A4,machine-A10,lot-9,DN,aPZT,pass,pass,0,2383,2396
2026-11-24,48,plant-A,line-A2,machine-A3,lot-15,DN,bPZT,pass,pass,0,2174,2215
2026-11-24,48,plant-A,line-A5,machine-A9,lot-49,UP,aPZT,category-4,sub-a8,1,0,1
2026-11-24,48,plant-A,line-A5,machine-A9,lot-49,DN,aPZT,category-3,sub-a9,22,0,22
2026-11-24,48,plant-B,line-B3,machine-B3,lot-33,DN,bPZT,category-3,sub-b3,13,0,13
2026-11-24,48,plant-A,line-A5,machine-A9,lot-49,DN,bPZT,pass,pass,0,2668,2779
2026-11-24,48,plant-B,line-B4,machine-B7,lot-10,Dn,bPZT,category-1,sub-b8,31,0,31
2026-11-24,48,plant-A,line-A2,machine-A3,lot-15,DN,aPZT,pass,pass,0,2174,2227
2026-11-24,48,plant-B,line-B9,machine-B8,lot-76,UP,bPZT,category-4,sub-b9,33,0,33
2026-11-24,48,plant-B,line-B2,machine-B2,lot-28,UP,aPZT,category-2,sub-a7,20,0,20
2026-11-24,48,plant-B,line-B2,machine-B2,lot-28,UP,aPZT,pass,pass,0,2508,2544
2026-11-24,48,plant-A,line-A3,machine-A4,lot-61,DN,bPZT,category-1,sub-b9,30,0,30
2026-11-24,48,plant-A,line-A5,machine-A4,lot-5,DN,aPZT,pass,pass,0,2590,2643
2026-11-24,48,plant-B,line-B3,machine-B3,lot-33,UP,bPZT,category-4,sub-b1,14,0,14
2026-11-24,48,plant-A,line-A10,machine-A6,lot-78,DN,aPZT,pass,pass,0,2844,2931
2026-11-24,48,plant-A,line-A7,machine-A5,lot-31,DN,bPZT,category-2,sub-b7,39,0,39
2026-11-24,48,plant-B,line-B10,machine-B4,lot-12,UP,bPZT,category-2,sub-b1,21,0,21
2026-11-24,48,plant-B,line-B7,machine-B5,lot-38,UP,aPZT,category-4,sub-a9,16,0,16
2026-11-24,48,plant-A,line-A2,machine-A3,lot-15,DN,aPZT,category-1,sub-a2,21,0,21
2026-11-24,48,plant-A,line-A10,machine-A4,lot-98,DN,bPZT,category-5,sub-b9,40,0,40
2026-11-24,48,plant-A,line-A3,machine-A4,lot-61,DN,bPZT,category-2,,16,0,16
2026-11-24,48,plant-A,line-A10,machine-A4,lot-98,UP,aPZT,category-3,sub-a3,10,0,10
2026-11-24,48,plant-A,line-A10,machine-A2,lot-50,UP,bPZT,category-3,sub-b1,35,0,35
2026-11-24,48,plant-B,line-B3,machine-B3,lot-33,UP,bPZT,category-2,sub-b1,29,0,29
2026-11-24,48,plant-A,line-A5,machine-A9,lot-49,UP,bPZT,category-1,sub-b10,39,0,39
2026-11-24,48,plant-A,line-A5,machine-A9,lot-49,DN,aPZT,category-2,sub-a5,26,0,26
2026-11-24,48,plant-A,line-A3,machine-A2,lot-18,UP,bPZT,category-5,sub-b2,21,0,21
2026-11-24,48,plant-A,line-A2,machine-A3,lot-15,UP,bPZT,category-5,sub-b4,19,0,19
2026-11-24,48,plant-A,line-A4,machine-A10,lot-9,DN,aPZT,category-3,sub-a1,37,0,37
2026-11-24,48,plant-B,line-B9,machine-B8,lot-76,UP,aPZT,category-2,sub-a7,22,0,22
2026-11-24,48,plant-A,line-A4,machine-A7,lot-58,UP,aPZT,category-3,sub-a3,31,0,31
2026-11-24,48,plant-A,line-A6,machine-A4,lot-97,DN,bPZT,category-2,sub-b5,25,0,25
2026-11-24,48,plant-A,line-A4,machine-A10,lot-42,DN,aPZT,category-5,sub-a6,31,0,31
2026-11-25,48,plant-A,line-A10,machine-A1,lot-6,UP,aPZT,category-4,sub-a2,39,0,39
2026-11-25,48,plant-A,line-A3,machine-A3,lot-77,DN,aPZT,category-5,sub-a6,37,0,37
2026-11-25,48,plant-B,line-B9,machine-B7,lot-52,UP,aPZT,category-3,sub-a3,33,0,33
2026-11-25,48,plant-B,line-B8,machine-B10,lot-67,UP,aPZT,category-1,sub-a4,31,0,31
2026-11-25,48,plant-B,line-B5,machine-B8,lot-20,UP,aPZT,category-3,sub-a10,15,0,15
2026-11-25,48,plant-B,line-B7,machine-B8,lot-55,DN,bPZT,category-2,sub-b10,15,0,15
2026-11-25,48,plant-A,line-A1,machine-A5,lot-53,DN,bPZT,category-1,sub-b8,34,0,34
2026-11-25,48,plant-A,line-A7,machine-A7,lot-100,UP,aPZT,category-2,sub-a9,3,0,3
2026-11-25,48,plant-A,line-A4,machine-A8,lot-99,DN,bPZT,pass,pass,0,2173,2213
2026-11-25,48,plant-A,line-A5,machine-A10,lot-22,DN,aPZT,category-3,sub-a1,38,0,38
2026-11-25,48,plant-A,line-A2,machine-A8,lot-28,UP,bPZT,category-2,sub-b8,37,0,37
2026-11-25,48,plant-A,line-A10,machine-A1,lot-6,UP,aPZT,pass,pass,0,2480,2576
2026-11-25,48,plant-B,line-B7,machine-B7,lot-32,DN,bPZT,category-3,sub-b1,5,0,5
2026-11-25,48,plant-A,line-A7,machine-A7,lot-100,UP,aPZT,pass,pass,0,2378,2388
2026-11-25,48,plant-B,line-B7,machine-B8,lot-55,UP,bPZT,category-3,sub-b8,23,0,23
2026-11-25,48,plant-B,line-B3,machine-B7,lot-61,DN,bPZT,category-1,sub-b1,22,0,22
2026-11-25,48,plant-A,line-A3,machine-A3,lot-77,UP,bPZT,pass,pass,0,2092,2229
2026-11-25,48,plant-A,line-A3,machine-A1,lot-18,UP,bPZT,pass,pass,0,2971,3002
2026-11-25,48,plant-A,line-A6,machine-A1,lot-4,DN,bPZT,category-1,sub-b7,4,0,4
2026-11-25,48,plant-B,line-B8,machine-B10,lot-67,UP,aPZT,category-4,sub-a10,22,0,22
2026-11-25,48,plant-B,line-B3,machine-B7,lot-61,DN,aPZT,category-3,sub-a1,29,0,29
2026-11-25,48,plant-A,line-A6,machine-A7,lot-13,DN,aPZT,category-1,sub-a1,19,0,19
2026-11-25,48,plant-B,line-B9,machine-B6,lot-84,DN,aPZT,pass,pass,0,2437,2485
2026-11-25,48,plant-B,line-B2,machine-B6,lot-24,DN,bPZT,category-1,sub-b3,14,0,14
2026-11-25,48,plant-A,line-A3,machine-A3,lot-77,UP,bPZT,category-4,sub-b5,22,0,22
2026-11-25,48,plant-A,line-A4,machine-A8,lot-99,DN,aPZT,category-4,sub-a6,8,0,8
2026-11-25,48,plant-A,line-A2,machine-A8,lot-28,DN,bPZT,category-1,sub-b3,10,0,10
2026-11-25,48,plant-B,line-B8,machine-B10,lot-67,DN,aPZT,category-4,sub-a5,31,0,31
2026-11-25,48,plant-A,line-A1,machine-A5,lot-53,DN,bPZT,category-4,sub-b10,23,0,23
2026-11-25,48,plant-A,line-A6,machine-A1,lot-4,UP,aPZT,category-1,sub-a10,19,0,19
2026-11-25,48,plant-A,line-A3,machine-A1,lot-18,UP,aPZT,category-1,sub-a4,9,0,9
2026-11-25,48,plant-A,line-A10,machine-A1,lot-6,DN,bPZT,pass,pass,0,2480,2615
2026-11-25,48,plant-A,line-A6,machine-A1,lot-4,UP,aPZT,category-4,sub-a6,17,0,17
2026-11-25,48,plant-B,line-B2,machine-B6,lot-24,UP,aPZT,category-4,sub-a10,28,0,28
2026-11-25,48,plant-A,line-A6,machine-A7,lot-13,DN,aPZT,category-5,sub-a2,40,0,40
2026-11-25,48,plant-B,line-B9,machine-B6,lot-84,DN,aPZT,category-3,sub-a5,29,0,29
2026-11-25,48,plant-B,line-B3,machine-B7,lot-61,DN,aPZT,category-5,sub-a2,1,0,1
2026-11-25,48,plant-B,line-B2,machine-B1,lot-2,UP,aPZT,category-3,sub-a4,32,0,32
2026-11-25,48,plant-B,line-B8,machine-B10,lot-67,DN,aPZT,category-3,sub-a10,13,0,13
2026-11-25,48,plant-B,line-B6,machine-B10,lot-10,DN,bPZT,category-1,sub-b5,34,0,34
2026-11-25,48,plant-B,line-B4,machine-B1,lot-75,UP,aPZT,category-2,sub-a4,19,0,19
2026-11-25,48,plant-B,line-B2,machine-B6,lot-24,UP,bPZT,category-1,sub-b1,35,0,35
2026-11-25,48,plant-A,line-A10,machine-A8,lot-78,UP,bPZT,pass,pass,0,2211,2240
2026-11-25,48,plant-B,line-B9,machine-B6,lot-84,DN,bPZT,category-5,sub-b2,22,0,22
2026-11-25,48,plant-A,line-A3,machine-A3,lot-77,DN,aPZT,category-3,,10,0,10
2026-11-25,48,plant-A,line-A1,machine-A4,lot-87,DN,bPZT,pass,pass,0,2110,2127
2026-11-25,48,plant-B,line-B2,machine-B1,lot-2,DN,aPZT,pass,pass,0,2259,2310
2026-11-25,48,plant-A,line-A7,machine-A7,lot-100,DN,aPZT,category-5,sub-a3,15,0,15
2026-11-25,48,plant-B,line-B4,machine-B10,lot-65,DN,aPZT,category-5,sub-a10,28,0,28
2026-11-25,48,plant-A,line-A4,machine-A8,lot-99,DN,aPZT,category-2,sub-a4,5,0,5
2026-11-25,48,plant-B,line-B8,machine-B10,lot-67,DN,aPZT,category-3,sub-a1,9,0,9
2026-11-25,48,plant-B,line-B7,machine-B8,lot-55,DN,aPZT,category-3,sub-a3,17,0,17
2026-11-25,48,plant-B,line-B9,machine-B7,lot-52,UP,bPZT,category-3,sub-b3,25,0,25
2026-11-25,48,plant-A,line-A6,machine-A7,lot-13,UP,aPZT,category-3,sub-a9,29,0,29
2026-11-25,48,plant-A,line-A3,machine-A1,lot-18,DN,bPZT,category-3,sub-b1,3,0,3
2026-11-25,48,plant-A,line-A7,machine-A7,lot-100,DN,bPZT,pass,pass,0,2378,2459
2026-11-25,48,plant-B,line-B7,machine-B8,lot-55,DN,aPZT,pass,pass,0,2874,2997
2026-11-25,48,plant-B,line-B4,machine-B10,lot-65,UP,bPZT,pass,pass,0,2187,2236
2026-11-25,48,plant-A,line-A4,machine-A8,lot-99,Up,aPZT,category-3,,24,0,24
2026-11-25,48,plant-B,line-B8,machine-B6,lot-54,UP,bPZT,category-3,sub-b2,3,0,3
2026-11-25,48,plant-B,line-B4,machine-B10,lot-65,UP,aPZT,pass,pass,0,2187,2259
2026-11-25,48,plant-A,line-A3,machine-A3,lot-77,UP,aPZT,category-1,sub-a10,15,0,15
2026-11-25,48,plant-A,line-A3,machine-A1,lot-18,DN,aPZT,category-2,sub-a9,7,0,7
2026-11-25,48,plant-B,line-B8,machine-B10,lot-67,DN,aPZT,category-4,sub-a5,28,0,28
2026-11-25,48,plant-B,line-B4,machine-B10,lot-65,UP,bPZT,category-4,,6,0,6
2026-11-25,48,plant-A,line-A3,machine-A3,lot-77,DN,aPZT,category-3,sub-a6,3,0,3
2026-11-25,48,plant-A,line-A6,machine-A1,lot-4,UP,aPZT,category-1,sub-a1,28,0,28
2026-11-25,48,plant-A,line-A6,machine-A1,lot-4,DN,aPZT,category-3,sub-a4,7,0,7
2026-11-25,48,plant-A,line-A3,machine-A1,lot-18,UP,bPZT,category-1,sub-b2,23,0,23
2026-11-25,48,plant-B,line-B4,machine-B1,lot-75,UP,aPZT,category-3,sub-a7,33,0,33
2026-11-25,48,plant-A,line-A4,machine-A8,lot-99,UP,aPZT,pass,pass,0,2173,2207
2026-11-25,48,plant-A,line-A4,machine-A8,lot-99,DN,bPZT,category-3,sub-b3,15,0,15
2026-11-25,48,plant-B,line-B3,machine-B7,lot-61,DN,aPZT,category-4,sub-a6,15,0,15
2026-11-25,48,plant-A,line-A6,machine-A1,lot-4,UP,bPZT,category-1,sub-b9,35,0,35
2026-11-25,48,plant-B,line-B9,machine-B7,lot-52,DN,aPZT,category-1,sub-a2,28,0,28
2026-11-25,48,plant-A,line-A5,machine-A10,lot-22,DN,bPZT,category-4,sub-b4,34,0,34
2026-11-25,48,plant-B,line-B8,machine-B10,lot-67,DN,aPZT,pass,pass,0,2096,2106
2026-11-25,48,plant-B,line-B5,machine-B8,lot-20,DN,aPZT,pass,pass,0,2272,2299
2026-11-25,48,plant-B,line-B2,machine-B6,lot-24,DN,bPZT,pass,pass,0,2568,2616
2026-11-25,48,plant-A,line-A10,machine-A8,lot-78,DN,aPZT,pass,pass,0,2211,2221
2026-11-25,48,plant-B,line-B4,machine-B10,lot-65,UP,aPZT,category-2,sub-a1,7,0,7
2026-11-25,48,plant-A,line-A5,machine-A10,lot-22,UP,aPZT,category-4,sub-a3,28,0,28
2026-11-25,48,plant-B,line-B5,machine-B8,lot-20,UP,aPZT,category-2,sub-a3,27,0,27
2026-11-25,48,plant-A,line-A10,machine-A1,lot-6,DN,bPZT,category-1,sub-b9,1,0,1
2026-11-25,48,plant-B,line-B8,machine-B6,lot-54,UP,aPZT,pass,pass,0,2244,2311
2026-11-25,48,plant-A,line-A10,machine-A1,lot-6,DN,bPZT,category-5,sub-b10,39,0,39
2026-11-25,48,plant-A,line-A5,machine-A10,lot-22,UP,aPZT,pass,pass,0,2518,2552
2026-11-25,48,plant-B,line-B4,machine-B1,lot-75,DN,aPZT,category-2,sub-a6,17,0,17
2026-11-25,48,plant-B,line-B8,machine-B10,lot-67,UP,bPZT,category-4,sub-b4,10,0,10
2026-11-25,48,plant-B,line-B8,machine-B6,lot-54,UP,aPZT,category-4,sub-a3,7,0,7
2026-11-25,48,plant-B,line-B2,machine-B1,lot-2,DN,bPZT,category-5,sub-b10,24,0,24
2026-11-25,48,plant-A,line-A7,machine-A7,lot-100,DN,aPZT,category-1,sub-a4,2,0,2
2026-11-25,48,plant-A,line-A7,machine-A7,lot-100,UP,bPZT,category-1,sub-b10,10,0,10
2026-11-25,48,plant-A,line-A7,machine-A7,lot-100,UP,aPZT,category-4,sub-a1,13,0,13
2026-11-25,48,plant-B,line-B9,machine-B7,lot-52,DN,aPZT,category-5,sub-a1,30,0,30
2026-11-25,48,plant-B,line-B7,machine-B8,lot-55,DN,bPZT,category-5,sub-b4,26,0,26
2026-11-25,48,plant-B,line-B7,machine-B8,lot-55,UP,aPZT,category-3,sub-a5,13,0,13
2026-11-25,48,plant-B,line-B9,machine-B7,lot-52,UP,bPZT,category-4,sub-b7,20,0,20
2026-11-25,48,plant-A,line-A10,machine-A1,lot-6,UP,bPZT,category-1,sub-b10,23,0,23
2026-11-25,48,plant-A,line-A10,machine-A8,lot-78,UP,aPZT,category-4,sub-a8,29,0,29
2026-11-25,48,plant-B,line-B9,machine-B6,lot-84,DN,aPZT,category-5,sub-a1,5,0,5
2026-11-25,48,plant-A,line-A1,machine-A4,lot-87,DN,bPZT,category-4,sub-b10,19,0,19
2026-11-25,48,plant-A,line-A3,machine-A1,lot-18,UP,aPZT,category-3,sub-a10,5,0,5
2026-11-25,48,plant-A,line-A1,machine-A4,lot-87,DN,aPZT,category-3,sub-a1,17,0,17
2026-11-25,48,plant-A,line-A5,machine-A10,lot-22,UP,bPZT,pass,pass,0,2518,2603
2026-11-25,48,plant-A,line-A2,machine-A8,lot-28,DN,bPZT,pass,pass,0,2961,3048
2026-11-25,48,plant-B,line-B7,machine-B7,lot-32,DN,aPZT,category-4,sub-a9,4,0,4
2026-11-25,48,plant-B,line-B2,machine-B6,lot-24,UP,bPZT,category-3,sub-b1,24,0,24
2026-11-25,48,plant-A,line-A1,machine-A5,lot-53,UP,bPZT,category-4,sub-b1,21,0,21
2026-11-25,48,plant-A,line-A1,machine-A5,lot-53,UP,aPZT,pass,pass,0,2251,2329
2026-11-25,48,plant-A,line-A3,machine-A3,lot-77,DN,aPZT,pass,pass,0,2092,2166
2026-11-25,48,plant-A,line-A2,machine-A8,lot-28,UP,bPZT,category-4,sub-b7,15,0,15
2026-11-25,48,plant-A,line-A4,machine-A8,lot-99,DN,bPZT,category-1,sub-b6,19,0,19
2026-11-25,48,plant-B,line-B2,machine-B1,lot-2,UP,bPZT,pass,pass,0,2259,2291
2026-11-25,48,plant-A,line-A7,machine-A7,lot-100,DN,aPZT,category-1,sub-a5,19,0,19
2026-11-25,48,plant-A,line-A2,machine-A8,lot-28,DN,aPZT,category-5,,6,0,6
2026-11-25,48,plant-B,line-B9,machine-B6,lot-84,DN,bPZT,category-4,sub-b10,26,0,26
2026-11-25,48,plant-A,line-A10,machine-A1,lot-6,UP,aPZT,category-2,sub-a2,38,0,38
2026-11-25,48,plant-A,line-A10,machine-A1,lot-6,DN,aPZT,category-5,sub-a4,7,0,7
2026-11-25,48,plant-B,line-B7,machine-B7,lot-32,Dn,aPZT,pass,pass,0,2051,2056
2026-11-25,48,plant-B,line-B8,machine-B6,lot-54,UP,bPZT,category-2,sub-b1,3,0,3
2026-11-25,48,plant-A,line-A1,machine-A4,lot-87,UP,bPZT,category-2,sub-b7,5,0,5
2026-11-25,48,plant-B,line-B9,machine-B7,lot-52,DN,aPZT,category-5,sub-a6,4,0,4
2026-11-25,48,plant-B,line-B9,machine-B7,lot-52,DN,bPZT,category-5,sub-b1,28,0,28
2026-11-25,48,plant-A,line-A2,machine-A8,lot-28,UP,aPZT,category-4,sub-a8,19,0,19
2026-11-25,48,plant-B,line-B8,machine-B10,lot-67,UP,aPZT,category-2,sub-a4,26,0,26
2026-11-25,48,plant-A,line-A10,machine-A1,lot-6,UP,aPZT,category-5,sub-a3,29,0,29
2026-11-25,48,plant-B,line-B2,machine-B6,lot-24,DN,aPZT,pass,pass,0,2568,2704
2026-11-25,48,plant-B,line-B4,machine-B10,lot-65,UP,aPZT,category-1,sub-a4,14,0,14
2026-11-25,48,plant-B,line-B9,machine-B6,lot-84,UP,bPZT,pass,pass,0,2437,2510
2026-11-25,48,plant-A,line-A6,machine-A1,lot-4,DN,bPZT,category-4,sub-b2,31,0,31
2026-11-25,48,plant-B,line-B3,machine-B7,lot-61,UP,aPZT,category-1,sub-a3,13,0,13
2026-11-25,48,plant-A,line-A1,machine-A4,lot-87,UP,bPZT,category-5,sub-b4,20,0,20
2026-11-25,48,plant-A,line-A3,machine-A3,lot-77,DN,bPZT,category-5,sub-b4,3,0,3
2026-11-25,48,plant-B,line-B5,machine-B8,lot-20,DN,bPZT,pass,pass,0,2272,2333
2026-11-25,48,plant-A,line-A3,machine-A1,lot-18,UP,aPZT,category-2,sub-a7,10,0,10
2026-11-25,48,plant-A,line-A10,machine-A1,lot-6,UP,aPZT,category-4,sub-a1,22,0,22
2026-11-25,48,plant-A,line-A6,machine-A7,lot-13,UP,aPZT,category-2,sub-a9,10,0,10
2026-11-25,48,plant-A,line-A2,machine-A8,lot-28,UP,aPZT,pass,pass,0,2961,3041
2026-11-25,48,plant-B,line-B2,machine-B6,lot-24,UP,bPZT,category-3,sub-b7,39,0,39
2026-11-25,48,plant-B,line-B4,machine-B1,lot-75,DN,aPZT,pass,pass,0,2065,2105
2026-11-25,48,plant-B,line-B9,machine-B7,lot-52,UP,bPZT,category-2,sub-b4,13,0,13
2026-11-25,48,plant-A,line-A6,machine-A7,lot-13,DN,aPZT,category-1,sub-a4,3,0,3
2026-11-25,48,plant-B,line-B9,machine-B7,lot-52,DN,bPZT,category-1,sub-b6,15,0,15
2026-11-25,48,plant-A,line-A6,machine-A7,lot-13,UP,aPZT,category-3,sub-a7,6,0,6
2026-11-25,48,plant-A,line-A6,machine-A7,lot-13,DN,aPZT,category-1,sub-a10,40,0,40
2026-11-25,48,plant-A,line-A1,machine-A4,lot-87,UP,aPZT,pass,pass,0,2110,2158
2026-11-25,48,plant-B,line-B3,machine-B7,lot-61,UP,aPZT,pass,pass,0,2288,2310
2026-11-25,48,plant-A,line-A3,machine-A3,lot-77,UP,aPZT,category-3,sub-a2,33,0,33
2026-11-25,48,plant-B,line-B8,machine-B6,lot-54,UP,bPZT,category-1,sub-b9,39,0,39
2026-11-25,48,plant-A,line-A2,machine-A8,lot-28,DN,bPZT,category-5,sub-b9,18,0,18
2026-11-25,48,plant-B,line-B4,machine-B1,lot-75,DN,bPZT,category-2,sub-b1,40,0,40
2026-11-25,48,plant-B,line-B7,machine-B8,lot-55,DN,bPZT,category-1,sub-b8,37,0,37
2026-11-25,48,plant-B,line-B5,machine-B8,lot-20,UP,aPZT,category-4,sub-a1,19,0,19
2026-11-25,48,plant-A,line-A6,machine-A1,lot-4,UP,bPZT,pass,pass,0,2485,2556
2026-11-25,48,plant-A,line-A1,machine-A5,lot-53,UP,bPZT,pass,pass,0,2251,2266
2026-11-25,48,plant-A,line-A7,machine-A7,lot-100,UP,aPZT,category-2,sub-a10,29,0,29
2026-11-25,48,plant-B,line-B9,machine-B6,lot-84,UP,aPZT,category-3,sub-a9,39,0,39
2026-11-25,48,plant-B,line-B7,machine-B8,lot-55,UP,aPZT,category-2,sub-a6,16,0,16
2026-11-25,48,plant-B,line-B5,machine-B8,lot-20,DN,bPZT,category-2,sub-b1,27,0,27
2026-11-25,48,plant-B,line-B2,machine-B6,lot-24,UP,bPZT,category-2,sub-b1,24,0,24
2026-11-25,48,plant-B,line-B3,machine-B7,lot-61,DN,bPZT,pass,pass,0,2288,2346
2026-11-25,48,plant-A,line-A2,machine-A8,lot-28,UP,aPZT,category-3,sub-a5,29,0,29
2026-11-25,48,plant-A,line-A3,machine-A1,lot-18,DN,aPZT,pass,pass,0,2971,2997
2026-11-25,48,plant-A,line-A3,machine-A3,lot-77,UP,aPZT,category-4,sub-a4,39,0,39
2026-11-25,48,plant-B,line-B4,machine-B10,lot-65,DN,bPZT,category-2,sub-b8,39,0,39
2026-11-25,48,plant-A,line-A6,machine-A7,lot-13,UP,bPZT,pass,pass,0,2438,2585
2026-11-25,48,plant-A,line-A10,machine-A1,lot-6,DN,bPZT,category-3,sub-b5,21,0,21
2026-11-25,48,plant-A,line-A6,machine-A1,lot-4,UP,aPZT,pass,pass,0,2485,2555
2026-11-25,48,plant-A,line-A10,machine-A8,lot-78,DN,bPZT,category-1,sub-b8,10,0,10
2026-11-25,48,plant-B,line-B8,machine-B10,lot-67,DN,aPZT,category-5,sub-a7,24,0,24
2026-11-25,48,plant-B,line-B7,machine-B8,lot-55,DN,bPZT,pass,pass,0,2874,2920
2026-11-25,48,plant-B,line-B2,machine-B6,lot-24,DN,aPZT,category-3,sub-a7,20,0,20
2026-11-25,48,plant-B,line-B9,machine-B7,lot-52,UP,bPZT,pass,pass,0,2409,2504
2026-11-25,48,plant-A,line-A4,machine-A8,lot-99,DN,aPZT,category-4,sub-a2,3,0,3
2026-11-25,48,plant-A,line-A1,machine-A4,lot-87,DN,bPZT,category-3,sub-b8,4,0,4
2026-11-25,48,plant-A,line-A2,machine-A8,lot-28,UP,aPZT,category-3,sub-a8,33,0,33
2026-11-25,48,plant-B,line-B9,machine-B7,lot-52,DN,aPZT,pass,pass,0,2409,2510
2026-11-25,48,plant-A,line-A3,machine-A3,lot-77,DN,bPZT,category-3,sub-b9,9,0,9
2026-11-25,48,plant-B,line-B6,machine-B10,lot-10,DN,aPZT,pass,pass,0,2177,2211
2026-11-25,48,plant-B,line-B8,machine-B6,lot-54,UP,bPZT,pass,pass,0,2244,2251
2026-11-25,48,plant-B,line-B4,machine-B1,lot-75,UP,bPZT,pass,pass,0,2065,2167
2026-11-25,48,plant-A,line-A10,machine-A1,lot-6,DN,bPZT,category-3,sub-b3,12,0,12
2026-11-25,48,plant-B,line-B8,machine-B10,lot-67,UP,aPZT,category-2,sub-a4,15,0,15
2026-11-25,48,plant-B,line-B7,machine-B8,lot-55,UP,bPZT,category-5,sub-b4,22,0,22
2026-11-25,48,plant-A,line-A6,machine-A7,lot-13,DN,bPZT,category-4,sub-b1,7,0,7
2026-11-25,48,plant-B,line-B6,machine-B10,lot-10,DN,bPZT,pass,pass,0,2177,2199
2026-11-25,48,plant-B,line-B7,machine-B7,lot-32,Up,bPZT,pass,pass,0,2051,2055
2026-11-25,48,plant-B,line-B4,machine-B10,lot-65,DN,bPZT,category-3,sub-b10,27,0,27
2026-11-25,48,plant-A,line-A6,machine-A7,lot-13,DN,bPZT,category-3,sub-b1,24,0,24
2026-11-25,48,plant-B,line-B8,machine-B10,lot-67,DN,bPZT,pass,pass,0,2096,2295
2026-11-25,48,plant-A,line-A3,machine-A3,lot-77,DN,bPZT,category-1,sub-b6,40,0,40
2026-11-25,48,plant-A,line-A5,machine-A10,lot-22,UP,aPZT,category-4,sub-a10,19,0,19
2026-11-25,48,plant-A,line-A6,machine-A7,lot-13,DN,bPZT,category-3,sub-b9,21,0,21
2026-11-25,48,plant-A,line-A1,machine-A5,lot-53,UP,aPZT,category-5,sub-a2,15,0,15
2026-11-25,48,plant-A,line-A6,machine-A7,lot-13,DN,aPZT,pass,pass,0,2438,2490
2026-11-25,48,plant-B,line-B2,machine-B1,lot-2,UP,bPZT,category-2,sub-b8,27,0,27
2026-11-25,48,plant-B,line-B4,machine-B1,lot-75,UP,aPZT,category-3,sub-a1,33,0,33
2026-11-25,48,plant-B,line-B8,machine-B6,lot-54,DN,bPZT,category-2,sub-b3,22,0,22
2026-11-25,48,plant-B,line-B6,machine-B10,lot-10,DN,aPZT,category-1,sub-a3,22,0,22
2026-11-26,48,plant-A,line-A5,machine-A5,lot-53,UP,bPZT,category-3,sub-b2,19,0,19
2026-11-26,48,plant-A,line-A10,machine-A1,lot-28,DN,bPZT,category-1,sub-b3,21,0,21
2026-11-26,48,plant-A,line-A5,machine-A3,lot-84,DN,bPZT,category-5,sub-b10,37,0,37
2026-11-26,48,plant-B,line-B2,machine-B7,lot-55,DN,bPZT,category-1,sub-b9,2,0,2
2026-11-26,48,plant-A,line-A6,machine-A1,lot-92,DN,bPZT,category-1,sub-b5,18,0,18
2026-11-26,48,plant-A,line-A1,machine-A5,lot-58,UP,bPZT,category-1,sub-b8,23,0,23
2026-11-26,48,plant-A,line-A5,machine-A5,lot-53,DN,bPZT,pass,pass,0,2370,2416
2026-11-26,48,plant-A,line-A4,machine-A10,lot-56,UP,bPZT,category-4,sub-b10,24,0,24
2026-11-26,48,plant-A,line-A7,machine-A6,lot-6,DN,bPZT,pass,pass,0,2919,2952
2026-11-26,48,plant-A,line-A4,machine-A1,lot-43,DN,aPZT,category-1,sub-a9,18,0,18
2026-11-26,48,plant-A,line-A10,machine-A1,lot-28,UP,bPZT,category-1,sub-b8,37,0,37
2026-11-26,48,plant-B,line-B1,machine-B5,lot-8,UP,bPZT,category-2,,33,0,33
2026-11-26,48,plant-A,line-A3,machine-A9,lot-25,DN,bPZT,category-5,sub-b8,16,0,16
2026-11-26,48,plant-A,line-A4,machine-A8,lot-62,UP,bPZT,category-4,sub-b4,5,0,5
2026-11-26,48,plant-A,line-A10,machine-A1,lot-28,UP,bPZT,category-5,sub-b2,20,0,20
2026-11-26,48,plant-A,line-A7,machine-A6,lot-49,DN,aPZT,category-5,sub-a6,36,0,36
2026-11-26,48,plant-B,line-B4,machine-B10,lot-21,DN,aPZT,category-5,sub-a5,20,0,20
2026-11-26,48,plant-A,line-A7,machine-A6,lot-6,DN,bPZT,category-4,sub-b10,18,0,18
2026-11-26,48,plant-A,line-A6,machine-A1,lot-92,UP,aPZT,pass,pass,0,2452,2522
2026-11-26,48,plant-A,line-A5,machine-A3,lot-84,DN,bPZT,category-4,sub-b1,34,0,34
2026-11-26,48,plant-A,line-A4,machine-A8,lot-62,UP,bPZT,category-1,sub-b8,21,0,21
2026-11-26,48,plant-B,line-B4,machine-B10,lot-21,UP,aPZT,category-5,sub-a2,9,0,9
2026-11-26,48,plant-B,line-B9,machine-B4,lot-99,DN,bPZT,category-1,sub-b6,9,0,9
2026-11-26,48,plant-B,line-B8,machine-B4,lot-86,UP,bPZT,pass,pass,0,2011,2014
2026-11-26,48,plant-A,line-A5,machine-A5,lot-53,DN,bPZT,category-5,sub-b2,28,0,28
2026-11-26,48,plant-A,line-A5,machine-A3,lot-84,UP,bPZT,category-5,sub-b3,40,0,40
2026-11-26,48,plant-A,line-A7,machine-A6,lot-6,UP,bPZT,category-4,sub-b2,18,0,18
2026-11-26,48,plant-B,line-B4,machine-B5,lot-5,UP,bPZT,category-2,sub-b7,37,0,37
2026-11-26,48,plant-A,line-A4,machine-A8,lot-62,UP,bPZT,category-4,sub-b7,22,0,22
2026-11-26,48,plant-B,line-B2,machine-B7,lot-55,UP,aPZT,pass,pass,0,2991,3077
2026-11-26,48,plant-B,line-B2,machine-B2,lot-80,UP,bPZT,category-2,sub-b7,28,0,28
2026-11-26,48,plant-A,line-A8,machine-A8,lot-97,DN,aPZT,pass,pass,0,2193,2251
2026-11-26,48,plant-B,line-B4,machine-B10,lot-21,DN,aPZT,pass,pass,0,2553,2661
2026-11-26,48,plant-A,line-A6,machine-A1,lot-92,DN,bPZT,category-3,sub-b1,26,0,26
2026-11-26,48,plant-A,line-A4,machine-A10,lot-56,UP,bPZT,pass,pass,0,2922,2944
2026-11-26,48,plant-A,line-A4,machine-A8,lot-62,UP,aPZT,pass,pass,0,2806,2884
2026-11-26,48,plant-B,line-B4,machine-B5,lot-5,UP,bPZT,category-4,sub-b3,16,0,16
2026-11-26,48,plant-A,line-A7,machine-A6,lot-49,UP,aPZT,pass,pass,0,2123,2186
2026-11-26,48,plant-B,line-B4,machine-B10,lot-17,DN,bPZT,category-3,sub-b1,23,0,23
2026-11-26,48,plant-A,line-A3,machine-A9,lot-25,DN,bPZT,category-4,sub-b10,9,0,9
2026-11-26,48,plant-A,line-A3,machine-A9,lot-12,DN,bPZT,category-1,sub-b9,3,0,3
2026-11-26,48,plant-B,line-B2,machine-B7,lot-55,UP,bPZT,category-1,sub-b7,4,0,4
2026-11-26,48,plant-B,line-B4,machine-B5,lot-5,UP,bPZT,pass,pass,0,2446,2493
2026-11-26,48,plant-A,line-A6,machine-A1,lot-92,DN,bPZT,category-4,sub-b4,19,0,19
2026-11-26,48,plant-B,line-B4,machine-B10,lot-17,UP,aPZT,pass,pass,0,2006,2214
2026-11-26,48,plant-A,line-A1,machine-A5,lot-58,UP,bPZT,category-3,sub-b4,3,0,3
2026-11-26,48,plant-B,line-B10,machine-B5,lot-36,DN,aPZT,category-5,sub-a10,3,0,3
2026-11-26,48,plant-A,line-A3,machine-A9,lot-25,UP,bPZT,category-5,sub-b2,24,0,24
2026-11-26,48,plant-A,line-A10,machine-A1,lot-28,UP,bPZT,category-4,sub-b2,3,0,3
2026-11-26,48,plant-B,line-B4,machine-B10,lot-21,UP,bPZT,category-3,sub-b3,24,0,24
2026-11-26,48,plant-A,line-A5,machine-A5,lot-53,UP,bPZT,category-2,sub-b6,18,0,18
2026-11-26,48,plant-B,line-B4,machine-B10,lot-17,uP,aPZT,category-1,sub-a8,38,0,38
2026-11-26,48,plant-B,line-B8,machine-B4,lot-86,UP,bPZT,category-4,sub-b4,17,0,17
2026-11-26,48,plant-A,line-A5,machine-A3,lot-84,UP,bPZT,pass,pass,0,2628,2640
2026-11-26,48,plant-A,line-A7,machine-A6,lot-6,UP,aPZT,category-2,sub-a9,24,0,24
2026-11-26,48,plant-A,line-A7,machine-A6,lot-6,DN,aPZT,pass,pass,0,2919,3075
2026-11-26,48,plant-A,line-A4,machine-A1,lot-43,UP,bPZT,category-4,sub-b8,8,0,8
2026-11-26,48,plant-A,line-A3,machine-A9,lot-25,UP,bPZT,category-3,sub-b6,1,0,1
2026-11-26,48,plant-A,line-A6,machine-A1,lot-92,UP,bPZT,category-3,sub-b8,7,0,7
2026-11-26,48,plant-A,line-A7,machine-A6,lot-49,UP,bPZT,category-2,sub-b7,8,0,8
2026-11-26,48,plant-A,line-A1,machine-A5,lot-58,DN,aPZT,category-4,sub-a6,9,0,9
2026-11-26,48,plant-B,line-B4,machine-B10,lot-21,Dn,bPZT,category-5,sub-b5,35,0,35
2026-11-26,48,plant-A,line-A2,machine-A1,lot-83,DN,bPZT,category-5,sub-b3,22,0,22
2026-11-26,48,plant-A,line-A3,machine-A9,lot-25,UP,bPZT,category-5,sub-b4,14,0,14
2026-11-26,48,plant-B,line-B9,machine-B4,lot-99,UP,bPZT,pass,pass,0,2776,2841
2026-11-26,48,plant-B,line-B10,machine-B5,lot-36,UP,aPZT,pass,pass,0,2327,2365
2026-11-26,48,plant-B,line-B1,machine-B5,lot-8,UP,aPZT,pass,pass,0,2135,2198
2026-11-26,48,plant-A,line-A5,machine-A5,lot-53,UP,aPZT,category-3,sub-a5,11,0,11
2026-11-26,48,plant-B,line-B4,machine-B5,lot-5,UP,aPZT,pass,pass,0,2446,2523
2026-11-26,48,plant-A,line-A8,machine-A8,lot-97,UP,bPZT,category-4,sub-b2,40,0,40
2026-11-26,48,plant-A,line-A8,machine-A8,lot-97,UP,aPZT,category-2,sub-a9,8,0,8
2026-11-26,48,plant-B,line-B1,machine-B10,lot-13,UP,bPZT,category-1,sub-b1,5,0,5
2026-11-26,48,plant-A,line-A10,machine-A1,lot-28,DN,aPZT,pass,,0,2058,2147
2026-11-26,48,plant-B,line-B4,machine-B10,lot-21,UP,aPZT,category-2,sub-a10,8,0,8
2026-11-26,48,plant-B,line-B2,machine-B7,lot-55,UP,bPZT,pass,pass,0,2991,3034
2026-11-26,48,plant-A,line-A4,machine-A1,lot-43,up,bPZT,pass,pass,0,2418,2452
2026-11-26,48,plant-A,line-A7,machine-A6,lot-49,UP,bPZT,category-2,sub-b5,33,0,33
2026-11-26,48,plant-B,line-B2,machine-B2,lot-80,UP,bPZT,category-2,sub-b6,29,0,29
2026-11-26,48,plant-A,line-A3,machine-A9,lot-25,UP,aPZT,category-1,sub-a2,27,0,27
2026-11-26,48,plant-B,line-B1,machine-B5,lot-8,UP,bPZT,category-4,sub-b7,30,0,30
2026-11-26,48,plant-A,line-A3,machine-A9,lot-12,UP,aPZT,category-3,sub-a5,26,0,26
2026-11-26,48,plant-A,line-A7,machine-A6,lot-49,DN,aPZT,category-5,sub-a4,27,0,27
2026-11-26,48,plant-A,line-A7,machine-A6,lot-6,UP,bPZT,category-2,,40,0,40
2026-11-26,48,plant-A,line-A5,machine-A5,lot-53,DN,bPZT,category-5,sub-b10,4,0,4
2026-11-26,48,plant-A,line-A8,machine-A8,lot-97,DN,aPZT,category-2,sub-a8,34,0,34
2026-11-26,48,plant-A,line-A4,machine-A10,lot-56,DN,aPZT,pass,pass,0,2922,2955
2026-11-26,48,plant-A,line-A10,machine-A1,lot-28,UP,bPZT,category-5,sub-b4,8,0,8
2026-11-26,48,plant-A,line-A4,machine-A1,lot-43,UP,bPZT,category-4,sub-b7,21,0,21
2026-11-26,48,plant-A,line-A7,machine-A6,lot-49,UP,aPZT,category-3,sub-a1,23,0,23
2026-11-26,48,plant-A,line-A1,machine-A5,lot-58,DN,bPZT,pass,pass,0,2982,3014
2026-11-26,48,plant-B,line-B2,machine-B2,lot-80,UP,bPZT,pass,pass,0,2721,2755
2026-11-26,48,plant-B,line-B2,machine-B7,lot-55,UP,bPZT,category-3,sub-b2,14,0,14
2026-11-26,48,plant-B,line-B3,machine-B3,lot-14,DN,aPZT,category-3,sub-a1,20,0,20
2026-11-26,48,plant-B,line-B1,machine-B5,lot-8,UP,aPZT,category-2,sub-a4,13,0,13
2026-11-26,48,plant-A,line-A1,machine-A5,lot-58,UP,aPZT,category-1,sub-a6,17,0,17
2026-11-26,48,plant-B,line-B9,machine-B4,lot-99,UP,aPZT,category-3,sub-a3,34,0,34
2026-11-26,48,plant-A,line-A4,machine-A10,lot-56,UP,bPZT,category-3,sub-b7,9,0,9
2026-11-26,48,plant-A,line-A7,machine-A6,lot-49,UP,bPZT,category-1,sub-b4,2,0,2
2026-11-26,48,plant-A,line-A2,machine-A1,lot-83,DN,aPZT,category-1,sub-a4,16,0,16
2026-11-26,48,plant-A,line-A7,machine-A6,lot-6,UP,aPZT,category-4,sub-a3,9,0,9
2026-11-26,48,plant-A,line-A10,machine-A1,lot-28,UP,aPZT,category-5,sub-a6,24,0,24
2026-11-26,48,plant-B,line-B1,machine-B10,lot-13,UP,aPZT,category-1,sub-a8,24,0,24
2026-11-26,48,plant-A,line-A1,machine-A5,lot-58,UP,aPZT,category-2,sub-a7,6,0,6
2026-11-26,48,plant-A,line-A5,machine-A3,lot-84,DN,bPZT,category-2,sub-b8,23,0,23
2026-11-26,48,plant-A,line-A6,machine-A1,lot-92,UP,bPZT,pass,pass,0,2452,2494
2026-11-26,48,plant-A,line-A6,machine-A1,lot-92,DN,aPZT,category-1,sub-a6,35,0,35
2026-11-26,48,plant-B,line-B4,machine-B10,lot-21,UP,aPZT,category-5,sub-a7,28,0,28
2026-11-26,48,plant-A,line-A4,machine-A8,lot-62,UP,aPZT,category-4,,20,0,20
2026-11-26,48,plant-B,line-B4,machine-B10,lot-17,DN,bPZT,category-3,sub-b1,39,0,39
2026-11-26,48,plant-A,line-A5,machine-A3,lot-84,Up,bPZT,category-1,,21,0,21
2026-11-26,48,plant-A,line-A2,machine-A1,lot-83,UP,bPZT,category-3,sub-b1,30,0,30
2026-11-26,48,plant-A,line-A1,machine-A5,lot-58,DN,aPZT,pass,pass,0,2982,3029
2026-11-26,48,plant-B,line-B4,machine-B10,lot-17,DN,bPZT,category-1,sub-b3,9,0,9
2026-11-26,48,plant-A,line-A4,machine-A8,lot-62,UP,bPZT,category-1,sub-b6,30,0,30
2026-11-26,48,plant-A,line-A3,machine-A9,lot-25,dN,aPZT,pass,pass,0,2479,2617
2026-11-26,48,plant-B,line-B4,machine-B10,lot-17,DN,bPZT,category-3,sub-b5,37,0,37
2026-11-26,48,plant-A,line-A4,machine-A1,lot-43,DN,aPZT,pass,pass,0,2418,2475
2026-11-26,48,plant-A,line-A3,machine-A9,lot-25,DN,bPZT,pass,pass,0,2479,2546
2026-11-26,48,plant-B,line-B10,machine-B5,lot-36,DN,aPZT,category-4,sub-a10,2,0,2
2026-11-26,48,plant-B,line-B2,machine-B7,lot-55,DN,bPZT,category-3,sub-b7,7,0,7
2026-11-26,48,plant-A,line-A8,machine-A8,lot-97,DN,bPZT,category-5,sub-b1,3,0,3
2026-11-26,48,plant-A,line-A4,machine-A1,lot-43,UP,aPZT,category-5,sub-a10,16,0,16
2026-11-26,48,plant-B,line-B9,machine-B4,lot-99,UP,aPZT,pass,pass,0,2776,2785
2026-11-26,48,plant-B,line-B3,machine-B3,lot-14,UP,bPZT,category-1,sub-b1,12,0,12
2026-11-26,48,plant-B,line-B4,machine-B10,lot-21,UP,aPZT,category-3,sub-a10,35,0,35
2026-11-26,48,plant-B,line-B10,machine-B5,lot-36,UP,aPZT,category-2,sub-a8,12,0,12
2026-11-26,48,plant-B,line-B4,machine-B10,lot-21,UP,bPZT,category-3,sub-b10,35,0,35
2026-11-26,48,plant-A,line-A5,machine-A3,lot-84,DN,aPZT,pass,pass,0,2628,2783
2026-11-26,48,plant-A,line-A8,machine-A8,lot-97,UP,bPZT,category-2,sub-b8,7,0,7
2026-11-26,48,plant-A,line-A2,machine-A1,lot-83,DN,aPZT,pass,pass,0,2861,2962
2026-11-26,48,plant-B,line-B4,machine-B10,lot-21,UP,bPZT,pass,pass,0,2553,2706
2026-11-26,48,plant-A,line-A3,machine-A9,lot-12,UP,bPZT,category-2,sub-b10,15,0,15
2026-11-26,48,plant-A,line-A10,machine-A1,lot-28,DN,bPZT,pass,pass,0,2058,2082
2026-11-26,48,plant-B,line-B4,machine-B10,lot-17,UP,bPZT,pass,pass,0,2006,2044
2026-11-26,48,plant-A,line-A4,machine-A1,lot-43,UP,bPZT,category-3,sub-b9,28,0,28
2026-11-26,48,plant-B,line-B2,machine-B2,lot-80,UP,aPZT,pass,pass,0,2721,2778
2026-11-26,48,plant-A,line-A3,machine-A9,lot-12,DN,bPZT,category-1,sub-b10,12,0,12
2026-11-26,48,plant-B,line-B1,machine-B10,lot-13,UP,bPZT,category-4,sub-b2,32,0,32
2026-11-26,48,plant-B,line-B9,machine-B4,lot-99,UP,aPZT,category-1,,14,0,14
2026-11-26,48,plant-A,line-A7,machine-A6,lot-49,DN,aPZT,category-1,sub-a3,37,0,37
2026-11-26,48,plant-B,line-B10,machine-B5,lot-36,UP,aPZT,category-5,sub-a4,7,0,7
2026-11-26,48,plant-B,line-B1,machine-B10,lot-13,DN,bPZT,pass,pass,0,2292,2316
2026-11-26,48,plant-B,line-B4,machine-B10,lot-17,DN,bPZT,category-5,sub-b9,40,0,40
2026-11-26,48,plant-A,line-A1,machine-A5,lot-58,UP,bPZT,category-2,sub-b2,17,0,17
2026-11-26,48,plant-B,line-B2,machine-B2,lot-80,UP,aPZT,category-5,sub-a10,34,0,34
2026-11-26,48,plant-B,line-B2,machine-B7,lot-55,UP,aPZT,category-2,sub-a8,37,0,37
2026-11-26,48,plant-A,line-A1,machine-A5,lot-58,DN,bPZT,category-4,sub-b1,4,0,4
2026-11-26,48,plant-A,line-A5,machine-A5,lot-53,UP,bPZT,category-2,sub-b1,32,0,32
2026-11-26,48,plant-B,line-B2,machine-B7,lot-55,DN,bPZT,category-1,sub-b5,32,0,32
2026-11-26,48,plant-B,line-B4,machine-B10,lot-21,DN,bPZT,category-1,sub-b5,14,0,14
2026-11-26,48,plant-A,line-A4,machine-A10,lot-56,UP,aPZT,category-3,sub-a6,20,0,20
2026-11-26,48,plant-A,line-A7,machine-A6,lot-6,DN,bPZT,category-2,sub-b1,33,0,33
2026-11-26,48,plant-A,line-A3,machine-A9,lot-25,DN,bPZT,category-4,sub-b9,28,0,28
2026-11-26,48,plant-A,line-A5,machine-A5,lot-53,DN,aPZT,category-2,sub-a8,35,0,35
2026-11-26,48,plant-B,line-B4,machine-B5,lot-5,UP,bPZT,category-4,sub-b10,24,0,24
2026-11-26,48,plant-A,line-A4,machine-A8,lot-62,DN,aPZT,category-3,sub-a6,32,0,32
2026-11-26,48,plant-A,line-A5,machine-A3,lot-84,UP,aPZT,category-5,sub-a10,12,0,12
2026-11-26,48,plant-A,line-A3,machine-A9,lot-12,DN,bPZT,category-3,sub-b7,29,0,29
2026-11-26,48,plant-A,line-A7,machine-A6,lot-6,dN,bPZT,category-1,,17,0,17
2026-11-26,48,plant-B,line-B8,machine-B4,lot-86,DN,aPZT,pass,pass,0,2011,2028
2026-11-26,48,plant-B,line-B3,machine-B3,lot-14,DN,bPZT,pass,pass,0,2285,2305
2026-11-26,48,plant-B,line-B2,machine-B7,lot-55,DN,bPZT,category-2,sub-b8,27,0,27
2026-11-26,48,plant-A,line-A2,machine-A1,lot-83,UP,bPZT,category-4,sub-b3,34,0,34
2026-11-26,48,plant-A,line-A4,machine-A8,lot-62,DN,bPZT,pass,pass,0,2806,2892
2026-11-26,48,plant-A,line-A5,machine-A5,lot-53,UP,aPZT,pass,pass,0,2370,2471
2026-11-26,48,plant-B,line-B1,machine-B10,lot-13,UP,aPZT,pass,pass,0,2292,2329
2026-11-26,48,plant-A,line-A3,machine-A9,lot-25,UP,aPZT,category-4,sub-a2,40,0,40
2026-11-26,48,plant-B,line-B1,machine-B5,lot-8,UP,bPZT,pass,pass,0,2135,2148
2026-11-26,48,plant-B,line-B4,machine-B5,lot-5,UP,aPZT,category-2,sub-a6,39,0,39
2026-11-26,48,plant-A,line-A4,machine-A10,lot-56,UP,aPZT,category-3,sub-a9,2,0,2
2026-11-26,48,plant-B,line-B10,machine-B5,lot-36,DN,aPZT,category-1,sub-a7,1,0,1
2026-11-26,48,plant-A,line-A3,machine-A9,lot-12,DN,bPZT,category-4,sub-b8,38,0,38
2026-11-26,48,plant-B,line-B10,machine-B5,lot-36,UP,bPZT,pass,pass,0,2327,2387
2026-11-26,48,plant-B,line-B8,machine-B4,lot-86,UP,aPZT,category-1,sub-a3,3,0,3
2026-11-26,48,plant-A,line-A2,machine-A1,lot-83,UP,bPZT,category-2,sub-b9,15,0,15
2026-11-26,48,plant-A,line-A7,machine-A6,lot-6,DN,bPZT,category-5,sub-b2,30,0,30
2026-11-26,48,plant-B,line-B3,machine-B3,lot-14,UP,aPZT,pass,pass,0,2285,2297
2026-11-26,48,plant-A,line-A7,machine-A6,lot-49,UP,bPZT,pass,pass,0,2123,2272
2026-11-26,48,plant-A,line-A8,machine-A8,lot-97,UP,bPZT,pass,pass,0,2193,2235
2026-11-26,48,plant-A,line-A3,machine-A9,lot-25,DN,bPZT,category-1,sub-b6,37,0,37
2026-11-26,48,plant-B,line-B10,machine-B5,lot-36,UP,aPZT,category-3,sub-a9,20,0,20
2026-11-26,48,plant-A,line-A2,machine-A1,lot-83,UP,bPZT,pass,pass,0,2861,2877
2026-11-26,48,plant-B,line-B10,machine-B5,lot-36,DN,bPZT,category-3,sub-b8,38,0,38
2026-11-26,48,plant-A,line-A3,machine-A9,lot-25,UP,bPZT,category-2,sub-b4,9,0,9
2026-11-26,48,plant-B,line-B4,machine-B10,lot-17,UP,bPZT,category-2,sub-b2,37,0,37
2026-11-26,48,plant-B,line-B4,machine-B5,lot-5,DN,aPZT,category-2,sub-a7,8,0,8
2026-11-26,48,plant-A,line-A7,machine-A6,lot-49,UP,aPZT,category-2,sub-a5,26,0,26
2026-11-26,48,plant-A,line-A8,machine-A8,lot-97,UP,bPZT,category-3,sub-b8,8,0,8
2026-11-26,48,plant-A,line-A4,machine-A8,lot-62,DN,aPZT,category-1,sub-a2,34,0,34
2026-11-26,48,plant-B,line-B4,machine-B10,lot-17,up,bPZT,category-5,,23,0,23
2026-11-26,48,plant-A,line-A7,machine-A6,lot-49,UP,bPZT,category-1,sub-b6,20,0,20
2026-11-26,48,plant-B,line-B4,machine-B10,lot-21,UP,aPZT,category-5,sub-a3,31,0,31
2026-11-26,48,plant-B,line-B9,machine-B4,lot-99,UP,aPZT,category-5,sub-a6,17,0,17
2026-11-26,48,plant-B,line-B2,machine-B7,lot-55,UP,aPZT,category-2,sub-a7,6,0,6
2026-11-26,48,plant-B,line-B10,machine-B5,lot-36,DN,aPZT,category-5,sub-a1,15,0,15
2026-11-26,48,plant-A,line-A3,machine-A9,lot-12,DN,aPZT,pass,pass,0,2345,2442
2026-11-26,48,plant-A,line-A3,machine-A9,lot-12,DN,bPZT,pass,pass,0,2345,2403
2026-11-26,48,plant-A,line-A6,machine-A1,lot-92,UP,aPZT,category-4,sub-a10,7,0,7
2026-11-26,48,plant-B,line-B4,machine-B10,lot-21,DN,aPZT,category-5,sub-a3,22,0,22
2026-11-26,48,plant-A,line-A3,machine-A9,lot-12,DN,aPZT,category-1,sub-a7,32,0,32
2026-11-27,48,plant-A,line-A6,machine-A7,lot-55,DN,bPZT,category-5,sub-b6,30,0,30
2026-11-27,48,plant-A,line-A6,machine-A7,lot-55,DN,aPZT,category-1,sub-a10,37,0,37
2026-11-27,48,plant-A,line-A10,machine-A6,lot-7,UP,bPZT,category-2,sub-b1,24,0,24
2026-11-27,48,plant-B,line-B9,machine-B8,lot-15,UP,aPZT,category-3,sub-a1,29,0,29
2026-11-27,48,plant-B,line-B2,machine-B7,lot-17,UP,aPZT,category-4,sub-a6,9,0,9
2026-11-27,48,plant-B,line-B5,machine-B4,lot-47,UP,bPZT,category-1,sub-b2,38,0,38
2026-11-27,48,plant-B,line-B2,machine-B7,lot-17,UP,aPZT,pass,pass,0,2801,2802
2026-11-27,48,plant-B,line-B9,machine-B8,lot-15,DN,bPZT,category-4,sub-b7,3,0,3
2026-11-27,48,plant-A,line-A6,machine-A7,lot-55,UP,bPZT,category-1,sub-b10,1,0,1
2026-11-27,48,plant-A,line-A1,machine-A6,lot-89,UP,bPZT,category-3,sub-b8,32,0,32
2026-11-27,48,plant-A,line-A7,machine-A4,lot-49,DN,bPZT,pass,pass,0,2050,2089
2026-11-27,48,plant-A,line-A7,machine-A4,lot-49,DN,bPZT,category-2,sub-b9,17,0,17
2026-11-27,48,plant-A,line-A2,machine-A3,lot-74,UP,aPZT,category-5,sub-a3,4,0,4
2026-11-27,48,plant-A,line-A6,machine-A7,lot-63,DN,bPZT,category-1,sub-b4,18,0,18
2026-11-27,48,plant-A,line-A1,machine-A10,lot-33,UP,aPZT,category-2,sub-a8,26,0,26
2026-11-27,48,plant-A,line-A1,machine-A10,lot-33,DN,bPZT,category-5,sub-b5,6,0,6
2026-11-27,48,plant-A,line-A5,machine-A8,lot-19,DN,aPZT,category-3,sub-a1,12,0,12
2026-11-27,48,plant-B,line-B9,machine-B6,lot-3,UP,aPZT,pass,pass,0,2611,2703
2026-11-27,48,plant-A,line-A1,machine-A4,lot-37,UP,aPZT,pass,pass,0,2453,2514
2026-11-27,48,plant-A,line-A6,machine-A7,lot-55,UP,aPZT,category-4,sub-a1,20,0,20
2026-11-27,48,plant-B,line-B5,machine-B4,lot-47,DN,aPZT,category-3,sub-a2,17,0,17
2026-11-27,48,plant-A,line-A10,machine-A6,lot-7,DN,aPZT,category-3,sub-a5,33,0,33
2026-11-27,48,plant-A,line-A3,machine-A8,lot-22,DN,aPZT,category-2,sub-a9,23,0,23
2026-11-27,48,plant-B,line-B7,machine-B6,lot-90,UP,bPZT,pass,pass,0,2752,2782
2026-11-27,48,plant-A,line-A5,machine-A10,lot-66,UP,aPZT,category-4,sub-a7,32,0,32
2026-11-27,48,plant-A,line-A5,machine-A4,lot-8,UP,aPZT,pass,pass,0,2827,2846
2026-11-27,48,plant-A,line-A5,machine-A8,lot-19,DN,bPZT,category-1,sub-b6,34,0,34
2026-11-27,48,plant-A,line-A1,machine-A6,lot-89,UP,bPZT,category-4,sub-b9,7,0,7
2026-11-27,48,plant-B,line-B9,machine-B8,lot-15,UP,bPZT,pass,pass,0,2060,2134
2026-11-27,48,plant-A,line-A10,machine-A6,lot-7,UP,aPZT,category-3,sub-a7,8,0,8
2026-11-27,48,plant-A,line-A6,machine-A7,lot-63,UP,aPZT,category-2,sub-a6,12,0,12
2026-11-27,48,plant-A,line-A1,machine-A4,lot-37,UP,bPZT,category-4,sub-b3,5,0,5
2026-11-27,48,plant-A,line-A6,machine-A7,lot-63,DN,aPZT,category-1,sub-a4,32,0,32
2026-11-27,48,plant-A,line-A5,machine-A2,lot-61,UP,aPZT,category-4,,9,0,9
2026-11-27,48,plant-A,line-A6,machine-A7,lot-63,UP,aPZT,category-5,sub-a4,13,0,13
2026-11-27,48,plant-B,line-B4,machine-B9,lot-21,UP,aPZT,category-4,sub-a8,28,0,28
2026-11-27,48,plant-A,line-A5,machine-A4,lot-8,UP,aPZT,category-1,sub-a2,2,0,2
2026-11-27,48,plant-A,line-A3,machine-A8,lot-22,UP,aPZT,category-3,sub-a7,16,0,16
2026-11-27,48,plant-A,line-A7,machine-A1,lot-95,DN,aPZT,pass,pass,0,2351,2487
2026-11-27,48,plant-B,line-B4,machine-B9,lot-21,DN,bPZT,category-2,sub-b6,38,0,38
2026-11-27,48,plant-B,line-B9,machine-B2,lot-69,UP,bPZT,category-4,sub-b3,4,0,4
2026-11-27,48,plant-B,line-B7,machine-B2,lot-57,UP,bPZT,category-3,sub-b7,20,0,20
2026-11-27,48,plant-A,line-A5,machine-A10,lot-66,UP,aPZT,category-5,sub-a10,3,0,3
2026-11-27,48,plant-B,line-B9,machine-B2,lot-69,UP,bPZT,category-4,,11,0,11
2026-11-27,48,plant-B,line-B7,machine-B6,lot-90,DN,bPZT,category-1,sub-b2,3,0,3
2026-11-27,48,plant-B,line-B9,machine-B8,lot-15,DN,aPZT,category-2,sub-a8,14,0,14
2026-11-27,48,plant-A,line-A10,machine-A6,lot-7,DN,aPZT,pass,pass,0,2942,2966
2026-11-27,48,plant-A,line-A1,machine-A6,lot-89,DN,bPZT,category-4,sub-b1,26,0,26
2026-11-27,48,plant-A,line-A7,machine-A1,lot-95,DN,aPZT,category-3,sub-a8,31,0,31
2026-11-27,48,plant-A,line-A1,machine-A4,lot-37,UP,bPZT,category-4,sub-b3,16,0,16
2026-11-27,48,plant-A,line-A6,machine-A7,lot-63,UP,aPZT,category-2,sub-a2,34,0,34
2026-11-27,48,plant-B,line-B7,machine-B6,lot-90,UP,aPZT,category-3,sub-a1,30,0,30
2026-11-27,48,plant-B,line-B9,machine-B6,lot-3,UP,bPZT,category-3,sub-b1,20,0,20
2026-11-27,48,plant-A,line-A5,machine-A8,lot-19,DN,bPZT,category-3,sub-b4,8,0,8
2026-11-27,48,plant-A,line-A1,machine-A10,lot-33,DN,bPZT,category-2,sub-b5,10,0,10
2026-11-27,48,plant-A,line-A1,machine-A6,lot-89,UP,aPZT,pass,pass,0,2499,2576
2026-11-27,48,plant-B,line-B5,machine-B5,lot-86,UP,aPZT,category-4,sub-a10,4,0,4
2026-11-27,48,plant-B,line-B9,machine-B6,lot-3,UP,bPZT,category-2,sub-b4,28,0,28
2026-11-27,48,plant-B,line-B9,machine-B6,lot-3,UP,aPZT,category-1,sub-a7,16,0,16
2026-11-27,48,plant-B,line-B7,machine-B6,lot-90,UP,bPZT,category-1,sub-b8,1,0,1
2026-11-27,48,plant-A,line-A2,machine-A3,lot-74,UP,aPZT,pass,,0,2672,2727
2026-11-27,48,plant-A,line-A5,machine-A2,lot-61,UP,aPZT,category-3,sub-a6,25,0,25
2026-11-27,48,plant-B,line-B9,machine-B6,lot-3,DN,bPZT,category-3,sub-b7,14,0,14
2026-11-27,48,plant-B,line-B5,machine-B5,lot-86,DN,bPZT,category-2,sub-b5,13,0,13
2026-11-27,48,plant-A,line-A7,machine-A4,lot-49,UP,bPZT,category-1,sub-b3,6,0,6
2026-11-27,48,plant-B,line-B5,machine-B4,lot-47,DN,aPZT,pass,pass,0,2378,2416
2026-11-27,48,plant-A,line-A3,machine-A8,lot-22,DN,bPZT,category-5,sub-b2,9,0,9
2026-11-27,48,plant-A,line-A1,machine-A10,lot-33,DN,aPZT,pass,pass,0,2134,2205
2026-11-27,48,plant-A,line-A6,machine-A7,lot-63,UP,aPZT,category-2,sub-a2,31,0,31
2026-11-27,48,plant-B,line-B5,machine-B4,lot-47,UP,aPZT,category-3,,36,0,36
2026-11-27,48,plant-A,line-A1,machine-A4,lot-37,DN,bPZT,pass,pass,0,2453,2519
2026-11-27,48,plant-B,line-B4,machine-B9,lot-21,DN,bPZT,pass,pass,0,2491,2555
2026-11-27,48,plant-A,line-A1,machine-A4,lot-37,UP,aPZT,category-4,sub-a4,10,0,10
2026-11-27,48,plant-B,line-B9,machine-B2,lot-69,UP,aPZT,category-5,sub-a4,19,0,19
2026-11-27,48,plant-B,line-B4,machine-B9,lot-21,DN,bPZT,category-5,sub-b8,20,0,20
2026-11-27,48,plant-A,line-A5,machine-A8,lot-19,DN,bPZT,pass,pass,0,2788,2845
2026-11-27,48,plant-B,line-B9,machine-B6,lot-3,DN,bPZT,category-1,sub-b5,1,0,1
2026-11-27,48,plant-A,line-A6,machine-A7,lot-63,DN,aPZT,category-4,sub-a3,1,0,1
2026-11-27,48,plant-A,line-A1,machine-A6,lot-89,DN,aPZT,category-4,sub-a7,17,0,17
2026-11-27,48,plant-A,line-A5,machine-A2,lot-61,UP,aPZT,pass,pass,0,2892,2896
2026-11-27,48,plant-B,line-B9,machine-B2,lot-69,UP,aPZT,category-5,sub-a4,3,0,3
2026-11-27,48,plant-A,line-A7,machine-A4,lot-49,UP,bPZT,category-5,sub-b2,2,0,2
2026-11-27,48,plant-B,line-B4,machine-B9,lot-21,DN,aPZT,category-5,sub-a10,36,0,36
2026-11-27,48,plant-A,line-A5,machine-A10,lot-66,DN,aPZT,pass,pass,0,2922,2939
2026-11-27,48,plant-B,line-B9,machine-B2,lot-69,UP,aPZT,category-3,sub-a1,12,0,12
2026-11-27,48,plant-B,line-B9,machine-B8,lot-15,DN,aPZT,pass,,0,2060,2063
2026-11-27,48,plant-B,line-B2,machine-B7,lot-17,DN,bPZT,category-4,sub-b4,1,0,1
2026-11-27,48,plant-A,line-A7,machine-A10,lot-64,UP,aPZT,pass,pass,0,2205,2228
2026-11-27,48,plant-A,line-A7,machine-A10,lot-64,UP,bPZT,category-3,sub-b1,20,0,20
2026-11-27,48,plant-B,line-B8,machine-B1,lot-76,dN,aPZT,category-1,sub-a5,5,0,5
2026-11-27,48,plant-A,line-A6,machine-A7,lot-55,UP,bPZT,category-5,sub-b9,10,0,10
2026-11-27,48,plant-A,line-A2,machine-A3,lot-74,DN,aPZT,category-4,sub-a9,33,0,33
2026-11-27,48,plant-A,line-A5,machine-A2,lot-61,DN,bPZT,pass,pass,0,2892,2946
2026-11-27,48,plant-B,line-B8,machine-B1,lot-76,DN,aPZT,pass,pass,0,2491,2559
2026-11-27,48,plant-B,line-B5,machine-B5,lot-86,UP,aPZT,pass,pass,0,2511,2524
2026-11-27,48,plant-A,line-A7,machine-A4,lot-49,UP,bPZT,category-4,sub-b1,22,0,22
2026-11-27,48,plant-B,line-B5,machine-B5,lot-86,DN,aPZT,category-4,sub-a4,32,0,32
2026-11-27,48,plant-A,line-A5,machine-A4,lot-8,DN,aPZT,category-5,sub-a6,24,0,24
2026-11-27,48,plant-A,line-A3,machine-A8,lot-22,UP,bPZT,category-3,sub-b1,32,0,32
2026-11-27,48,plant-B,line-B8,machine-B1,lot-76,UP,bPZT,category-2,sub-b5,16,0,16
2026-11-27,48,plant-A,line-A6,machine-A7,lot-63,UP,aPZT,category-2,sub-a6,11,0,11
2026-11-27,48,plant-A,line-A1,machine-A6,lot-89,UP,bPZT,pass,,0,2499,2516
2026-11-27,48,plant-B,line-B7,machine-B6,lot-90,UP,bPZT,category-3,sub-b8,40,0,40
2026-11-27,48,plant-B,line-B7,machine-B2,lot-57,UP,bPZT,pass,pass,0,2442,2460
2026-11-27,48,plant-B,line-B9,machine-B6,lot-3,UP,bPZT,category-4,sub-b5,29,0,29
2026-11-27,48,plant-A,line-A7,machine-A1,lot-95,DN,bPZT,category-4,sub-b9,38,0,38
2026-11-27,48,plant-B,line-B2,machine-B7,lot-17,DN,aPZT,category-1,sub-a5,21,0,21
2026-11-27,48,plant-B,line-B5,machine-B5,lot-86,UP,aPZT,category-2,sub-a10,20,0,20
2026-11-27,48,plant-A,line-A7,machine-A1,lot-95,UP,bPZT,category-5,sub-b2,33,0,33
2026-11-27,48,plant-B,line-B7,machine-B2,lot-57,UP,bPZT,category-5,sub-b5,25,0,25
2026-11-27,48,plant-B,line-B7,machine-B2,lot-57,UP,bPZT,category-3,sub-b5,21,0,21
2026-11-27,48,plant-A,line-A2,machine-A3,lot-74,DN,bPZT,category-2,sub-b4,16,0,16
2026-11-27,48,plant-A,line-A3,machine-A8,lot-22,UP,aPZT,category-4,sub-a9,12,0,12
2026-11-27,48,plant-A,line-A6,machine-A7,lot-63,UP,aPZT,pass,pass,0,2049,2067
2026-11-27,48,plant-A,line-A3,machine-A8,lot-22,DN,bPZT,pass,pass,0,2536,2595
2026-11-27,48,plant-A,line-A5,machine-A4,lot-8,UP,aPZT,category-5,sub-a2,33,0,33
2026-11-27,48,plant-B,line-B7,machine-B2,lot-57,DN,aPZT,category-5,sub-a4,18,0,18
2026-11-27,48,plant-B,line-B9,machine-B2,lot-69,DN,aPZT,pass,pass,0,2135,2184
2026-11-27,48,plant-B,line-B9,machine-B6,lot-3,UP,aPZT,category-5,sub-a1,12,0,12
2026-11-27,48,plant-A,line-A1,machine-A6,lot-89,UP,bPZT,category-4,sub-b8,12,0,12
2026-11-27,48,plant-B,line-B5,machine-B4,lot-47,UP,bPZT,pass,pass,0,2378,2434
2026-11-27,48,plant-A,line-A7,machine-A10,lot-64,UP,bPZT,pass,pass,0,2205,2268
2026-11-27,48,plant-B,line-B9,machine-B2,lot-69,UP,bPZT,category-1,sub-b3,34,0,34
2026-11-27,48,plant-A,line-A2,machine-A3,lot-74,UP,aPZT,category-4,sub-a10,4,0,4
2026-11-27,48,plant-A,line-A1,machine-A10,lot-33,UP,bPZT,pass,pass,0,2134,2175
2026-11-27,48,plant-B,line-B2,machine-B7,lot-17,UP,aPZT,category-1,sub-a8,27,0,27
2026-11-27,48,plant-A,line-A6,machine-A7,lot-55,UP,aPZT,pass,pass,0,2680,2760
2026-11-27,48,plant-A,line-A5,machine-A2,lot-61,UP,bPZT,category-3,sub-b10,4,0,4
2026-11-27,48,plant-A,line-A7,machine-A1,lot-95,UP,aPZT,category-1,sub-a7,21,0,21
2026-11-27,48,plant-B,line-B4,machine-B9,lot-21,UP,aPZT,pass,pass,0,2491,2555
2026-11-27,48,plant-B,line-B8,machine-B1,lot-76,DN,aPZT,category-3,sub-a5,24,0,24
2026-11-27,48,plant-B,line-B2,machine-B7,lot-17,UP,bPZT,pass,pass,0,2801,2892
2026-11-27,48,plant-A,line-A6,machine-A7,lot-63,UP,bPZT,pass,pass,0,2049,2183
2026-11-27,48,plant-A,line-A2,machine-A3,lot-74,DN,aPZT,category-2,sub-a4,13,0,13
2026-11-27,48,plant-A,line-A3,machine-A8,lot-22,UP,aPZT,pass,pass,0,2536,2588
2026-11-27,48,plant-B,line-B8,machine-B1,lot-76,UP,aPZT,category-2,sub-a7,2,0,2
2026-11-27,48,plant-B,line-B5,machine-B5,lot-86,DN,bPZT,pass,pass,0,2511,2596
2026-11-27,48,plant-A,line-A7,machine-A1,lot-95,DN,bPZT,category-4,sub-b4,2,0,2
2026-11-27,48,plant-A,line-A7,machine-A10,lot-64,UP,aPZT,category-4,sub-a1,38,0,38
2026-11-27,48,plant-A,line-A6,machine-A7,lot-55,DN,bPZT,pass,pass,0,2680,2737
2026-11-27,48,plant-B,line-B9,machine-B2,lot-69,UP,bPZT,pass,pass,0,2135,2169
2026-11-27,48,plant-A,line-A1,machine-A10,lot-33,DN,bPZT,category-3,sub-b9,37,0,37
2026-11-27,48,plant-B,line-B4,machine-B9,lot-21,UP,bPZT,category-5,sub-b6,6,0,6
2026-11-27,48,plant-A,line-A1,machine-A4,lot-37,DN,bPZT,category-2,sub-b9,40,0,40
2026-11-27,48,plant-A,line-A7,machine-A10,lot-64,DN,bPZT,category-3,sub-b8,3,0,3
2026-11-27,48,plant-A,line-A10,machine-A6,lot-7,DN,aPZT,category-2,sub-a5,13,0,13
2026-11-27,48,plant-A,line-A5,machine-A10,lot-66,DN,aPZT,category-1,sub-a1,33,0,33
2026-11-27,48,plant-B,line-B9,machine-B8,lot-15,UP,aPZT,category-2,sub-a2,31,0,31
2026-11-27,48,plant-B,line-B8,machine-B1,lot-76,UP,aPZT,category-1,sub-a1,2,0,2
2026-11-27,48,plant-A,line-A2,machine-A3,lot-74,UP,aPZT,category-2,sub-a5,1,0,1
2026-11-27,48,plant-A,line-A5,machine-A4,lot-8,DN,aPZT,category-4,sub-a1,35,0,35
2026-11-27,48,plant-B,line-B2,machine-B7,lot-17,UP,aPZT,category-2,sub-a9,34,0,34
2026-11-27,48,plant-A,line-A2,machine-A3,lot-74,DN,bPZT,pass,pass,0,2672,2776
2026-11-27,48,plant-A,line-A7,machine-A1,lot-95,UP,bPZT,pass,pass,0,2351,2403
2026-11-27,48,plant-A,line-A7,machine-A4,lot-49,DN,aPZT,category-2,sub-a6,39,0,39
2026-11-27,48,plant-A,line-A3,machine-A8,lot-22,UP,bPZT,category-1,sub-b2,11,0,11
2026-11-27,48,plant-B,line-B5,machine-B5,lot-86,DN,aPZT,category-2,sub-a3,3,0,3
2026-11-27,48,plant-B,line-B7,machine-B6,lot-90,DN,bPZT,category-2,sub-b5,3,0,3
2026-11-27,48,plant-A,line-A5,machine-A8,lot-19,UP,aPZT,category-1,sub-a4,40,0,40
2026-11-27,48,plant-A,line-A5,machine-A4,lot-8,DN,bPZT,pass,pass,0,2827,2921
2026-11-27,48,plant-A,line-A1,machine-A10,lot-33,UP,aPZT,category-3,sub-a6,15,0,15
2026-11-27,48,plant-A,line-A1,machine-A10,lot-33,DN,bPZT,category-2,sub-b3,18,0,18
2026-11-27,48,plant-A,line-A7,machine-A1,lot-95,UP,bPZT,category-1,sub-b5,25,0,25
2026-11-27,48,plant-A,line-A5,machine-A2,lot-61,UP,aPZT,category-2,sub-a5,20,0,20
2026-11-27,48,plant-A,line-A1,machine-A4,lot-37,DN,aPZT,category-2,sub-a2,30,0,30
2026-11-27,48,plant-B,line-B7,machine-B2,lot-57,DN,bPZT,category-2,sub-b6,40,0,40
2026-11-27,48,plant-A,line-A7,machine-A1,lot-95,DN,bPZT,category-2,sub-b8,2,0,2
2026-11-27,48,plant-A,line-A7,machine-A10,lot-64,UP,aPZT,category-3,sub-a7,25,0,25
2026-11-27,48,plant-B,line-B5,machine-B5,lot-86,UP,aPZT,category-2,,23,0,23
2026-11-27,48,plant-A,line-A10,machine-A6,lot-7,DN,aPZT,category-3,sub-a7,18,0,18
2026-11-27,48,plant-A,line-A3,machine-A8,lot-22,UP,aPZT,category-2,sub-a8,8,0,8
2026-11-27,48,plant-B,line-B8,machine-B1,lot-76,DN,aPZT,category-3,sub-a10,11,0,11
2026-11-27,48,plant-B,line-B7,machine-B6,lot-90,UP,aPZT,pass,pass,0,2752,2839
2026-11-27,48,plant-A,line-A5,machine-A8,lot-19,UP,aPZT,pass,pass,0,2788,2830
2026-11-27,48,plant-A,line-A6,machine-A7,lot-55,DN,bPZT,category-1,sub-b6,3,0,3
2026-11-27,48,plant-A,line-A10,machine-A6,lot-7,UP,aPZT,category-4,sub-a9,21,0,21
2026-11-27,48,plant-A,line-A10,machine-A6,lot-7,DN,bPZT,pass,pass,0,2942,3035
2026-11-27,48,plant-B,line-B8,machine-B1,lot-76,DN,bPZT,category-3,sub-b10,20,0,20
2026-11-27,48,plant-B,line-B8,machine-B1,lot-76,DN,aPZT,category-4,sub-a9,38,0,38
2026-11-27,48,plant-B,line-B5,machine-B5,lot-86,UP,aPZT,category-5,sub-a7,3,0,3
2026-11-27,48,plant-B,line-B7,machine-B6,lot-90,DN,bPZT,category-1,sub-b7,40,0,40
2026-11-27,48,plant-B,line-B7,machine-B2,lot-57,UP,bPZT,category-2,sub-b7,1,0,1
2026-11-27,48,plant-A,line-A5,machine-A10,lot-66,DN,bPZT,pass,pass,0,2922,2990
2026-11-27,48,plant-A,line-A5,machine-A10,lot-66,UP,bPZT,category-5,sub-b7,14,0,14
2026-11-27,48,plant-A,line-A5,machine-A8,lot-19,UP,aPZT,category-3,sub-a2,5,0,5
2026-11-27,48,plant-B,line-B8,machine-B1,lot-76,DN,bPZT,pass,pass,0,2491,2573
2026-11-27,48,plant-B,line-B9,machine-B6,lot-3,DN,bPZT,pass,pass,0,2611,2639
2026-11-27,48,plant-A,line-A1,machine-A4,lot-37,UP,aPZT,category-4,sub-a4,26,0,26
2026-11-27,48,plant-A,line-A6,machine-A7,lot-55,UP,bPZT,category-2,sub-b6,36,0,36
2026-11-27,48,plant-A,line-A2,machine-A3,lot-74,UP,aPZT,category-5,sub-a2,11,0,11
2026-11-27,48,plant-B,line-B8,machine-B1,lot-76,UP,bPZT,category-4,sub-b5,13,0,13
2026-11-27,48,plant-A,line-A2,machine-A3,lot-74,DN,bPZT,category-4,sub-b10,39,0,39
2026-11-27,48,plant-A,line-A2,machine-A3,lot-74,UP,aPZT,category-1,sub-a3,38,0,38
2026-11-27,48,plant-A,line-A7,machine-A1,lot-95,UP,bPZT,category-5,sub-b8,36,0,36
2026-11-27,48,plant-A,line-A7,machine-A4,lot-49,DN,aPZT,pass,pass,0,2050,2097
2026-11-27,48,plant-B,line-B7,machine-B2,lot-57,UP,aPZT,pass,pass,0,2442,2549
2026-11-27,48,plant-A,line-A5,machine-A4,lot-8,DN,bPZT,category-3,sub-b4,19,0,19
2026-11-27,48,plant-B,line-B5,machine-B4,lot-47,DN,aPZT,category-1,sub-a4,3,0,3
2026-11-27,48,plant-B,line-B8,machine-B1,lot-76,DN,bPZT,category-4,sub-b5,19,0,19
2026-11-27,48,plant-A,line-A5,machine-A10,lot-66,UP,bPZT,category-3,sub-b7,3,0,3
2026-11-28,48,plant-B,line-B9,machine-B9,lot-10,UP,aPZT,pass,pass,0,2265,2296
2026-11-28,48,plant-A,line-A6,machine-A1,lot-64,UP,bPZT,category-5,sub-b9,30,0,30
2026-11-28,48,plant-A,line-A4,machine-A4,lot-65,UP,aPZT,category-3,sub-a2,13,0,13
2026-11-28,48,plant-A,line-A7,machine-A5,lot-4,UP,aPZT,pass,pass,0,2707,2762
2026-11-28,48,plant-A,line-A7,machine-A5,lot-4,UP,bPZT,category-5,sub-b1,32,0,32
2026-11-28,48,plant-A,line-A3,machine-A8,lot-1,DN,bPZT,category-4,sub-b8,32,0,32
2026-11-28,48,plant-B,line-B3,machine-B6,lot-13,DN,bPZT,category-3,sub-b8,21,0,21
2026-11-28,48,plant-B,line-B5,machine-B5,lot-83,UP,bPZT,category-3,sub-b3,8,0,8
2026-11-28,48,plant-B,line-B9,machine-B4,lot-77,UP,bPZT,category-1,sub-b4,40,0,40
2026-11-28,48,plant-B,line-B10,machine-B8,lot-29,DN,bPZT,category-1,sub-b9,3,0,3
2026-11-28,48,plant-A,line-A6,machine-A5,lot-26,DN,aPZT,category-1,sub-a3,3,0,3
2026-11-28,48,plant-B,line-B4,machine-B4,lot-89,DN,bPZT,pass,pass,0,2824,2839
2026-11-28,48,plant-B,line-B5,machine-B5,lot-83,DN,aPZT,pass,pass,0,2433,2558
2026-11-28,48,plant-B,line-B10,machine-B1,lot-33,UP,bPZT,pass,pass,0,2544,2576
2026-11-28,48,plant-A,line-A6,machine-A5,lot-26,DN,bPZT,category-4,sub-b3,34,0,34
2026-11-28,48,plant-B,line-B9,machine-B4,lot-77,DN,bPZT,category-1,sub-b5,31,0,31
2026-11-28,48,plant-A,line-A2,machine-A7,lot-12,UP,aPZT,pass,pass,0,2940,3041
2026-11-28,48,plant-B,line-B6,machine-B6,lot-31,UP,bPZT,category-2,sub-b3,39,0,39
2026-11-28,48,plant-B,line-B4,machine-B3,lot-100,UP,bPZT,category-2,sub-b1,6,0,6
2026-11-28,48,plant-B,line-B6,machine-B6,lot-31,DN,aPZT,pass,pass,0,2945,3043
2026-11-28,48,plant-A,line-A2,machine-A7,lot-12,DN,aPZT,category-3,,5,0,5
2026-11-28,48,plant-B,line-B3,machine-B4,lot-21,UP,bPZT,pass,pass,0,2452,2485
2026-11-28,48,plant-B,line-B4,machine-B3,lot-100,DN,bPZT,category-2,sub-b8,14,0,14
2026-11-28,48,plant-B,line-B3,machine-B4,lot-21,UP,aPZT,pass,pass,0,2452,2497
2026-11-28,48,plant-A,line-A6,machine-A5,lot-26,UP,bPZT,category-2,sub-b1,36,0,36
2026-11-28,48,plant-A,line-A7,machine-A6,lot-91,UP,aPZT,pass,pass,0,2448,2485
2026-11-28,48,plant-B,line-B10,machine-B8,lot-29,DN,aPZT,category-3,sub-a8,14,0,14
2026-11-28,48,plant-B,line-B4,machine-B4,lot-89,UP,aPZT,pass,pass,0,2824,2927
2026-11-28,48,plant-B,line-B4,machine-B6,lot-44,DN,bPZT,category-4,sub-b10,19,0,19
2026-11-28,48,plant-A,line-A6,machine-A1,lot-64,DN,aPZT,category-4,sub-a2,33,0,33
2026-11-28,48,plant-A,line-A1,machine-A9,lot-63,DN,bPZT,category-4,sub-b4,10,0,10
2026-11-28,48,plant-A,line-A4,machine-A4,lot-65,DN,aPZT,pass,pass,0,2789,2857
2026-11-28,48,plant-A,line-A7,machine-A5,lot-4,DN,aPZT,category-2,sub-a2,34,0,34
2026-11-28,48,plant-A,line-A3,machine-A8,lot-1,UP,aPZT,category-5,sub-a6,17,0,17
2026-11-28,48,plant-B,line-B4,machine-B6,lot-44,UP,aPZT,category-1,sub-a3,26,0,26
2026-11-28,48,plant-A,line-A3,machine-A8,lot-1,UP,aPZT,pass,pass,0,2274,2406
2026-11-28,48,plant-B,line-B5,machine-B5,lot-83,UP,aPZT,category-4,sub-a9,17,0,17
2026-11-28,48,plant-A,line-A7,machine-A5,lot-4,UP,bPZT,pass,pass,0,2707,2885
2026-11-28,48,plant-A,line-A7,machine-A5,lot-4,UP,aPZT,category-1,sub-a2,31,0,31
2026-11-28,48,plant-A,line-A9,machine-A2,lot-95,DN,bPZT,category-5,sub-b3,19,0,19
2026-11-28,48,plant-B,line-B9,machine-B4,lot-77,DN,aPZT,pass,pass,0,2709,2813
2026-11-28,48,plant-A,line-A7,machine-A5,lot-4,UP,aPZT,category-3,sub-a1,21,0,21
2026-11-28,48,plant-A,line-A4,machine-A4,lot-65,UP,bPZT,pass,pass,0,2789,2822
2026-11-28,48,plant-B,line-B3,machine-B9,lot-55,DN,aPZT,category-5,sub-a2,34,0,34
2026-11-28,48,plant-A,line-A7,machine-A6,lot-91,UP,bPZT,category-4,sub-b4,37,0,37
2026-11-28,48,plant-B,line-B4,machine-B6,lot-44,DN,aPZT,category-5,sub-a7,30,0,30
2026-11-28,48,plant-A,line-A8,machine-A10,lot-88,UP,aPZT,category-2,sub-a7,23,0,23
2026-11-28,48,plant-A,line-A6,machine-A1,lot-64,UP,aPZT,pass,pass,0,2819,2912
2026-11-28,48,plant-B,line-B10,machine-B8,lot-29,DN,bPZT,pass,pass,0,2308,2381
2026-11-28,48,plant-B,line-B3,machine-B4,lot-21,DN,bPZT,category-4,sub-b10,11,0,11
2026-11-28,48,plant-A,line-A2,machine-A7,lot-12,DN,bPZT,category-3,sub-b3,35,0,35
2026-11-28,48,plant-A,line-A8,machine-A10,lot-88,UP,aPZT,category-2,sub-a9,3,0,3
2026-11-28,48,plant-B,line-B10,machine-B8,lot-29,DN,aPZT,category-4,sub-a2,7,0,7
2026-11-28,48,plant-A,line-A4,machine-A4,lot-65,DN,aPZT,category-2,sub-a6,20,0,20
2026-11-28,48,plant-B,line-B5,machine-B5,lot-83,UP,bPZT,category-2,sub-b8,17,0,17
2026-11-28,48,plant-B,line-B10,machine-B8,lot-29,DN,aPZT,category-1,sub-a2,39,0,39
2026-11-28,48,plant-A,line-A1,machine-A9,lot-63,UP,bPZT,pass,pass,0,2710,2796
2026-11-28,48,plant-A,line-A6,machine-A1,lot-64,DN,bPZT,pass,pass,0,2819,2855
2026-11-28,48,plant-A,line-A9,machine-A2,lot-95,DN,bPZT,category-3,sub-b2,30,0,30
2026-11-28,48,plant-B,line-B4,machine-B6,lot-44,UP,bPZT,category-5,sub-b6,25,0,25
2026-11-28,48,plant-B,line-B9,machine-B9,lot-10,UP,aPZT,category-2,sub-a4,27,0,27
2026-11-28,48,plant-A,line-A4,machine-A4,lot-65,UP,bPZT,category-5,sub-b8,37,0,37
2026-11-28,48,plant-B,line-B4,machine-B4,lot-89,UP,bPZT,category-2,sub-b7,1,0,1
2026-11-28,48,plant-A,line-A3,machine-A7,lot-17,DN,aPZT,category-4,sub-a3,34,0,34
2026-11-28,48,plant-A,line-A8,machine-A10,lot-88,UP,aPZT,category-5,sub-a7,30,0,30
2026-11-28,48,plant-A,line-A4,machine-A4,lot-65,UP,bPZT,category-1,sub-b1,9,0,9
2026-11-28,48,plant-A,line-A3,machine-A9,lot-73,DN,bPZT,category-5,sub-b4,5,0,5
2026-11-28,48,plant-B,line-B4,machine-B6,lot-44,UP,aPZT,category-5,sub-a3,22,0,22
2026-11-28,48,plant-B,line-B4,machine-B6,lot-44,UP,aPZT,category-1,sub-a3,35,0,35
2026-11-28,48,plant-A,line-A3,machine-A7,lot-17,UP,aPZT,category-3,sub-a10,2,0,2
2026-11-28,48,plant-B,line-B4,machine-B4,lot-89,UP,bPZT,category-5,sub-b9,32,0,32
2026-11-28,48,plant-A,line-A1,machine-A9,lot-63,DN,aPZT,category-5,sub-a7,32,0,32
2026-11-28,48,plant-B,line-B3,machine-B6,lot-13,DN,bPZT,category-2,sub-b9,17,0,17
2026-11-28,48,plant-A,line-A9,machine-A2,lot-95,DN,bPZT,category-4,sub-b4,32,0,32
2026-11-28,48,plant-A,line-A3,machine-A9,lot-73,UP,aPZT,category-1,sub-a8,37,0,37
2026-11-28,48,plant-B,line-B9,machine-B4,lot-77,UP,aPZT,category-3,sub-a8,3,0,3
2026-11-28,48,plant-B,line-B9,machine-B9,lot-10,DN,bPZT,pass,pass,0,2265,2292
2026-11-28,48,plant-B,line-B4,machine-B6,lot-44,UP,aPZT,pass,pass,0,2774,2894
2026-11-28,48,plant-A,line-A2,machine-A7,lot-12,UP,aPZT,category-2,sub-a9,40,0,40
2026-11-28,48,plant-B,line-B4,machine-B4,lot-89,DN,aPZT,category-5,sub-a2,15,0,15
2026-11-28,48,plant-B,line-B5,machine-B5,lot-58,UP,bPZT,category-1,sub-b6,24,0,24
2026-11-28,48,plant-B,line-B5,machine-B5,lot-58,UP,aPZT,category-2,sub-a10,5,0,5
2026-11-28,48,plant-A,line-A9,machine-A2,lot-95,UP,aPZT,category-1,sub-a10,15,0,15
2026-11-28,48,plant-B,line-B9,machine-B4,lot-77,DN,aPZT,category-5,sub-a4,7,0,7
2026-11-28,48,plant-B,line-B10,machine-B1,lot-33,DN,aPZT,pass,pass,0,2544,2563
2026-11-28,48,plant-A,line-A3,machine-A9,lot-73,UP,aPZT,pass,pass,0,2296,2316
2026-11-28,48,plant-B,line-B3,machine-B9,lot-55,DN,aPZT,category-4,sub-a1,25,0,25
2026-11-28,48,plant-B,line-B10,machine-B8,lot-29,DN,aPZT,category-3,sub-a2,13,0,13
2026-11-28,48,plant-A,line-A8,machine-A10,lot-88,UP,bPZT,category-1,sub-b7,39,0,39
2026-11-28,48,plant-B,line-B6,machine-B6,lot-31,UP,bPZT,category-5,sub-b2,23,0,23
2026-11-28,48,plant-B,line-B3,machine-B6,lot-13,UP,bPZT,category-1,sub-b8,5,0,5
2026-11-28,48,plant-A,line-A2,machine-A7,lot-12,UP,aPZT,category-3,sub-a9,25,0,25
2026-11-28,48,plant-A,line-A7,machine-A6,lot-91,DN,aPZT,category-5,sub-a1,34,0,34
2026-11-28,48,plant-A,line-A9,machine-A2,lot-95,DN,aPZT,pass,pass,0,2207,2323
2026-11-28,48,plant-A,line-A3,machine-A7,lot-17,DN,bPZT,pass,pass,0,2402,2450
2026-11-28,48,plant-A,line-A7,machine-A6,lot-91,DN,bPZT,pass,pass,0,2448,2518
2026-11-28,48,plant-B,line-B3,machine-B9,lot-55,DN,bPZT,category-3,sub-b9,9,0,9
2026-11-28,48,plant-B,line-B10,machine-B8,lot-29,DN,bPZT,category-2,sub-b7,8,0,8
2026-11-28,48,plant-B,line-B10,machine-B8,lot-29,UP,aPZT,pass,pass,0,2308,2323
2026-11-28,48,plant-B,line-B4,machine-B6,lot-44,DN,aPZT,category-3,sub-a9,21,0,21
2026-11-28,48,plant-A,line-A8,machine-A10,lot-88,UP,bPZT,pass,pass,0,2194,2272
2026-11-28,48,plant-B,line-B3,machine-B4,lot-21,DN,bPZT,category-2,sub-b2,25,0,25
2026-11-28,48,plant-A,line-A1,machine-A9,lot-63,DN,aPZT,category-3,sub-a6,16,0,16
2026-11-28,48,plant-A,line-A3,machine-A7,lot-17,UP,bPZT,category-2,sub-b8,38,0,38
2026-11-28,48,plant-B,line-B4,machine-B3,lot-100,DN,bPZT,pass,pass,0,2977,3011
2026-11-28,48,plant-A,line-A7,machine-A5,lot-4,DN,bPZT,category-4,sub-b3,23,0,23
2026-11-28,48,plant-B,line-B4,machine-B3,lot-100,UP,bPZT,category-5,sub-b3,1,0,1
2026-11-28,48,plant-B,line-B5,machine-B5,lot-83,UP,bPZT,category-3,sub-b8,31,0,31
2026-11-28,48,plant-B,line-B9,machine-B4,lot-77,DN,aPZT,category-1,sub-a10,5,0,5
2026-11-28,48,plant-B,line-B3,machine-B6,lot-13,DN,bPZT,category-3,sub-b2,39,0,39
2026-11-28,48,plant-A,line-A8,machine-A10,lot-88,DN,aPZT,pass,pass,0,2194,2239
2026-11-28,48,plant-B,line-B4,machine-B3,lot-100,UP,aPZT,category-1,sub-a1,34,0,34
2026-11-28,48,plant-A,line-A6,machine-A1,lot-64,DN,bPZT,category-4,sub-b1,11,0,11
2026-11-28,48,plant-A,line-A3,machine-A7,lot-17,DN,bPZT,category-2,sub-b9,6,0,6
2026-11-28,48,plant-A,line-A3,machine-A8,lot-1,UP,bPZT,category-3,sub-b5,6,0,6
2026-11-28,48,plant-A,line-A2,machine-A7,lot-12,DN,bPZT,category-2,sub-b9,40,0,40
2026-11-28,48,plant-B,line-B3,machine-B6,lot-13,UP,aPZT,category-5,sub-a7,1,0,1
2026-11-28,48,plant-B,line-B5,machine-B5,lot-83,DN,bPZT,category-4,sub-b1,20,0,20
2026-11-28,48,plant-A,line-A3,machine-A8,lot-1,UP,bPZT,pass,pass,0,2274,2291
2026-11-28,48,plant-B,line-B6,machine-B6,lot-31,DN,bPZT,category-5,sub-b9,36,0,36
2026-11-28,48,plant-A,line-A6,machine-A1,lot-64,UP,bPZT,category-5,sub-b1,20,0,20
2026-11-28,48,plant-A,line-A9,machine-A2,lot-95,UP,aPZT,category-2,sub-a2,9,0,9
2026-11-28,48,plant-A,line-A1,machine-A9,lot-63,DN,aPZT,category-5,sub-a5,16,0,16
2026-11-28,48,plant-A,line-A7,machine-A5,lot-4,UP,aPZT,category-3,sub-a2,22,0,22
2026-11-28,48,plant-A,line-A9,machine-A2,lot-95,UP,bPZT,category-5,sub-b8,2,0,2
2026-11-28,48,plant-A,line-A9,machine-A2,lot-95,UP,bPZT,category-5,sub-b6,14,0,14
2026-11-28,48,plant-A,line-A7,machine-A5,lot-4,DN,aPZT,category-5,sub-a2,34,0,34
2026-11-28,48,plant-B,line-B5,machine-B5,lot-58,DN,aPZT,pass,pass,0,2630,2665
2026-11-28,48,plant-A,line-A7,machine-A5,lot-4,UP,aPZT,category-5,sub-a3,23,0,23
2026-11-28,48,plant-B,line-B9,machine-B9,lot-10,DN,bPZT,category-2,sub-b8,31,0,31
2026-11-28,48,plant-A,line-A2,machine-A7,lot-12,UP,bPZT,category-1,sub-b3,26,0,26
2026-11-28,48,plant-A,line-A2,machine-A7,lot-12,DN,bPZT,pass,pass,0,2940,3033
2026-11-28,48,plant-B,line-B3,machine-B9,lot-55,UP,aPZT,category-1,sub-a7,8,0,8
2026-11-28,48,plant-B,line-B4,machine-B3,lot-100,DN,bPZT,category-5,sub-b4,36,0,36
2026-11-28,48,plant-B,line-B4,machine-B4,lot-89,uP,bPZT,category-3,,27,0,27
2026-11-28,48,plant-B,line-B4,machine-B6,lot-44,DN,bPZT,category-1,sub-b6,38,0,38
2026-11-28,48,plant-B,line-B10,machine-B1,lot-33,UP,bPZT,category-1,sub-b1,19,0,19
2026-11-28,48,plant-A,line-A9,machine-A2,lot-95,DN,bPZT,category-4,sub-b3,4,0,4
2026-11-28,48,plant-B,line-B5,machine-B5,lot-83,UP,bPZT,pass,pass,0,2433,2450
2026-11-28,48,plant-A,line-A6,machine-A5,lot-26,DN,bPZT,pass,pass,0,2256,2259
2026-11-28,48,plant-B,line-B5,machine-B5,lot-58,UP,aPZT,category-3,sub-a4,26,0,26
2026-11-28,48,plant-A,line-A6,machine-A1,lot-64,DN,aPZT,category-1,sub-a8,3,0,3
2026-11-28,48,plant-A,line-A6,machine-A5,lot-26,DN,aPZT,pass,pass,0,2256,2383
2026-11-28,48,plant-A,line-A6,machine-A5,lot-26,DN,bPZT,category-4,sub-b7,19,0,19
2026-11-28,48,plant-A,line-A3,machine-A7,lot-17,UP,aPZT,category-2,sub-a4,11,0,11
2026-11-28,48,plant-B,line-B3,machine-B4,lot-21,UP,bPZT,category-4,sub-b4,6,0,6
2026-11-28,48,plant-A,line-A6,machine-A1,lot-64,DN,bPZT,category-2,sub-b8,25,0,25
2026-11-28,48,plant-A,line-A7,machine-A6,lot-91,DN,aPZT,category-2,sub-a5,36,0,36
2026-11-28,48,plant-B,line-B10,machine-B8,lot-29,UP,bPZT,category-4,sub-b3,4,0,4
2026-11-28,48,plant-B,line-B3,machine-B6,lot-13,UP,bPZT,category-4,sub-b3,32,0,32
2026-11-28,48,plant-A,line-A6,machine-A1,lot-64,DN,bPZT,category-3,sub-b2,7,0,7
2026-11-28,48,plant-B,line-B3,machine-B9,lot-55,UP,aPZT,pass,pass,0,2194,2203
2026-11-28,48,plant-B,line-B3,machine-B6,lot-13,UP,aPZT,pass,pass,0,2827,2972
2026-11-28,48,plant-A,line-A3,machine-A8,lot-1,DN,bPZT,category-4,sub-b9,3,0,3
2026-11-28,48,plant-B,line-B5,machine-B5,lot-58,UP,bPZT,pass,pass,0,2630,2700
2026-11-28,48,plant-A,line-A1,machine-A9,lot-63,DN,aPZT,pass,pass,0,2710,2747
2026-11-28,48,plant-B,line-B4,machine-B4,lot-89,UP,bPZT,category-3,sub-b8,4,0,4
2026-11-28,48,plant-B,line-B4,machine-B3,lot-100,DN,aPZT,pass,pass,0,2977,3042
2026-11-28,48,plant-A,line-A8,machine-A10,lot-88,UP,aPZT,category-2,sub-a6,22,0,22
2026-11-28,48,plant-B,line-B5,machine-B5,lot-58,DN,bPZT,category-1,sub-b7,10,0,10
2026-11-28,48,plant-A,line-A6,machine-A5,lot-26,UP,bPZT,category-5,sub-b2,38,0,38
2026-11-28,48,plant-B,line-B3,machine-B9,lot-55,UP,bPZT,pass,pass,0,2194,2285
2026-11-28,48,plant-A,line-A3,machine-A7,lot-17,UP,aPZT,pass,pass,0,2402,2446
2026-11-28,48,plant-A,line-A3,machine-A8,lot-1,UP,bPZT,category-5,sub-b9,27,0,27
2026-11-28,48,plant-B,line-B3,machine-B4,lot-21,UP,bPZT,category-3,sub-b5,3,0,3
2026-11-28,48,plant-A,line-A3,machine-A8,lot-1,DN,bPZT,category-2,sub-b2,36,0,36
2026-11-28,48,plant-A,line-A3,machine-A7,lot-17,dn,aPZT,category-4,,1,0,1
2026-11-28,48,plant-B,line-B4,machine-B6,lot-44,UP,bPZT,pass,pass,0,2774,2920
2026-11-28,48,plant-B,line-B5,machine-B5,lot-83,UP,bPZT,category-4,sub-b8,24,0,24
2026-11-28,48,plant-B,line-B9,machine-B4,lot-77,DN,bPZT,pass,pass,0,2709,2739
2026-11-28,48,plant-B,line-B5,machine-B5,lot-58,UP,bPZT,category-3,sub-b10,1,0,1
2026-11-28,48,plant-B,line-B4,machine-B3,lot-100,UP,bPZT,category-2,sub-b10,8,0,8
2026-11-28,48,plant-A,line-A3,machine-A9,lot-73,UP,bPZT,category-5,sub-b8,15,0,15
2026-11-28,48,plant-B,line-B9,machine-B4,lot-77,UP,aPZT,category-3,sub-a4,3,0,3
2026-11-28,48,plant-B,line-B6,machine-B6,lot-31,DN,bPZT,pass,pass,0,2945,2970
2026-11-28,48,plant-B,line-B9,machine-B4,lot-77,DN,bPZT,category-1,sub-b2,33,0,33
2026-11-28,48,plant-A,line-A1,machine-A9,lot-63,UP,bPZT,category-1,sub-b7,27,0,27
2026-11-28,48,plant-A,line-A2,machine-A7,lot-12,UP,aPZT,category-2,sub-a9,23,0,23
2026-11-28,48,plant-B,line-B4,machine-B6,lot-44,UP,bPZT,category-5,sub-b1,38,0,38
2026-11-28,48,plant-B,line-B5,machine-B5,lot-83,DN,bPZT,category-2,sub-b5,25,0,25
2026-11-28,48,plant-A,line-A7,machine-A5,lot-4,DN,aPZT,category-3,sub-a3,13,0,13
2026-11-28,48,plant-A,line-A3,machine-A8,lot-1,DN,bPZT,category-2,sub-b8,28,0,28
2026-11-28,48,plant-B,line-B6,machine-B6,lot-31,UP,aPZT,category-5,sub-a5,25,0,25
2026-11-28,48,plant-B,line-B10,machine-B1,lot-33,DN,aPZT,category-3,sub-a10,32,0,32
2026-11-28,48,plant-A,line-A3,machine-A9,lot-73,UP,aPZT,category-5,sub-a7,32,0,32
2026-11-28,48,plant-A,line-A1,machine-A9,lot-63,UP,aPZT,category-4,sub-a9,22,0,22
2026-11-28,48,plant-B,line-B3,machine-B9,lot-55,UP,aPZT,category-4,sub-a5,24,0,24
2026-11-28,48,plant-B,line-B3,machine-B6,lot-13,UP,bPZT,pass,pass,0,2827,2828
2026-11-28,48,plant-A,line-A8,machine-A10,lot-88,UP,bPZT,category-1,sub-b2,6,0,6
2026-11-28,48,plant-B,line-B5,machine-B5,lot-58,DN,aPZT,category-2,sub-a7,39,0,39
2026-11-28,48,plant-A,line-A9,machine-A2,lot-95,UP,aPZT,category-4,sub-a2,36,0,36
2026-11-28,48,plant-B,line-B3,machine-B6,lot-13,DN,bPZT,category-2,sub-b1,31,0,31
2026-11-28,48,plant-B,line-B3,machine-B4,lot-21,DN,aPZT,category-2,sub-a5,33,0,33
2026-11-28,48,plant-B,line-B9,machine-B4,lot-77,DN,aPZT,category-4,sub-a2,12,0,12
2026-11-28,48,plant-B,line-B4,machine-B6,lot-44,UP,aPZT,category-1,sub-a6,12,0,12
2026-11-28,48,plant-A,line-A9,machine-A2,lot-95,DN,bPZT,pass,pass,0,2207,2267
2026-11-28,48,plant-A,line-A9,machine-A2,lot-95,DN,bPZT,category-5,sub-b8,15,0,15
2026-11-28,48,plant-A,line-A4,machine-A4,lot-65,DN,bPZT,category-2,sub-b7,22,0,22
2026-11-28,48,plant-A,line-A3,machine-A9,lot-73,UP,bPZT,pass,pass,0,2296,2365
2026-11-28,48,plant-B,line-B4,machine-B4,lot-89,DN,bPZT,category-5,sub-b3,39,0,39
2026-11-29,48,plant-B,line-B9,machine-B8,lot-8,DN,aPZT,category-3,sub-a5,40,0,40
2026-11-29,48,plant-B,line-B9,machine-B5,lot-36,UP,bPZT,category-5,sub-b4,5,0,5
2026-11-29,48,plant-B,line-B9,machine-B5,lot-36,DN,aPZT,category-3,sub-a6,21,0,21
2026-11-29,48,plant-A,line-A6,machine-A1,lot-27,UP,bPZT,category-3,sub-b4,5,0,5
2026-11-29,48,plant-B,line-B7,machine-B9,lot-44,DN,aPZT,category-5,sub-a3,24,0,24
2026-11-29,48,plant-A,line-A7,machine-A10,lot-71,UP,aPZT,category-1,sub-a1,13,0,13
2026-11-29,48,plant-A,line-A2,machine-A7,lot-94,UP,aPZT,pass,pass,0,2353,2422
2026-11-29,48,plant-B,line-B8,machine-B10,lot-90,DN,aPZT,pass,pass,0,2747,2798
2026-11-29,48,plant-A,line-A6,machine-A1,lot-27,UP,bPZT,pass,pass,0,2026,2098
2026-11-29,48,plant-A,line-A6,machine-A9,lot-74,UP,bPZT,pass,pass,0,2754,2794
2026-11-29,48,plant-A,line-A8,machine-A5,lot-84,DN,aPZT,pass,pass,0,2542,2606
2026-11-29,48,plant-A,line-A8,machine-A5,lot-84,DN,bPZT,category-4,sub-b2,31,0,31
2026-11-29,48,plant-B,line-B7,machine-B9,lot-44,DN,aPZT,category-2,sub-a2,23,0,23
2026-11-29,48,plant-A,line-A6,machine-A9,lot-74,UP,bPZT,category-5,sub-b1,29,0,29
2026-11-29,48,plant-A,line-A9,machine-A4,lot-13,UP,aPZT,category-2,sub-a7,16,0,16
2026-11-29,48,plant-A,line-A6,machine-A1,lot-27,DN,bPZT,category-5,sub-b8,16,0,16
2026-11-29,48,plant-B,line-B9,machine-B5,lot-36,DN,bPZT,pass,pass,0,2699,2830
2026-11-29,48,plant-A,line-A9,machine-A1,lot-88,UP,aPZT,category-2,sub-a10,27,0,27
2026-11-29,48,plant-B,line-B9,machine-B8,lot-63,DN,aPZT,category-2,sub-a6,24,0,24
2026-11-29,48,plant-B,line-B9,machine-B8,lot-8,DN,aPZT,category-4,sub-a4,19,0,19
2026-11-29,48,plant-B,line-B6,machine-B10,lot-29,DN,bPZT,category-4,sub-b4,10,0,10
2026-11-29,48,plant-A,line-A9,machine-A10,lot-57,DN,aPZT,pass,pass,0,2482,2517
2026-11-29,48,plant-A,line-A9,machine-A8,lot-37,UP,bPZT,pass,pass,0,2081,2091
2026-11-29,48,plant-A,line-A9,machine-A1,lot-88,DN,aPZT,pass,pass,0,2873,2937
2026-11-29,48,plant-B,line-B1,machine-B2,lot-9,DN,bPZT,pass,pass,0,2084,2097
2026-11-29,48,plant-B,line-B6,machine-B10,lot-29,UP,aPZT,pass,pass,0,2453,2463
2026-11-29,48,plant-A,line-A9,machine-A1,lot-40,DN,aPZT,category-1,sub-a7,4,0,4
2026-11-29,48,plant-B,line-B1,machine-B2,lot-9,UP,aPZT,category-2,sub-a9,13,0,13
2026-11-29,48,plant-B,line-B9,machine-B8,lot-63,DN,aPZT,category-5,sub-a4,32,0,32
2026-11-29,48,plant-B,line-B10,machine-B2,lot-15,UP,bPZT,pass,pass,0,2052,2061
2026-11-29,48,plant-B,line-B1,machine-B2,lot-9,DN,bPZT,category-2,sub-b4,3,0,3
2026-11-29,48,plant-A,line-A9,machine-A7,lot-93,UP,bPZT,category-2,sub-b10,39,0,39
2026-11-29,48,plant-A,line-A5,machine-A6,lot-34,UP,bPZT,category-3,sub-b10,21,0,21
2026-11-29,48,plant-A,line-A7,machine-A10,lot-31,UP,aPZT,pass,pass,0,2309,2424
2026-11-29,48,plant-B,line-B9,machine-B5,lot-36,DN,aPZT,category-5,sub-a9,17,0,17
2026-11-29,48,plant-A,line-A2,machine-A7,lot-94,DN,aPZT,category-1,sub-a6,29,0,29
2026-11-29,48,plant-B,line-B7,machine-B5,lot-18,UP,aPZT,pass,pass,0,2712,2819
2026-11-29,48,plant-A,line-A2,machine-A7,lot-94,UP,aPZT,category-2,sub-a7,22,0,22
2026-11-29,48,plant-B,line-B4,machine-B1,lot-66,UP,bPZT,category-1,sub-b10,3,0,3
2026-11-29,48,plant-A,line-A9,machine-A10,lot-57,UP,aPZT,category-4,sub-a4,11,0,11
2026-11-29,48,plant-B,line-B9,machine-B8,lot-63,DN,aPZT,pass,pass,0,2903,2926
2026-11-29,48,plant-A,line-A6,machine-A1,lot-27,DN,aPZT,category-2,sub-a5,32,0,32
2026-11-29,48,plant-A,line-A5,machine-A6,lot-34,UP,aPZT,pass,pass,0,2400,2449
2026-11-29,48,plant-B,line-B9,machine-B8,lot-63,DN,aPZT,category-2,sub-a3,14,0,14
2026-11-29,48,plant-A,line-A9,machine-A1,lot-88,DN,aPZT,category-4,sub-a8,25,0,25
2026-11-29,48,plant-B,line-B1,machine-B2,lot-9,DN,bPZT,category-3,sub-b8,3,0,3
2026-11-29,48,plant-B,line-B6,machine-B4,lot-83,DN,bPZT,pass,pass,0,2691,2761
2026-11-29,48,plant-A,line-A2,machine-A7,lot-94,DN,bPZT,pass,pass,0,2353,2452
2026-11-29,48,plant-B,line-B9,machine-B5,lot-95,UP,bPZT,pass,pass,0,2537,2556
2026-11-29,48,plant-B,line-B6,machine-B4,lot-83,DN,aPZT,category-3,sub-a2,35,0,35
2026-11-29,48,plant-A,line-A6,machine-A9,lot-74,DN,bPZT,category-5,sub-b10,19,0,19
2026-11-29,48,plant-B,line-B9,machine-B8,lot-63,UP,aPZT,category-3,sub-a10,20,0,20
2026-11-29,48,plant-A,line-A9,machine-A10,lot-57,UP,aPZT,category-3,sub-a4,19,0,19
2026-11-29,48,plant-B,line-B1,machine-B2,lot-9,UP,bPZT,category-1,sub-b1,20,0,20
2026-11-29,48,plant-B,line-B4,machine-B1,lot-66,UP,bPZT,category-4,sub-b10,20,0,20
2026-11-29,48,plant-A,line-A9,machine-A8,lot-37,UP,bPZT,category-5,sub-b5,39,0,39
2026-11-29,48,plant-A,line-A2,machine-A7,lot-94,DN,aPZT,category-5,sub-a8,33,0,33
2026-11-29,48,plant-A,line-A7,machine-A10,lot-71,DN,aPZT,category-4,sub-a3,7,0,7
2026-11-29,48,plant-A,line-A9,machine-A1,lot-40,UP,aPZT,category-5,sub-a3,13,0,13
2026-11-29,48,plant-A,line-A7,machine-A10,lot-71,DN,aPZT,category-3,sub-a4,11,0,11
2026-11-29,48,plant-B,line-B6,machine-B4,lot-83,UP,aPZT,pass,pass,0,2691,2747
2026-11-29,48,plant-B,line-B9,machine-B5,lot-95,UP,aPZT,category-2,sub-a9,19,0,19
2026-11-29,48,plant-A,line-A9,machine-A10,lot-57,UP,bPZT,category-4,,9,0,9
2026-11-29,48,plant-B,line-B1,machine-B2,lot-9,UP,bPZT,category-2,sub-b5,24,0,24
2026-11-29,48,plant-A,line-A9,machine-A1,lot-88,DN,bPZT,category-5,sub-b3,12,0,12
2026-11-29,48,plant-B,line-B1,machine-B2,lot-9,DN,bPZT,category-2,sub-b1,17,0,17
2026-11-29,48,plant-A,line-A7,machine-A10,lot-31,DN,bPZT,category-5,sub-b5,9,0,9
2026-11-29,48,plant-A,line-A9,machine-A10,lot-57,DN,aPZT,category-5,sub-a6,6,0,6
2026-11-29,48,plant-B,line-B9,machine-B8,lot-63,DN,bPZT,pass,pass,0,2903,3026
2026-11-29,48,plant-A,line-A7,machine-A10,lot-31,DN,bPZT,category-5,sub-b10,28,0,28
2026-11-29,48,plant-A,line-A9,machine-A7,lot-93,DN,bPZT,pass,pass,0,2294,2377
2026-11-29,48,plant-A,line-A9,machine-A1,lot-88,UP,bPZT,category-3,sub-b2,19,0,19
2026-11-29,48,plant-B,line-B10,machine-B2,lot-15,Dn,bPZT,category-3,sub-b7,10,0,10
2026-11-29,48,plant-B,line-B9,machine-B8,lot-63,Up,bPZT,category-3,sub-b10,16,0,16
2026-11-29,48,plant-B,line-B7,machine-B9,lot-44,DN,bPZT,pass,pass,0,2820,2934
2026-11-29,48,plant-B,line-B4,machine-B1,lot-66,DN,aPZT,pass,pass,0,2154,2284
2026-11-29,48,plant-B,line-B9,machine-B5,lot-36,UP,bPZT,category-4,sub-b3,21,0,21
2026-11-29,48,plant-A,line-A9,machine-A4,lot-13,DN,aPZT,category-3,sub-a9,1,0,1
2026-11-29,48,plant-B,line-B9,machine-B8,lot-63,DN,aPZT,category-1,sub-a3,33,0,33
2026-11-29,48,plant-A,line-A8,machine-A5,lot-84,UP,aPZT,category-2,sub-a4,31,0,31
2026-11-29,48,plant-A,line-A9,machine-A1,lot-40,DN,aPZT,category-3,sub-a7,39,0,39
2026-11-29,48,plant-A,line-A9,machine-A10,lot-57,DN,bPZT,pass,pass,0,2482,2518
2026-11-29,48,plant-B,line-B1,machine-B2,lot-9,DN,bPZT,category-5,sub-b7,38,0,38
2026-11-29,48,plant-B,line-B4,machine-B1,lot-66,DN,bPZT,pass,pass,0,2154,2165
2026-11-29,48,plant-A,line-A9,machine-A8,lot-37,DN,aPZT,category-1,sub-a3,10,0,10
2026-11-29,48,plant-B,line-B7,machine-B9,lot-44,UP,aPZT,category-3,sub-a5,20,0,20
2026-11-29,48,plant-A,line-A2,machine-A7,lot-94,UP,bPZT,category-2,sub-b5,17,0,17
2026-11-29,48,plant-B,line-B1,machine-B2,lot-9,DN,bPZT,category-1,sub-b3,14,0,14
2026-11-29,48,plant-B,line-B7,machine-B5,lot-18,UP,aPZT,category-3,sub-a1,23,0,23
2026-11-29,48,plant-B,line-B10,machine-B2,lot-15,UP,aPZT,pass,,0,2052,2114
2026-11-29,48,plant-A,line-A9,machine-A1,lot-40,DN,bPZT,category-1,sub-b6,38,0,38
2026-11-29,48,plant-A,line-A7,machine-A10,lot-71,UP,bPZT,pass,pass,0,2720,2791
2026-11-29,48,plant-A,line-A9,machine-A1,lot-40,UP,aPZT,category-3,sub-a8,37,0,37
2026-11-29,48,plant-A,line-A8,machine-A5,lot-84,DN,bPZT,pass,pass,0,2542,2584
2026-11-29,48,plant-B,line-B10,machine-B2,lot-15,UP,bPZT,category-3,sub-b10,19,0,19
2026-11-29,48,plant-A,line-A2,machine-A7,lot-94,UP,bPZT,category-5,sub-b2,37,0,37
2026-11-29,48,plant-A,line-A9,machine-A1,lot-40,DN,bPZT,pass,pass,0,2190,2309
2026-11-29,48,plant-A,line-A6,machine-A1,lot-27,UP,bPZT,category-2,sub-b4,21,0,21
2026-11-29,48,plant-A,line-A9,machine-A10,lot-57,DN,bPZT,category-2,sub-b4,18,0,18
2026-11-29,48,plant-A,line-A7,machine-A10,lot-31,UP,bPZT,category-1,sub-b10,21,0,21
2026-11-29,48,plant-A,line-A9,machine-A1,lot-88,DN,bPZT,pass,pass,0,2873,2962
2026-11-29,48,plant-A,line-A7,machine-A10,lot-31,DN,bPZT,pass,pass,0,2309,2332
2026-11-29,48,plant-B,line-B9,machine-B5,lot-95,DN,aPZT,pass,pass,0,2537,2597
2026-11-29,48,plant-B,line-B8,machine-B10,lot-90,UP,bPZT,category-5,sub-b4,3,0,3
2026-11-29,48,plant-A,line-A9,machine-A4,lot-13,UP,aPZT,pass,pass,0,2543,2598
2026-11-29,48,plant-B,line-B6,machine-B4,lot-83,UP,bPZT,category-4,sub-b4,13,0,13
2026-11-29,48,plant-B,line-B8,machine-B10,lot-90,DN,bPZT,category-3,sub-b6,11,0,11
2026-11-29,48,plant-A,line-A7,machine-A10,lot-71,DN,bPZT,category-5,sub-b7,4,0,4
2026-11-29,48,plant-A,line-A9,machine-A8,lot-37,UP,aPZT,pass,pass,0,2081,2120
2026-11-29,48,plant-B,line-B4,machine-B1,lot-66,UP,bPZT,category-2,sub-b9,36,0,36
2026-11-29,48,plant-B,line-B8,machine-B10,lot-90,DN,bPZT,category-2,,37,0,37
2026-11-29,48,plant-B,line-B9,machine-B5,lot-36,DN,aPZT,category-5,sub-a4,21,0,21
2026-11-29,48,plant-B,line-B1,machine-B2,lot-9,DN,bPZT,category-3,sub-b8,24,0,24
2026-11-29,48,plant-B,line-B9,machine-B5,lot-95,DN,bPZT,category-5,sub-b2,24,0,24
2026-11-29,48,plant-A,line-A9,machine-A7,lot-93,UP,aPZT,category-3,sub-a2,39,0,39
2026-11-29,48,plant-A,line-A9,machine-A4,lot-13,UP,bPZT,category-2,sub-b2,37,0,37
2026-11-29,48,plant-B,line-B6,machine-B10,lot-29,DN,aPZT,category-3,sub-a8,34,0,34
2026-11-29,48,plant-B,line-B7,machine-B5,lot-18,UP,bPZT,pass,pass,0,2712,2735
2026-11-29,48,plant-B,line-B4,machine-B1,lot-66,DN,aPZT,category-5,sub-a5,11,0,11
2026-11-29,48,plant-A,line-A6,machine-A1,lot-27,DN,aPZT,pass,pass,0,2026,2068
2026-11-29,48,plant-B,line-B1,machine-B2,lot-9,DN,bPZT,category-4,sub-b6,40,0,40
2026-11-29,48,plant-B,line-B9,machine-B5,lot-95,UP,bPZT,category-5,sub-b10,26,0,26
2026-11-29,48,plant-A,line-A6,machine-A9,lot-74,UP,bPZT,category-3,sub-b5,28,0,28
2026-11-29,48,plant-A,line-A9,machine-A7,lot-93,DN,bPZT,category-3,sub-b6,16,0,16
2026-11-29,48,plant-A,line-A5,machine-A6,lot-34,UP,aPZT,category-3,sub-a4,28,0,28
2026-11-29,48,plant-A,line-A9,machine-A4,lot-13,DN,bPZT,category-1,sub-b10,10,0,10
2026-11-29,48,plant-A,line-A7,machine-A10,lot-71,DN,aPZT,category-4,sub-a10,14,0,14
2026-11-29,48,plant-B,line-B9,machine-B5,lot-36,UP,aPZT,category-4,sub-a1,7,0,7
2026-11-29,48,plant-B,line-B7,machine-B9,lot-44,DN,aPZT,category-4,sub-a1,40,0,40
2026-11-29,48,plant-B,line-B7,machine-B9,lot-44,UP,aPZT,pass,pass,0,2820,2851
2026-11-29,48,plant-B,line-B9,machine-B8,lot-63,DN,bPZT,category-3,sub-b2,7,0,7
2026-11-29,48,plant-A,line-A7,machine-A10,lot-31,Dn,aPZT,category-1,,23,0,23
2026-11-29,48,plant-A,line-A6,machine-A9,lot-74,UP,bPZT,category-2,sub-b8,25,0,25
2026-11-29,48,plant-B,line-B6,machine-B4,lot-83,DN,bPZT,category-4,sub-b2,9,0,9
2026-11-29,48,plant-A,line-A2,machine-A7,lot-94,UP,aPZT,category-5,sub-a4,15,0,15
2026-11-29,48,plant-B,line-B8,machine-B10,lot-90,UP,aPZT,category-4,sub-a1,10,0,10
2026-11-29,48,plant-B,line-B6,machine-B10,lot-29,DN,aPZT,category-1,sub-a10,10,0,10
2026-11-29,48,plant-A,line-A9,machine-A4,lot-13,DN,bPZT,pass,pass,0,2543,2599
2026-11-29,48,plant-A,line-A9,machine-A1,lot-88,UP,bPZT,category-4,sub-b9,33,0,33
2026-11-29,48,plant-A,line-A9,machine-A7,lot-93,UP,aPZT,category-3,sub-a3,12,0,12
2026-11-29,48,plant-B,line-B9,machine-B5,lot-95,UP,bPZT,category-2,sub-b1,5,0,5
2026-11-29,48,plant-B,line-B6,machine-B10,lot-29,UP,aPZT,category-4,sub-a9,5,0,5
2026-11-29,48,plant-A,line-A6,machine-A9,lot-74,DN,aPZT,category-1,sub-a9,40,0,40
2026-11-29,48,plant-A,line-A9,machine-A4,lot-13,UP,aPZT,category-1,,36,0,36
2026-11-29,48,plant-A,line-A9,machine-A1,lot-40,DN,aPZT,pass,pass,0,2190,2243
2026-11-29,48,plant-B,line-B10,machine-B2,lot-15,DN,bPZT,category-3,sub-b2,22,0,22
2026-11-29,48,plant-B,line-B9,machine-B5,lot-36,DN,aPZT,category-5,sub-a10,20,0,20
2026-11-29,48,plant-B,line-B6,machine-B4,lot-83,UP,aPZT,category-2,sub-a9,5,0,5
2026-11-29,48,plant-B,line-B9,machine-B8,lot-8,DN,aPZT,category-5,sub-a9,16,0,16
2026-11-29,48,plant-B,line-B4,machine-B1,lot-66,DN,bPZT,category-5,sub-b8,34,0,34
2026-11-29,48,plant-A,line-A7,machine-A10,lot-71,UP,aPZT,category-5,sub-a4,26,0,26
2026-11-29,48,plant-A,line-A7,machine-A10,lot-31,UP,bPZT,category-1,sub-b5,10,0,10
2026-11-29,48,plant-B,line-B6,machine-B4,lot-83,DN,bPZT,category-5,sub-b8,34,0,34
2026-11-29,48,plant-A,line-A6,machine-A1,lot-27,UP,aPZT,category-3,sub-a4,11,0,11
2026-11-29,48,plant-A,line-A5,machine-A6,lot-34,DN,bPZT,category-2,,4,0,4
2026-11-29,48,plant-A,line-A9,machine-A7,lot-93,DN,aPZT,category-5,sub-a1,32,0,32
2026-11-29,48,plant-A,line-A8,machine-A5,lot-84,UP,bPZT,category-2,sub-b9,33,0,33
2026-11-29,48,plant-A,line-A6,machine-A1,lot-27,dN,aPZT,category-3,,29,0,29
2026-11-29,48,plant-B,line-B7,machine-B5,lot-18,DN,bPZT,category-2,sub-b4,33,0,33
2026-11-29,48,plant-B,line-B7,machine-B5,lot-18,UP,bPZT,category-1,sub-b3,16,0,16
2026-11-29,48,plant-B,line-B4,machine-B1,lot-66,UP,bPZT,category-3,sub-b7,37,0,37
2026-11-29,48,plant-A,line-A9,machine-A1,lot-88,DN,aPZT,category-1,sub-a2,37,0,37
2026-11-29,48,plant-B,line-B6,machine-B10,lot-29,UP,bPZT,pass,pass,0,2453,2536
2026-11-29,48,plant-A,line-A5,machine-A6,lot-34,UP,bPZT,category-3,sub-b7,24,0,24
2026-11-29,48,plant-B,line-B7,machine-B9,lot-44,DN,bPZT,category-4,sub-b4,31,0,31
2026-11-29,48,plant-A,line-A9,machine-A7,lot-93,UP,bPZT,category-1,sub-b2,11,0,11
2026-11-29,48,plant-A,line-A7,machine-A10,lot-31,UP,bPZT,category-2,sub-b6,14,0,14
2026-11-29,48,plant-B,line-B9,machine-B5,lot-36,UP,aPZT,category-1,sub-a5,22,0,22
2026-11-29,48,plant-A,line-A2,machine-A7,lot-94,UP,bPZT,category-2,sub-b2,15,0,15
2026-11-29,48,plant-B,line-B7,machine-B5,lot-18,DN,bPZT,category-1,sub-b10,18,0,18
2026-11-29,48,plant-B,line-B10,machine-B2,lot-15,UP,aPZT,category-1,sub-a10,9,0,9
2026-11-29,48,plant-B,line-B9,machine-B8,lot-8,DN,bPZT,pass,pass,0,2940,3015
2026-11-29,48,plant-A,line-A9,machine-A1,lot-40,UP,aPZT,category-4,sub-a10,3,0,3
2026-11-29,48,plant-A,line-A7,machine-A10,lot-31,DN,bPZT,category-3,sub-b9,33,0,33
2026-11-29,48,plant-B,line-B7,machine-B5,lot-18,UP,bPZT,category-1,sub-b6,40,0,40
2026-11-29,48,plant-A,line-A9,machine-A4,lot-13,UP,aPZT,category-5,sub-a8,3,0,3
2026-11-29,48,plant-A,line-A6,machine-A9,lot-74,UP,bPZT,category-3,sub-b1,35,0,35
2026-11-29,48,plant-B,line-B9,machine-B5,lot-36,UP,aPZT,category-2,sub-a3,1,0,1
2026-11-29,48,plant-A,line-A9,machine-A4,lot-13,UP,bPZT,category-5,,8,0,8
2026-11-29,48,plant-B,line-B7,machine-B9,lot-44,DN,aPZT,category-3,sub-a7,7,0,7
2026-11-29,48,plant-A,line-A9,machine-A1,lot-40,UP,aPZT,category-5,sub-a7,23,0,23
2026-11-29,48,plant-B,line-B9,machine-B5,lot-36,DN,aPZT,pass,pass,0,2699,2725
2026-11-29,48,plant-B,line-B6,machine-B10,lot-29,DN,aPZT,category-3,sub-a1,24,0,24
2026-11-29,48,plant-A,line-A9,machine-A10,lot-57,UP,bPZT,category-2,sub-b9,8,0,8
2026-11-29,48,plant-B,line-B9,machine-B5,lot-36,DN,aPZT,category-2,sub-a8,22,0,22
2026-11-29,48,plant-B,line-B6,machine-B4,lot-83,DN,aPZT,category-3,sub-a2,30,0,30
2026-11-29,48,plant-A,line-A5,machine-A6,lot-34,DN,bPZT,pass,pass,0,2400,2428
2026-11-29,48,plant-B,line-B9,machine-B5,lot-95,DN,bPZT,category-2,sub-b3,5,0,5
2026-11-29,48,plant-B,line-B1,machine-B2,lot-9,DN,aPZT,pass,pass,0,2084,2267
2026-11-29,48,plant-A,line-A7,machine-A10,lot-71,UP,aPZT,pass,pass,0,2720,2724
2026-11-29,48,plant-B,line-B9,machine-B8,lot-8,UP,bPZT,category-5,sub-b1,27,0,27
2026-11-29,48,plant-B,line-B8,machine-B10,lot-90,UP,aPZT,category-4,sub-a2,25,0,25
2026-11-29,48,plant-B,line-B10,machine-B2,lot-15,UP,bPZT,category-5,sub-b10,11,0,11
2026-11-29,48,plant-A,line-A8,machine-A5,lot-84,DN,aPZT,category-3,sub-a4,11,0,11
2026-11-29,48,plant-B,line-B8,machine-B10,lot-90,UP,bPZT,pass,pass,0,2747,2782
2026-11-29,48,plant-B,line-B6,machine-B10,lot-29,DN,aPZT,category-4,sub-a4,10,0,10
2026-11-29,48,plant-B,line-B9,machine-B8,lot-8,UP,aPZT,pass,pass,0,2940,2967
2026-11-29,48,plant-A,line-A9,machine-A1,lot-40,UP,bPZT,category-4,sub-b4,15,0,15
2026-11-29,48,plant-A,line-A6,machine-A9,lot-74,UP,aPZT,pass,pass,0,2754,2890
2026-11-29,48,plant-A,line-A9,machine-A7,lot-93,UP,aPZT,pass,pass,0,2294,2360
2026-11-30,49,plant-A,line-A9,machine-A5,lot-23,DN,bPZT,category-4,sub-b5,26,0,26
2026-11-30,49,plant-B,line-B2,machine-B3,lot-27,UP,bPZT,category-2,sub-b8,34,0,34
2026-11-30,49,plant-A,line-A8,machine-A2,lot-79,UP,bPZT,category-3,sub-b2,1,0,1
2026-11-30,49,plant-A,line-A1,machine-A5,lot-22,DN,bPZT,category-5,sub-b3,3,0,3
2026-11-30,49,plant-A,line-A8,machine-A7,lot-75,DN,bPZT,category-4,sub-b4,40,0,40
2026-11-30,49,plant-A,line-A9,machine-A7,lot-89,DN,bPZT,pass,pass,0,2151,2208
2026-11-30,49,plant-B,line-B1,machine-B8,lot-95,DN,bPZT,category-4,sub-b7,38,0,38
2026-11-30,49,plant-A,line-A7,machine-A3,lot-77,DN,bPZT,category-4,sub-b3,30,0,30
2026-11-30,49,plant-B,line-B9,machine-B9,lot-21,DN,aPZT,category-2,sub-a3,22,0,22
2026-11-30,49,plant-A,line-A8,machine-A7,lot-75,UP,bPZT,category-2,sub-b2,34,0,34
2026-11-30,49,plant-A,line-A5,machine-A1,lot-12,UP,bPZT,pass,pass,0,2227,2263
2026-11-30,49,plant-A,line-A6,machine-A3,lot-51,DN,bPZT,category-3,sub-b5,6,0,6
2026-11-30,49,plant-B,line-B9,machine-B9,lot-21,DN,bPZT,category-5,sub-b7,7,0,7
2026-11-30,49,plant-B,line-B6,machine-B6,lot-53,DN,bPZT,category-1,sub-b7,38,0,38
2026-11-30,49,plant-A,line-A2,machine-A1,lot-88,DN,bPZT,category-5,sub-b5,24,0,24
2026-11-30,49,plant-A,line-A9,machine-A7,lot-89,UP,aPZT,pass,pass,0,2151,2272
2026-11-30,49,plant-B,line-B4,machine-B1,lot-69,DN,aPZT,category-3,sub-a10,9,0,9
2026-11-30,49,plant-A,line-A8,machine-A8,lot-100,DN,aPZT,category-3,sub-a8,3,0,3
2026-11-30,49,plant-A,line-A9,machine-A7,lot-89,UP,bPZT,category-3,sub-b2,29,0,29
2026-11-30,49,plant-A,line-A5,machine-A1,lot-12,UP,bPZT,category-4,sub-b1,13,0,13
2026-11-30,49,plant-B,line-B1,machine-B8,lot-95,UP,bPZT,category-2,,16,0,16
2026-11-30,49,plant-B,line-B3,machine-B1,lot-16,DN,bPZT,category-3,sub-b7,3,0,3
2026-11-30,49,plant-B,line-B9,machine-B9,lot-21,DN,aPZT,category-2,sub-a7,10,0,10
2026-11-30,49,plant-A,line-A6,machine-A3,lot-51,UP,bPZT,pass,pass,0,2680,2739
2026-11-30,49,plant-B,line-B6,machine-B6,lot-53,UP,bPZT,category-4,sub-b8,26,0,26
2026-11-30,49,plant-B,line-B4,machine-B1,lot-69,UP,bPZT,pass,pass,0,2355,2413
2026-11-30,49,plant-A,line-A7,machine-A3,lot-77,DN,bPZT,category-2,sub-b8,15,0,15
2026-11-30,49,plant-A,line-A9,machine-A7,lot-89,UP,aPZT,category-4,sub-a1,30,0,30
2026-11-30,49,plant-A,line-A8,machine-A8,lot-100,DN,bPZT,category-5,sub-b8,23,0,23
2026-11-30,49,plant-A,line-A7,machine-A3,lot-77,UP,bPZT,category-1,sub-b10,14,0,14
2026-11-30,49,plant-A,line-A9,machine-A5,lot-23,DN,aPZT,pass,pass,0,2179,2298
2026-11-30,49,plant-A,line-A6,machine-A3,lot-51,DN,bPZT,category-5,sub-b1,33,0,33
2026-11-30,49,plant-A,line-A10,machine-A2,lot-38,DN,bPZT,pass,pass,0,2836,2944
2026-11-30,49,plant-A,line-A8,machine-A2,lot-79,UP,bPZT,category-2,sub-b6,32,0,32
2026-11-30,49,plant-A,line-A8,machine-A5,lot-29,UP,bPZT,category-5,sub-b7,26,0,26
2026-11-30,49,plant-A,line-A9,machine-A5,lot-23,UP,bPZT,category-3,sub-b5,28,0,28
2026-11-30,49,plant-B,line-B4,machine-B4,lot-96,Up,bPZT,category-3,sub-b9,35,0,35
2026-11-30,49,plant-A,line-A8,machine-A8,lot-100,UP,bPZT,category-2,sub-b9,34,0,34
2026-11-30,49,plant-B,line-B9,machine-B10,lot-41,DN,bPZT,pass,pass,0,2690,2746
2026-11-30,49,plant-A,line-A3,machine-A9,lot-3,UP,aPZT,category-4,sub-a1,25,0,25
2026-11-30,49,plant-A,line-A7,machine-A3,lot-77,DN,aPZT,category-5,sub-a3,24,0,24
2026-11-30,49,plant-A,line-A8,machine-A2,lot-79,UP,aPZT,category-2,sub-a4,37,0,37
2026-11-30,49,plant-B,line-B4,machine-B1,lot-69,UP,aPZT,category-3,sub-a8,13,0,13
2026-11-30,49,plant-A,line-A9,machine-A7,lot-89,UP,bPZT,category-2,sub-b3,4,0,4
2026-11-30,49,plant-A,line-A7,machine-A7,lot-62,DN,bPZT,category-3,,26,0,26
2026-11-30,49,plant-B,line-B1,machine-B8,lot-95,DN,aPZT,pass,pass,0,2153,2320
2026-11-30,49,plant-B,line-B9,machine-B9,lot-21,DN,aPZT,category-5,sub-a2,29,0,29
2026-11-30,49,plant-B,line-B3,machine-B1,lot-16,DN,bPZT,category-5,sub-b1,12,0,12
2026-11-30,49,plant-A,line-A5,machine-A1,lot-12,DN,aPZT,category-2,sub-a4,5,0,5
2026-11-30,49,plant-B,line-B2,machine-B3,lot-27,UP,aPZT,category-1,sub-a3,19,0,19
2026-11-30,49,plant-A,line-A3,machine-A9,lot-3,DN,bPZT,pass,pass,0,2431,2474
2026-11-30,49,plant-B,line-B9,machine-B9,lot-21,UP,aPZT,pass,pass,0,2263,2310
2026-11-30,49,plant-B,line-B1,machine-B8,lot-95,UP,bPZT,pass,pass,0,2153,2159
2026-11-30,49,plant-B,line-B1,machine-B7,lot-44,UP,bPZT,category-3,sub-b5,36,0,36
2026-11-30,49,plant-B,line-B2,machine-B3,lot-27,DN,bPZT,pass,pass,0,2431,2603
2026-11-30,49,plant-B,line-B9,machine-B9,lot-21,up,bPZT,pass,pass,0,2263,2434
2026-11-30,49,plant-A,line-A8,machine-A7,lot-75,UP,bPZT,category-5,sub-b5,35,0,35
2026-11-30,49,plant-B,line-B3,machine-B1,lot-16,DN,bPZT,category-2,sub-b1,23,0,23
2026-11-30,49,plant-A,line-A7,machine-A7,lot-62,DN,aPZT,pass,pass,0,2606,2632
2026-11-30,49,plant-B,line-B9,machine-B10,lot-41,DN,aPZT,category-5,sub-a7,15,0,15
2026-11-30,49,plant-A,line-A8,machine-A7,lot-75,UP,bPZT,category-5,sub-b1,2,0,2
2026-11-30,49,plant-B,line-B3,machine-B1,lot-16,UP,bPZT,pass,pass,0,2665,2673
2026-11-30,49,plant-A,line-A2,machine-A1,lot-88,UP,aPZT,pass,pass,0,2162,2283
2026-11-30,49,plant-B,line-B4,machine-B4,lot-96,DN,aPZT,category-5,sub-a6,40,0,40
2026-11-30,49,plant-A,line-A9,machine-A7,lot-89,DN,bPZT,category-5,sub-b9,20,0,20
2026-11-30,49,plant-A,line-A4,machine-A7,lot-68,DN,aPZT,category-5,sub-a3,6,0,6
2026-11-30,49,plant-A,line-A10,machine-A2,lot-38,DN,aPZT,category-3,sub-a2,35,0,35
2026-11-30,49,plant-A,line-A9,machine-A7,lot-89,DN,bPZT,category-5,sub-b4,36,0,36
2026-11-30,49,plant-B,line-B4,machine-B1,lot-69,DN,aPZT,pass,pass,0,2355,2365
2026-11-30,49,plant-A,line-A2,machine-A1,lot-88,DN,bPZT,category-4,sub-b4,38,0,38
2026-11-30,49,plant-B,line-B1,machine-B8,lot-95,DN,bPZT,category-3,sub-b7,34,0,34
2026-11-30,49,plant-A,line-A8,machine-A2,lot-79,DN,aPZT,category-3,sub-a5,4,0,4
2026-11-30,49,plant-A,line-A1,machine-A5,lot-22,up,bPZT,category-3,,11,0,11
2026-11-30,49,plant-B,line-B1,machine-B8,lot-95,DN,bPZT,category-5,sub-b1,30,0,30
2026-11-30,49,plant-A,line-A2,machine-A1,lot-88,UP,bPZT,category-4,sub-b8,13,0,13
2026-11-30,49,plant-A,line-A3,machine-A9,lot-3,UP,bPZT,category-3,sub-b2,2,0,2
2026-11-30,49,plant-B,line-B4,machine-B1,lot-69,DN,bPZT,category-1,sub-b7,10,0,10
2026-11-30,49,plant-B,line-B1,machine-B8,lot-95,Up,bPZT,category-2,,15,0,15
2026-11-30,49,plant-A,line-A9,machine-A5,lot-23,DN,bPZT,category-4,sub-b3,16,0,16
2026-11-30,49,plant-A,line-A8,machine-A2,lot-79,UP,aPZT,category-5,sub-a4,9,0,9
2026-11-30,49,plant-B,line-B9,machine-B10,lot-41,DN,aPZT,category-5,sub-a1,5,0,5
2026-11-30,49,plant-B,line-B4,machine-B4,lot-96,DN,aPZT,pass,pass,0,2112,2174
2026-11-30,49,plant-B,line-B2,machine-B3,lot-27,DN,aPZT,category-2,sub-a10,21,0,21
2026-11-30,49,plant-B,line-B9,machine-B10,lot-41,UP,bPZT,category-5,sub-b6,25,0,25
2026-11-30,49,plant-A,line-A7,machine-A3,lot-77,UP,bPZT,category-5,sub-b5,35,0,35
2026-11-30,49,plant-B,line-B9,machine-B10,lot-41,DN,bPZT,category-2,sub-b9,39,0,39
2026-11-30,49,plant-A,line-A6,machine-A3,lot-51,DN,bPZT,category-4,sub-b6,36,0,36
2026-11-30,49,plant-B,line-B4,machine-B4,lot-96,DN,aPZT,category-3,sub-a7,26,0,26
2026-11-30,49,plant-A,line-A1,machine-A5,lot-22,DN,aPZT,pass,pass,0,2206,2234
2026-11-30,49,plant-B,line-B9,machine-B10,lot-41,DN,bPZT,category-2,sub-b4,34,0,34
2026-11-30,49,plant-A,line-A8,machine-A5,lot-29,UP,aPZT,category-1,sub-a9,29,0,29
2026-11-30,49,plant-A,line-A9,machine-A5,lot-23,UP,bPZT,category-4,sub-b8,31,0,31
2026-11-30,49,plant-A,line-A5,machine-A1,lot-12,UP,aPZT,pass,pass,0,2227,2269
2026-11-30,49,plant-B,line-B1,machine-B8,lot-95,UP,bPZT,category-3,sub-b9,14,0,14
2026-11-30,49,plant-A,line-A8,machine-A8,lot-100,UP,aPZT,pass,pass,0,2231,2332
2026-11-30,49,plant-B,line-B6,machine-B6,lot-53,UP,bPZT,pass,pass,0,2869,2892
2026-11-30,49,plant-B,line-B1,machine-B7,lot-44,DN,aPZT,pass,pass,0,2131,2204
2026-11-30,49,plant-A,line-A8,machine-A7,lot-75,UP,aPZT,category-3,sub-a2,2,0,2
2026-11-30,49,plant-A,line-A9,machine-A5,lot-23,UP,bPZT,pass,pass,0,2179,2210
2026-11-30,49,plant-A,line-A8,machine-A7,lot-75,UP,bPZT,category-1,sub-b2,34,0,34
2026-11-30,49,plant-A,line-A9,machine-A5,lot-23,DN,bPZT,category-3,sub-b10,9,0,9
2026-11-30,49,plant-A,line-A5,machine-A1,lot-34,DN,aPZT,pass,pass,0,2334,2416
2026-11-30,49,plant-B,line-B6,machine-B6,lot-53,UP,bPZT,category-5,sub-b4,19,0,19
2026-11-30,49,plant-A,line-A8,machine-A8,lot-100,UP,aPZT,category-1,sub-a1,7,0,7
2026-11-30,49,plant-A,line-A5,machine-A1,lot-12,UP,bPZT,category-5,sub-b4,23,0,23
2026-11-30,49,plant-A,line-A8,machine-A5,lot-29,UP,aPZT,category-3,sub-a10,9,0,9
2026-11-30,49,plant-B,line-B9,machine-B9,lot-21,DN,aPZT,category-5,sub-a7,29,0,29
2026-11-30,49,plant-A,line-A7,machine-A3,lot-77,UP,bPZT,category-1,sub-b4,9,0,9
2026-11-30,49,plant-A,line-A2,machine-A1,lot-88,DN,bPZT,category-3,sub-b1,13,0,13
2026-11-30,49,plant-B,line-B2,machine-B3,lot-27,dN,aPZT,category-3,,35,0,35
2026-11-30,49,plant-A,line-A3,machine-A9,lot-3,DN,bPZT,category-3,sub-b10,4,0,4
2026-11-30,49,plant-A,line-A5,machine-A1,lot-34,DN,aPZT,category-3,sub-a1,17,0,17
2026-11-30,49,plant-B,line-B4,machine-B4,lot-96,UP,bPZT,pass,pass,0,2112,2243
2026-11-30,49,plant-B,line-B2,machine-B3,lot-27,UP,aPZT,category-4,sub-a9,36,0,36
2026-11-30,49,plant-A,line-A9,machine-A5,lot-23,UP,bPZT,category-1,sub-b5,9,0,9
2026-11-30,49,plant-B,line-B3,machine-B1,lot-16,UP,aPZT,pass,pass,0,2665,2724
2026-11-30,49,plant-A,line-A8,machine-A2,lot-79,DN,aPZT,category-5,sub-a5,9,0,9
2026-11-30,49,plant-B,line-B3,machine-B1,lot-16,DN,bPZT,category-2,sub-b2,9,0,9
2026-11-30,49,plant-A,line-A9,machine-A7,lot-89,DN,bPZT,category-2,sub-b2,32,0,32
2026-11-30,49,plant-A,line-A3,machine-A9,lot-3,Dn,bPZT,category-3,sub-b7,20,0,20
2026-11-30,49,plant-A,line-A8,machine-A8,lot-100,UP,bPZT,category-1,sub-b5,26,0,26
2026-11-30,49,plant-A,line-A8,machine-A7,lot-75,UP,bPZT,category-2,sub-b4,4,0,4
2026-11-30,49,plant-B,line-B9,machine-B9,lot-21,DN,aPZT,category-5,sub-a5,28,0,28
2026-11-30,49,plant-A,line-A10,machine-A2,lot-38,DN,aPZT,category-1,sub-a3,35,0,35
2026-11-30,49,plant-A,line-A8,machine-A5,lot-29,DN,bPZT,pass,pass,0,2676,2792
2026-11-30,49,plant-B,line-B6,machine-B6,lot-53,UP,aPZT,category-3,sub-a2,12,0,12
2026-11-30,49,plant-A,line-A10,machine-A2,lot-38,UP,aPZT,category-2,sub-a5,38,0,38
2026-11-30,49,plant-B,line-B9,machine-B9,lot-21,UP,aPZT,category-3,sub-a8,33,0,33
2026-11-30,49,plant-A,line-A3,machine-A9,lot-3,UP,aPZT,category-5,sub-a6,18,0,18
2026-11-30,49,plant-B,line-B1,machine-B8,lot-95,UP,aPZT,category-5,sub-a4,6,0,6
2026-11-30,49,plant-A,line-A5,machine-A1,lot-34,DN,bPZT,category-5,sub-b6,12,0,12
2026-11-30,49,plant-A,line-A8,machine-A2,lot-79,UP,aPZT,category-2,sub-a6,25,0,25
2026-11-30,49,plant-A,line-A8,machine-A8,lot-100,UP,bPZT,category-1,sub-b10,18,0,18
2026-11-30,49,plant-A,line-A8,machine-A2,lot-79,UP,bPZT,category-2,sub-b7,3,0,3
2026-11-30,49,plant-B,line-B4,machine-B4,lot-96,UP,aPZT,category-5,sub-a7,27,0,27
2026-11-30,49,plant-B,line-B3,machine-B1,lot-16,DN,aPZT,category-1,sub-a9,8,0,8
2026-11-30,49,plant-A,line-A4,machine-A7,lot-68,DN,bPZT,category-4,sub-b3,21,0,21
2026-11-30,49,plant-A,line-A7,machine-A3,lot-77,DN,bPZT,category-4,sub-b1,40,0,40
2026-11-30,49,plant-A,line-A1,machine-A5,lot-22,DN,bPZT,category-1,sub-b6,14,0,14
2026-11-30,49,plant-B,line-B9,machine-B10,lot-41,UP,aPZT,pass,pass,0,2690,2788
2026-11-30,49,plant-B,line-B1,machine-B7,lot-44,UP,bPZT,category-3,sub-b7,37,0,37
2026-11-30,49,plant-A,line-A3,machine-A9,lot-3,DN,aPZT,pass,pass,0,2431,2463
2026-11-30,49,plant-A,line-A2,machine-A1,lot-88,UP,bPZT,category-4,sub-b4,33,0,33
2026-11-30,49,plant-A,line-A8,machine-A7,lot-75,UP,bPZT,category-2,sub-b5,3,0,3
2026-11-30,49,plant-B,line-B3,machine-B1,lot-16,UP,bPZT,category-3,sub-b7,12,0,12
2026-11-30,49,plant-A,line-A7,machine-A7,lot-62,UP,bPZT,pass,pass,0,2606,2617
2026-11-30,49,plant-B,line-B2,machine-B3,lot-27,DN,aPZT,category-2,sub-a6,31,0,31
2026-11-30,49,plant-A,line-A7,machine-A3,lot-77,UP,bPZT,pass,pass,0,2868,2892
2026-11-30,49,plant-B,line-B9,machine-B10,lot-41,DN,aPZT,category-2,sub-a1,16,0,16
2026-11-30,49,plant-A,line-A4,machine-A7,lot-68,DN,bPZT,category-1,sub-b2,8,0,8
2026-11-30,49,plant-B,line-B4,machine-B1,lot-69,UP,aPZT,category-5,sub-a3,20,0,20
2026-11-30,49,plant-B,line-B4,machine-B4,lot-96,DN,bPZT,category-4,,27,0,27
2026-11-30,49,plant-A,line-A8,machine-A2,lot-79,UP,aPZT,category-1,sub-a8,30,0,30
2026-11-30,49,plant-A,line-A7,machine-A3,lot-77,DN,aPZT,pass,pass,0,2868,3015
2026-11-30,49,plant-A,line-A7,machine-A3,lot-77,DN,bPZT,category-4,sub-b3,4,0,4
2026-11-30,49,plant-A,line-A8,machine-A7,lot-75,UP,bPZT,pass,pass,0,2231,2233
2026-11-30,49,plant-A,line-A8,machine-A8,lot-100,DN,bPZT,pass,pass,0,2231,2241
2026-11-30,49,plant-A,line-A10,machine-A2,lot-38,UP,aPZT,pass,pass,0,2836,2870
2026-11-30,49,plant-B,line-B9,machine-B9,lot-21,UP,aPZT,category-4,sub-a5,20,0,20
2026-11-30,49,plant-A,line-A8,machine-A7,lot-75,UP,aPZT,pass,pass,0,2231,2383
2026-11-30,49,plant-A,line-A9,machine-A7,lot-89,DN,aPZT,category-5,sub-a5,27,0,27
2026-11-30,49,plant-A,line-A4,machine-A7,lot-68,DN,aPZT,pass,pass,0,2079,2108
2026-11-30,49,plant-A,line-A6,machine-A3,lot-51,UP,aPZT,category-5,sub-a8,39,0,39
2026-11-30,49,plant-B,line-B4,machine-B1,lot-69,UP,aPZT,category-3,sub-a7,4,0,4
2026-11-30,49,plant-A,line-A1,machine-A5,lot-22,Up,aPZT,category-5,sub-a1,28,0,28
2026-11-30,49,plant-A,line-A8,machine-A5,lot-29,DN,aPZT,category-2,sub-a3,39,0,39
2026-11-30,49,plant-A,line-A9,machine-A5,lot-23,DN,aPZT,category-5,sub-a10,31,0,31
2026-11-30,49,plant-B,line-B2,machine-B3,lot-27,UP,aPZT,pass,pass,0,2431,2466
2026-11-30,49,plant-A,line-A5,machine-A1,lot-34,DN,bPZT,category-1,sub-b7,19,0,19
2026-11-30,49,plant-A,line-A6,machine-A3,lot-51,DN,aPZT,category-2,sub-a4,20,0,20
2026-11-30,49,plant-B,line-B1,machine-B7,lot-44,UP,bPZT,pass,pass,0,2131,2148
2026-11-30,49,plant-A,line-A5,machine-A1,lot-34,UP,bPZT,pass,pass,0,2334,2351
2026-11-30,49,plant-A,line-A8,machine-A5,lot-29,UP,aPZT,pass,pass,0,2676,2702
2026-11-30,49,plant-B,line-B6,machine-B6,lot-53,DN,aPZT,pass,pass,0,2869,2952
2026-11-30,49,plant-A,line-A8,machine-A2,lot-79,DN,aPZT,pass,,0,2373,2409
2026-11-30,49,plant-A,line-A5,machine-A1,lot-34,UP,bPZT,category-1,sub-b9,29,0,29
2026-11-30,49,plant-B,line-B9,machine-B10,lot-41,DN,aPZT,category-3,sub-a8,19,0,19
2026-11-30,49,plant-A,line-A5,machine-A1,lot-34,DN,bPZT,category-1,sub-b6,22,0,22
2026-11-30,49,plant-A,line-A8,machine-A5,lot-29,DN,aPZT,category-5,sub-a4,39,0,39
2026-11-30,49,plant-B,line-B6,machine-B6,lot-53,UP,aPZT,category-5,sub-a5,11,0,11
2026-11-30,49,plant-A,line-A8,machine-A2,lot-79,DN,bPZT,pass,pass,0,2373,2487
2026-11-30,49,plant-A,line-A2,machine-A1,lot-88,DN,aPZT,category-1,sub-a5,31,0,31
2026-11-30,49,plant-A,line-A6,machine-A3,lot-51,UP,aPZT,pass,pass,0,2680,2755
2026-11-30,49,plant-A,line-A7,machine-A7,lot-62,UP,aPZT,category-1,sub-a5,11,0,11
2026-11-30,49,plant-B,line-B4,machine-B4,lot-96,UP,aPZT,category-4,sub-a3,38,0,38
2026-11-30,49,plant-B,line-B2,machine-B3,lot-27,DN,bPZT,category-1,sub-b5,1,0,1
2026-11-30,49,plant-B,line-B1,machine-B7,lot-44,UP,aPZT,category-5,sub-a10,11,0,11
2026-11-30,49,plant-B,line-B9,machine-B9,lot-21,UP,bPZT,category-1,sub-b4,40,0,40
2026-11-30,49,plant-B,line-B9,machine-B10,lot-41,UP,aPZT,category-4,sub-a5,1,0,1
2026-11-30,49,plant-A,line-A3,machine-A9,lot-3,UP,bPZT,category-3,sub-b1,6,0,6
2026-11-30,49,plant-A,line-A5,machine-A1,lot-12,DN,bPZT,category-3,sub-b3,6,0,6
2026-11-30,49,plant-B,line-B4,machine-B1,lot-69,UP,aPZT,category-5,sub-a9,12,0,12
2026-11-30,49,plant-A,line-A2,machine-A1,lot-88,DN,bPZT,pass,pass,0,2162,2193
2026-11-30,49,plant-B,line-B1,machine-B8,lot-95,DN,bPZT,category-3,sub-b7,20,0,20
2026-11-30,49,plant-A,line-A1,machine-A5,lot-22,UP,bPZT,pass,pass,0,2206,2234
2026-11-30,49,plant-B,line-B1,machine-B7,lot-44,UP,aPZT,category-5,sub-a8,6,0,6
2026-11-30,49,plant-A,line-A10,machine-A2,lot-38,UP,bPZT,category-1,sub-b9,34,0,34
2026-11-30,49,plant-A,line-A5,machine-A1,lot-12,DN,aPZT,category-2,sub-a3,31,0,31
2026-11-30,49,plant-A,line-A4,machine-A7,lot-68,UP,bPZT,pass,pass,0,2079,2085
2026-11-30,49,plant-B,line-B2,machine-B3,lot-27,UP,aPZT,category-1,,30,0,30
