defect_date,plant,line,machine,tab,lot,main_category,defect_category,defect_code,defect_count,total_part
2026-10-01,,line8,machine5,UP,lot3,,,,2,2
2026-10-01,,line5,machine4,DN,lot8,,,,2,2
2026-10-01,,line2,machine8,DN,lot6,,,,1,1
2026-10-01,plant-A,line6,machine9,UP,lot3,category 1,a4,code7,3,3
2026-10-01,plant-B,line9,machine7,DN,lot4,category 3,a1,code2,9,9
2026-10-01,plant-A,line7,machine8,UP,lot3,category 1,a2,code1,4,4
2026-10-01,plant-A,line6,machine6,DN,lot4,pass,pass,,0,459
2026-10-01,plant-A,line2,machine4,DN,lot8,pass,pass,,0,364
2026-10-01,plant-B,line5,machine2,UP,lot5,pass,pass,,0,429
2026-10-01,plant-A,line9,machine1,UP,lot7,category 2,b1,code8,1,1
2026-10-01,plant-A,line3,machine1,DN,lot3,category 1,a3,code1,5,5
2026-10-01,plant-B,line7,machine9,DN,lot2,category 3,a1,code7,5,5
2026-10-01,plant-B,line3,machine1,UP,lot5,category 3,b3,code3,1,1
2026-10-01,plant-B,line7,machine9,UP,lot3,category 1,a3,code7,17,17
2026-10-01,plant-A,line5,machine7,UP,lot4,category 3,a1,code7,19,19
2026-10-01,plant-A,line9,machine5,DN,lot4,pass,pass,,0,435
2026-10-01,plant-B,line7,machine9,UP,lot1,category 2,b1,code9,13,13
2026-10-01,plant-B,line8,machine9,DN,lot5,category 1,a1,code3,10,10
2026-10-01,plant-A,line6,machine8,UP,lot4,pass,pass,,0,262
2026-10-01,plant-A,line7,machine2,UP,lot1,category 2,b1,code1,17,17
2026-10-01,plant-A,line6,machine7,UP,lot1,pass,pass,,0,275
2026-10-01,plant-A,line6,machine7,DN,lot7,category 2,b3,code8,17,17
2026-10-01,plant-B,line4,machine2,DN,lot6,category 2,b3,code1,9,9
2026-10-01,plant-A,line3,machine4,DN,lot4,category 1,a3,code10,3,3
2026-10-01,plant-B,line7,machine4,UP,lot1,category 2,b4,code7,18,18
2026-10-01,plant-B,line9,machine9,DN,lot7,category 3,b3,code10,3,3
2026-10-01,plant-A,line9,machine4,DN,lot1,category 1,a2,code1,16,16
2026-10-01,plant-B,line7,machine9,UP,lot3,category 3,b3,code3,1,1
2026-10-01,plant-B,line8,machine4,DN,lot8,category 1,a4,code3,16,16
2026-10-01,plant-A,line2,machine2,DN,lot6,category 3,b3,code9,4,4
2026-10-01,plant-B,line5,machine4,DN,lot8,category 1,a3,code3,17,17
2026-10-01,plant-A,line3,machine6,UP,lot6,category 3,a2,code6,6,6
2026-10-01,plant-A,line2,machine5,DN,lot1,pass,pass,,0,433
2026-10-01,plant-B,line3,machine4,UP,lot1,pass,pass,,0,166
2026-10-01,plant-B,line5,machine6,UP,lot9,category 2,b1,code8,17,17
2026-10-01,plant-B,line1,machine4,UP,lot5,category 3,b4,code7,1,1
2026-10-01,plant-A,line9,machine6,DN,lot3,category 1,a4,code8,18,18
2026-10-01,plant-B,line2,machine2,DN,lot1,pass,pass,,0,253
2026-10-01,plant-B,line7,machine7,DN,lot3,pass,pass,,0,455
2026-10-01,plant-B,line7,machine9,DN,lot4,pass,pass,,0,470
2026-10-01,plant-A,line3,machine7,UP,lot2,category 2,b2,code7,19,19
2026-10-01,plant-A,line6,machine6,UP,lot4,category 3,a2,code6,15,15
2026-10-01,plant-A,line1,machine8,UP,lot5,category 1,a3,code4,6,6
2026-10-01,plant-A,line3,machine7,DN,lot4,category 3,b4,code2,10,10
2026-10-01,plant-A,line3,machine7,DN,lot5,pass,pass,,0,266
2026-10-01,plant-A,line5,machine1,DN,lot1,category 2,b3,code2,16,16
2026-10-01,plant-A,line1,machine7,DN,lot5,pass,pass,,0,427
2026-10-01,plant-B,line3,machine5,DN,lot9,category 1,a1,code5,15,15
2026-10-01,plant-A,line4,machine5,DN,lot5,pass,pass,,0,188
2026-10-01,plant-A,line5,machine7,DN,lot6,category 2,b1,code4,2,2
2026-10-01,plant-A,line3,machine1,DN,lot5,category 1,a1,code4,16,16
2026-10-01,plant-A,line1,machine4,DN,lot2,category 3,b3,code1,1,1
2026-10-01,plant-B,line3,machine1,UP,lot8,pass,pass,,0,479
2026-10-01,plant-A,line2,machine3,DN,lot3,category 2,b3,code1,8,8
2026-10-01,plant-A,line2,machine3,UP,lot7,category 3,b4,code10,18,18
2026-10-01,plant-B,line4,machine9,UP,lot9,pass,pass,,0,313
2026-10-01,plant-A,line3,machine1,UP,lot4,pass,pass,,0,245
2026-10-01,plant-A,line5,machine1,UP,lot7,pass,pass,,0,366
2026-10-01,plant-A,line1,machine4,DN,lot9,category 2,b2,code3,17,17
2026-10-01,plant-A,line3,machine9,UP,lot4,pass,pass,,0,488
2026-10-01,plant-A,line5,machine3,DN,lot9,category 1,a4,code5,4,4
2026-10-01,plant-B,line7,machine5,DN,lot7,pass,pass,,0,372
2026-10-01,plant-A,line2,machine9,DN,lot1,pass,pass,,0,402
2026-10-01,plant-B,line8,machine9,DN,lot2,category 2,b1,code5,6,6
2026-10-01,plant-B,line1,machine6,DN,lot1,category 2,b3,code7,13,13
2026-10-01,plant-B,line3,machine6,UP,lot3,category 2,b3,code3,13,13
2026-10-01,plant-A,line4,machine8,UP,lot9,category 2,b3,code1,3,3
2026-10-01,plant-B,line1,machine9,DN,lot1,pass,pass,,0,266
2026-10-01,plant-B,line5,machine6,UP,lot5,category 1,a4,code3,19,19
2026-10-01,plant-B,line9,machine1,DN,lot1,category 3,a1,code6,3,3
2026-10-01,plant-B,line8,machine6,DN,lot8,category 1,a4,code5,8,8
2026-10-01,plant-A,line8,machine2,DN,lot5,category 3,a1,code4,17,17
2026-10-01,plant-A,line3,machine6,DN,lot3,category 2,b4,code5,15,15
2026-10-01,plant-B,line2,machine5,UP,lot8,category 1,a1,code6,1,1
2026-10-01,plant-A,line5,machine9,DN,lot1,pass,pass,,0,247
2026-10-01,plant-A,line5,machine7,DN,lot1,category 1,a1,code5,6,6
2026-10-01,plant-B,line5,machine5,DN,lot3,category 3,a1,code5,14,14
2026-10-01,plant-A,line4,machine1,UP,lot8,category 2,b4,code2,8,8
2026-10-01,plant-A,line6,machine6,UP,lot2,category 2,b4,code1,12,12
2026-10-01,plant-B,line9,machine1,DN,lot7,pass,pass,,0,356
2026-10-01,plant-B,line3,machine7,DN,lot2,category 3,a2,code2,2,2
2026-10-01,plant-B,line3,machine2,DN,lot9,category 3,a2,code1,15,15
2026-10-01,plant-A,line3,machine1,UP,lot4,category 3,a2,code8,17,17
2026-10-01,plant-A,line8,machine5,DN,lot6,category 2,b1,code2,13,13
2026-10-01,plant-A,line3,machine9,UP,lot7,category 3,b4,code6,16,16
2026-10-01,plant-B,line8,machine9,UP,lot3,category 1,a3,code2,19,19
2026-10-01,plant-A,line6,machine5,DN,lot1,category 1,a1,code9,12,12
2026-10-01,plant-A,line9,machine9,UP,lot9,category 2,b2,code8,11,11
2026-10-01,plant-B,line4,machine1,DN,lot1,category 1,a3,code4,15,15
2026-10-01,plant-B,line7,machine8,DN,lot8,pass,pass,,0,156
2026-10-01,plant-B,line2,machine6,UP,lot3,pass,pass,,0,164
2026-10-01,plant-A,line7,machine9,UP,lot7,pass,pass,,0,235
2026-10-01,plant-A,line1,machine4,UP,lot4,category 1,a2,code3,9,9
2026-10-01,plant-A,line6,machine2,UP,lot8,category 1,a4,code1,12,12
2026-10-01,plant-A,line6,machine4,DN,lot2,category 2,b3,code8,13,13
2026-10-01,plant-A,line5,machine6,UP,lot6,pass,pass,,0,219
2026-10-01,plant-A,line8,machine7,UP,lot7,category 1,a3,code3,8,8
2026-10-01,plant-B,line6,machine2,DN,lot4,pass,pass,,0,484
2026-10-01,plant-B,line8,machine6,UP,lot9,category 2,b2,code8,19,19
2026-10-01,plant-B,line6,machine4,UP,lot4,category 1,a1,code4,17,17
2026-10-01,plant-B,line6,machine5,DN,lot4,pass,pass,,0,482
2026-10-01,plant-B,line2,machine8,DN,lot5,category 1,a3,code10,12,12
2026-10-01,plant-A,line4,machine1,UP,lot5,category 3,a1,code1,9,9
2026-10-01,plant-B,line7,machine3,DN,lot1,category 2,b1,code2,14,14
2026-10-01,plant-B,line2,machine3,UP,lot1,pass,pass,,0,445
2026-10-01,plant-B,line8,machine9,UP,lot3,category 1,a1,code5,5,5
2026-10-01,plant-A,line4,machine9,UP,lot9,category 3,a2,code8,8,8
2026-10-01,plant-A,line3,machine6,UP,lot7,category 2,b3,code1,17,17
2026-10-01,plant-B,line5,machine8,DN,lot3,category 2,b3,code3,6,6
2026-10-01,plant-B,line8,machine4,UP,lot1,category 3,b4,code7,4,4
2026-10-01,plant-B,line5,machine7,UP,lot4,pass,pass,,0,235
2026-10-01,plant-B,line1,machine6,DN,lot4,category 2,b1,code8,15,15
2026-10-01,plant-B,line4,machine2,UP,lot3,category 1,a3,code4,4,4
2026-10-01,plant-B,line4,machine8,DN,lot6,category 3,b4,code7,15,15
2026-10-01,plant-A,line8,machine2,UP,lot1,category 3,b3,code8,11,11
2026-10-01,plant-B,line4,machine5,DN,lot5,category 3,b4,code10,17,17
2026-10-01,plant-B,line6,machine3,UP,lot8,category 3,a1,code6,11,11
2026-10-01,plant-A,line5,machine4,DN,lot7,category 1,a1,code1,19,19
2026-10-01,plant-B,line9,machine5,UP,lot4,category 2,b1,code5,9,9
2026-10-01,plant-A,line6,machine2,UP,lot2,category 2,b3,code2,17,17
2026-10-01,plant-B,line3,machine6,DN,lot9,category 1,a3,code4,6,6
2026-10-01,plant-A,line6,machine2,UP,lot1,category 2,b3,code1,9,9
2026-10-01,plant-A,line8,machine1,UP,lot1,category 2,b4,code7,19,19
2026-10-01,plant-A,line1,machine8,UP,lot2,pass,pass,,0,406
2026-10-01,plant-B,line2,machine6,DN,lot1,category 2,b2,code6,19,19
2026-10-01,plant-A,line7,machine7,UP,lot3,category 1,a2,code2,1,1
2026-10-01,plant-A,line2,machine7,UP,lot8,category 1,a1,code9,3,3
2026-10-01,plant-A,line8,machine6,UP,lot5,category 3,b3,code3,1,1
2026-10-01,plant-B,line3,machine8,DN,lot8,pass,pass,,0,451
2026-10-01,plant-B,line5,machine6,UP,lot7,category 2,b4,code2,7,7
2026-10-01,plant-B,line5,machine3,DN,lot3,pass,pass,,0,185
2026-10-01,plant-B,line1,machine5,DN,lot2,pass,pass,,0,344
2026-10-01,plant-B,line5,machine5,DN,lot9,category 2,b2,code5,12,12
2026-10-01,plant-A,line8,machine1,DN,lot8,pass,pass,,0,208
2026-10-01,plant-B,line1,machine2,UP,lot1,pass,pass,,0,163
2026-10-01,plant-B,line9,machine7,UP,lot6,category 3,a2,code4,13,13
2026-10-01,plant-B,line6,machine2,DN,lot5,category 3,a2,code4,9,9
2026-10-01,plant-A,line9,machine6,DN,lot7,category 3,a1,code10,6,6
2026-10-01,plant-B,line9,machine5,UP,lot1,category 2,b2,code5,14,14
2026-10-01,plant-A,line1,machine3,UP,lot4,category 1,a3,code10,11,11
2026-10-01,plant-A,line1,machine7,DN,lot3,category 2,b2,code2,15,15
2026-10-01,plant-B,line8,machine1,DN,lot4,category 1,a3,code4,19,19
2026-10-01,plant-B,line2,machine9,DN,lot2,category 1,a1,code9,9,9
2026-10-01,plant-A,line8,machine9,UP,lot3,category 2,b3,code2,5,5
2026-10-01,plant-A,line6,machine2,DN,lot3,pass,pass,,0,250
2026-10-01,plant-A,line1,machine9,UP,lot1,pass,pass,,0,452
2026-10-01,plant-A,line3,machine8,UP,lot5,pass,pass,,0,230
2026-10-01,plant-B,line6,machine8,UP,lot2,category 3,a1,code10,9,9
2026-10-01,plant-B,line7,machine1,UP,lot5,category 1,a2,code10,7,7
2026-10-01,plant-A,line9,machine3,DN,lot8,category 3,a2,code7,18,18
2026-10-01,plant-B,line3,machine2,UP,lot7,category 1,a1,code8,3,3
2026-10-01,plant-B,line3,machine5,UP,lot8,category 2,b2,code7,12,12
2026-10-01,plant-B,line4,machine6,UP,lot2,pass,pass,,0,310
2026-10-01,plant-B,line2,machine7,UP,lot2,category 3,a2,code7,13,13
2026-10-01,plant-B,line3,machine7,DN,lot4,pass,pass,,0,178
2026-10-01,plant-B,line5,machine9,DN,lot8,category 2,b4,code9,10,10
2026-10-01,plant-A,line4,machine5,UP,lot1,category 2,b3,code8,18,18
2026-10-01,plant-A,line9,machine1,UP,lot9,category 1,a3,code1,4,4
2026-10-01,plant-A,line5,machine6,UP,lot8,pass,pass,,0,468
2026-10-01,plant-B,line2,machine9,UP,lot4,category 2,b4,code8,19,19
2026-10-01,plant-B,line2,machine9,DN,lot9,category 1,a1,code10,3,3
2026-10-01,plant-B,line6,machine7,UP,lot9,pass,pass,,0,248
2026-10-01,plant-B,line3,machine2,DN,lot1,category 3,b4,code3,3,3
2026-10-01,plant-A,line9,machine9,DN,lot5,category 1,a2,code9,3,3
2026-10-01,plant-A,line3,machine9,DN,lot9,category 2,b3,code8,5,5
2026-10-01,plant-B,line6,machine8,UP,lot5,category 2,b4,code10,18,18
2026-10-01,plant-A,line5,machine1,DN,lot8,category 1,a1,code3,3,3
2026-10-01,plant-A,line1,machine6,DN,lot3,category 3,b4,code8,1,1
2026-10-01,plant-A,line9,machine5,DN,lot4,category 1,a3,code6,7,7
2026-10-01,plant-B,line9,machine3,UP,lot7,pass,pass,,0,309
2026-10-01,plant-A,line2,machine4,DN,lot7,pass,pass,,0,373
2026-10-01,plant-A,line9,machine1,DN,lot2,category 2,b4,code8,13,13
2026-10-01,plant-B,line7,machine9,DN,lot2,category 1,a3,code5,4,4
2026-10-01,plant-A,line4,machine1,DN,lot6,pass,pass,,0,342
2026-10-01,plant-A,line2,machine2,DN,lot4,category 1,a3,code3,12,12
2026-10-01,plant-A,line6,machine3,UP,lot7,category 1,a2,code2,14,14
2026-10-01,plant-A,line3,machine9,UP,lot7,pass,pass,,0,434
2026-10-01,plant-B,line2,machine4,DN,lot3,category 1,a1,code8,15,15
2026-10-01,plant-A,line6,machine3,UP,lot5,category 3,b3,code1,6,6
2026-10-01,plant-A,line1,machine9,DN,lot2,category 1,a3,code8,14,14
2026-10-01,plant-A,line8,machine2,DN,lot7,category 1,a3,code5,3,3
2026-10-01,plant-A,line7,machine1,DN,lot4,category 2,b4,code9,6,6
2026-10-01,plant-A,line6,machine6,UP,lot5,category 1,a2,code8,8,8
2026-10-01,plant-A,line8,machine5,DN,lot2,category 2,b2,code6,11,11
2026-10-01,plant-B,line6,machine9,DN,lot6,pass,pass,,0,328
2026-10-01,plant-A,line9,machine6,DN,lot4,category 1,a1,code10,8,8
2026-10-01,plant-A,line2,machine1,UP,lot9,category 2,b1,code1,13,13
2026-10-01,plant-A,line2,machine6,UP,lot2,category 2,b3,code2,10,10
2026-10-01,plant-A,line3,machine6,UP,lot6,category 1,a1,code7,9,9
2026-10-01,plant-B,line2,machine4,DN,lot7,pass,pass,,0,233
2026-10-01,plant-B,line6,machine3,UP,lot9,category 3,b4,code10,14,14
2026-10-01,plant-A,line7,machine9,UP,lot3,category 1,a2,code3,14,14
2026-10-01,plant-A,line7,machine5,UP,lot3,category 1,a4,code2,6,6
2026-10-01,plant-B,line8,machine9,UP,lot3,category 1,a4,code10,19,19
2026-10-01,plant-B,line1,machine7,DN,lot1,category 1,a2,code5,5,5
2026-10-01,plant-A,line4,machine8,DN,lot1,category 2,b3,code9,4,4
2026-10-01,plant-A,line4,machine2,UP,lot2,category 2,b4,code6,7,7
2026-10-01,plant-A,line6,machine3,UP,lot2,category 3,b4,code5,15,15
2026-10-01,plant-A,line4,machine7,DN,lot2,pass,pass,,0,442
2026-10-01,plant-B,line6,machine8,UP,lot9,category 2,b4,code2,7,7
2026-10-02,,line9,machine9,DN,lot2,,,,2,2
2026-10-02,,line1,machine8,DN,lot8,,,,3,3
2026-10-02,,line3,machine6,DN,lot9,,,,0,100
2026-10-02,plant-A,line1,machine9,DN,lot6,category 3,b4,code9,11,11
2026-10-02,plant-B,line5,machine1,UP,lot8,category 3,b4,code8,15,15
2026-10-02,plant-B,line4,machine2,DN,lot2,category 1,a1,code5,1,1
2026-10-02,plant-A,line5,machine5,UP,lot1,category 2,b3,code10,18,18
2026-10-02,plant-B,line2,machine9,DN,lot9,category 1,a3,code8,15,15
2026-10-02,plant-B,line6,machine4,UP,lot4,category 2,b4,code2,10,10
2026-10-02,plant-B,line5,machine1,UP,lot8,category 1,a1,code6,5,5
2026-10-02,plant-B,line1,machine7,UP,lot2,category 2,b2,code1,8,8
2026-10-02,plant-B,line8,machine9,DN,lot4,pass,pass,,0,438
2026-10-02,plant-B,line5,machine5,UP,lot2,pass,pass,,0,341
2026-10-02,plant-A,line9,machine9,DN,lot9,pass,pass,,0,394
2026-10-02,plant-B,line4,machine2,UP,lot6,pass,pass,,0,281
2026-10-02,plant-B,line2,machine9,UP,lot3,pass,pass,,0,480
2026-10-02,plant-A,line7,machine9,UP,lot1,category 2,b4,code10,7,7
2026-10-02,plant-B,line9,machine1,UP,lot1,category 2,b3,code6,11,11
2026-10-02,plant-B,line2,machine9,UP,lot5,category 3,a2,code8,16,16
2026-10-02,plant-B,line9,machine5,DN,lot5,pass,pass,,0,449
2026-10-02,plant-A,line7,machine6,DN,lot2,category 2,b4,code5,11,11
2026-10-02,plant-A,line9,machine4,UP,lot3,category 3,b3,code4,13,13
2026-10-02,plant-A,line4,machine5,DN,lot3,category 1,a4,code10,4,4
2026-10-02,plant-B,line4,machine9,DN,lot7,category 2,b3,code10,7,7
2026-10-02,plant-B,line8,machine1,DN,lot8,pass,pass,,0,185
2026-10-02,plant-A,line6,machine1,DN,lot8,category 1,a1,code10,15,15
2026-10-02,plant-B,line6,machine5,DN,lot9,category 3,a2,code9,15,15
2026-10-02,plant-B,line8,machine8,DN,lot1,category 2,b2,code5,4,4
2026-10-02,plant-A,line7,machine9,DN,lot3,pass,pass,,0,313
2026-10-02,plant-A,line5,machine1,UP,lot2,category 2,b1,code7,17,17
2026-10-02,plant-A,line3,machine7,DN,lot9,category 2,b2,code9,2,2
2026-10-02,plant-A,line2,machine3,DN,lot6,category 3,a1,code7,9,9
2026-10-02,plant-B,line3,machine4,DN,lot6,pass,pass,,0,191
2026-10-02,plant-B,line4,machine8,UP,lot1,pass,pass,,0,313
2026-10-02,plant-A,line6,machine9,UP,lot4,category 2,b1,code1,2,2
2026-10-02,plant-B,line5,machine8,DN,lot8,category 1,a2,code3,12,12
2026-10-02,plant-A,line6,machine2,UP,lot2,category 2,b2,code1,3,3
2026-10-02,plant-B,line8,machine6,DN,lot4,category 2,b1,code9,16,16
2026-10-02,plant-A,line7,machine1,DN,lot8,category 2,b4,code3,16,16
2026-10-02,plant-A,line3,machine8,DN,lot5,category 1,a4,code8,12,12
2026-10-02,plant-A,line4,machine6,DN,lot2,category 3,b4,code7,1,1
2026-10-02,plant-B,line4,machine2,UP,lot4,category 3,a1,code7,18,18
2026-10-02,plant-A,line2,machine9,UP,lot1,category 2,b3,code3,4,4
2026-10-02,plant-B,line6,machine6,DN,lot5,category 1,a4,code10,12,12
2026-10-02,plant-B,line2,machine3,DN,lot8,category 1,a2,code6,3,3
2026-10-02,plant-B,line9,machine5,UP,lot2,category 2,b3,code2,3,3
2026-10-02,plant-A,line9,machine2,UP,lot6,pass,pass,,0,438
2026-10-02,plant-B,line6,machine4,UP,lot3,category 2,b1,code6,13,13
2026-10-02,plant-A,line2,machine4,UP,lot4,category 1,a1,code4,18,18
2026-10-02,plant-A,line2,machine7,UP,lot3,pass,pass,,0,154
2026-10-02,plant-B,line2,machine2,UP,lot8,category 2,b3,code9,19,19
2026-10-02,plant-A,line3,machine7,DN,lot1,category 1,a4,code4,7,7
2026-10-02,plant-A,line4,machine4,DN,lot6,category 1,a3,code2,5,5
2026-10-02,plant-B,line3,machine7,UP,lot6,category 2,b2,code7,5,5
2026-10-02,plant-A,line7,machine2,DN,lot5,pass,pass,,0,395
2026-10-02,plant-B,line7,machine8,UP,lot5,category 3,a1,code5,18,18
2026-10-02,plant-B,line5,machine4,UP,lot3,category 1,a1,code5,4,4
2026-10-02,plant-B,line2,machine8,UP,lot9,category 1,a1,code4,6,6
2026-10-02,plant-A,line1,machine9,DN,lot1,pass,pass,,0,269
2026-10-02,plant-A,line1,machine2,DN,lot8,category 3,a1,code7,2,2
2026-10-02,plant-A,line1,machine1,DN,lot7,category 2,b4,code3,5,5
2026-10-02,plant-B,line5,machine8,UP,lot8,category 3,a1,code7,11,11
2026-10-02,plant-B,line3,machine8,UP,lot5,pass,pass,,0,297
2026-10-02,plant-B,line4,machine4,UP,lot3,category 2,b3,code3,19,19
2026-10-02,plant-A,line6,machine8,DN,lot6,category 1,a3,code1,8,8
2026-10-02,plant-B,line2,machine2,UP,lot1,category 3,b4,code4,14,14
2026-10-02,plant-A,line7,machine2,DN,lot5,pass,pass,,0,313
2026-10-02,plant-A,line6,machine5,DN,lot2,pass,pass,,0,160
2026-10-02,plant-A,line2,machine7,UP,lot9,category 1,a4,code10,18,18
2026-10-02,plant-B,line5,machine3,DN,lot1,category 1,a4,code5,3,3
2026-10-02,plant-B,line7,machine1,DN,lot9,category 2,b3,code2,13,13
2026-10-02,plant-A,line8,machine7,UP,lot6,pass,pass,,0,299
2026-10-02,plant-B,line2,machine2,UP,lot5,pass,pass,,0,432
2026-10-02,plant-B,line7,machine8,DN,lot6,category 2,b3,code5,1,1
2026-10-02,plant-B,line3,machine7,UP,lot7,category 2,b4,code9,5,5
2026-10-02,plant-A,line8,machine1,DN,lot5,category 2,b3,code1,4,4
2026-10-02,plant-A,line2,machine9,DN,lot5,category 2,b4,code7,2,2
2026-10-02,plant-A,line4,machine4,DN,lot6,pass,pass,,0,161
2026-10-02,plant-B,line2,machine5,UP,lot4,category 1,a3,code3,6,6
2026-10-02,plant-B,line4,machine4,DN,lot8,pass,pass,,0,376
2026-10-02,plant-A,line6,machine8,UP,lot5,category 3,a2,code6,14,14
2026-10-02,plant-A,line4,machine1,UP,lot7,pass,pass,,0,153
2026-10-02,plant-B,line5,machine7,DN,lot4,pass,pass,,0,403
2026-10-02,plant-A,line3,machine3,UP,lot3,category 3,a2,code8,13,13
2026-10-02,plant-B,line5,machine4,DN,lot3,pass,pass,,0,322
2026-10-02,plant-A,line7,machine1,DN,lot4,category 2,b1,code9,13,13
2026-10-02,plant-A,line4,machine6,UP,lot7,category 3,a1,code10,16,16
2026-10-02,plant-A,line2,machine3,UP,lot1,category 3,a2,code6,13,13
2026-10-02,plant-B,line3,machine5,UP,lot3,pass,pass,,0,451
2026-10-02,plant-A,line5,machine4,UP,lot5,category 2,b2,code5,4,4
2026-10-02,plant-A,line7,machine7,DN,lot3,category 1,a1,code8,4,4
2026-10-02,plant-B,line9,machine4,DN,lot9,category 1,a4,code5,12,12
2026-10-02,plant-A,line7,machine3,UP,lot8,category 1,a2,code6,10,10
2026-10-02,plant-B,line9,machine4,DN,lot4,category 2,b2,code10,11,11
2026-10-02,plant-A,line1,machine7,DN,lot2,category 3,b4,code8,11,11
2026-10-02,plant-B,line7,machine5,DN,lot8,category 3,b4,code9,5,5
2026-10-02,plant-B,line3,machine7,DN,lot5,category 2,b4,code1,19,19
2026-10-02,plant-A,line9,machine9,UP,lot2,pass,pass,,0,266
2026-10-02,plant-A,line7,machine6,UP,lot1,category 2,b1,code8,2,2
2026-10-02,plant-A,line7,machine6,UP,lot1,category 3,a2,code6,14,14
2026-10-02,plant-A,line5,machine5,DN,lot6,category 2,b4,code9,2,2
2026-10-02,plant-A,line3,machine7,DN,lot8,pass,pass,,0,443
2026-10-02,plant-B,line3,machine1,DN,lot7,category 2,b1,code4,4,4
2026-10-02,plant-B,line8,machine8,UP,lot6,category 3,b4,code9,8,8
2026-10-02,plant-B,line2,machine9,DN,lot3,pass,pass,,0,193
2026-10-02,plant-B,line6,machine7,DN,lot7,category 2,b1,code2,11,11
2026-10-02,plant-B,line8,machine8,DN,lot9,pass,pass,,0,313
2026-10-02,plant-A,line9,machine8,DN,lot4,category 2,b2,code2,7,7
2026-10-02,plant-B,line2,machine8,DN,lot1,category 2,b4,code1,8,8
2026-10-02,plant-B,line5,machine4,DN,lot6,category 3,a2,code6,19,19
2026-10-02,plant-B,line7,machine1,UP,lot7,pass,pass,,0,170
2026-10-02,plant-B,line6,machine7,DN,lot5,category 2,b1,code3,1,1
2026-10-02,plant-A,line5,machine3,UP,lot9,pass,pass,,0,283
2026-10-02,plant-B,line2,machine9,UP,lot8,category 2,b2,code6,3,3
2026-10-02,plant-B,line5,machine8,DN,lot1,category 3,a1,code3,2,2
2026-10-02,plant-A,line9,machine7,DN,lot6,category 2,b1,code5,12,12
2026-10-02,plant-A,line3,machine1,DN,lot2,pass,pass,,0,215
2026-10-02,plant-A,line7,machine6,UP,lot4,category 1,a4,code1,8,8
2026-10-02,plant-A,line3,machine4,DN,lot9,category 1,a3,code6,15,15
2026-10-02,plant-A,line5,machine5,DN,lot4,category 1,a2,code4,12,12
2026-10-02,plant-A,line2,machine3,UP,lot6,pass,pass,,0,400
2026-10-02,plant-A,line2,machine8,DN,lot6,category 1,a2,code4,8,8
2026-10-02,plant-A,line4,machine1,UP,lot8,category 2,b4,code10,6,6
2026-10-02,plant-A,line3,machine3,UP,lot3,pass,pass,,0,350
2026-10-02,plant-B,line9,machine7,UP,lot3,pass,pass,,0,269
2026-10-02,plant-B,line8,machine1,DN,lot9,category 3,b4,code1,14,14
2026-10-02,plant-B,line9,machine4,UP,lot4,category 2,b4,code8,2,2
2026-10-02,plant-B,line9,machine8,UP,lot7,category 3,b4,code1,16,16
2026-10-02,plant-A,line2,machine5,UP,lot5,category 3,a1,code4,5,5
2026-10-02,plant-B,line9,machine9,DN,lot3,category 1,a1,code2,1,1
2026-10-02,plant-A,line8,machine6,DN,lot9,category 3,b3,code10,8,8
2026-10-02,plant-B,line9,machine3,DN,lot7,category 2,b3,code4,12,12
2026-10-02,plant-A,line2,machine8,DN,lot7,category 3,a1,code1,8,8
2026-10-02,plant-B,line9,machine2,UP,lot6,category 1,a2,code8,19,19
2026-10-02,plant-A,line1,machine3,DN,lot3,pass,pass,,0,386
2026-10-02,plant-A,line6,machine1,DN,lot1,category 3,a2,code8,11,11
2026-10-02,plant-B,line7,machine5,UP,lot1,category 2,b4,code10,11,11
2026-10-02,plant-A,line8,machine5,UP,lot9,category 2,b1,code8,19,19
2026-10-02,plant-B,line7,machine3,UP,lot1,category 3,b4,code3,12,12
2026-10-02,plant-B,line1,machine7,DN,lot5,category 3,b4,code9,14,14
2026-10-02,plant-A,line7,machine1,UP,lot4,category 2,b2,code2,2,2
2026-10-02,plant-B,line4,machine2,UP,lot3,pass,pass,,0,388
2026-10-02,plant-A,line1,machine3,UP,lot9,pass,pass,,0,407
2026-10-02,plant-B,line2,machine3,UP,lot2,category 3,b3,code6,9,9
2026-10-02,plant-B,line4,machine6,UP,lot5,pass,pass,,0,151
2026-10-02,plant-B,line8,machine2,UP,lot9,pass,pass,,0,417
2026-10-02,plant-A,line5,machine5,DN,lot1,category 2,b3,code9,6,6
2026-10-02,plant-B,line2,machine4,UP,lot7,category 3,a1,code5,6,6
2026-10-02,plant-B,line2,machine3,UP,lot9,category 2,b3,code7,8,8
2026-10-02,plant-B,line9,machine6,DN,lot1,category 1,a4,code7,2,2
2026-10-02,plant-A,line4,machine5,DN,lot1,category 2,b1,code4,19,19
2026-10-02,plant-A,line3,machine1,UP,lot6,category 3,b4,code5,8,8
2026-10-02,plant-A,line6,machine1,UP,lot4,category 1,a1,code2,5,5
2026-10-02,plant-A,line3,machine4,DN,lot6,pass,pass,,0,383
2026-10-02,plant-A,line5,machine5,DN,lot5,category 2,b2,code5,3,3
2026-10-02,plant-B,line9,machine1,UP,lot4,category 3,a1,code6,4,4
2026-10-02,plant-B,line2,machine6,UP,lot7,category 2,b3,code3,10,10
2026-10-02,plant-B,line1,machine5,DN,lot5,pass,pass,,0,449
2026-10-02,plant-B,line1,machine8,UP,lot3,category 3,a1,code2,11,11
2026-10-02,plant-A,line3,machine2,DN,lot6,pass,pass,,0,398
2026-10-02,plant-B,line7,machine5,DN,lot5,category 2,b1,code5,4,4
2026-10-02,plant-B,line5,machine2,UP,lot6,category 1,a1,code6,11,11
2026-10-02,plant-B,line8,machine4,UP,lot6,category 1,a1,code3,19,19
2026-10-02,plant-B,line4,machine6,UP,lot7,category 1,a2,code4,6,6
2026-10-02,plant-B,line7,machine9,UP,lot2,category 3,a1,code3,14,14
2026-10-02,plant-A,line4,machine7,UP,lot3,category 2,b4,code9,8,8
2026-10-02,plant-B,line1,machine1,DN,lot8,category 2,b3,code6,3,3
2026-10-02,plant-A,line7,machine2,DN,lot6,category 3,a1,code6,11,11
2026-10-02,plant-B,line5,machine2,UP,lot8,category 3,b3,code8,15,15
2026-10-02,plant-B,line1,machine8,UP,lot7,category 1,a3,code1,4,4
2026-10-02,plant-B,line5,machine8,DN,lot5,pass,pass,,0,337
2026-10-02,plant-B,line4,machine3,DN,lot8,pass,pass,,0,172
2026-10-02,plant-A,line4,machine6,UP,lot3,category 1,a4,code3,14,14
2026-10-02,plant-B,line2,machine3,UP,lot6,pass,pass,,0,165
2026-10-02,plant-B,line2,machine6,DN,lot2,category 1,a2,code10,13,13
2026-10-02,plant-B,line2,machine7,UP,lot8,category 1,a3,code8,7,7
2026-10-02,plant-A,line9,machine5,UP,lot5,category 1,a3,code5,19,19
2026-10-02,plant-B,line1,machine7,UP,lot4,category 1,a4,code6,18,18
2026-10-02,plant-A,line4,machine5,DN,lot6,pass,pass,,0,179
2026-10-02,plant-B,line7,machine8,DN,lot7,category 1,a3,code2,18,18
2026-10-02,plant-B,line9,machine1,UP,lot9,pass,pass,,0,390
2026-10-02,plant-B,line6,machine6,UP,lot7,category 1,a4,code2,8,8
2026-10-02,plant-A,line9,machine9,UP,lot3,category 1,a1,code2,12,12
2026-10-02,plant-B,line3,machine3,UP,lot6,pass,pass,,0,261
2026-10-02,plant-B,line1,machine7,DN,lot1,category 3,b4,code9,10,10
2026-10-02,plant-A,line5,machine1,DN,lot1,category 2,b4,code9,9,9
2026-10-02,plant-A,line5,machine1,UP,lot6,pass,pass,,0,453
2026-10-02,plant-A,line3,machine2,DN,lot3,pass,pass,,0,385
2026-10-02,plant-A,line2,machine5,UP,lot4,pass,pass,,0,180
2026-10-02,plant-B,line6,machine6,DN,lot6,category 2,b1,code4,13,13
2026-10-02,plant-B,line9,machine8,DN,lot7,category 1,a4,code2,3,3
2026-10-02,plant-A,line5,machine8,DN,lot6,category 3,a1,code4,11,11
2026-10-02,plant-A,line6,machine6,DN,lot5,category 1,a4,code5,10,10
2026-10-02,plant-A,line8,machine2,DN,lot1,category 2,b4,code10,3,3
2026-10-02,plant-A,line1,machine6,DN,lot8,category 2,b1,code9,4,4
2026-10-02,plant-A,line1,machine4,UP,lot1,category 2,b4,code10,12,12
2026-10-02,plant-A,line9,machine2,UP,lot6,category 1,a3,code5,1,1
2026-10-02,plant-B,line9,machine5,DN,lot7,category 1,a4,code3,9,9
2026-10-02,plant-B,line7,machine9,DN,lot8,pass,pass,,0,194
2026-10-02,plant-A,line3,machine9,UP,lot2,category 2,b2,code7,12,12
2026-10-03,,line8,machine9,UP,lot5,,,,3,3
2026-10-03,,line6,machine9,UP,lot7,,,,1,1
2026-10-03,,line9,machine3,UP,lot5,,,,3,3
2026-10-03,plant-A,line1,machine1,UP,lot4,category 3,a2,code8,15,15
2026-10-03,plant-A,line1,machine2,UP,lot4,category 3,b4,code9,11,11
2026-10-03,plant-A,line6,machine2,UP,lot5,category 2,b2,code5,6,6
2026-10-03,plant-A,line2,machine3,DN,lot6,pass,pass,,0,242
2026-10-03,plant-A,line1,machine1,DN,lot2,pass,pass,,0,160
2026-10-03,plant-A,line9,machine4,UP,lot8,category 3,b4,code10,12,12
2026-10-03,plant-A,line3,machine7,UP,lot6,category 2,b2,code2,6,6
2026-10-03,plant-A,line2,machine1,UP,lot5,pass,pass,,0,485
2026-10-03,plant-B,line8,machine4,UP,lot1,pass,pass,,0,188
2026-10-03,plant-B,line2,machine6,UP,lot6,pass,pass,,0,193
2026-10-03,plant-A,line5,machine5,DN,lot8,category 1,a2,code7,8,8
2026-10-03,plant-B,line9,machine3,DN,lot4,category 2,b1,code6,2,2
2026-10-03,plant-B,line7,machine1,UP,lot4,category 1,a4,code5,3,3
2026-10-03,plant-A,line1,machine2,UP,lot4,category 2,b1,code4,18,18
2026-10-03,plant-B,line4,machine4,UP,lot9,category 1,a1,code5,1,1
2026-10-03,plant-A,line9,machine4,UP,lot8,pass,pass,,0,298
2026-10-03,plant-B,line3,machine7,UP,lot7,pass,pass,,0,476
2026-10-03,plant-B,line4,machine7,DN,lot4,category 2,b3,code2,13,13
2026-10-03,plant-B,line3,machine7,DN,lot9,category 1,a3,code4,15,15
2026-10-03,plant-B,line8,machine8,UP,lot4,category 2,b2,code8,10,10
2026-10-03,plant-B,line1,machine7,UP,lot8,category 3,b4,code7,13,13
2026-10-03,plant-A,line9,machine9,UP,lot9,category 1,a4,code6,6,6
2026-10-03,plant-A,line7,machine7,DN,lot5,pass,pass,,0,466
2026-10-03,plant-A,line6,machine4,DN,lot6,pass,pass,,0,388
2026-10-03,plant-A,line2,machine5,UP,lot3,pass,pass,,0,355
2026-10-03,plant-A,line6,machine4,UP,lot8,category 2,b2,code5,8,8
2026-10-03,plant-B,line2,machine9,UP,lot6,category 1,a1,code1,4,4
2026-10-03,plant-B,line5,machine5,DN,lot1,category 3,a1,code9,19,19
2026-10-03,plant-A,line8,machine2,DN,lot7,pass,pass,,0,347
2026-10-03,plant-B,line7,machine9,UP,lot2,category 3,b3,code9,9,9
2026-10-03,plant-A,line4,machine5,UP,lot1,category 2,b3,code1,12,12
2026-10-03,plant-B,line1,machine1,UP,lot4,category 2,b4,code4,18,18
2026-10-03,plant-A,line3,machine8,DN,lot1,pass,pass,,0,419
2026-10-03,plant-B,line8,machine3,DN,lot9,category 1,a1,code1,8,8
2026-10-03,plant-A,line6,machine8,UP,lot3,category 3,b3,code10,4,4
2026-10-03,plant-B,line6,machine3,UP,lot5,category 2,b4,code7,14,14
2026-10-03,plant-B,line7,machine3,UP,lot2,category 3,b4,code8,1,1
2026-10-03,plant-B,line5,machine1,DN,lot1,category 2,b1,code9,14,14
2026-10-03,plant-B,line1,machine2,DN,lot9,category 1,a3,code6,5,5
2026-10-03,plant-A,line7,machine4,UP,lot4,category 1,a2,code7,15,15
2026-10-03,plant-A,line6,machine8,DN,lot8,pass,pass,,0,487
2026-10-03,plant-B,line8,machine1,DN,lot6,pass,pass,,0,207
2026-10-03,plant-A,line5,machine2,DN,lot4,category 2,b1,code1,17,17
2026-10-03,plant-A,line2,machine9,UP,lot2,category 2,b4,code8,10,10
2026-10-03,plant-B,line7,machine7,UP,lot6,category 1,a4,code9,12,12
2026-10-03,plant-A,line2,machine5,DN,lot6,category 1,a3,code6,15,15
2026-10-03,plant-B,line6,machine9,UP,lot4,category 2,b3,code2,4,4
2026-10-03,plant-B,line5,machine6,UP,lot5,category 1,a3,code8,4,4
2026-10-03,plant-B,line1,machine1,UP,lot4,category 3,b3,code1,9,9
2026-10-03,plant-A,line4,machine9,UP,lot6,pass,pass,,0,325
2026-10-03,plant-B,line6,machine2,UP,lot4,category 2,b3,code5,15,15
2026-10-03,plant-A,line9,machine3,DN,lot1,category 2,b3,code9,9,9
2026-10-03,plant-A,line8,machine7,UP,lot5,pass,pass,,0,300
2026-10-03,plant-A,line1,machine9,DN,lot5,pass,pass,,0,448
2026-10-03,plant-A,line2,machine3,DN,lot1,category 1,a3,code2,16,16
2026-10-03,plant-A,line3,machine4,UP,lot8,pass,pass,,0,323
2026-10-03,plant-A,line7,machine8,UP,lot8,category 3,b3,code10,17,17
2026-10-03,plant-B,line9,machine7,UP,lot1,category 3,a2,code5,9,9
2026-10-03,plant-A,line2,machine6,DN,lot8,pass,pass,,0,263
2026-10-03,plant-B,line2,machine2,UP,lot6,pass,pass,,0,288
2026-10-03,plant-B,line6,machine7,UP,lot6,category 1,a4,code4,15,15
2026-10-03,plant-A,line6,machine2,UP,lot1,pass,pass,,0,251
2026-10-03,plant-A,line5,machine1,DN,lot5,category 1,a2,code7,3,3
2026-10-03,plant-B,line3,machine4,UP,lot1,category 3,b4,code8,10,10
2026-10-03,plant-B,line4,machine8,UP,lot7,category 2,b2,code7,5,5
2026-10-03,plant-A,line7,machine1,UP,lot5,category 2,b1,code9,6,6
2026-10-03,plant-B,line6,machine9,DN,lot5,category 3,a2,code7,17,17
2026-10-03,plant-A,line9,machine6,UP,lot5,category 2,b3,code4,15,15
2026-10-03,plant-A,line7,machine8,UP,lot2,category 2,b1,code6,12,12
2026-10-03,plant-B,line1,machine1,DN,lot3,category 1,a2,code10,10,10
2026-10-03,plant-B,line2,machine9,DN,lot7,category 3,b3,code6,19,19
2026-10-03,plant-A,line8,machine8,UP,lot9,pass,pass,,0,324
2026-10-03,plant-B,line3,machine8,UP,lot1,pass,pass,,0,290
2026-10-03,plant-B,line1,machine5,DN,lot7,category 3,b4,code8,17,17
2026-10-03,plant-A,line1,machine3,UP,lot1,category 2,b3,code5,1,1
2026-10-03,plant-A,line9,machine3,UP,lot5,pass,pass,,0,431
2026-10-03,plant-A,line9,machine8,DN,lot1,category 1,a1,code9,16,16
2026-10-03,plant-A,line6,machine9,UP,lot3,category 1,a3,code2,9,9
2026-10-03,plant-B,line5,machine9,DN,lot2,category 2,b3,code2,8,8
2026-10-03,plant-B,line9,machine8,DN,lot4,category 2,b1,code1,13,13
2026-10-03,plant-A,line6,machine4,DN,lot3,category 3,b3,code3,14,14
2026-10-03,plant-A,line4,machine4,UP,lot2,category 1,a2,code1,9,9
2026-10-03,plant-A,line8,machine9,DN,lot8,pass,pass,,0,350
2026-10-03,plant-B,line7,machine4,UP,lot3,pass,pass,,0,360
2026-10-03,plant-B,line7,machine9,UP,lot6,pass,pass,,0,364
2026-10-03,plant-B,line4,machine5,UP,lot6,category 2,b2,code10,12,12
2026-10-03,plant-A,line6,machine8,DN,lot9,pass,pass,,0,189
2026-10-03,plant-B,line1,machine2,DN,lot3,pass,pass,,0,495
2026-10-03,plant-A,line1,machine6,UP,lot3,pass,pass,,0,315
2026-10-03,plant-B,line5,machine4,UP,lot6,category 1,a2,code7,15,15
2026-10-03,plant-B,line7,machine6,DN,lot4,category 2,b2,code5,12,12
2026-10-03,plant-A,line5,machine6,DN,lot5,category 1,a4,code3,15,15
2026-10-03,plant-B,line2,machine6,UP,lot8,category 1,a2,code8,8,8
2026-10-03,plant-B,line6,machine2,DN,lot8,category 2,b3,code1,6,6
2026-10-03,plant-A,line3,machine3,UP,lot1,pass,pass,,0,440
2026-10-03,plant-A,line3,machine6,UP,lot5,category 2,b3,code6,6,6
2026-10-03,plant-A,line1,machine4,DN,lot7,pass,pass,,0,356
2026-10-03,plant-B,line3,machine5,UP,lot3,category 1,a1,code4,19,19
2026-10-03,plant-A,line9,machine4,DN,lot3,pass,pass,,0,492
2026-10-03,plant-B,line7,machine5,UP,lot5,pass,pass,,0,200
2026-10-03,plant-A,line6,machine1,DN,lot4,category 2,b2,code9,14,14
2026-10-03,plant-A,line2,machine7,DN,lot2,category 2,b4,code7,11,11
2026-10-03,plant-A,line9,machine9,UP,lot6,category 3,a2,code6,19,19
2026-10-03,plant-B,line1,machine8,DN,lot6,pass,pass,,0,363
2026-10-03,plant-B,line2,machine4,DN,lot1,category 2,b3,code8,6,6
2026-10-03,plant-B,line2,machine5,UP,lot6,category 2,b2,code4,11,11
2026-10-03,plant-B,line6,machine4,DN,lot8,category 2,b2,code1,16,16
2026-10-03,plant-B,line8,machine5,UP,lot8,category 3,b4,code9,3,3
2026-10-03,plant-A,line1,machine7,UP,lot8,category 1,a3,code5,14,14
2026-10-03,plant-A,line7,machine1,UP,lot3,category 1,a2,code2,18,18
2026-10-03,plant-A,line4,machine2,DN,lot8,category 1,a2,code4,15,15
2026-10-03,plant-A,line9,machine8,DN,lot8,pass,pass,,0,385
2026-10-03,plant-A,line8,machine8,DN,lot7,pass,pass,,0,177
2026-10-03,plant-A,line4,machine5,DN,lot6,category 3,b4,code2,6,6
2026-10-03,plant-B,line7,machine6,DN,lot7,category 1,a3,code5,6,6
2026-10-03,plant-B,line8,machine3,DN,lot7,category 2,b1,code1,10,10
2026-10-03,plant-B,line8,machine2,UP,lot6,category 1,a1,code9,16,16
2026-10-03,plant-B,line1,machine7,UP,lot1,pass,pass,,0,181
2026-10-03,plant-B,line5,machine2,UP,lot9,category 2,b3,code6,19,19
2026-10-03,plant-B,line2,machine7,UP,lot4,category 1,a3,code9,8,8
2026-10-03,plant-A,line5,machine6,UP,lot9,pass,pass,,0,337
2026-10-03,plant-A,line4,machine7,DN,lot9,category 3,a1,code6,6,6
2026-10-03,plant-B,line3,machine3,UP,lot6,category 1,a2,code6,6,6
2026-10-03,plant-B,line9,machine6,DN,lot3,category 3,a2,code3,12,12
2026-10-03,plant-B,line5,machine4,UP,lot9,pass,pass,,0,436
2026-10-03,plant-A,line7,machine6,DN,lot2,pass,pass,,0,425
2026-10-03,plant-A,line4,machine1,UP,lot1,category 1,a4,code10,8,8
2026-10-03,plant-B,line8,machine8,UP,lot7,category 1,a1,code1,16,16
2026-10-03,plant-B,line1,machine7,UP,lot2,pass,pass,,0,370
2026-10-03,plant-B,line5,machine5,DN,lot7,category 2,b1,code8,19,19
2026-10-03,plant-B,line5,machine7,DN,lot4,pass,pass,,0,462
2026-10-03,plant-A,line1,machine3,UP,lot2,pass,pass,,0,357
2026-10-03,plant-A,line1,machine9,UP,lot8,category 1,a4,code1,11,11
2026-10-03,plant-B,line7,machine1,UP,lot5,category 2,b1,code8,6,6
2026-10-03,plant-A,line3,machine6,DN,lot9,category 2,b1,code3,19,19
2026-10-03,plant-A,line3,machine2,UP,lot8,category 1,a3,code7,17,17
2026-10-03,plant-B,line2,machine6,UP,lot5,category 1,a3,code4,4,4
2026-10-03,plant-A,line4,machine4,DN,lot1,pass,pass,,0,254
2026-10-03,plant-A,line3,machine3,DN,lot8,category 2,b4,code1,10,10
2026-10-03,plant-A,line8,machine8,DN,lot2,pass,pass,,0,286
2026-10-03,plant-A,line8,machine7,DN,lot9,pass,pass,,0,439
2026-10-03,plant-A,line6,machine9,DN,lot4,category 1,a4,code8,10,10
2026-10-03,plant-A,line3,machine1,UP,lot3,category 2,b4,code9,12,12
2026-10-03,plant-A,line2,machine4,DN,lot7,category 2,b4,code7,16,16
2026-10-03,plant-B,line9,machine2,DN,lot3,category 2,b2,code5,17,17
2026-10-03,plant-B,line1,machine4,DN,lot4,category 1,a3,code9,5,5
2026-10-03,plant-A,line7,machine4,UP,lot2,category 1,a1,code3,8,8
2026-10-03,plant-B,line2,machine9,DN,lot1,pass,pass,,0,349
2026-10-03,plant-B,line5,machine5,UP,lot5,pass,pass,,0,205
2026-10-03,plant-A,line5,machine9,UP,lot2,category 3,a1,code8,19,19
2026-10-03,plant-B,line7,machine8,UP,lot6,category 3,b4,code10,9,9
2026-10-03,plant-A,line8,machine2,UP,lot4,pass,pass,,0,494
2026-10-03,plant-B,line8,machine5,UP,lot1,category 2,b1,code9,10,10
2026-10-03,plant-A,line1,machine6,DN,lot3,pass,pass,,0,357
2026-10-03,plant-A,line1,machine6,DN,lot1,pass,pass,,0,315
2026-10-03,plant-A,line6,machine3,DN,lot8,category 2,b1,code6,13,13
2026-10-03,plant-A,line3,machine6,UP,lot6,category 2,b2,code1,2,2
2026-10-03,plant-A,line4,machine6,DN,lot2,category 2,b2,code4,17,17
2026-10-03,plant-B,line7,machine7,UP,lot3,pass,pass,,0,212
2026-10-03,plant-B,line1,machine3,UP,lot4,category 3,b4,code3,16,16
2026-10-03,plant-A,line1,machine7,UP,lot2,category 2,b1,code3,4,4
2026-10-03,plant-A,line5,machine4,DN,lot4,category 3,a1,code10,13,13
2026-10-03,plant-B,line8,machine8,UP,lot9,category 1,a3,code2,8,8
2026-10-03,plant-A,line7,machine9,DN,lot3,category 2,b2,code10,6,6
2026-10-03,plant-B,line7,machine2,UP,lot7,category 3,a1,code6,14,14
2026-10-03,plant-A,line6,machine2,UP,lot8,pass,pass,,0,245
2026-10-03,plant-A,line6,machine8,UP,lot3,pass,pass,,0,255
2026-10-03,plant-A,line4,machine4,UP,lot9,pass,pass,,0,363
2026-10-03,plant-B,line1,machine4,DN,lot7,category 2,b3,code10,3,3
2026-10-03,plant-B,line1,machine2,UP,lot9,category 1,a1,code7,10,10
2026-10-03,plant-B,line4,machine7,DN,lot9,category 1,a4,code2,13,13
2026-10-03,plant-B,line9,machine7,UP,lot9,category 2,b1,code3,16,16
2026-10-03,plant-A,line5,machine5,DN,lot7,category 1,a3,code1,2,2
2026-10-03,plant-B,line6,machine1,UP,lot2,category 2,b3,code5,16,16
2026-10-03,plant-A,line4,machine7,DN,lot2,pass,pass,,0,464
2026-10-03,plant-B,line8,machine7,UP,lot7,category 3,a2,code8,12,12
2026-10-03,plant-A,line1,machine8,DN,lot5,category 1,a4,code5,16,16
2026-10-03,plant-A,line5,machine7,DN,lot7,category 1,a1,code4,5,5
2026-10-03,plant-B,line4,machine3,UP,lot5,category 2,b4,code5,6,6
2026-10-03,plant-A,line2,machine5,DN,lot4,category 2,b2,code3,2,2
2026-10-03,plant-A,line4,machine6,DN,lot4,category 3,b3,code4,9,9
2026-10-03,plant-A,line6,machine4,UP,lot9,category 2,b4,code9,4,4
2026-10-03,plant-A,line7,machine5,DN,lot4,category 1,a1,code2,13,13
2026-10-03,plant-B,line7,machine4,UP,lot3,category 1,a1,code5,19,19
2026-10-03,plant-B,line4,machine2,DN,lot8,pass,pass,,0,422
2026-10-03,plant-B,line7,machine5,UP,lot8,category 3,a1,code7,4,4
2026-10-03,plant-B,line1,machine1,UP,lot1,category 3,b3,code5,10,10
2026-10-03,plant-B,line4,machine3,DN,lot8,category 3,a2,code3,12,12
2026-10-03,plant-A,line6,machine2,UP,lot2,pass,pass,,0,465
2026-10-03,plant-A,line9,machine8,UP,lot8,category 2,b1,code6,10,10
2026-10-03,plant-A,line6,machine9,DN,lot2,category 3,b3,code9,16,16
2026-10-03,plant-A,line2,machine8,UP,lot9,category 2,b2,code9,2,2
2026-10-03,plant-B,line2,machine1,UP,lot4,category 2,b4,code6,2,2
2026-10-03,plant-B,line5,machine4,UP,lot7,pass,pass,,0,429
2026-10-03,plant-A,line5,machine2,DN,lot2,category 3,b4,code10,12,12
2026-10-03,plant-A,line4,machine6,DN,lot4,pass,pass,,0,366
2026-10-03,plant-A,line4,machine2,DN,lot3,pass,pass,,0,300
2026-10-04,,line5,machine4,UP,lot8,,,,2,2
2026-10-04,,line6,machine1,UP,lot7,,,,4,4
2026-10-04,,line1,machine9,DN,lot2,,,,4,4
2026-10-04,plant-A,line8,machine1,UP,lot3,category 2,b1,code3,14,14
2026-10-04,plant-A,line8,machine4,UP,lot5,category 3,a1,code6,2,2
2026-10-04,plant-B,line9,machine8,UP,lot1,category 2,b4,code7,11,11
2026-10-04,plant-B,line6,machine3,DN,lot3,pass,pass,,0,342
2026-10-04,plant-A,line1,machine1,DN,lot4,category 2,b2,code8,16,16
2026-10-04,plant-A,line3,machine5,UP,lot4,category 3,a1,code4,9,9
2026-10-04,plant-B,line3,machine6,UP,lot9,category 2,b2,code4,15,15
2026-10-04,plant-B,line3,machine8,DN,lot8,pass,pass,,0,447
2026-10-04,plant-B,line7,machine9,DN,lot8,category 2,b3,code7,19,19
2026-10-04,plant-B,line6,machine2,UP,lot3,category 3,b4,code6,14,14
2026-10-04,plant-B,line1,machine3,DN,lot8,category 3,b3,code4,15,15
2026-10-04,plant-A,line4,machine9,DN,lot6,category 3,a2,code3,5,5
2026-10-04,plant-A,line9,machine9,UP,lot6,category 2,b2,code9,4,4
2026-10-04,plant-A,line6,machine9,UP,lot7,pass,pass,,0,177
2026-10-04,plant-B,line9,machine6,UP,lot3,category 2,b1,code4,14,14
2026-10-04,plant-A,line1,machine3,DN,lot4,category 3,a1,code8,19,19
2026-10-04,plant-A,line5,machine6,DN,lot6,category 3,b4,code7,10,10
2026-10-04,plant-B,line1,machine9,DN,lot9,category 1,a3,code2,6,6
2026-10-04,plant-B,line5,machine2,DN,lot1,category 2,b4,code6,4,4
2026-10-04,plant-B,line9,machine3,DN,lot8,category 3,b3,code4,18,18
2026-10-04,plant-B,line9,machine2,DN,lot3,category 3,b3,code4,5,5
2026-10-04,plant-A,line7,machine9,DN,lot6,pass,pass,,0,352
2026-10-04,plant-B,line4,machine2,DN,lot5,pass,pass,,0,404
2026-10-04,plant-B,line7,machine6,DN,lot8,category 1,a4,code6,19,19
2026-10-04,plant-B,line5,machine9,DN,lot1,category 3,a2,code5,12,12
2026-10-04,plant-B,line9,machine6,UP,lot7,category 1,a1,code1,11,11
2026-10-04,plant-A,line4,machine7,UP,lot6,category 2,b2,code3,7,7
2026-10-04,plant-B,line5,machine1,DN,lot4,category 2,b3,code2,4,4
2026-10-04,plant-A,line6,machine2,DN,lot6,pass,pass,,0,174
2026-10-04,plant-A,line7,machine3,UP,lot1,category 1,a1,code10,13,13
2026-10-04,plant-B,line5,machine5,DN,lot7,pass,pass,,0,420
2026-10-04,plant-B,line3,machine3,DN,lot3,category 1,a2,code6,13,13
2026-10-04,plant-B,line8,machine7,DN,lot4,pass,pass,,0,324
2026-10-04,plant-B,line8,machine7,DN,lot3,category 1,a4,code9,14,14
2026-10-04,plant-B,line7,machine6,DN,lot9,category 1,a2,code8,17,17
2026-10-04,plant-B,line8,machine8,UP,lot9,category 1,a2,code9,17,17
2026-10-04,plant-B,line9,machine4,UP,lot7,pass,pass,,0,320
2026-10-04,plant-B,line9,machine2,DN,lot2,pass,pass,,0,464
2026-10-04,plant-A,line3,machine8,UP,lot9,category 3,b4,code4,1,1
2026-10-04,plant-A,line3,machine8,DN,lot8,pass,pass,,0,243
2026-10-04,plant-A,line4,machine6,DN,lot2,category 1,a2,code10,13,13
2026-10-04,plant-A,line2,machine9,UP,lot3,pass,pass,,0,184
2026-10-04,plant-A,line6,machine8,UP,lot1,category 3,b3,code7,19,19
2026-10-04,plant-A,line1,machine3,DN,lot4,pass,pass,,0,402
2026-10-04,plant-A,line3,machine2,UP,lot3,pass,pass,,0,317
2026-10-04,plant-B,line7,machine6,DN,lot3,category 2,b4,code8,12,12
2026-10-04,plant-B,line8,machine5,UP,lot9,category 3,a1,code6,19,19
2026-10-04,plant-B,line7,machine2,UP,lot1,category 2,b1,code9,7,7
2026-10-04,plant-B,line2,machine8,UP,lot8,category 3,b3,code10,7,7
2026-10-04,plant-B,line6,machine9,UP,lot9,category 3,b3,code5,8,8
2026-10-04,plant-B,line7,machine4,UP,lot6,category 2,b1,code1,9,9
2026-10-04,plant-A,line9,machine6,UP,lot9,category 2,b1,code6,6,6
2026-10-04,plant-A,line8,machine3,UP,lot5,category 3,b3,code1,19,19
2026-10-04,plant-B,line8,machine3,DN,lot1,category 3,b4,code9,13,13
2026-10-04,plant-A,line2,machine9,DN,lot2,category 1,a1,code3,19,19
2026-10-04,plant-B,line9,machine1,DN,lot3,category 2,b1,code2,16,16
2026-10-04,plant-A,line2,machine9,UP,lot6,category 1,a1,code10,6,6
2026-10-04,plant-B,line7,machine9,DN,lot2,category 1,a4,code8,9,9
2026-10-04,plant-B,line8,machine9,UP,lot9,category 2,b2,code4,17,17
2026-10-04,plant-A,line4,machine5,UP,lot5,category 1,a4,code2,15,15
2026-10-04,plant-B,line9,machine8,UP,lot9,pass,pass,,0,266
2026-10-04,plant-A,line4,machine8,UP,lot5,pass,pass,,0,223
2026-10-04,plant-B,line7,machine2,DN,lot8,category 1,a4,code7,7,7
2026-10-04,plant-B,line7,machine3,UP,lot7,category 3,b3,code9,18,18
2026-10-04,plant-A,line2,machine9,UP,lot7,category 1,a4,code10,6,6
2026-10-04,plant-A,line6,machine4,DN,lot5,category 1,a3,code6,19,19
2026-10-04,plant-B,line8,machine9,DN,lot9,pass,pass,,0,184
2026-10-04,plant-B,line6,machine4,UP,lot3,category 1,a1,code9,16,16
2026-10-04,plant-A,line8,machine2,DN,lot4,category 1,a3,code10,17,17
2026-10-04,plant-A,line2,machine4,UP,lot6,pass,pass,,0,364
2026-10-04,plant-B,line7,machine1,DN,lot8,category 2,b3,code10,19,19
2026-10-04,plant-A,line6,machine3,DN,lot5,category 1,a2,code8,7,7
2026-10-04,plant-B,line4,machine6,UP,lot7,pass,pass,,0,258
2026-10-04,plant-B,line8,machine6,DN,lot3,pass,pass,,0,395
2026-10-04,plant-A,line1,machine6,UP,lot7,pass,pass,,0,190
2026-10-04,plant-B,line1,machine2,UP,lot4,category 3,a1,code9,17,17
2026-10-04,plant-A,line3,machine4,UP,lot3,pass,pass,,0,265
2026-10-04,plant-A,line1,machine8,DN,lot7,pass,pass,,0,487
2026-10-04,plant-A,line6,machine2,DN,lot7,pass,pass,,0,413
2026-10-04,plant-B,line9,machine2,DN,lot8,category 3,b4,code4,17,17
2026-10-04,plant-A,line9,machine2,DN,lot6,category 1,a3,code7,6,6
2026-10-04,plant-A,line2,machine1,UP,lot9,category 2,b4,code4,3,3
2026-10-04,plant-B,line1,machine1,DN,lot7,pass,pass,,0,279
2026-10-04,plant-B,line6,machine1,UP,lot9,category 3,a1,code5,16,16
2026-10-04,plant-A,line9,machine5,DN,lot9,category 3,a2,code9,11,11
2026-10-04,plant-B,line6,machine2,UP,lot6,pass,pass,,0,400
2026-10-04,plant-A,line1,machine1,UP,lot8,pass,pass,,0,281
2026-10-04,plant-B,line1,machine9,UP,lot4,category 2,b4,code6,16,16
2026-10-04,plant-A,line8,machine8,UP,lot8,pass,pass,,0,167
2026-10-04,plant-A,line7,machine1,UP,lot2,pass,pass,,0,331
2026-10-04,plant-A,line4,machine3,UP,lot8,pass,pass,,0,295
2026-10-04,plant-B,line6,machine1,DN,lot1,pass,pass,,0,201
2026-10-04,plant-B,line9,machine3,DN,lot3,category 2,b2,code4,6,6
2026-10-04,plant-B,line1,machine8,DN,lot7,pass,pass,,0,232
2026-10-04,plant-A,line3,machine6,UP,lot4,category 1,a2,code3,9,9
2026-10-04,plant-B,line2,machine7,DN,lot1,pass,pass,,0,443
2026-10-04,plant-A,line8,machine6,UP,lot8,category 1,a3,code3,12,12
2026-10-04,plant-A,line1,machine4,UP,lot6,pass,pass,,0,470
2026-10-04,plant-B,line5,machine6,DN,lot1,category 1,a4,code10,11,11
2026-10-04,plant-A,line7,machine5,UP,lot2,pass,pass,,0,451
2026-10-04,plant-B,line7,machine3,DN,lot2,pass,pass,,0,274
2026-10-04,plant-A,line6,machine9,DN,lot1,pass,pass,,0,388
2026-10-04,plant-B,line2,machine6,UP,lot1,category 1,a3,code7,13,13
2026-10-04,plant-B,line1,machine4,UP,lot7,pass,pass,,0,341
2026-10-04,plant-A,line2,machine7,DN,lot1,pass,pass,,0,485
2026-10-04,plant-B,line3,machine3,UP,lot2,category 2,b1,code9,9,9
2026-10-04,plant-B,line2,machine7,UP,lot1,pass,pass,,0,210
2026-10-04,plant-A,line7,machine7,DN,lot2,category 3,a2,code4,17,17
2026-10-04,plant-A,line3,machine8,DN,lot9,pass,pass,,0,181
2026-10-04,plant-A,line1,machine2,DN,lot2,pass,pass,,0,276
2026-10-04,plant-A,line9,machine7,DN,lot6,pass,pass,,0,352
2026-10-04,plant-A,line5,machine6,UP,lot8,category 3,b4,code8,1,1
2026-10-04,plant-A,line2,machine9,DN,lot8,pass,pass,,0,286
2026-10-04,plant-A,line2,machine8,DN,lot5,category 1,a1,code2,10,10
2026-10-04,plant-B,line4,machine5,UP,lot2,category 1,a1,code9,14,14
2026-10-04,plant-B,line2,machine4,DN,lot8,category 2,b3,code9,13,13
2026-10-04,plant-A,line5,machine7,UP,lot4,category 2,b2,code9,14,14
2026-10-04,plant-B,line5,machine3,DN,lot1,category 2,b2,code3,17,17
2026-10-04,plant-A,line8,machine3,UP,lot1,category 2,b3,code10,3,3
2026-10-04,plant-B,line6,machine7,DN,lot4,pass,pass,,0,338
2026-10-04,plant-B,line9,machine6,DN,lot8,category 2,b1,code7,6,6
2026-10-04,plant-B,line9,machine7,UP,lot9,category 1,a1,code4,3,3
2026-10-04,plant-B,line2,machine1,DN,lot1,pass,pass,,0,418
2026-10-04,plant-B,line5,machine4,DN,lot2,category 3,a2,code9,15,15
2026-10-04,plant-A,line2,machine4,DN,lot3,category 2,b3,code8,2,2
2026-10-04,plant-B,line3,machine2,DN,lot6,category 2,b1,code4,18,18
2026-10-04,plant-A,line5,machine3,DN,lot7,pass,pass,,0,197
2026-10-04,plant-B,line5,machine5,DN,lot7,category 1,a3,code5,11,11
2026-10-04,plant-A,line5,machine7,UP,lot5,pass,pass,,0,158
2026-10-04,plant-B,line1,machine5,DN,lot5,category 1,a1,code6,8,8
2026-10-04,plant-B,line7,machine7,DN,lot6,pass,pass,,0,268
2026-10-04,plant-A,line1,machine1,UP,lot3,category 1,a1,code7,4,4
2026-10-04,plant-A,line5,machine6,UP,lot4,pass,pass,,0,487
2026-10-04,plant-B,line1,machine2,DN,lot8,pass,pass,,0,274
2026-10-04,plant-B,line9,machine2,DN,lot5,category 3,b4,code10,16,16
2026-10-04,plant-A,line6,machine2,UP,lot6,category 1,a1,code2,7,7
2026-10-04,plant-B,line9,machine1,DN,lot6,category 2,b2,code6,12,12
2026-10-04,plant-A,line6,machine1,UP,lot2,pass,pass,,0,443
2026-10-04,plant-A,line8,machine5,DN,lot6,category 1,a1,code9,7,7
2026-10-04,plant-A,line8,machine9,DN,lot9,category 2,b4,code10,10,10
2026-10-04,plant-B,line2,machine9,DN,lot8,category 1,a2,code7,7,7
2026-10-04,plant-A,line2,machine1,UP,lot2,pass,pass,,0,233
2026-10-04,plant-A,line6,machine2,DN,lot8,category 3,b4,code5,10,10
2026-10-04,plant-A,line2,machine4,UP,lot8,pass,pass,,0,238
2026-10-04,plant-A,line5,machine3,DN,lot7,category 3,b3,code6,16,16
2026-10-04,plant-A,line5,machine9,DN,lot2,pass,pass,,0,206
2026-10-04,plant-B,line6,machine3,UP,lot3,category 1,a2,code8,12,12
2026-10-04,plant-B,line2,machine5,DN,lot2,pass,pass,,0,276
2026-10-04,plant-B,line8,machine7,DN,lot9,pass,pass,,0,181
2026-10-04,plant-A,line4,machine9,UP,lot2,category 3,b3,code10,7,7
2026-10-04,plant-B,line4,machine5,DN,lot1,category 3,b4,code10,5,5
2026-10-04,plant-B,line1,machine7,DN,lot7,category 2,b3,code4,8,8
2026-10-04,plant-B,line9,machine5,DN,lot1,category 1,a4,code9,12,12
2026-10-04,plant-A,line8,machine3,UP,lot2,category 3,a2,code2,13,13
2026-10-04,plant-A,line6,machine4,UP,lot1,category 2,b3,code8,9,9
2026-10-04,plant-B,line9,machine6,UP,lot5,pass,pass,,0,370
2026-10-04,plant-A,line6,machine4,UP,lot2,category 2,b4,code8,4,4
2026-10-04,plant-B,line4,machine5,UP,lot9,category 2,b1,code5,18,18
2026-10-04,plant-B,line9,machine7,DN,lot9,category 3,a2,code4,9,9
2026-10-04,plant-A,line4,machine5,DN,lot1,category 1,a3,code10,17,17
2026-10-04,plant-A,line3,machine6,UP,lot1,category 1,a2,code6,4,4
2026-10-04,plant-B,line7,machine7,DN,lot1,category 2,b4,code8,15,15
2026-10-04,plant-A,line3,machine2,UP,lot8,pass,pass,,0,326
2026-10-04,plant-B,line4,machine4,UP,lot6,category 3,a1,code6,18,18
2026-10-04,plant-B,line1,machine7,UP,lot8,category 2,b4,code10,15,15
2026-10-04,plant-B,line5,machine1,DN,lot5,category 2,b1,code3,13,13
2026-10-04,plant-A,line4,machine4,DN,lot3,category 1,a1,code7,12,12
2026-10-04,plant-A,line2,machine5,UP,lot9,category 2,b1,code7,5,5
2026-10-04,plant-A,line3,machine5,DN,lot1,category 2,b4,code1,7,7
2026-10-04,plant-B,line1,machine9,UP,lot5,pass,pass,,0,207
2026-10-04,plant-A,line8,machine6,UP,lot3,category 2,b4,code2,1,1
2026-10-04,plant-A,line1,machine4,DN,lot6,category 3,a1,code1,7,7
2026-10-04,plant-A,line8,machine7,DN,lot4,category 3,a2,code6,5,5
2026-10-04,plant-A,line6,machine9,UP,lot3,category 3,b4,code1,1,1
2026-10-04,plant-B,line3,machine9,DN,lot3,pass,pass,,0,302
2026-10-04,plant-A,line7,machine4,DN,lot2,category 3,a1,code8,16,16
2026-10-04,plant-B,line1,machine7,UP,lot1,category 2,b1,code2,19,19
2026-10-04,plant-B,line4,machine9,UP,lot2,category 1,a3,code4,19,19
2026-10-04,plant-B,line5,machine6,UP,lot7,pass,pass,,0,230
2026-10-04,plant-B,line4,machine6,UP,lot5,category 1,a2,code4,9,9
2026-10-04,plant-A,line5,machine2,DN,lot9,category 1,a3,code2,17,17
2026-10-04,plant-B,line7,machine1,UP,lot9,pass,pass,,0,420
2026-10-04,plant-A,line3,machine6,UP,lot3,category 2,b1,code4,1,1
2026-10-04,plant-A,line7,machine6,DN,lot2,pass,pass,,0,316
2026-10-04,plant-B,line8,machine6,UP,lot2,category 1,a3,code4,18,18
2026-10-04,plant-A,line9,machine9,DN,lot8,category 2,b3,code3,3,3
2026-10-04,plant-B,line4,machine7,DN,lot9,category 3,b4,code2,11,11
2026-10-04,plant-A,line4,machine6,UP,lot4,category 2,b3,code8,1,1
2026-10-04,plant-B,line5,machine2,DN,lot6,category 1,a4,code7,18,18
2026-10-04,plant-B,line1,machine4,UP,lot9,category 3,b3,code3,7,7
2026-10-04,plant-B,line6,machine3,DN,lot2,category 1,a4,code6,18,18
2026-10-04,plant-A,line3,machine6,DN,lot3,category 2,b3,code1,7,7
2026-10-04,plant-A,line7,machine8,UP,lot4,pass,pass,,0,283
2026-10-04,plant-B,line9,machine3,UP,lot8,pass,pass,,0,153
2026-10-04,plant-B,line4,machine9,UP,lot8,category 2,b4,code6,3,3
2026-10-04,plant-A,line8,machine4,DN,lot6,category 3,a1,code4,8,8
2026-10-04,plant-A,line2,machine9,UP,lot4,category 3,a2,code4,11,11
2026-10-05,,line6,machine7,UP,lot3,,,,3,3
2026-10-05,,line8,machine5,DN,lot7,,,,4,4
2026-10-05,,line5,machine8,DN,lot1,,,,0,100
2026-10-05,plant-B,line3,machine3,DN,lot5,category 3,a2,code7,10,10
2026-10-05,plant-B,line8,machine7,UP,lot2,category 3,a2,code9,2,2
2026-10-05,plant-A,line7,machine7,UP,lot6,category 2,b1,code7,14,14
2026-10-05,plant-B,line6,machine4,UP,lot1,pass,pass,,0,498
2026-10-05,plant-A,line1,machine6,DN,lot5,pass,pass,,0,423
2026-10-05,plant-B,line3,machine2,UP,lot1,category 1,a4,code6,6,6
2026-10-05,plant-A,line9,machine5,UP,lot5,pass,pass,,0,380
2026-10-05,plant-B,line7,machine5,UP,lot6,category 3,a1,code7,2,2
2026-10-05,plant-B,line3,machine9,DN,lot6,category 2,b1,code10,19,19
2026-10-05,plant-A,line8,machine4,UP,lot1,category 2,b2,code10,11,11
2026-10-05,plant-B,line6,machine2,UP,lot4,pass,pass,,0,260
2026-10-05,plant-B,line3,machine3,UP,lot7,category 3,a1,code9,11,11
2026-10-05,plant-A,line3,machine2,DN,lot5,category 1,a1,code2,2,2
2026-10-05,plant-A,line2,machine4,DN,lot5,pass,pass,,0,198
2026-10-05,plant-A,line3,machine5,DN,lot5,pass,pass,,0,495
2026-10-05,plant-B,line8,machine5,DN,lot1,category 2,b4,code5,3,3
2026-10-05,plant-B,line8,machine7,UP,lot5,pass,pass,,0,471
2026-10-05,plant-B,line6,machine9,UP,lot8,pass,pass,,0,413
2026-10-05,plant-A,line6,machine5,DN,lot3,category 3,a2,code5,8,8
2026-10-05,plant-B,line9,machine9,UP,lot6,category 2,b4,code4,13,13
2026-10-05,plant-A,line7,machine9,DN,lot6,category 1,a4,code6,14,14
2026-10-05,plant-B,line9,machine8,UP,lot3,category 3,a1,code8,5,5
2026-10-05,plant-B,line9,machine2,UP,lot9,category 3,a1,code1,10,10
2026-10-05,plant-B,line3,machine6,UP,lot6,category 2,b1,code2,18,18
2026-10-05,plant-B,line5,machine4,UP,lot8,category 1,a4,code4,1,1
2026-10-05,plant-A,line5,machine4,UP,lot9,category 2,b3,code3,14,14
2026-10-05,plant-B,line1,machine8,UP,lot3,category 1,a4,code4,16,16
2026-10-05,plant-A,line3,machine6,UP,lot9,pass,pass,,0,416
2026-10-05,plant-B,line4,machine5,UP,lot2,category 2,b2,code7,9,9
2026-10-05,plant-A,line7,machine3,DN,lot7,category 3,a1,code10,1,1
2026-10-05,plant-A,line9,machine7,DN,lot4,category 3,b4,code2,4,4
2026-10-05,plant-A,line8,machine3,DN,lot6,category 3,b4,code9,16,16
2026-10-05,plant-A,line3,machine6,DN,lot4,pass,pass,,0,330
2026-10-05,plant-B,line4,machine5,DN,lot2,category 1,a4,code9,18,18
2026-10-05,plant-B,line7,machine7,UP,lot6,category 3,a2,code5,17,17
2026-10-05,plant-B,line9,machine1,UP,lot2,category 3,b4,code1,3,3
2026-10-05,plant-A,line3,machine4,DN,lot3,category 1,a1,code3,5,5
2026-10-05,plant-B,line7,machine7,DN,lot3,category 2,b1,code1,10,10
2026-10-05,plant-A,line5,machine9,UP,lot1,pass,pass,,0,249
2026-10-05,plant-B,line2,machine9,UP,lot6,category 2,b4,code10,15,15
2026-10-05,plant-A,line9,machine1,DN,lot7,category 3,b4,code3,19,19
2026-10-05,plant-B,line6,machine2,DN,lot4,category 1,a2,code9,6,6
2026-10-05,plant-A,line1,machine4,UP,lot8,category 2,b4,code2,12,12
2026-10-05,plant-B,line9,machine1,DN,lot3,pass,pass,,0,179
2026-10-05,plant-A,line9,machine9,DN,lot2,pass,pass,,0,211
2026-10-05,plant-A,line3,machine7,DN,lot3,category 3,b3,code7,9,9
2026-10-05,plant-A,line2,machine2,UP,lot5,category 1,a2,code10,12,12
2026-10-05,plant-B,line9,machine2,UP,lot7,pass,pass,,0,404
2026-10-05,plant-A,line3,machine9,DN,lot8,category 3,a1,code6,11,11
2026-10-05,plant-A,line1,machine4,DN,lot7,pass,pass,,0,295
2026-10-05,plant-A,line6,machine5,UP,lot2,category 1,a3,code8,2,2
2026-10-05,plant-A,line4,machine8,UP,lot3,pass,pass,,0,410
2026-10-05,plant-A,line3,machine7,UP,lot8,category 1,a4,code10,19,19
2026-10-05,plant-B,line7,machine9,UP,lot3,category 1,a1,code3,1,1
2026-10-05,plant-A,line8,machine5,DN,lot5,pass,pass,,0,326
2026-10-05,plant-A,line1,machine7,UP,lot2,category 2,b2,code5,16,16
2026-10-05,plant-B,line1,machine1,DN,lot2,category 3,a1,code6,14,14
2026-10-05,plant-B,line2,machine9,DN,lot1,category 1,a3,code10,6,6
2026-10-05,plant-B,line7,machine3,DN,lot6,category 2,b3,code7,16,16
2026-10-05,plant-A,line5,machine9,DN,lot5,category 1,a3,code9,15,15
2026-10-05,plant-A,line2,machine3,DN,lot2,pass,pass,,0,440
2026-10-05,plant-B,line8,machine6,UP,lot1,category 1,a3,code3,18,18
2026-10-05,plant-B,line5,machine3,UP,lot9,category 1,a2,code4,5,5
2026-10-05,plant-B,line2,machine9,DN,lot5,category 1,a1,code8,3,3
2026-10-05,plant-B,line3,machine6,UP,lot9,pass,pass,,0,448
2026-10-05,plant-A,line3,machine2,DN,lot7,category 1,a2,code6,19,19
2026-10-05,plant-A,line9,machine1,UP,lot3,pass,pass,,0,495
2026-10-05,plant-B,line5,machine9,UP,lot5,category 3,b3,code10,6,6
2026-10-05,plant-B,line1,machine8,DN,lot4,category 1,a3,code7,12,12
2026-10-05,plant-A,line7,machine5,UP,lot5,category 3,b3,code5,3,3
2026-10-05,plant-B,line1,machine7,DN,lot5,category 2,b3,code7,2,2
2026-10-05,plant-B,line2,machine7,UP,lot5,category 1,a2,code5,13,13
2026-10-05,plant-B,line6,machine4,DN,lot9,pass,pass,,0,270
2026-10-05,plant-B,line9,machine3,UP,lot1,category 2,b3,code5,13,13
2026-10-05,plant-A,line9,machine3,UP,lot5,category 3,a2,code6,7,7
2026-10-05,plant-A,line3,machine5,DN,lot5,pass,pass,,0,253
2026-10-05,plant-B,line2,machine4,DN,lot2,category 1,a4,code10,7,7
2026-10-05,plant-B,line8,machine9,DN,lot2,pass,pass,,0,327
2026-10-05,plant-B,line2,machine4,UP,lot5,category 2,b2,code9,10,10
2026-10-05,plant-B,line7,machine4,DN,lot5,category 1,a4,code7,16,16
2026-10-05,plant-A,line7,machine5,DN,lot1,category 1,a1,code9,17,17
2026-10-05,plant-A,line4,machine3,UP,lot7,category 2,b4,code2,14,14
2026-10-05,plant-A,line9,machine1,DN,lot6,category 3,a1,code3,6,6
2026-10-05,plant-B,line4,machine9,DN,lot8,category 2,b1,code10,17,17
2026-10-05,plant-A,line8,machine3,UP,lot5,category 2,b2,code4,16,16
2026-10-05,plant-A,line8,machine4,UP,lot2,category 1,a1,code5,6,6
2026-10-05,plant-A,line1,machine7,UP,lot5,pass,pass,,0,347
2026-10-05,plant-B,line9,machine6,UP,lot8,category 3,b3,code10,17,17
2026-10-05,plant-B,line8,machine6,UP,lot9,category 1,a3,code4,18,18
2026-10-05,plant-A,line9,machine3,DN,lot8,pass,pass,,0,331
2026-10-05,plant-B,line5,machine3,UP,lot1,category 1,a4,code7,4,4
2026-10-05,plant-B,line5,machine5,UP,lot2,category 1,a3,code10,12,12
2026-10-05,plant-A,line4,machine6,DN,lot6,category 1,a3,code10,19,19
2026-10-05,plant-A,line8,machine5,DN,lot7,category 2,b2,code2,14,14
2026-10-05,plant-A,line3,machine3,UP,lot7,category 3,a2,code8,11,11
2026-10-05,plant-A,line3,machine6,UP,lot4,pass,pass,,0,455
2026-10-05,plant-B,line8,machine9,UP,lot3,pass,pass,,0,250
2026-10-05,plant-B,line8,machine3,UP,lot1,category 2,b3,code2,6,6
2026-10-05,plant-B,line4,machine2,DN,lot7,category 3,a1,code1,7,7
2026-10-05,plant-A,line1,machine6,UP,lot8,category 2,b2,code2,5,5
2026-10-05,plant-A,line8,machine6,DN,lot8,category 1,a1,code2,12,12
2026-10-05,plant-A,line8,machine7,UP,lot5,pass,pass,,0,311
2026-10-05,plant-B,line4,machine2,DN,lot2,category 2,b4,code8,8,8
2026-10-05,plant-A,line8,machine4,UP,lot4,category 1,a1,code1,17,17
2026-10-05,plant-A,line9,machine5,DN,lot7,category 3,b3,code8,7,7
2026-10-05,plant-A,line5,machine2,DN,lot4,category 1,a2,code2,12,12
2026-10-05,plant-A,line5,machine3,DN,lot4,category 3,b3,code8,3,3
2026-10-05,plant-A,line7,machine2,DN,lot3,category 3,a2,code9,16,16
2026-10-05,plant-A,line9,machine4,DN,lot9,category 1,a3,code7,15,15
2026-10-05,plant-A,line4,machine3,UP,lot5,category 1,a3,code1,16,16
2026-10-05,plant-A,line3,machine5,UP,lot2,pass,pass,,0,407
2026-10-05,plant-A,line8,machine2,UP,lot2,pass,pass,,0,498
2026-10-05,plant-B,line7,machine8,UP,lot6,category 3,b4,code1,15,15
2026-10-05,plant-B,line3,machine1,UP,lot4,category 3,a1,code8,5,5
2026-10-05,plant-A,line2,machine9,DN,lot7,category 3,b3,code2,7,7
2026-10-05,plant-B,line2,machine9,UP,lot7,pass,pass,,0,301
2026-10-05,plant-A,line8,machine7,UP,lot3,category 1,a1,code6,8,8
2026-10-05,plant-A,line8,machine2,DN,lot1,category 2,b1,code4,16,16
2026-10-05,plant-A,line1,machine5,DN,lot5,category 2,b1,code10,6,6
2026-10-05,plant-B,line1,machine4,UP,lot8,category 3,a2,code9,17,17
2026-10-05,plant-A,line9,machine1,UP,lot9,category 3,b3,code6,4,4
2026-10-05,plant-B,line7,machine8,DN,lot1,category 1,a4,code6,4,4
2026-10-05,plant-B,line3,machine4,UP,lot6,category 3,b3,code7,4,4
2026-10-05,plant-B,line8,machine1,DN,lot7,pass,pass,,0,156
2026-10-05,plant-A,line8,machine9,UP,lot2,category 3,a1,code7,4,4
2026-10-05,plant-B,line2,machine2,DN,lot8,pass,pass,,0,182
2026-10-05,plant-B,line9,machine7,DN,lot9,category 3,a1,code7,13,13
2026-10-05,plant-B,line6,machine5,UP,lot9,pass,pass,,0,248
2026-10-05,plant-B,line3,machine7,UP,lot7,pass,pass,,0,235
2026-10-05,plant-A,line1,machine1,DN,lot8,category 2,b3,code10,17,17
2026-10-05,plant-B,line2,machine4,DN,lot1,pass,pass,,0,357
2026-10-05,plant-B,line6,machine6,UP,lot9,category 2,b4,code10,12,12
2026-10-05,plant-A,line9,machine7,DN,lot9,category 1,a3,code2,15,15
2026-10-05,plant-B,line4,machine3,DN,lot6,pass,pass,,0,331
2026-10-05,plant-A,line8,machine9,DN,lot4,pass,pass,,0,235
2026-10-05,plant-B,line9,machine5,DN,lot6,category 2,b3,code4,5,5
2026-10-05,plant-A,line6,machine6,DN,lot8,pass,pass,,0,425
2026-10-05,plant-A,line2,machine2,UP,lot6,category 3,b4,code1,12,12
2026-10-05,plant-B,line1,machine6,DN,lot7,pass,pass,,0,195
2026-10-05,plant-B,line3,machine6,DN,lot2,category 1,a1,code1,10,10
2026-10-05,plant-A,line1,machine4,UP,lot7,pass,pass,,0,309
2026-10-05,plant-B,line9,machine2,DN,lot5,category 3,a1,code8,8,8
2026-10-05,plant-B,line3,machine3,DN,lot5,category 1,a3,code3,15,15
2026-10-05,plant-A,line2,machine4,DN,lot7,category 2,b4,code1,17,17
2026-10-05,plant-B,line7,machine1,UP,lot4,category 2,b1,code5,7,7
2026-10-05,plant-A,line7,machine1,UP,lot8,pass,pass,,0,160
2026-10-05,plant-A,line4,machine4,DN,lot9,category 3,a1,code7,19,19
2026-10-05,plant-B,line1,machine2,UP,lot2,category 1,a3,code9,11,11
2026-10-05,plant-B,line2,machine7,UP,lot5,category 3,a1,code5,12,12
2026-10-05,plant-B,line8,machine5,DN,lot9,category 1,a2,code8,6,6
2026-10-05,plant-A,line7,machine3,DN,lot7,category 1,a2,code3,4,4
2026-10-05,plant-A,line5,machine7,UP,lot9,pass,pass,,0,374
2026-10-05,plant-B,line2,machine1,UP,lot5,category 3,b4,code1,3,3
2026-10-05,plant-B,line1,machine7,DN,lot4,pass,pass,,0,458
2026-10-05,plant-B,line2,machine7,DN,lot5,category 3,b4,code4,6,6
2026-10-05,plant-B,line5,machine7,UP,lot7,category 3,b3,code4,1,1
2026-10-05,plant-A,line5,machine8,DN,lot8,pass,pass,,0,493
2026-10-05,plant-B,line2,machine6,DN,lot2,category 3,a2,code1,13,13
2026-10-05,plant-A,line9,machine8,UP,lot3,category 1,a3,code1,3,3
2026-10-05,plant-A,line1,machine8,UP,lot5,category 1,a1,code7,11,11
2026-10-05,plant-B,line6,machine4,DN,lot7,category 2,b3,code10,13,13
2026-10-05,plant-A,line2,machine6,UP,lot8,category 3,a1,code10,8,8
2026-10-05,plant-B,line6,machine6,UP,lot1,category 1,a4,code4,12,12
2026-10-05,plant-A,line2,machine7,UP,lot4,category 2,b4,code1,13,13
2026-10-05,plant-B,line8,machine9,DN,lot7,category 3,a1,code9,10,10
2026-10-05,plant-A,line3,machine6,UP,lot8,pass,pass,,0,468
2026-10-05,plant-A,line6,machine9,DN,lot2,category 2,b3,code2,18,18
2026-10-05,plant-A,line8,machine4,DN,lot7,category 1,a2,code10,5,5
2026-10-05,plant-A,line1,machine3,DN,lot5,category 3,b4,code7,4,4
2026-10-05,plant-A,line2,machine1,DN,lot1,pass,pass,,0,429
2026-10-05,plant-B,line8,machine7,UP,lot8,category 1,a1,code8,2,2
2026-10-05,plant-B,line1,machine3,UP,lot5,category 3,a1,code10,7,7
2026-10-05,plant-A,line3,machine4,DN,lot3,category 3,a1,code8,10,10
2026-10-05,plant-A,line7,machine7,DN,lot9,category 3,a2,code2,14,14
2026-10-05,plant-B,line5,machine3,DN,lot8,pass,pass,,0,194
2026-10-05,plant-A,line6,machine2,DN,lot7,category 1,a1,code6,19,19
2026-10-05,plant-B,line5,machine1,UP,lot5,category 1,a3,code3,5,5
2026-10-05,plant-A,line6,machine8,UP,lot1,category 3,a2,code4,18,18
2026-10-05,plant-A,line8,machine4,UP,lot4,category 2,b1,code9,13,13
2026-10-05,plant-A,line2,machine1,DN,lot3,category 1,a1,code3,7,7
2026-10-05,plant-A,line5,machine9,DN,lot3,pass,pass,,0,474
2026-10-05,plant-A,line9,machine7,UP,lot8,category 3,b3,code9,9,9
2026-10-05,plant-A,line9,machine1,UP,lot3,pass,pass,,0,337
2026-10-05,plant-A,line9,machine4,DN,lot5,category 2,b3,code8,4,4
2026-10-05,plant-A,line6,machine3,DN,lot6,pass,pass,,0,250
2026-10-05,plant-A,line7,machine2,UP,lot7,pass,pass,,0,426
2026-10-05,plant-B,line4,machine7,UP,lot2,category 2,b4,code1,2,2
2026-10-05,plant-A,line4,machine1,UP,lot1,category 2,b1,code1,16,16
2026-10-05,plant-A,line2,machine3,UP,lot1,category 1,a3,code9,10,10
2026-10-05,plant-B,line2,machine5,DN,lot1,category 3,b3,code4,16,16
2026-10-05,plant-A,line4,machine4,DN,lot9,category 1,a3,code9,12,12
2026-10-05,plant-B,line6,machine6,DN,lot2,pass,pass,,0,499
2026-10-05,plant-A,line1,machine5,DN,lot2,category 1,a1,code5,12,12
2026-10-05,plant-B,line2,machine3,UP,lot6,pass,pass,,0,288
2026-10-05,plant-A,line5,machine2,UP,lot2,pass,pass,,0,479
2026-10-05,plant-B,line3,machine7,DN,lot6,category 3,a2,code4,15,15
2026-10-05,plant-B,line3,machine1,DN,lot9,pass,pass,,0,253
2026-10-06,,line7,machine8,DN,lot9,,,,2,2
2026-10-06,,line9,machine4,UP,lot9,,,,1,1
2026-10-06,,line9,machine3,UP,lot5,,,,1,1
2026-10-06,plant-B,line2,machine6,DN,lot6,category 2,b4,code10,5,5
2026-10-06,plant-B,line7,machine4,UP,lot6,category 1,a4,code1,16,16
2026-10-06,plant-A,line9,machine3,UP,lot2,category 3,b4,code2,17,17
2026-10-06,plant-B,line2,machine9,UP,lot3,pass,pass,,0,349
2026-10-06,plant-A,line3,machine6,UP,lot4,category 3,a1,code3,9,9
2026-10-06,plant-A,line5,machine4,UP,lot5,category 2,b3,code4,8,8
2026-10-06,plant-B,line6,machine5,DN,lot4,category 3,b4,code4,11,11
2026-10-06,plant-A,line9,machine6,DN,lot7,category 2,b4,code10,19,19
2026-10-06,plant-A,line5,machine2,DN,lot6,category 2,b1,code10,9,9
2026-10-06,plant-B,line4,machine1,UP,lot8,category 3,a2,code2,17,17
2026-10-06,plant-A,line3,machine4,DN,lot5,category 2,b1,code1,19,19
2026-10-06,plant-A,line2,machine7,DN,lot1,pass,pass,,0,450
2026-10-06,plant-B,line4,machine6,DN,lot8,category 2,b1,code6,12,12
2026-10-06,plant-A,line9,machine4,DN,lot8,pass,pass,,0,462
2026-10-06,plant-B,line1,machine8,UP,lot9,category 3,a2,code9,5,5
2026-10-06,plant-A,line6,machine4,UP,lot1,category 2,b2,code3,6,6
2026-10-06,plant-A,line9,machine2,UP,lot1,pass,pass,,0,260
2026-10-06,plant-A,line1,machine5,UP,lot3,category 3,a1,code8,15,15
2026-10-06,plant-B,line4,machine5,UP,lot9,category 1,a2,code9,7,7
2026-10-06,plant-B,line5,machine9,UP,lot3,pass,pass,,0,469
2026-10-06,plant-B,line1,machine2,UP,lot3,category 3,a1,code8,13,13
2026-10-06,plant-A,line4,machine1,DN,lot4,pass,pass,,0,392
2026-10-06,plant-B,line4,machine9,UP,lot2,category 2,b2,code5,12,12
2026-10-06,plant-B,line9,machine2,DN,lot9,category 3,b3,code4,17,17
2026-10-06,plant-B,line8,machine5,UP,lot9,category 1,a3,code3,9,9
2026-10-06,plant-A,line1,machine2,DN,lot1,category 1,a2,code10,16,16
2026-10-06,plant-A,line8,machine7,UP,lot3,category 2,b4,code2,2,2
2026-10-06,plant-A,line1,machine8,DN,lot7,category 1,a4,code5,10,10
2026-10-06,plant-B,line1,machine1,DN,lot1,category 1,a3,code7,15,15
2026-10-06,plant-A,line3,machine8,UP,lot8,category 2,b3,code6,15,15
2026-10-06,plant-A,line9,machine4,DN,lot1,pass,pass,,0,166
2026-10-06,plant-A,line5,machine2,UP,lot6,category 2,b3,code1,6,6
2026-10-06,plant-A,line7,machine6,DN,lot7,category 1,a2,code9,10,10
2026-10-06,plant-B,line5,machine7,UP,lot2,pass,pass,,0,448
2026-10-06,plant-A,line8,machine4,UP,lot9,category 3,b3,code10,13,13
2026-10-06,plant-A,line8,machine3,DN,lot1,category 3,b4,code6,17,17
2026-10-06,plant-A,line2,machine7,DN,lot8,category 1,a2,code7,10,10
2026-10-06,plant-B,line7,machine9,UP,lot3,category 1,a3,code1,2,2
2026-10-06,plant-B,line8,machine6,DN,lot5,pass,pass,,0,437
2026-10-06,plant-B,line5,machine6,DN,lot3,category 1,a3,code6,9,9
2026-10-06,plant-B,line2,machine7,UP,lot9,pass,pass,,0,272
2026-10-06,plant-B,line8,machine3,UP,lot5,category 1,a3,code10,19,19
2026-10-06,plant-A,line8,machine2,DN,lot4,pass,pass,,0,422
2026-10-06,plant-B,line4,machine9,UP,lot3,category 1,a3,code2,17,17
2026-10-06,plant-A,line9,machine2,DN,lot1,pass,pass,,0,338
2026-10-06,plant-B,line4,machine9,UP,lot3,pass,pass,,0,420
2026-10-06,plant-B,line8,machine7,DN,lot6,pass,pass,,0,483
2026-10-06,plant-B,line5,machine7,UP,lot7,category 2,b3,code4,7,7
2026-10-06,plant-A,line8,machine6,DN,lot9,category 1,a4,code5,17,17
2026-10-06,plant-B,line9,machine6,DN,lot8,pass,pass,,0,370
2026-10-06,plant-B,line8,machine2,UP,lot1,category 1,a1,code7,10,10
2026-10-06,plant-B,line9,machine3,DN,lot7,category 2,b2,code10,15,15
2026-10-06,plant-B,line7,machine4,DN,lot8,pass,pass,,0,304
2026-10-06,plant-B,line7,machine1,DN,lot4,category 1,a1,code9,1,1
2026-10-06,plant-B,line1,machine4,DN,lot5,pass,pass,,0,290
2026-10-06,plant-B,line1,machine6,DN,lot6,category 2,b4,code6,5,5
2026-10-06,plant-A,line5,machine4,DN,lot2,category 2,b4,code7,10,10
2026-10-06,plant-A,line5,machine1,UP,lot1,pass,pass,,0,187
2026-10-06,plant-A,line1,machine5,UP,lot9,category 1,a2,code9,17,17
2026-10-06,plant-B,line8,machine1,DN,lot5,pass,pass,,0,365
2026-10-06,plant-A,line9,machine1,DN,lot3,category 1,a1,code3,11,11
2026-10-06,plant-A,line8,machine1,DN,lot4,category 3,a1,code1,17,17
2026-10-06,plant-A,line3,machine9,DN,lot4,pass,pass,,0,327
2026-10-06,plant-A,line1,machine7,DN,lot6,category 2,b4,code6,16,16
2026-10-06,plant-B,line8,machine9,DN,lot1,category 2,b2,code9,15,15
2026-10-06,plant-A,line9,machine3,UP,lot5,category 1,a2,code7,4,4
2026-10-06,plant-A,line4,machine4,DN,lot6,category 3,b3,code1,13,13
2026-10-06,plant-A,line6,machine6,UP,lot3,category 1,a3,code5,14,14
2026-10-06,plant-A,line5,machine9,DN,lot3,category 2,b2,code1,13,13
2026-10-06,plant-B,line8,machine1,DN,lot4,pass,pass,,0,471
2026-10-06,plant-A,line9,machine2,DN,lot8,category 2,b3,code10,13,13
2026-10-06,plant-A,line3,machine4,UP,lot3,category 1,a3,code9,19,19
2026-10-06,plant-A,line2,machine7,DN,lot2,category 1,a2,code1,14,14
2026-10-06,plant-B,line7,machine5,UP,lot3,category 2,b1,code10,6,6
2026-10-06,plant-B,line1,machine7,DN,lot6,category 2,b2,code5,11,11
2026-10-06,plant-A,line8,machine7,UP,lot1,category 3,b3,code10,4,4
2026-10-06,plant-A,line5,machine3,UP,lot4,category 2,b2,code4,3,3
2026-10-06,plant-A,line8,machine5,DN,lot5,category 1,a4,code3,4,4
2026-10-06,plant-B,line8,machine7,DN,lot1,pass,pass,,0,440
2026-10-06,plant-A,line1,machine3,UP,lot5,category 2,b3,code9,1,1
2026-10-06,plant-A,line4,machine1,DN,lot2,pass,pass,,0,368
2026-10-06,plant-B,line7,machine5,UP,lot7,pass,pass,,0,426
2026-10-06,plant-B,line9,machine3,DN,lot8,category 1,a3,code9,15,15
2026-10-06,plant-A,line4,machine6,UP,lot1,pass,pass,,0,427
2026-10-06,plant-A,line1,machine6,UP,lot7,pass,pass,,0,456
2026-10-06,plant-B,line5,machine6,UP,lot9,category 2,b4,code1,13,13
2026-10-06,plant-B,line9,machine3,UP,lot2,category 1,a4,code2,17,17
2026-10-06,plant-A,line1,machine2,UP,lot8,category 2,b1,code8,3,3
2026-10-06,plant-B,line6,machine7,DN,lot2,pass,pass,,0,245
2026-10-06,plant-A,line5,machine1,DN,lot8,category 1,a3,code4,4,4
2026-10-06,plant-B,line5,machine6,DN,lot1,category 1,a4,code7,1,1
2026-10-06,plant-B,line5,machine7,DN,lot7,pass,pass,,0,231
2026-10-06,plant-B,line1,machine9,UP,lot3,category 2,b2,code9,10,10
2026-10-06,plant-B,line3,machine2,UP,lot2,pass,pass,,0,290
2026-10-06,plant-A,line5,machine3,UP,lot6,category 2,b3,code1,7,7
2026-10-06,plant-A,line5,machine9,UP,lot9,pass,pass,,0,407
2026-10-06,plant-B,line9,machine6,UP,lot9,category 2,b2,code4,3,3
2026-10-06,plant-A,line8,machine4,DN,lot8,category 3,a1,code5,13,13
2026-10-06,plant-B,line4,machine6,DN,lot8,category 3,a2,code3,5,5
2026-10-06,plant-A,line7,machine8,DN,lot9,pass,pass,,0,315
2026-10-06,plant-B,line4,machine4,DN,lot1,category 1,a2,code4,11,11
2026-10-06,plant-B,line3,machine5,DN,lot9,pass,pass,,0,158
2026-10-06,plant-A,line9,machine8,DN,lot2,category 3,a1,code1,1,1
2026-10-06,plant-A,line5,machine2,UP,lot2,pass,pass,,0,470
2026-10-06,plant-B,line3,machine9,DN,lot5,category 1,a3,code8,19,19
2026-10-06,plant-A,line1,machine2,UP,lot9,category 3,b3,code6,9,9
2026-10-06,plant-A,line9,machine6,DN,lot4,category 2,b1,code1,5,5
2026-10-06,plant-B,line8,machine8,UP,lot9,category 2,b3,code3,1,1
2026-10-06,plant-B,line9,machine9,DN,lot2,category 3,a1,code7,4,4
2026-10-06,plant-A,line3,machine5,DN,lot3,category 3,b3,code7,18,18
2026-10-06,plant-B,line6,machine9,UP,lot9,category 1,a2,code7,5,5
2026-10-06,plant-A,line7,machine6,DN,lot1,category 3,a1,code4,2,2
2026-10-06,plant-B,line6,machine8,UP,lot1,category 1,a1,code4,13,13
2026-10-06,plant-B,line7,machine7,DN,lot5,category 1,a1,code1,9,9
2026-10-06,plant-B,line5,machine2,DN,lot5,category 1,a3,code8,11,11
2026-10-06,plant-B,line1,machine5,UP,lot1,category 3,b3,code8,3,3
2026-10-06,plant-A,line8,machine3,UP,lot7,category 3,a2,code1,6,6
2026-10-06,plant-B,line9,machine3,UP,lot4,category 3,b3,code1,9,9
2026-10-06,plant-A,line4,machine1,DN,lot1,pass,pass,,0,154
2026-10-06,plant-B,line8,machine4,UP,lot4,category 3,b3,code6,4,4
2026-10-06,plant-A,line9,machine5,UP,lot7,category 1,a4,code6,10,10
2026-10-06,plant-A,line6,machine2,UP,lot3,pass,pass,,0,455
2026-10-06,plant-A,line6,machine2,DN,lot6,category 1,a4,code7,11,11
2026-10-06,plant-B,line8,machine6,DN,lot8,category 2,b1,code10,2,2
2026-10-06,plant-A,line5,machine3,DN,lot8,category 3,a2,code8,16,16
2026-10-06,plant-B,line8,machine3,DN,lot2,category 1,a1,code2,12,12
2026-10-06,plant-A,line4,machine9,DN,lot9,pass,pass,,0,313
2026-10-06,plant-A,line1,machine6,UP,lot2,category 2,b2,code2,16,16
2026-10-06,plant-B,line7,machine9,UP,lot1,category 1,a2,code6,19,19
2026-10-06,plant-A,line6,machine6,UP,lot5,pass,pass,,0,399
2026-10-06,plant-A,line5,machine7,DN,lot3,pass,pass,,0,322
2026-10-06,plant-B,line8,machine4,UP,lot8,category 2,b3,code7,19,19
2026-10-06,plant-B,line5,machine1,UP,lot3,category 3,a1,code1,4,4
2026-10-06,plant-B,line9,machine3,DN,lot6,pass,pass,,0,462
2026-10-06,plant-A,line8,machine5,UP,lot5,category 2,b1,code2,12,12
2026-10-06,plant-B,line7,machine1,UP,lot2,category 1,a1,code9,5,5
2026-10-06,plant-B,line7,machine2,UP,lot2,category 3,b3,code7,10,10
2026-10-06,plant-B,line3,machine9,DN,lot9,pass,pass,,0,309
2026-10-06,plant-A,line6,machine6,UP,lot1,pass,pass,,0,378
2026-10-06,plant-B,line9,machine3,DN,lot3,pass,pass,,0,192
2026-10-06,plant-A,line3,machine6,DN,lot2,pass,pass,,0,450
2026-10-06,plant-A,line9,machine7,UP,lot8,category 2,b3,code5,2,2
2026-10-06,plant-B,line8,machine9,UP,lot7,category 2,b2,code10,12,12
2026-10-06,plant-A,line2,machine2,DN,lot9,category 2,b3,code2,8,8
2026-10-06,plant-B,line8,machine3,UP,lot2,pass,pass,,0,259
2026-10-06,plant-A,line6,machine4,UP,lot4,category 2,b2,code6,11,11
2026-10-06,plant-A,line3,machine6,UP,lot2,category 3,b3,code5,16,16
2026-10-06,plant-B,line7,machine3,DN,lot6,pass,pass,,0,184
2026-10-06,plant-B,line9,machine5,DN,lot3,pass,pass,,0,246
2026-10-06,plant-A,line1,machine3,UP,lot8,category 2,b4,code9,15,15
2026-10-06,plant-B,line3,machine1,UP,lot1,category 3,a1,code9,13,13
2026-10-06,plant-A,line1,machine7,DN,lot6,category 2,b4,code7,19,19
2026-10-06,plant-A,line2,machine5,UP,lot8,category 3,a1,code4,14,14
2026-10-06,plant-B,line8,machine6,UP,lot7,category 2,b3,code6,15,15
2026-10-06,plant-A,line6,machine9,UP,lot1,category 2,b1,code1,12,12
2026-10-06,plant-B,line7,machine3,UP,lot2,pass,pass,,0,313
2026-10-06,plant-A,line8,machine6,UP,lot6,category 1,a3,code2,7,7
2026-10-06,plant-A,line7,machine4,UP,lot8,category 1,a4,code7,4,4
2026-10-06,plant-B,line7,machine3,DN,lot5,category 1,a3,code3,3,3
2026-10-06,plant-B,line1,machine9,UP,lot5,category 3,a1,code10,13,13
2026-10-06,plant-B,line3,machine8,DN,lot4,category 1,a4,code10,13,13
2026-10-06,plant-B,line6,machine8,UP,lot9,category 2,b2,code6,12,12
2026-10-06,plant-B,line2,machine2,UP,lot3,category 3,b4,code7,18,18
2026-10-06,plant-A,line1,machine8,UP,lot7,pass,pass,,0,453
2026-10-06,plant-B,line2,machine9,DN,lot4,category 1,a1,code4,3,3
2026-10-06,plant-B,line8,machine2,DN,lot6,category 2,b2,code5,10,10
2026-10-06,plant-A,line4,machine9,DN,lot3,pass,pass,,0,311
2026-10-06,plant-B,line8,machine7,DN,lot2,category 1,a3,code10,14,14
2026-10-06,plant-B,line6,machine7,UP,lot1,category 2,b4,code10,18,18
2026-10-06,plant-B,line1,machine5,UP,lot3,category 1,a1,code8,12,12
2026-10-06,plant-A,line9,machine9,DN,lot1,category 1,a3,code6,8,8
2026-10-06,plant-A,line7,machine7,DN,lot4,category 2,b4,code5,5,5
2026-10-06,plant-A,line7,machine1,DN,lot1,category 1,a4,code10,2,2
2026-10-06,plant-A,line2,machine7,UP,lot6,pass,pass,,0,335
2026-10-06,plant-B,line9,machine7,UP,lot1,category 3,b4,code9,18,18
2026-10-06,plant-A,line3,machine1,UP,lot6,category 3,a2,code4,13,13
2026-10-06,plant-A,line6,machine8,UP,lot3,category 3,b4,code10,1,1
2026-10-06,plant-A,line9,machine8,UP,lot4,pass,pass,,0,305
2026-10-06,plant-B,line4,machine2,DN,lot5,category 1,a2,code10,16,16
2026-10-06,plant-B,line6,machine4,UP,lot2,category 1,a3,code9,19,19
2026-10-06,plant-A,line2,machine7,UP,lot5,category 3,b3,code7,9,9
2026-10-06,plant-A,line9,machine4,UP,lot2,category 2,b1,code2,6,6
2026-10-06,plant-B,line6,machine5,UP,lot4,category 2,b1,code9,10,10
2026-10-06,plant-B,line3,machine6,DN,lot1,category 2,b1,code10,6,6
2026-10-06,plant-A,line9,machine3,DN,lot4,pass,pass,,0,272
2026-10-06,plant-B,line4,machine3,DN,lot2,pass,pass,,0,219
2026-10-06,plant-A,line5,machine3,DN,lot9,pass,pass,,0,244
2026-10-06,plant-B,line7,machine6,UP,lot3,pass,pass,,0,467
2026-10-06,plant-A,line4,machine2,DN,lot8,category 1,a3,code7,6,6
2026-10-06,plant-B,line5,machine8,UP,lot7,category 1,a4,code9,11,11
2026-10-06,plant-A,line8,machine1,DN,lot7,pass,pass,,0,166
2026-10-06,plant-B,line6,machine1,DN,lot5,category 3,a2,code10,17,17
2026-10-06,plant-A,line8,machine6,UP,lot3,pass,pass,,0,438
2026-10-06,plant-B,line5,machine1,DN,lot1,category 2,b3,code9,2,2
2026-10-06,plant-B,line7,machine8,DN,lot5,pass,pass,,0,401
2026-10-06,plant-B,line3,machine5,DN,lot6,category 2,b2,code7,13,13
2026-10-06,plant-B,line3,machine9,DN,lot6,category 2,b3,code6,15,15
2026-10-07,,line7,machine9,UP,lot5,,,,2,2
2026-10-07,,line4,machine6,DN,lot3,,,,0,100
2026-10-07,,line8,machine8,DN,lot6,,,,4,4
2026-10-07,plant-A,line3,machine3,DN,lot7,category 3,b4,code2,4,4
2026-10-07,plant-A,line8,machine1,DN,lot7,pass,pass,,0,462
2026-10-07,plant-A,line3,machine7,DN,lot4,category 1,a1,code9,7,7
2026-10-07,plant-A,line7,machine9,DN,lot3,pass,pass,,0,333
2026-10-07,plant-A,line1,machine2,UP,lot8,category 2,b1,code7,16,16
2026-10-07,plant-B,line3,machine5,DN,lot4,pass,pass,,0,199
2026-10-07,plant-B,line5,machine3,UP,lot8,category 1,a2,code2,18,18
2026-10-07,plant-B,line9,machine6,UP,lot5,pass,pass,,0,406
2026-10-07,plant-A,line3,machine3,UP,lot7,category 1,a2,code2,13,13
2026-10-07,plant-B,line7,machine3,UP,lot9,pass,pass,,0,207
2026-10-07,plant-B,line7,machine9,DN,lot8,category 2,b4,code9,14,14
2026-10-07,plant-B,line5,machine8,DN,lot5,category 1,a4,code8,7,7
2026-10-07,plant-A,line5,machine5,UP,lot2,category 1,a1,code4,8,8
2026-10-07,plant-A,line5,machine9,DN,lot7,category 2,b2,code5,1,1
2026-10-07,plant-B,line8,machine7,DN,lot5,pass,pass,,0,421
2026-10-07,plant-A,line1,machine6,UP,lot9,pass,pass,,0,330
2026-10-07,plant-A,line9,machine8,UP,lot4,category 3,b4,code6,5,5
2026-10-07,plant-B,line6,machine9,DN,lot1,pass,pass,,0,220
2026-10-07,plant-A,line4,machine9,UP,lot2,category 1,a3,code2,2,2
2026-10-07,plant-A,line3,machine7,DN,lot3,category 1,a2,code8,19,19
2026-10-07,plant-A,line6,machine9,DN,lot3,pass,pass,,0,387
2026-10-07,plant-B,line3,machine3,DN,lot3,category 1,a1,code4,6,6
2026-10-07,plant-A,line5,machine5,DN,lot7,category 2,b1,code10,14,14
2026-10-07,plant-A,line7,machine5,UP,lot2,category 1,a3,code6,1,1
2026-10-07,plant-A,line3,machine7,UP,lot4,pass,pass,,0,401
2026-10-07,plant-A,line9,machine3,DN,lot5,category 1,a4,code10,15,15
2026-10-07,plant-A,line8,machine3,UP,lot5,pass,pass,,0,226
2026-10-07,plant-A,line6,machine5,DN,lot9,category 1,a4,code8,14,14
2026-10-07,plant-A,line4,machine5,UP,lot9,category 2,b4,code9,10,10
2026-10-07,plant-A,line8,machine1,DN,lot2,category 3,b3,code8,17,17
2026-10-07,plant-B,line9,machine8,DN,lot9,category 2,b2,code3,1,1
2026-10-07,plant-A,line8,machine1,DN,lot7,pass,pass,,0,419
2026-10-07,plant-B,line7,machine3,DN,lot7,category 2,b1,code2,16,16
2026-10-07,plant-A,line8,machine6,UP,lot5,category 1,a3,code6,13,13
2026-10-07,plant-A,line4,machine5,UP,lot8,pass,pass,,0,225
2026-10-07,plant-A,line1,machine8,UP,lot1,pass,pass,,0,393
2026-10-07,plant-A,line1,machine7,UP,lot9,category 2,b3,code3,15,15
2026-10-07,plant-B,line6,machine6,UP,lot1,pass,pass,,0,209
2026-10-07,plant-B,line5,machine3,DN,lot8,category 2,b3,code10,7,7
2026-10-07,plant-A,line9,machine5,DN,lot3,category 2,b4,code5,13,13
2026-10-07,plant-A,line5,machine5,DN,lot7,category 2,b2,code10,16,16
2026-10-07,plant-B,line5,machine5,DN,lot9,category 3,b3,code5,3,3
2026-10-07,plant-B,line9,machine4,UP,lot4,pass,pass,,0,183
2026-10-07,plant-B,line5,machine6,DN,lot8,category 3,b3,code8,7,7
2026-10-07,plant-A,line7,machine1,UP,lot4,pass,pass,,0,176
2026-10-07,plant-A,line4,machine9,UP,lot9,category 3,b4,code4,11,11
2026-10-07,plant-A,line4,machine5,UP,lot9,category 1,a4,code9,4,4
2026-10-07,plant-A,line2,machine5,DN,lot5,category 2,b2,code5,9,9
2026-10-07,plant-A,line3,machine3,UP,lot4,category 2,b4,code1,17,17
2026-10-07,plant-A,line9,machine9,UP,lot3,pass,pass,,0,360
2026-10-07,plant-A,line8,machine5,UP,lot9,pass,pass,,0,214
2026-10-07,plant-B,line7,machine8,DN,lot9,category 2,b4,code6,15,15
2026-10-07,plant-A,line4,machine9,UP,lot7,category 2,b1,code5,1,1
2026-10-07,plant-B,line8,machine6,DN,lot5,pass,pass,,0,402
2026-10-07,plant-B,line9,machine3,UP,lot2,category 1,a4,code2,7,7
2026-10-07,plant-A,line6,machine1,DN,lot3,category 2,b3,code3,19,19
2026-10-07,plant-A,line8,machine5,DN,lot9,category 3,a1,code1,2,2
2026-10-07,plant-A,line1,machine5,UP,lot3,pass,pass,,0,335
2026-10-07,plant-A,line2,machine9,UP,lot4,category 3,b4,code4,16,16
2026-10-07,plant-B,line3,machine6,UP,lot5,category 2,b4,code3,8,8
2026-10-07,plant-B,line7,machine7,DN,lot3,category 1,a4,code10,10,10
2026-10-07,plant-B,line3,machine7,UP,lot3,category 3,b4,code1,19,19
2026-10-07,plant-A,line1,machine6,DN,lot3,category 1,a4,code6,5,5
2026-10-07,plant-B,line8,machine1,DN,lot2,category 3,b3,code10,17,17
2026-10-07,plant-A,line8,machine4,DN,lot3,category 1,a1,code9,10,10
2026-10-07,plant-B,line1,machine6,DN,lot5,pass,pass,,0,240
2026-10-07,plant-B,line8,machine5,DN,lot2,category 3,a2,code5,3,3
2026-10-07,plant-B,line1,machine5,DN,lot9,pass,pass,,0,441
2026-10-07,plant-A,line1,machine3,UP,lot1,pass,pass,,0,393
2026-10-07,plant-A,line8,machine8,DN,lot4,category 3,b4,code9,7,7
2026-10-07,plant-A,line8,machine5,UP,lot3,category 2,b3,code2,19,19
2026-10-07,plant-A,line4,machine3,UP,lot3,category 3,a1,code3,2,2
2026-10-07,plant-B,line1,machine6,DN,lot3,category 1,a4,code6,16,16
2026-10-07,plant-B,line9,machine4,DN,lot6,category 1,a1,code1,5,5
2026-10-07,plant-A,line1,machine5,UP,lot7,category 2,b3,code6,12,12
2026-10-07,plant-B,line5,machine9,DN,lot8,pass,pass,,0,419
2026-10-07,plant-A,line4,machine4,DN,lot5,category 1,a1,code3,15,15
2026-10-07,plant-A,line3,machine5,UP,lot5,category 2,b4,code1,6,6
2026-10-07,plant-B,line4,machine8,DN,lot4,category 2,b3,code2,1,1
2026-10-07,plant-A,line8,machine6,DN,lot7,pass,pass,,0,199
2026-10-07,plant-B,line4,machine6,DN,lot5,pass,pass,,0,445
2026-10-07,plant-A,line7,machine7,UP,lot1,category 3,a1,code4,15,15
2026-10-07,plant-A,line3,machine7,UP,lot8,category 3,a2,code6,16,16
2026-10-07,plant-B,line6,machine6,DN,lot1,pass,pass,,0,458
2026-10-07,plant-A,line6,machine2,UP,lot7,category 2,b4,code7,13,13
2026-10-07,plant-B,line1,machine9,DN,lot2,pass,pass,,0,274
2026-10-07,plant-B,line2,machine5,UP,lot2,category 1,a2,code9,10,10
2026-10-07,plant-B,line7,machine1,UP,lot8,category 2,b4,code8,5,5
2026-10-07,plant-A,line9,machine7,UP,lot8,category 3,a2,code6,14,14
2026-10-07,plant-B,line8,machine3,DN,lot7,pass,pass,,0,482
2026-10-07,plant-A,line7,machine1,UP,lot9,category 1,a1,code1,15,15
2026-10-07,plant-B,line6,machine6,DN,lot9,category 3,b3,code4,4,4
2026-10-07,plant-A,line8,machine7,DN,lot9,category 1,a3,code9,8,8
2026-10-07,plant-B,line7,machine9,DN,lot4,category 1,a4,code2,19,19
2026-10-07,plant-B,line8,machine9,DN,lot2,pass,pass,,0,407
2026-10-07,plant-A,line6,machine8,DN,lot1,category 1,a1,code1,13,13
2026-10-07,plant-B,line5,machine9,DN,lot9,category 3,a2,code1,14,14
2026-10-07,plant-A,line4,machine7,DN,lot6,category 1,a3,code6,18,18
2026-10-07,plant-B,line8,machine8,UP,lot2,category 1,a4,code4,3,3
2026-10-07,plant-A,line7,machine3,DN,lot5,pass,pass,,0,162
2026-10-07,plant-A,line7,machine8,DN,lot7,category 3,a2,code5,4,4
2026-10-07,plant-A,line2,machine7,DN,lot9,category 3,b3,code10,17,17
2026-10-07,plant-B,line6,machine6,UP,lot7,pass,pass,,0,217
2026-10-07,plant-B,line4,machine1,UP,lot4,category 2,b4,code6,13,13
2026-10-07,plant-B,line9,machine9,DN,lot3,category 2,b4,code2,17,17
2026-10-07,plant-A,line4,machine7,DN,lot5,category 3,a1,code1,8,8
2026-10-07,plant-A,line5,machine2,UP,lot1,pass,pass,,0,270
2026-10-07,plant-B,line1,machine9,DN,lot9,category 3,b3,code5,1,1
2026-10-07,plant-A,line9,machine3,UP,lot1,category 2,b1,code6,6,6
2026-10-07,plant-B,line7,machine3,UP,lot3,category 1,a4,code7,4,4
2026-10-07,plant-A,line9,machine2,DN,lot8,category 3,a2,code7,16,16
2026-10-07,plant-A,line6,machine3,UP,lot4,category 2,b2,code2,16,16
2026-10-07,plant-B,line1,machine8,UP,lot6,pass,pass,,0,423
2026-10-07,plant-A,line3,machine6,DN,lot5,category 2,b2,code4,2,2
2026-10-07,plant-B,line2,machine6,DN,lot8,category 2,b3,code1,18,18
2026-10-07,plant-B,line7,machine3,UP,lot5,pass,pass,,0,341
2026-10-07,plant-B,line8,machine7,DN,lot2,pass,pass,,0,290
2026-10-07,plant-B,line2,machine1,UP,lot5,category 2,b3,code6,19,19
2026-10-07,plant-A,line7,machine1,UP,lot7,pass,pass,,0,245
2026-10-07,plant-B,line5,machine9,UP,lot6,pass,pass,,0,154
2026-10-07,plant-B,line8,machine2,UP,lot6,category 1,a2,code8,8,8
2026-10-07,plant-B,line9,machine7,DN,lot4,pass,pass,,0,311
2026-10-07,plant-B,line3,machine7,DN,lot7,pass,pass,,0,475
2026-10-07,plant-A,line1,machine6,UP,lot9,pass,pass,,0,258
2026-10-07,plant-A,line7,machine3,DN,lot1,pass,pass,,0,453
2026-10-07,plant-B,line8,machine7,DN,lot2,category 2,b1,code1,7,7
2026-10-07,plant-B,line8,machine7,DN,lot1,category 2,b1,code4,5,5
2026-10-07,plant-B,line1,machine7,DN,lot2,category 3,b4,code10,10,10
2026-10-07,plant-B,line8,machine6,UP,lot8,category 3,b3,code9,5,5
2026-10-07,plant-A,line1,machine2,DN,lot4,category 3,a1,code4,13,13
2026-10-07,plant-A,line5,machine9,UP,lot5,category 3,a2,code9,6,6
2026-10-07,plant-B,line8,machine1,DN,lot3,pass,pass,,0,242
2026-10-07,plant-A,line8,machine1,UP,lot5,category 3,b4,code7,14,14
2026-10-07,plant-B,line1,machine5,DN,lot3,category 1,a1,code10,15,15
2026-10-07,plant-B,line3,machine1,UP,lot9,category 3,a2,code10,17,17
2026-10-07,plant-B,line8,machine3,UP,lot5,category 2,b1,code1,15,15
2026-10-07,plant-A,line9,machine6,UP,lot8,category 3,b4,code4,16,16
2026-10-07,plant-B,line7,machine4,DN,lot8,category 3,b4,code3,17,17
2026-10-07,plant-A,line6,machine3,UP,lot6,category 3,a1,code10,9,9
2026-10-07,plant-B,line3,machine6,DN,lot3,category 1,a3,code6,8,8
2026-10-07,plant-B,line3,machine4,UP,lot8,category 3,b4,code6,11,11
2026-10-07,plant-B,line6,machine9,UP,lot3,category 2,b3,code4,16,16
2026-10-07,plant-A,line8,machine6,DN,lot5,pass,pass,,0,385
2026-10-07,plant-A,line3,machine6,DN,lot5,category 3,a2,code2,14,14
2026-10-07,plant-A,line8,machine7,UP,lot3,category 3,a2,code4,6,6
2026-10-07,plant-A,line6,machine4,UP,lot3,pass,pass,,0,415
2026-10-07,plant-B,line3,machine5,UP,lot2,pass,pass,,0,221
2026-10-07,plant-B,line7,machine5,DN,lot9,category 3,b4,code4,16,16
2026-10-07,plant-B,line6,machine4,DN,lot5,category 1,a4,code9,16,16
2026-10-07,plant-B,line4,machine8,DN,lot4,pass,pass,,0,263
2026-10-07,plant-B,line2,machine1,UP,lot6,category 3,a1,code5,6,6
2026-10-07,plant-B,line4,machine1,DN,lot1,pass,pass,,0,308
2026-10-07,plant-A,line8,machine5,DN,lot2,category 2,b4,code6,17,17
2026-10-07,plant-A,line5,machine6,DN,lot1,category 2,b1,code10,11,11
2026-10-07,plant-B,line4,machine2,UP,lot6,category 2,b4,code2,5,5
2026-10-07,plant-A,line1,machine6,UP,lot7,category 1,a2,code6,8,8
2026-10-07,plant-A,line1,machine9,UP,lot5,category 2,b1,code5,6,6
2026-10-07,plant-A,line4,machine8,UP,lot9,category 2,b1,code8,3,3
2026-10-07,plant-A,line4,machine1,UP,lot5,pass,pass,,0,395
2026-10-07,plant-B,line8,machine7,UP,lot5,category 1,a2,code9,12,12
2026-10-07,plant-A,line7,machine3,UP,lot6,pass,pass,,0,490
2026-10-07,plant-A,line3,machine2,UP,lot2,category 2,b2,code5,10,10
2026-10-07,plant-B,line8,machine8,UP,lot8,pass,pass,,0,431
2026-10-07,plant-B,line2,machine4,UP,lot1,category 3,b3,code9,7,7
2026-10-07,plant-A,line4,machine7,DN,lot3,category 3,a1,code10,18,18
2026-10-07,plant-B,line5,machine7,UP,lot8,pass,pass,,0,363
2026-10-07,plant-A,line6,machine1,DN,lot8,pass,pass,,0,300
2026-10-07,plant-A,line3,machine1,UP,lot1,category 3,a2,code1,4,4
2026-10-07,plant-A,line9,machine6,UP,lot4,category 3,a1,code1,10,10
2026-10-07,plant-A,line3,machine2,DN,lot6,pass,pass,,0,283
2026-10-07,plant-B,line7,machine2,UP,lot1,pass,pass,,0,418
2026-10-07,plant-B,line5,machine4,DN,lot5,pass,pass,,0,359
2026-10-07,plant-B,line9,machine6,UP,lot6,category 2,b1,code4,16,16
2026-10-07,plant-A,line6,machine2,UP,lot7,category 1,a2,code4,13,13
2026-10-07,plant-A,line2,machine5,DN,lot4,pass,pass,,0,441
2026-10-07,plant-B,line8,machine9,UP,lot5,category 2,b3,code1,1,1
2026-10-07,plant-A,line5,machine4,UP,lot4,category 3,b4,code10,4,4
2026-10-07,plant-A,line4,machine5,UP,lot7,pass,pass,,0,165
2026-10-07,plant-A,line1,machine7,DN,lot6,category 3,b3,code5,16,16
2026-10-07,plant-A,line2,machine3,DN,lot9,category 1,a1,code3,15,15
2026-10-07,plant-A,line5,machine8,DN,lot4,category 1,a4,code5,13,13
2026-10-07,plant-A,line5,machine1,UP,lot6,category 3,a2,code7,8,8
2026-10-07,plant-B,line1,machine5,DN,lot6,pass,pass,,0,156
2026-10-07,plant-A,line3,machine5,DN,lot2,category 1,a3,code1,17,17
2026-10-07,plant-A,line2,machine1,DN,lot4,category 1,a2,code7,13,13
2026-10-07,plant-B,line5,machine9,UP,lot2,category 1,a3,code10,13,13
2026-10-07,plant-A,line1,machine3,UP,lot9,category 1,a2,code9,7,7
2026-10-07,plant-A,line4,machine7,UP,lot2,category 1,a4,code5,10,10
2026-10-07,plant-B,line1,machine3,UP,lot2,category 1,a2,code2,5,5
2026-10-07,plant-B,line5,machine2,UP,lot4,category 1,a4,code1,12,12
2026-10-07,plant-B,line1,machine4,DN,lot1,category 2,b3,code2,1,1
2026-10-07,plant-A,line6,machine6,DN,lot2,category 1,a3,code1,10,10
2026-10-07,plant-A,line6,machine3,UP,lot5,pass,pass,,0,167
2026-10-07,plant-A,line6,machine4,DN,lot8,category 1,a4,code10,2,2
2026-10-07,plant-A,line1,machine6,UP,lot7,pass,pass,,0,435
2026-10-07,plant-A,line8,machine9,DN,lot7,category 2,b4,code6,2,2
2026-10-07,plant-A,line2,machine4,UP,lot4,category 2,b2,code7,8,8
2026-10-08,,line8,machine5,DN,lot7,,,,2,2
2026-10-08,,line2,machine1,UP,lot6,,,,1,1
2026-10-08,,line7,machine5,DN,lot3,,,,0,100
2026-10-08,plant-B,line3,machine3,DN,lot6,category 2,b1,code4,13,13
2026-10-08,plant-B,line2,machine2,UP,lot7,pass,pass,,0,216
2026-10-08,plant-B,line3,machine8,DN,lot3,pass,pass,,0,429
2026-10-08,plant-A,line2,machine7,DN,lot2,category 3,a1,code7,3,3
2026-10-08,plant-B,line5,machine5,UP,lot1,category 3,b4,code10,15,15
2026-10-08,plant-B,line5,machine7,DN,lot3,category 3,a2,code6,9,9
2026-10-08,plant-A,line9,machine8,DN,lot1,category 2,b2,code10,13,13
2026-10-08,plant-A,line6,machine3,UP,lot6,category 3,a1,code3,13,13
2026-10-08,plant-B,line4,machine8,DN,lot7,category 2,b4,code2,13,13
2026-10-08,plant-A,line4,machine3,DN,lot2,category 2,b4,code3,1,1
2026-10-08,plant-B,line3,machine2,DN,lot5,pass,pass,,0,152
2026-10-08,plant-B,line3,machine1,DN,lot1,category 3,b3,code5,11,11
2026-10-08,plant-B,line1,machine8,UP,lot2,category 3,a2,code9,17,17
2026-10-08,plant-A,line2,machine5,DN,lot5,category 1,a3,code4,7,7
2026-10-08,plant-A,line2,machine5,DN,lot5,pass,pass,,0,401
2026-10-08,plant-B,line6,machine4,DN,lot3,category 1,a3,code5,6,6
2026-10-08,plant-A,line5,machine9,UP,lot3,pass,pass,,0,275
2026-10-08,plant-B,line9,machine5,DN,lot6,category 2,b2,code9,7,7
2026-10-08,plant-B,line2,machine3,DN,lot3,category 3,b4,code6,12,12
2026-10-08,plant-A,line1,machine9,UP,lot5,category 1,a1,code7,9,9
2026-10-08,plant-B,line2,machine8,UP,lot6,pass,pass,,0,330
2026-10-08,plant-B,line2,machine1,UP,lot2,category 1,a1,code5,19,19
2026-10-08,plant-B,line7,machine5,DN,lot4,category 3,a1,code5,12,12
2026-10-08,plant-A,line9,machine2,DN,lot9,category 2,b4,code5,8,8
2026-10-08,plant-B,line9,machine4,UP,lot2,category 1,a4,code9,6,6
2026-10-08,plant-B,line5,machine3,DN,lot1,pass,pass,,0,483
2026-10-08,plant-B,line2,machine9,DN,lot9,pass,pass,,0,351
2026-10-08,plant-A,line4,machine2,UP,lot9,category 2,b4,code8,14,14
2026-10-08,plant-A,line5,machine7,UP,lot9,category 1,a3,code10,4,4
2026-10-08,plant-A,line5,machine6,DN,lot3,category 3,a1,code4,19,19
2026-10-08,plant-A,line1,machine2,DN,lot7,category 3,b4,code1,5,5
2026-10-08,plant-B,line1,machine7,UP,lot6,category 1,a4,code3,15,15
2026-10-08,plant-B,line5,machine1,UP,lot1,category 2,b1,code7,19,19
2026-10-08,plant-A,line9,machine6,DN,lot5,category 1,a4,code7,14,14
2026-10-08,plant-B,line2,machine8,UP,lot7,category 2,b2,code5,5,5
2026-10-08,plant-A,line6,machine4,DN,lot7,category 3,a1,code5,14,14
2026-10-08,plant-A,line8,machine2,UP,lot3,category 1,a2,code6,2,2
2026-10-08,plant-A,line1,machine8,DN,lot1,category 2,b4,code2,6,6
2026-10-08,plant-A,line8,machine3,DN,lot4,pass,pass,,0,212
2026-10-08,plant-B,line8,machine2,UP,lot2,category 1,a4,code4,16,16
2026-10-08,plant-B,line9,machine4,UP,lot3,category 3,b4,code5,6,6
2026-10-08,plant-B,line4,machine4,DN,lot8,pass,pass,,0,428
2026-10-08,plant-B,line3,machine9,DN,lot2,category 1,a2,code6,12,12
2026-10-08,plant-A,line2,machine5,UP,lot8,category 1,a1,code9,3,3
2026-10-08,plant-B,line1,machine9,DN,lot4,category 3,b4,code1,1,1
2026-10-08,plant-B,line7,machine9,UP,lot7,pass,pass,,0,389
2026-10-08,plant-B,line8,machine8,DN,lot8,pass,pass,,0,484
2026-10-08,plant-A,line2,machine2,DN,lot9,category 1,a3,code10,19,19
2026-10-08,plant-A,line8,machine4,UP,lot7,category 2,b1,code9,19,19
2026-10-08,plant-B,line6,machine2,DN,lot6,category 3,b4,code5,13,13
2026-10-08,plant-B,line5,machine2,UP,lot2,category 1,a3,code7,9,9
2026-10-08,plant-A,line3,machine2,UP,lot6,category 1,a3,code7,19,19
2026-10-08,plant-A,line6,machine7,UP,lot3,category 3,a2,code3,15,15
2026-10-08,plant-A,line7,machine9,UP,lot1,category 1,a2,code6,17,17
2026-10-08,plant-B,line2,machine9,UP,lot8,pass,pass,,0,444
2026-10-08,plant-A,line5,machine3,UP,lot9,category 2,b2,code1,19,19
2026-10-08,plant-B,line6,machine4,UP,lot8,pass,pass,,0,451
2026-10-08,plant-A,line8,machine6,DN,lot6,category 3,a1,code5,14,14
2026-10-08,plant-A,line8,machine7,DN,lot8,category 1,a3,code2,16,16
2026-10-08,plant-B,line6,machine9,UP,lot1,pass,pass,,0,469
2026-10-08,plant-B,line3,machine5,UP,lot4,pass,pass,,0,435
2026-10-08,plant-B,line1,machine1,UP,lot8,category 3,b3,code8,3,3
2026-10-08,plant-A,line9,machine4,UP,lot5,category 3,b3,code5,4,4
2026-10-08,plant-A,line6,machine2,UP,lot1,category 2,b1,code9,18,18
2026-10-08,plant-A,line8,machine6,DN,lot4,category 3,a2,code3,15,15
2026-10-08,plant-B,line6,machine6,DN,lot4,pass,pass,,0,491
2026-10-08,plant-A,line2,machine7,UP,lot1,category 3,a2,code10,16,16
2026-10-08,plant-B,line6,machine6,DN,lot1,category 3,a2,code4,19,19
2026-10-08,plant-A,line7,machine4,DN,lot9,category 3,b3,code4,1,1
2026-10-08,plant-A,line1,machine1,DN,lot1,category 2,b2,code4,2,2
2026-10-08,plant-A,line6,machine4,DN,lot4,category 2,b3,code9,3,3
2026-10-08,plant-A,line1,machine3,DN,lot7,category 1,a3,code9,14,14
2026-10-08,plant-A,line6,machine5,DN,lot2,category 3,a1,code7,11,11
2026-10-08,plant-A,line8,machine2,DN,lot8,pass,pass,,0,379
2026-10-08,plant-B,line2,machine8,UP,lot7,category 2,b4,code9,4,4
2026-10-08,plant-A,line8,machine4,DN,lot8,category 3,b3,code8,7,7
2026-10-08,plant-A,line7,machine5,DN,lot4,category 2,b2,code2,4,4
2026-10-08,plant-A,line5,machine6,DN,lot4,category 1,a4,code8,16,16
2026-10-08,plant-A,line1,machine9,UP,lot3,category 1,a4,code7,18,18
2026-10-08,plant-A,line8,machine1,DN,lot1,category 2,b2,code8,2,2
2026-10-08,plant-A,line6,machine3,UP,lot2,category 1,a3,code10,11,11
2026-10-08,plant-B,line3,machine7,DN,lot1,pass,pass,,0,284
2026-10-08,plant-B,line3,machine3,UP,lot4,category 2,b4,code9,9,9
2026-10-08,plant-A,line1,machine4,DN,lot8,category 1,a4,code5,11,11
2026-10-08,plant-B,line3,machine7,UP,lot2,pass,pass,,0,448
2026-10-08,plant-A,line5,machine4,UP,lot8,category 2,b3,code7,15,15
2026-10-08,plant-A,line7,machine1,DN,lot8,category 3,b3,code2,13,13
2026-10-08,plant-B,line5,machine4,UP,lot2,pass,pass,,0,228
2026-10-08,plant-B,line8,machine8,DN,lot5,pass,pass,,0,434
2026-10-08,plant-A,line2,machine1,DN,lot4,category 3,b4,code5,5,5
2026-10-08,plant-B,line3,machine6,DN,lot3,category 3,a1,code2,1,1
2026-10-08,plant-A,line4,machine3,DN,lot9,category 2,b3,code9,10,10
2026-10-08,plant-B,line2,machine2,UP,lot1,pass,pass,,0,429
2026-10-08,plant-A,line9,machine2,UP,lot8,category 2,b2,code6,14,14
2026-10-08,plant-B,line4,machine7,DN,lot1,category 1,a1,code1,11,11
2026-10-08,plant-B,line5,machine9,DN,lot3,category 1,a1,code10,5,5
2026-10-08,plant-A,line4,machine1,DN,lot5,category 1,a1,code6,16,16
2026-10-08,plant-A,line1,machine4,UP,lot1,category 2,b1,code8,5,5
2026-10-08,plant-A,line6,machine7,UP,lot6,pass,pass,,0,416
2026-10-08,plant-A,line2,machine5,UP,lot7,category 3,b4,code1,6,6
2026-10-08,plant-B,line8,machine3,DN,lot6,pass,pass,,0,399
2026-10-08,plant-A,line2,machine3,DN,lot2,pass,pass,,0,158
2026-10-08,plant-B,line5,machine8,DN,lot8,category 1,a2,code8,12,12
2026-10-08,plant-A,line6,machine5,UP,lot1,pass,pass,,0,271
2026-10-08,plant-B,line1,machine9,UP,lot4,category 1,a1,code2,13,13
2026-10-08,plant-A,line9,machine2,DN,lot6,category 3,b4,code4,6,6
2026-10-08,plant-B,line9,machine4,DN,lot1,pass,pass,,0,247
2026-10-08,plant-B,line8,machine2,DN,lot4,category 1,a1,code7,14,14
2026-10-08,plant-B,line3,machine5,DN,lot6,category 2,b2,code8,6,6
2026-10-08,plant-A,line8,machine3,UP,lot3,pass,pass,,0,310
2026-10-08,plant-A,line9,machine4,DN,lot5,category 2,b4,code1,6,6
2026-10-08,plant-B,line3,machine3,DN,lot2,category 2,b1,code4,19,19
2026-10-08,plant-B,line6,machine9,UP,lot5,pass,pass,,0,164
2026-10-08,plant-A,line5,machine5,DN,lot7,category 1,a1,code7,9,9
2026-10-08,plant-B,line4,machine2,DN,lot3,category 2,b1,code9,8,8
2026-10-08,plant-B,line1,machine6,DN,lot9,category 2,b4,code3,17,17
2026-10-08,plant-B,line7,machine6,UP,lot2,category 1,a4,code9,15,15
2026-10-08,plant-B,line1,machine4,DN,lot8,pass,pass,,0,377
2026-10-08,plant-B,line7,machine4,UP,lot6,category 3,b3,code7,6,6
2026-10-08,plant-A,line5,machine9,DN,lot6,pass,pass,,0,370
2026-10-08,plant-A,line2,machine4,UP,lot4,pass,pass,,0,377
2026-10-08,plant-B,line2,machine6,DN,lot8,pass,pass,,0,175
2026-10-08,plant-A,line6,machine6,DN,lot8,category 2,b4,code7,14,14
2026-10-08,plant-A,line2,machine7,UP,lot7,pass,pass,,0,494
2026-10-08,plant-A,line6,machine6,UP,lot9,category 2,b3,code5,14,14
2026-10-08,plant-A,line8,machine6,UP,lot7,category 1,a4,code8,1,1
2026-10-08,plant-A,line2,machine8,UP,lot3,category 1,a2,code3,17,17
2026-10-08,plant-A,line4,machine9,UP,lot1,category 2,b3,code7,11,11
2026-10-08,plant-A,line8,machine8,DN,lot2,category 3,a2,code3,17,17
2026-10-08,plant-A,line2,machine6,DN,lot7,category 1,a3,code1,4,4
2026-10-08,plant-A,line7,machine9,DN,lot5,pass,pass,,0,382
2026-10-08,plant-B,line8,machine7,UP,lot1,category 3,b3,code9,15,15
2026-10-08,plant-B,line8,machine9,DN,lot6,category 2,b4,code10,8,8
2026-10-08,plant-B,line4,machine5,DN,lot2,pass,pass,,0,248
2026-10-08,plant-B,line5,machine5,DN,lot5,category 1,a4,code6,8,8
2026-10-08,plant-B,line6,machine5,UP,lot9,category 1,a3,code2,5,5
2026-10-08,plant-B,line4,machine1,DN,lot9,pass,pass,,0,463
2026-10-08,plant-A,line7,machine9,DN,lot3,pass,pass,,0,460
2026-10-08,plant-A,line7,machine7,DN,lot7,category 2,b3,code2,1,1
2026-10-08,plant-A,line4,machine8,UP,lot6,pass,pass,,0,190
2026-10-08,plant-B,line6,machine2,DN,lot6,pass,pass,,0,247
2026-10-08,plant-A,line8,machine6,DN,lot1,pass,pass,,0,220
2026-10-08,plant-B,line4,machine5,DN,lot1,category 1,a1,code6,3,3
2026-10-08,plant-B,line6,machine4,UP,lot5,category 1,a3,code10,9,9
2026-10-08,plant-B,line4,machine4,DN,lot4,pass,pass,,0,477
2026-10-08,plant-A,line1,machine2,UP,lot2,category 1,a3,code6,15,15
2026-10-08,plant-A,line3,machine9,UP,lot5,category 3,b3,code4,4,4
2026-10-08,plant-B,line3,machine4,DN,lot7,pass,pass,,0,239
2026-10-08,plant-B,line7,machine1,DN,lot6,pass,pass,,0,363
2026-10-08,plant-A,line8,machine5,DN,lot5,category 2,b2,code4,9,9
2026-10-08,plant-B,line4,machine1,DN,lot1,pass,pass,,0,349
2026-10-08,plant-A,line6,machine2,DN,lot9,category 3,b4,code3,18,18
2026-10-08,plant-B,line7,machine9,UP,lot5,category 2,b3,code4,15,15
2026-10-08,plant-B,line1,machine5,DN,lot2,category 2,b4,code9,7,7
2026-10-08,plant-A,line9,machine6,UP,lot7,category 1,a4,code9,17,17
2026-10-08,plant-A,line7,machine3,UP,lot4,category 1,a4,code7,8,8
2026-10-08,plant-A,line7,machine8,DN,lot1,category 2,b1,code6,2,2
2026-10-08,plant-A,line2,machine8,DN,lot6,category 1,a4,code10,2,2
2026-10-08,plant-B,line7,machine5,UP,lot8,category 1,a4,code7,14,14
2026-10-08,plant-A,line2,machine3,UP,lot1,category 1,a3,code5,19,19
2026-10-08,plant-B,line1,machine8,DN,lot7,category 3,b3,code9,6,6
2026-10-08,plant-A,line8,machine9,DN,lot4,pass,pass,,0,388
2026-10-08,plant-A,line1,machine4,DN,lot8,pass,pass,,0,439
2026-10-08,plant-A,line1,machine1,DN,lot7,pass,pass,,0,286
2026-10-08,plant-A,line7,machine2,UP,lot9,category 3,b3,code8,11,11
2026-10-08,plant-A,line4,machine1,DN,lot8,category 2,b4,code8,19,19
2026-10-08,plant-A,line9,machine5,UP,lot6,pass,pass,,0,191
2026-10-08,plant-B,line1,machine1,DN,lot5,category 3,a1,code3,17,17
2026-10-08,plant-A,line9,machine8,DN,lot1,pass,pass,,0,296
2026-10-08,plant-A,line5,machine9,DN,lot2,category 3,b3,code9,16,16
2026-10-08,plant-B,line3,machine6,UP,lot4,category 2,b1,code10,14,14
2026-10-08,plant-B,line3,machine9,UP,lot9,category 3,a2,code10,14,14
2026-10-08,plant-A,line6,machine9,UP,lot5,pass,pass,,0,317
2026-10-08,plant-A,line1,machine6,UP,lot5,category 1,a1,code6,6,6
2026-10-08,plant-B,line7,machine7,DN,lot3,pass,pass,,0,257
2026-10-08,plant-A,line4,machine5,UP,lot9,category 3,b3,code3,5,5
2026-10-08,plant-B,line3,machine5,DN,lot4,category 3,a2,code2,4,4
2026-10-08,plant-A,line9,machine6,UP,lot4,pass,pass,,0,318
2026-10-08,plant-B,line5,machine3,DN,lot5,pass,pass,,0,152
2026-10-08,plant-B,line9,machine7,DN,lot6,category 3,a1,code4,8,8
2026-10-08,plant-B,line1,machine3,UP,lot6,category 2,b4,code7,7,7
2026-10-08,plant-B,line2,machine9,DN,lot5,pass,pass,,0,381
2026-10-08,plant-A,line5,machine1,DN,lot4,category 2,b3,code3,2,2
2026-10-08,plant-A,line8,machine1,DN,lot9,category 1,a2,code3,18,18
2026-10-08,plant-B,line2,machine2,DN,lot1,category 3,b3,code2,10,10
2026-10-08,plant-B,line3,machine6,DN,lot4,category 1,a1,code3,18,18
2026-10-08,plant-A,line4,machine8,UP,lot3,category 2,b3,code8,4,4
2026-10-08,plant-A,line2,machine3,DN,lot8,pass,pass,,0,385
2026-10-08,plant-A,line2,machine3,UP,lot9,category 1,a3,code8,15,15
2026-10-08,plant-B,line4,machine4,DN,lot4,pass,pass,,0,154
2026-10-08,plant-A,line5,machine5,UP,lot7,category 3,b3,code8,18,18
2026-10-08,plant-B,line7,machine2,DN,lot2,category 3,a2,code2,12,12
2026-10-08,plant-A,line2,machine3,UP,lot1,category 2,b2,code3,19,19
2026-10-08,plant-A,line3,machine8,DN,lot7,category 1,a2,code5,6,6
2026-10-08,plant-A,line5,machine9,UP,lot7,category 1,a2,code1,2,2
2026-10-08,plant-B,line3,machine9,DN,lot9,category 1,a3,code3,1,1
2026-10-08,plant-A,line2,machine4,DN,lot2,pass,pass,,0,482
2026-10-09,,line4,machine2,UP,lot2,,,,3,3
2026-10-09,,line7,machine1,DN,lot3,,,,0,100
2026-10-09,,line8,machine4,DN,lot4,,,,0,100
2026-10-09,plant-B,line8,machine8,DN,lot9,category 2,b1,code5,6,6
2026-10-09,plant-B,line9,machine4,UP,lot9,category 3,b3,code8,15,15
2026-10-09,plant-B,line7,machine6,UP,lot3,category 3,a1,code1,10,10
2026-10-09,plant-B,line7,machine3,DN,lot3,category 1,a2,code9,11,11
2026-10-09,plant-B,line2,machine9,UP,lot7,category 3,a2,code5,10,10
2026-10-09,plant-A,line7,machine4,DN,lot1,pass,pass,,0,401
2026-10-09,plant-B,line4,machine1,UP,lot9,category 1,a1,code6,7,7
2026-10-09,plant-A,line7,machine3,UP,lot6,category 2,b1,code6,12,12
2026-10-09,plant-B,line4,machine8,UP,lot2,pass,pass,,0,444
2026-10-09,plant-B,line1,machine6,UP,lot8,category 1,a1,code2,13,13
2026-10-09,plant-A,line2,machine4,UP,lot7,category 3,b4,code5,2,2
2026-10-09,plant-B,line1,machine6,UP,lot6,pass,pass,,0,420
2026-10-09,plant-A,line9,machine5,UP,lot7,category 1,a2,code2,17,17
2026-10-09,plant-A,line3,machine2,DN,lot2,pass,pass,,0,419
2026-10-09,plant-B,line3,machine9,UP,lot3,category 1,a1,code8,9,9
2026-10-09,plant-A,line5,machine8,UP,lot2,category 2,b3,code7,8,8
2026-10-09,plant-B,line3,machine3,DN,lot4,pass,pass,,0,259
2026-10-09,plant-B,line4,machine4,DN,lot6,pass,pass,,0,268
2026-10-09,plant-A,line3,machine3,DN,lot2,pass,pass,,0,485
2026-10-09,plant-A,line3,machine5,DN,lot9,pass,pass,,0,449
2026-10-09,plant-B,line5,machine8,DN,lot5,pass,pass,,0,353
2026-10-09,plant-A,line5,machine5,DN,lot9,category 3,a1,code10,14,14
2026-10-09,plant-B,line8,machine3,DN,lot6,pass,pass,,0,155
2026-10-09,plant-A,line8,machine7,DN,lot6,category 2,b3,code1,14,14
2026-10-09,plant-A,line2,machine9,DN,lot3,category 3,a2,code7,9,9
2026-10-09,plant-A,line2,machine3,DN,lot5,category 3,b3,code2,13,13
2026-10-09,plant-B,line7,machine3,DN,lot8,category 1,a2,code6,14,14
2026-10-09,plant-A,line1,machine8,UP,lot7,category 1,a4,code10,14,14
2026-10-09,plant-B,line6,machine9,UP,lot3,category 3,b3,code9,4,4
2026-10-09,plant-B,line8,machine8,DN,lot3,category 3,b3,code10,9,9
2026-10-09,plant-B,line4,machine5,DN,lot1,pass,pass,,0,347
2026-10-09,plant-B,line5,machine2,DN,lot2,pass,pass,,0,489
2026-10-09,plant-B,line1,machine6,DN,lot5,pass,pass,,0,180
2026-10-09,plant-A,line6,machine5,DN,lot4,category 2,b2,code2,13,13
2026-10-09,plant-A,line5,machine2,DN,lot3,category 2,b1,code2,6,6
2026-10-09,plant-B,line8,machine3,DN,lot7,category 2,b3,code10,17,17
2026-10-09,plant-B,line3,machine3,UP,lot5,pass,pass,,0,416
2026-10-09,plant-B,line6,machine3,DN,lot5,category 3,a1,code3,13,13
2026-10-09,plant-B,line5,machine6,DN,lot1,category 2,b3,code9,17,17
2026-10-09,plant-B,line5,machine1,UP,lot9,category 2,b4,code5,19,19
2026-10-09,plant-B,line7,machine4,UP,lot5,category 3,a2,code7,15,15
2026-10-09,plant-B,line7,machine7,UP,lot7,pass,pass,,0,440
2026-10-09,plant-B,line2,machine2,UP,lot4,pass,pass,,0,245
2026-10-09,plant-A,line7,machine4,DN,lot2,pass,pass,,0,356
2026-10-09,plant-B,line5,machine5,DN,lot8,category 1,a1,code2,13,13
2026-10-09,plant-A,line1,machine7,UP,lot6,category 2,b1,code2,4,4
2026-10-09,plant-A,line8,machine2,UP,lot4,category 1,a1,code10,17,17
2026-10-09,plant-A,line5,machine7,DN,lot8,pass,pass,,0,372
2026-10-09,plant-A,line8,machine9,DN,lot3,category 1,a1,code4,15,15
2026-10-09,plant-A,line8,machine2,UP,lot2,category 3,b3,code5,9,9
2026-10-09,plant-B,line7,machine3,UP,lot6,category 2,b3,code1,16,16
2026-10-09,plant-B,line1,machine2,DN,lot8,pass,pass,,0,464
2026-10-09,plant-B,line8,machine6,DN,lot4,pass,pass,,0,328
2026-10-09,plant-B,line9,machine5,UP,lot6,pass,pass,,0,314
2026-10-09,plant-A,line3,machine8,DN,lot7,category 1,a3,code7,15,15
2026-10-09,plant-A,line2,machine4,UP,lot6,category 1,a3,code3,15,15
2026-10-09,plant-A,line1,machine5,UP,lot8,category 3,a2,code6,10,10
2026-10-09,plant-B,line4,machine1,DN,lot3,category 2,b1,code4,18,18
2026-10-09,plant-A,line1,machine2,DN,lot3,category 2,b2,code5,1,1
2026-10-09,plant-A,line4,machine2,UP,lot5,category 1,a4,code10,13,13
2026-10-09,plant-B,line4,machine7,UP,lot3,pass,pass,,0,492
2026-10-09,plant-A,line9,machine7,DN,lot8,category 3,a2,code9,6,6
2026-10-09,plant-A,line5,machine7,DN,lot9,pass,pass,,0,446
2026-10-09,plant-A,line4,machine6,DN,lot9,category 1,a1,code1,13,13
2026-10-09,plant-A,line3,machine5,UP,lot5,pass,pass,,0,159
2026-10-09,plant-A,line6,machine2,UP,lot7,category 2,b4,code1,4,4
2026-10-09,plant-B,line4,machine9,UP,lot2,category 2,b1,code9,1,1
2026-10-09,plant-B,line2,machine4,DN,lot5,category 2,b4,code6,19,19
2026-10-09,plant-A,line1,machine8,DN,lot3,pass,pass,,0,348
2026-10-09,plant-A,line2,machine7,UP,lot9,category 1,a1,code4,8,8
2026-10-09,plant-B,line2,machine1,DN,lot7,category 2,b4,code9,9,9
2026-10-09,plant-A,line5,machine7,UP,lot7,pass,pass,,0,159
2026-10-09,plant-A,line4,machine3,DN,lot9,pass,pass,,0,484
2026-10-09,plant-B,line8,machine1,UP,lot6,category 1,a1,code1,15,15
2026-10-09,plant-A,line5,machine8,UP,lot4,category 2,b3,code2,10,10
2026-10-09,plant-B,line5,machine7,UP,lot2,pass,pass,,0,170
2026-10-09,plant-B,line3,machine1,DN,lot6,category 3,b4,code5,1,1
2026-10-09,plant-B,line4,machine6,DN,lot6,category 2,b1,code10,9,9
2026-10-09,plant-B,line7,machine2,DN,lot6,category 3,b3,code3,14,14
2026-10-09,plant-B,line4,machine7,UP,lot1,category 2,b2,code4,13,13
2026-10-09,plant-B,line2,machine1,DN,lot8,pass,pass,,0,333
2026-10-09,plant-B,line1,machine4,DN,lot8,pass,pass,,0,183
2026-10-09,plant-A,line4,machine2,UP,lot4,category 1,a4,code8,4,4
2026-10-09,plant-A,line1,machine4,DN,lot9,category 1,a4,code5,19,19
2026-10-09,plant-A,line7,machine8,UP,lot7,pass,pass,,0,158
2026-10-09,plant-B,line7,machine9,UP,lot5,category 3,a2,code5,8,8
2026-10-09,plant-A,line9,machine3,UP,lot6,category 2,b2,code4,11,11
2026-10-09,plant-A,line7,machine5,DN,lot7,category 1,a1,code8,19,19
2026-10-09,plant-A,line3,machine9,UP,lot2,pass,pass,,0,201
2026-10-09,plant-A,line7,machine7,UP,lot5,category 2,b3,code2,15,15
2026-10-09,plant-A,line4,machine8,DN,lot5,category 2,b1,code6,8,8
2026-10-09,plant-A,line4,machine2,DN,lot1,pass,pass,,0,179
2026-10-09,plant-A,line8,machine9,UP,lot2,category 3,b3,code4,9,9
2026-10-09,plant-A,line3,machine5,UP,lot6,category 1,a4,code10,5,5
2026-10-09,plant-B,line6,machine8,UP,lot6,category 2,b2,code2,8,8
2026-10-09,plant-B,line8,machine7,DN,lot7,category 1,a2,code1,4,4
2026-10-09,plant-A,line8,machine7,DN,lot6,category 3,a1,code9,6,6
2026-10-09,plant-B,line1,machine8,DN,lot8,pass,pass,,0,333
2026-10-09,plant-B,line7,machine7,DN,lot4,pass,pass,,0,401
2026-10-09,plant-A,line3,machine2,UP,lot4,category 2,b1,code2,17,17
2026-10-09,plant-B,line5,machine9,DN,lot6,category 2,b3,code4,17,17
2026-10-09,plant-B,line1,machine9,UP,lot1,category 1,a1,code1,16,16
2026-10-09,plant-A,line7,machine1,UP,lot2,category 1,a4,code9,2,2
2026-10-09,plant-B,line4,machine5,UP,lot9,category 1,a2,code10,12,12
2026-10-09,plant-B,line9,machine5,DN,lot5,category 2,b4,code8,9,9
2026-10-09,plant-A,line3,machine4,UP,lot5,category 1,a4,code3,17,17
2026-10-09,plant-B,line7,machine2,UP,lot4,category 3,a2,code8,1,1
2026-10-09,plant-B,line1,machine2,DN,lot9,pass,pass,,0,354
2026-10-09,plant-A,line2,machine5,UP,lot5,category 1,a4,code10,3,3
2026-10-09,plant-A,line5,machine5,UP,lot1,category 1,a2,code2,7,7
2026-10-09,plant-A,line5,machine2,UP,lot3,category 2,b4,code2,13,13
2026-10-09,plant-A,line3,machine1,UP,lot6,category 2,b3,code4,1,1
2026-10-09,plant-A,line2,machine7,DN,lot7,category 1,a4,code1,4,4
2026-10-09,plant-A,line5,machine1,UP,lot7,category 2,b1,code1,16,16
2026-10-09,plant-B,line6,machine2,UP,lot4,pass,pass,,0,428
2026-10-09,plant-A,line3,machine8,UP,lot9,category 3,b4,code3,17,17
2026-10-09,plant-B,line1,machine5,DN,lot2,pass,pass,,0,453
2026-10-09,plant-A,line5,machine4,DN,lot5,pass,pass,,0,363
2026-10-09,plant-B,line9,machine1,DN,lot9,category 2,b1,code8,12,12
2026-10-09,plant-B,line9,machine1,UP,lot4,category 3,a2,code3,7,7
2026-10-09,plant-B,line2,machine4,UP,lot1,category 2,b4,code8,14,14
2026-10-09,plant-B,line3,machine8,DN,lot3,pass,pass,,0,219
2026-10-09,plant-B,line4,machine8,UP,lot2,pass,pass,,0,354
2026-10-09,plant-B,line4,machine4,UP,lot4,category 1,a2,code4,16,16
2026-10-09,plant-B,line5,machine8,UP,lot7,pass,pass,,0,171
2026-10-09,plant-A,line2,machine2,DN,lot7,category 2,b2,code10,7,7
2026-10-09,plant-B,line2,machine9,DN,lot8,pass,pass,,0,223
2026-10-09,plant-B,line9,machine8,UP,lot4,pass,pass,,0,164
2026-10-09,plant-B,line8,machine4,UP,lot2,category 2,b1,code8,8,8
2026-10-09,plant-B,line8,machine9,UP,lot1,pass,pass,,0,366
2026-10-09,plant-B,line1,machine8,DN,lot4,category 2,b4,code7,2,2
2026-10-09,plant-B,line3,machine1,UP,lot8,pass,pass,,0,430
2026-10-09,plant-A,line1,machine1,DN,lot1,category 1,a4,code10,9,9
2026-10-09,plant-A,line7,machine9,UP,lot1,category 1,a1,code4,4,4
2026-10-09,plant-A,line5,machine8,UP,lot3,category 3,b4,code9,9,9
2026-10-09,plant-A,line3,machine4,DN,lot7,category 2,b2,code8,11,11
2026-10-09,plant-B,line7,machine3,UP,lot3,category 3,b4,code4,15,15
2026-10-09,plant-A,line5,machine5,DN,lot2,category 1,a4,code5,16,16
2026-10-09,plant-B,line6,machine7,UP,lot9,category 1,a2,code4,13,13
2026-10-09,plant-B,line8,machine8,UP,lot8,category 1,a2,code3,17,17
2026-10-09,plant-B,line5,machine4,DN,lot6,category 3,b4,code1,7,7
2026-10-09,plant-A,line8,machine5,DN,lot2,category 1,a4,code3,2,2
2026-10-09,plant-B,line4,machine2,DN,lot5,category 2,b1,code7,1,1
2026-10-09,plant-A,line8,machine8,UP,lot5,category 3,a2,code1,17,17
2026-10-09,plant-B,line9,machine4,UP,lot1,pass,pass,,0,347
2026-10-09,plant-A,line5,machine9,DN,lot7,category 3,b4,code4,8,8
2026-10-09,plant-A,line7,machine6,UP,lot5,category 2,b1,code7,4,4
2026-10-09,plant-A,line2,machine6,DN,lot7,category 3,b4,code6,7,7
2026-10-09,plant-B,line6,machine4,UP,lot3,category 1,a1,code1,15,15
2026-10-09,plant-A,line9,machine2,DN,lot5,category 1,a3,code3,13,13
2026-10-09,plant-B,line2,machine9,UP,lot9,category 2,b4,code7,11,11
2026-10-09,plant-B,line6,machine8,UP,lot2,pass,pass,,0,165
2026-10-09,plant-B,line6,machine3,DN,lot2,pass,pass,,0,491
2026-10-09,plant-A,line8,machine1,DN,lot5,category 3,b3,code6,16,16
2026-10-09,plant-A,line7,machine2,UP,lot2,pass,pass,,0,181
2026-10-09,plant-A,line3,machine4,UP,lot3,pass,pass,,0,398
2026-10-09,plant-A,line8,machine2,UP,lot7,category 1,a2,code10,9,9
2026-10-09,plant-B,line1,machine4,DN,lot6,category 2,b2,code10,5,5
2026-10-09,plant-A,line3,machine3,UP,lot2,category 1,a3,code3,18,18
2026-10-09,plant-B,line6,machine2,UP,lot6,category 3,b3,code7,19,19
2026-10-09,plant-A,line4,machine8,DN,lot2,pass,pass,,0,478
2026-10-09,plant-B,line1,machine7,UP,lot7,category 1,a2,code2,2,2
2026-10-09,plant-B,line1,machine5,UP,lot5,category 1,a2,code9,6,6
2026-10-09,plant-A,line7,machine3,DN,lot5,category 1,a3,code5,11,11
2026-10-09,plant-B,line5,machine2,DN,lot2,pass,pass,,0,406
2026-10-09,plant-A,line2,machine4,DN,lot1,category 2,b3,code5,10,10
2026-10-09,plant-A,line4,machine7,DN,lot7,category 1,a2,code9,18,18
2026-10-09,plant-A,line4,machine6,UP,lot6,category 2,b1,code1,19,19
2026-10-09,plant-A,line4,machine5,UP,lot5,category 3,b4,code8,2,2
2026-10-09,plant-B,line2,machine8,UP,lot6,category 2,b3,code10,13,13
2026-10-09,plant-A,line5,machine2,DN,lot5,pass,pass,,0,280
2026-10-09,plant-B,line1,machine8,UP,lot9,category 1,a4,code6,17,17
2026-10-09,plant-A,line7,machine6,UP,lot8,pass,pass,,0,433
2026-10-09,plant-A,line2,machine6,DN,lot6,category 1,a2,code1,7,7
2026-10-09,plant-B,line4,machine6,UP,lot4,category 1,a1,code6,6,6
2026-10-09,plant-A,line8,machine9,DN,lot3,category 1,a2,code7,1,1
2026-10-09,plant-A,line6,machine3,UP,lot5,category 2,b1,code3,19,19
2026-10-09,plant-B,line7,machine4,UP,lot7,category 3,a1,code7,6,6
2026-10-09,plant-B,line4,machine8,DN,lot5,category 3,b3,code5,13,13
2026-10-09,plant-B,line1,machine5,DN,lot5,category 2,b4,code1,13,13
2026-10-09,plant-B,line3,machine4,UP,lot7,pass,pass,,0,152
2026-10-09,plant-B,line2,machine1,DN,lot9,pass,pass,,0,187
2026-10-09,plant-A,line2,machine1,DN,lot8,category 1,a3,code1,16,16
2026-10-09,plant-A,line1,machine9,DN,lot9,category 1,a4,code9,19,19
2026-10-09,plant-A,line4,machine6,UP,lot1,category 1,a2,code8,4,4
2026-10-09,plant-A,line9,machine9,DN,lot8,category 1,a2,code1,7,7
2026-10-09,plant-A,line9,machine3,UP,lot1,pass,pass,,0,252
2026-10-09,plant-A,line1,machine6,DN,lot6,category 1,a2,code4,12,12
2026-10-09,plant-B,line3,machine7,DN,lot4,category 3,a1,code1,1,1
2026-10-09,plant-A,line1,machine8,DN,lot6,pass,pass,,0,175
2026-10-09,plant-A,line4,machine6,DN,lot1,pass,pass,,0,220
2026-10-09,plant-B,line7,machine3,DN,lot3,category 3,b4,code4,7,7
2026-10-09,plant-A,line6,machine9,DN,lot6,category 3,a2,code3,17,17
2026-10-09,plant-A,line5,machine3,DN,lot1,category 2,b3,code2,19,19
2026-10-09,plant-A,line8,machine6,UP,lot2,category 2,b3,code4,9,9
2026-10-09,plant-A,line8,machine6,DN,lot7,category 3,a2,code5,16,16
2026-10-09,plant-A,line5,machine7,UP,lot2,category 2,b1,code8,2,2
2026-10-10,,line7,machine8,DN,lot3,,,,1,1
2026-10-10,,line7,machine1,DN,lot2,,,,3,3
2026-10-10,,line3,machine1,UP,lot8,,,,1,1
2026-10-10,plant-B,line9,machine8,UP,lot7,category 1,a3,code1,1,1
2026-10-10,plant-B,line1,machine5,UP,lot9,category 1,a2,code7,11,11
2026-10-10,plant-B,line2,machine7,UP,lot4,category 2,b2,code3,6,6
2026-10-10,plant-B,line8,machine9,DN,lot4,category 1,a3,code9,8,8
2026-10-10,plant-A,line1,machine9,UP,lot8,category 1,a3,code5,5,5
2026-10-10,plant-A,line1,machine9,UP,lot4,category 2,b3,code6,1,1
2026-10-10,plant-B,line2,machine9,DN,lot6,category 1,a2,code8,17,17
2026-10-10,plant-A,line4,machine4,DN,lot8,pass,pass,,0,214
2026-10-10,plant-B,line9,machine9,UP,lot8,pass,pass,,0,230
2026-10-10,plant-A,line1,machine3,UP,lot1,category 2,b3,code2,18,18
2026-10-10,plant-B,line3,machine5,UP,lot7,category 1,a1,code4,12,12
2026-10-10,plant-B,line2,machine1,UP,lot2,category 2,b4,code1,17,17
2026-10-10,plant-B,line5,machine9,DN,lot6,category 3,a1,code10,5,5
2026-10-10,plant-B,line8,machine8,UP,lot2,category 3,a1,code4,10,10
2026-10-10,plant-A,line8,machine8,DN,lot6,category 2,b1,code2,12,12
2026-10-10,plant-B,line1,machine9,DN,lot1,pass,pass,,0,417
2026-10-10,plant-A,line4,machine2,DN,lot6,category 2,b2,code2,4,4
2026-10-10,plant-A,line2,machine3,UP,lot5,category 2,b3,code8,3,3
2026-10-10,plant-A,line6,machine1,UP,lot7,category 1,a4,code4,18,18
2026-10-10,plant-B,line1,machine9,UP,lot6,category 3,b4,code8,15,15
2026-10-10,plant-B,line2,machine2,DN,lot4,category 2,b4,code3,2,2
2026-10-10,plant-A,line5,machine2,UP,lot8,category 1,a4,code2,2,2
2026-10-10,plant-A,line2,machine9,DN,lot9,category 1,a1,code7,12,12
2026-10-10,plant-A,line6,machine7,DN,lot6,category 3,a1,code3,10,10
2026-10-10,plant-A,line9,machine5,UP,lot7,pass,pass,,0,288
2026-10-10,plant-A,line2,machine5,UP,lot7,category 2,b4,code1,15,15
2026-10-10,plant-A,line4,machine2,DN,lot7,pass,pass,,0,499
2026-10-10,plant-A,line9,machine4,UP,lot9,category 1,a1,code10,16,16
2026-10-10,plant-A,line5,machine8,UP,lot4,category 2,b4,code7,5,5
2026-10-10,plant-B,line6,machine5,UP,lot5,category 3,a1,code8,8,8
2026-10-10,plant-A,line4,machine6,DN,lot5,category 3,a1,code3,2,2
2026-10-10,plant-A,line1,machine3,UP,lot4,category 2,b2,code10,5,5
2026-10-10,plant-B,line9,machine1,DN,lot8,category 1,a3,code9,11,11
2026-10-10,plant-A,line3,machine5,UP,lot5,category 3,b4,code9,3,3
2026-10-10,plant-A,line8,machine3,DN,lot8,category 3,b3,code10,18,18
2026-10-10,plant-A,line6,machine7,DN,lot1,category 1,a4,code3,3,3
2026-10-10,plant-A,line9,machine8,UP,lot1,category 2,b1,code1,14,14
2026-10-10,plant-B,line3,machine8,DN,lot8,category 1,a2,code9,10,10
2026-10-10,plant-B,line1,machine4,UP,lot7,category 3,b4,code9,12,12
2026-10-10,plant-B,line8,machine3,DN,lot4,category 3,a2,code9,1,1
2026-10-10,plant-B,line3,machine8,DN,lot4,category 1,a4,code5,10,10
2026-10-10,plant-B,line7,machine5,UP,lot9,pass,pass,,0,191
2026-10-10,plant-B,line1,machine5,DN,lot2,pass,pass,,0,469
2026-10-10,plant-B,line9,machine7,DN,lot5,category 2,b1,code4,18,18
2026-10-10,plant-A,line4,machine2,UP,lot3,pass,pass,,0,316
2026-10-10,plant-B,line6,machine4,DN,lot1,category 3,a1,code10,17,17
2026-10-10,plant-A,line6,machine9,UP,lot4,category 3,a2,code2,12,12
2026-10-10,plant-B,line8,machine5,UP,lot3,category 1,a4,code7,15,15
2026-10-10,plant-A,line4,machine6,DN,lot6,category 3,b3,code3,10,10
2026-10-10,plant-B,line2,machine4,UP,lot4,pass,pass,,0,221
2026-10-10,plant-B,line9,machine8,UP,lot2,category 1,a3,code2,3,3
2026-10-10,plant-B,line6,machine7,DN,lot6,category 2,b1,code3,17,17
2026-10-10,plant-B,line9,machine9,UP,lot4,category 1,a4,code9,3,3
2026-10-10,plant-B,line1,machine2,DN,lot8,category 1,a3,code7,2,2
2026-10-10,plant-B,line3,machine2,UP,lot8,pass,pass,,0,234
2026-10-10,plant-B,line8,machine7,DN,lot1,pass,pass,,0,207
2026-10-10,plant-A,line8,machine8,DN,lot7,category 3,a2,code4,1,1
2026-10-10,plant-A,line1,machine4,UP,lot7,pass,pass,,0,474
2026-10-10,plant-B,line4,machine8,DN,lot8,pass,pass,,0,406
2026-10-10,plant-A,line5,machine5,DN,lot4,category 3,b4,code3,12,12
2026-10-10,plant-A,line2,machine7,UP,lot3,category 2,b1,code6,6,6
2026-10-10,plant-A,line2,machine6,DN,lot5,category 1,a2,code7,15,15
2026-10-10,plant-B,line5,machine5,UP,lot1,category 1,a3,code3,18,18
2026-10-10,plant-A,line1,machine6,UP,lot6,category 2,b1,code7,1,1
2026-10-10,plant-A,line7,machine4,UP,lot9,pass,pass,,0,246
2026-10-10,plant-A,line5,machine8,DN,lot7,category 3,b3,code8,6,6
2026-10-10,plant-A,line5,machine8,UP,lot2,category 2,b3,code4,17,17
2026-10-10,plant-B,line7,machine5,DN,lot4,pass,pass,,0,198
2026-10-10,plant-A,line7,machine1,DN,lot4,category 2,b4,code9,15,15
2026-10-10,plant-A,line2,machine4,DN,lot4,pass,pass,,0,300
2026-10-10,plant-B,line4,machine3,DN,lot3,category 1,a2,code2,19,19
2026-10-10,plant-A,line1,machine3,UP,lot4,category 3,b3,code3,16,16
2026-10-10,plant-B,line7,machine5,UP,lot2,pass,pass,,0,417
2026-10-10,plant-B,line7,machine1,UP,lot6,category 1,a3,code6,15,15
2026-10-10,plant-A,line1,machine7,DN,lot6,category 1,a1,code8,19,19
2026-10-10,plant-A,line8,machine5,UP,lot5,pass,pass,,0,180
2026-10-10,plant-B,line9,machine9,UP,lot1,pass,pass,,0,495
2026-10-10,plant-B,line5,machine1,DN,lot1,category 3,b3,code2,18,18
2026-10-10,plant-A,line9,machine9,DN,lot1,category 3,a2,code10,9,9
2026-10-10,plant-A,line3,machine1,UP,lot1,pass,pass,,0,460
2026-10-10,plant-B,line2,machine4,DN,lot1,category 2,b4,code3,15,15
2026-10-10,plant-A,line7,machine8,UP,lot7,category 2,b1,code9,10,10
2026-10-10,plant-B,line6,machine4,UP,lot9,pass,pass,,0,287
2026-10-10,plant-A,line3,machine3,UP,lot6,pass,pass,,0,283
2026-10-10,plant-B,line6,machine5,DN,lot5,pass,pass,,0,211
2026-10-10,plant-A,line3,machine8,DN,lot4,category 2,b4,code1,14,14
2026-10-10,plant-B,line2,machine6,DN,lot5,category 3,a2,code10,8,8
2026-10-10,plant-A,line9,machine9,DN,lot9,category 2,b3,code5,2,2
2026-10-10,plant-A,line4,machine6,DN,lot5,pass,pass,,0,257
2026-10-10,plant-A,line8,machine1,DN,lot7,category 2,b4,code6,9,9
2026-10-10,plant-A,line5,machine2,DN,lot2,pass,pass,,0,268
2026-10-10,plant-B,line7,machine1,UP,lot9,category 3,a2,code5,13,13
2026-10-10,plant-B,line5,machine9,DN,lot3,category 1,a1,code2,19,19
2026-10-10,plant-B,line8,machine9,UP,lot6,category 1,a3,code4,2,2
2026-10-10,plant-A,line3,machine6,DN,lot3,category 2,b1,code4,1,1
2026-10-10,plant-B,line4,machine4,UP,lot9,category 3,b3,code2,3,3
2026-10-10,plant-B,line6,machine3,UP,lot9,category 2,b2,code8,9,9
2026-10-10,plant-B,line4,machine5,UP,lot9,category 3,a2,code3,7,7
2026-10-10,plant-B,line5,machine2,UP,lot7,category 2,b2,code4,18,18
2026-10-10,plant-A,line2,machine2,UP,lot1,category 2,b3,code10,1,1
2026-10-10,plant-A,line9,machine7,UP,lot3,category 2,b4,code5,18,18
2026-10-10,plant-B,line7,machine4,UP,lot8,pass,pass,,0,381
2026-10-10,plant-A,line9,machine2,DN,lot5,category 3,a2,code8,3,3
2026-10-10,plant-B,line7,machine4,UP,lot9,category 1,a2,code10,13,13
2026-10-10,plant-A,line5,machine2,UP,lot6,pass,pass,,0,320
2026-10-10,plant-A,line5,machine1,DN,lot9,category 3,a1,code8,18,18
2026-10-10,plant-B,line2,machine2,DN,lot3,category 3,a2,code8,7,7
2026-10-10,plant-A,line3,machine2,UP,lot6,category 1,a2,code1,14,14
2026-10-10,plant-A,line3,machine8,DN,lot9,category 1,a1,code8,16,16
2026-10-10,plant-A,line4,machine2,DN,lot4,category 2,b2,code5,15,15
2026-10-10,plant-A,line1,machine6,UP,lot3,category 3,b3,code1,1,1
2026-10-10,plant-A,line8,machine1,DN,lot4,category 2,b1,code4,10,10
2026-10-10,plant-B,line7,machine3,DN,lot9,category 1,a3,code1,7,7
2026-10-10,plant-A,line8,machine7,DN,lot7,pass,pass,,0,170
2026-10-10,plant-B,line2,machine2,UP,lot1,category 1,a2,code4,6,6
2026-10-10,plant-A,line8,machine7,UP,lot1,pass,pass,,0,283
2026-10-10,plant-A,line4,machine2,DN,lot9,category 1,a4,code7,16,16
2026-10-10,plant-B,line4,machine5,UP,lot6,category 2,b2,code6,18,18
2026-10-10,plant-A,line6,machine4,UP,lot4,category 3,a1,code6,8,8
2026-10-10,plant-B,line5,machine2,DN,lot2,category 1,a2,code7,11,11
2026-10-10,plant-B,line9,machine8,DN,lot5,pass,pass,,0,312
2026-10-10,plant-A,line6,machine6,UP,lot1,category 2,b4,code10,13,13
2026-10-10,plant-B,line6,machine1,UP,lot6,pass,pass,,0,291
2026-10-10,plant-B,line9,machine6,DN,lot6,pass,pass,,0,214
2026-10-10,plant-B,line2,machine1,UP,lot3,pass,pass,,0,442
2026-10-10,plant-A,line4,machine6,UP,lot1,category 3,b3,code10,15,15
2026-10-10,plant-B,line7,machine4,DN,lot9,category 3,a1,code9,16,16
2026-10-10,plant-B,line2,machine4,UP,lot3,category 1,a2,code2,15,15
2026-10-10,plant-A,line8,machine2,DN,lot9,category 2,b4,code8,19,19
2026-10-10,plant-A,line2,machine7,DN,lot6,category 3,a1,code2,10,10
2026-10-10,plant-B,line2,machine8,DN,lot1,category 1,a1,code4,18,18
2026-10-10,plant-B,line3,machine1,DN,lot8,pass,pass,,0,410
2026-10-10,plant-B,line1,machine6,UP,lot7,category 2,b4,code8,8,8
2026-10-10,plant-B,line2,machine6,DN,lot7,category 2,b2,code2,9,9
2026-10-10,plant-B,line8,machine2,UP,lot4,category 2,b3,code6,3,3
2026-10-10,plant-B,line2,machine8,DN,lot9,category 1,a3,code8,3,3
2026-10-10,plant-A,line4,machine6,UP,lot5,category 3,a1,code9,5,5
2026-10-10,plant-B,line8,machine8,UP,lot3,pass,pass,,0,342
2026-10-10,plant-A,line8,machine3,DN,lot7,category 3,a2,code10,9,9
2026-10-10,plant-A,line7,machine8,DN,lot5,pass,pass,,0,159
2026-10-10,plant-B,line6,machine1,UP,lot6,category 1,a2,code4,4,4
2026-10-10,plant-A,line4,machine5,UP,lot5,category 2,b4,code5,4,4
2026-10-10,plant-A,line3,machine2,UP,lot7,category 1,a1,code2,16,16
2026-10-10,plant-B,line9,machine4,DN,lot3,category 2,b2,code3,9,9
2026-10-10,plant-B,line8,machine7,UP,lot8,pass,pass,,0,255
2026-10-10,plant-B,line8,machine9,DN,lot6,category 2,b1,code2,11,11
2026-10-10,plant-A,line9,machine8,DN,lot8,category 1,a3,code3,2,2
2026-10-10,plant-A,line2,machine2,UP,lot5,category 2,b4,code1,15,15
2026-10-10,plant-B,line7,machine2,DN,lot2,category 1,a3,code10,5,5
2026-10-10,plant-A,line4,machine4,DN,lot8,pass,pass,,0,402
2026-10-10,plant-B,line7,machine4,DN,lot9,category 1,a2,code1,8,8
2026-10-10,plant-A,line7,machine2,DN,lot5,pass,pass,,0,454
2026-10-10,plant-A,line6,machine1,UP,lot4,category 1,a4,code10,2,2
2026-10-10,plant-A,line6,machine1,DN,lot3,category 2,b1,code10,17,17
2026-10-10,plant-A,line4,machine4,UP,lot1,category 1,a2,code9,2,2
2026-10-10,plant-B,line3,machine1,DN,lot5,pass,pass,,0,431
2026-10-10,plant-A,line1,machine5,DN,lot5,category 1,a2,code9,5,5
2026-10-10,plant-B,line5,machine2,UP,lot4,pass,pass,,0,208
2026-10-10,plant-B,line2,machine9,DN,lot6,pass,pass,,0,381
2026-10-10,plant-B,line5,machine5,DN,lot1,category 2,b1,code8,18,18
2026-10-10,plant-A,line3,machine2,DN,lot5,pass,pass,,0,432
2026-10-10,plant-A,line8,machine8,UP,lot5,category 1,a2,code10,12,12
2026-10-10,plant-B,line7,machine2,UP,lot6,category 3,b3,code8,1,1
2026-10-10,plant-A,line5,machine3,UP,lot5,pass,pass,,0,260
2026-10-10,plant-A,line4,machine9,DN,lot9,category 1,a3,code10,1,1
2026-10-10,plant-A,line4,machine2,DN,lot2,category 1,a3,code8,16,16
2026-10-10,plant-B,line3,machine1,DN,lot3,pass,pass,,0,395
2026-10-10,plant-A,line5,machine2,UP,lot9,pass,pass,,0,394
2026-10-10,plant-B,line1,machine6,DN,lot8,category 1,a1,code3,2,2
2026-10-10,plant-A,line4,machine2,DN,lot2,category 3,a2,code6,7,7
2026-10-10,plant-B,line3,machine4,UP,lot7,category 2,b2,code9,2,2
2026-10-10,plant-B,line4,machine3,DN,lot6,pass,pass,,0,325
2026-10-10,plant-B,line4,machine3,DN,lot4,category 3,b3,code3,12,12
2026-10-10,plant-B,line9,machine5,UP,lot5,category 2,b1,code2,11,11
2026-10-10,plant-B,line2,machine9,DN,lot2,pass,pass,,0,357
2026-10-10,plant-A,line4,machine5,DN,lot7,pass,pass,,0,168
2026-10-10,plant-B,line5,machine1,DN,lot2,category 2,b1,code6,9,9
2026-10-10,plant-A,line3,machine8,DN,lot4,category 1,a1,code5,14,14
2026-10-10,plant-B,line7,machine7,UP,lot2,category 3,b3,code8,6,6
2026-10-10,plant-B,line3,machine7,UP,lot3,category 1,a3,code7,12,12
2026-10-10,plant-A,line6,machine4,DN,lot2,category 2,b4,code2,14,14
2026-10-10,plant-A,line2,machine9,UP,lot7,category 1,a2,code3,12,12
2026-10-10,plant-B,line9,machine4,DN,lot6,pass,pass,,0,480
2026-10-10,plant-B,line3,machine6,UP,lot8,category 2,b4,code9,6,6
2026-10-10,plant-A,line5,machine3,DN,lot2,category 1,a3,code9,16,16
2026-10-10,plant-A,line2,machine5,DN,lot1,pass,pass,,0,361
2026-10-10,plant-B,line4,machine6,UP,lot9,category 2,b1,code10,4,4
2026-10-10,plant-B,line8,machine8,DN,lot8,category 2,b4,code8,9,9
2026-10-10,plant-A,line8,machine4,DN,lot5,category 1,a3,code6,16,16
2026-10-10,plant-A,line2,machine3,DN,lot1,category 2,b2,code8,16,16
2026-10-10,plant-A,line9,machine8,DN,lot8,category 1,a1,code10,16,16
2026-10-10,plant-A,line7,machine1,DN,lot4,pass,pass,,0,355
2026-10-10,plant-A,line2,machine7,UP,lot5,category 3,b4,code5,14,14
2026-10-10,plant-B,line1,machine2,DN,lot6,pass,pass,,0,195
2026-10-10,plant-A,line9,machine3,DN,lot2,category 3,b3,code1,2,2
2026-10-10,plant-B,line5,machine2,UP,lot8,category 3,b4,code8,15,15
2026-10-10,plant-A,line2,machine6,DN,lot1,category 1,a1,code5,15,15
2026-10-11,,line5,machine1,UP,lot6,,,,1,1
2026-10-11,,line7,machine6,UP,lot8,,,,2,2
2026-10-11,,line4,machine9,UP,lot6,,,,2,2
2026-10-11,plant-B,line2,machine1,DN,lot5,category 2,b4,code6,4,4
2026-10-11,plant-B,line5,machine9,DN,lot9,pass,pass,,0,210
2026-10-11,plant-B,line1,machine6,DN,lot8,category 2,b2,code2,5,5
2026-10-11,plant-B,line7,machine6,DN,lot8,pass,pass,,0,433
2026-10-11,plant-A,line2,machine3,DN,lot1,category 1,a3,code2,10,10
2026-10-11,plant-B,line1,machine3,DN,lot7,category 2,b3,code1,9,9
2026-10-11,plant-A,line6,machine5,DN,lot8,category 2,b2,code5,12,12
2026-10-11,plant-A,line4,machine2,DN,lot3,category 3,b4,code1,11,11
2026-10-11,plant-B,line4,machine3,UP,lot2,category 2,b3,code3,6,6
2026-10-11,plant-A,line2,machine7,UP,lot1,category 2,b3,code9,5,5
2026-10-11,plant-B,line1,machine9,DN,lot9,pass,pass,,0,471
2026-10-11,plant-A,line2,machine4,DN,lot2,category 3,a2,code2,3,3
2026-10-11,plant-B,line9,machine5,DN,lot6,category 1,a2,code8,16,16
2026-10-11,plant-A,line9,machine6,DN,lot4,category 2,b2,code3,13,13
2026-10-11,plant-B,line4,machine9,DN,lot5,pass,pass,,0,213
2026-10-11,plant-A,line3,machine6,DN,lot7,category 3,b4,code1,9,9
2026-10-11,plant-B,line7,machine9,DN,lot3,category 2,b4,code9,3,3
2026-10-11,plant-A,line1,machine2,DN,lot7,category 3,b3,code7,5,5
2026-10-11,plant-B,line3,machine9,UP,lot7,category 2,b1,code7,11,11
2026-10-11,plant-B,line9,machine1,DN,lot1,category 1,a4,code3,2,2
2026-10-11,plant-B,line5,machine8,DN,lot8,category 2,b3,code7,8,8
2026-10-11,plant-B,line6,machine8,UP,lot1,pass,pass,,0,395
2026-10-11,plant-B,line5,machine4,UP,lot8,category 2,b2,code3,19,19
2026-10-11,plant-A,line7,machine8,UP,lot6,category 3,b4,code1,6,6
2026-10-11,plant-A,line1,machine9,DN,lot4,category 1,a2,code1,3,3
2026-10-11,plant-B,line2,machine9,DN,lot2,category 1,a1,code8,8,8
2026-10-11,plant-B,line3,machine8,DN,lot3,category 3,a1,code6,13,13
2026-10-11,plant-B,line3,machine9,UP,lot6,pass,pass,,0,275
2026-10-11,plant-A,line6,machine2,UP,lot2,pass,pass,,0,287
2026-10-11,plant-A,line5,machine6,DN,lot7,pass,pass,,0,421
2026-10-11,plant-A,line9,machine7,DN,lot3,category 3,b4,code9,4,4
2026-10-11,plant-A,line5,machine2,UP,lot1,pass,pass,,0,418
2026-10-11,plant-B,line7,machine8,DN,lot7,pass,pass,,0,229
2026-10-11,plant-B,line1,machine5,UP,lot8,pass,pass,,0,275
2026-10-11,plant-A,line5,machine9,DN,lot8,category 2,b3,code1,8,8
2026-10-11,plant-B,line4,machine3,DN,lot5,category 2,b1,code2,3,3
2026-10-11,plant-B,line4,machine2,UP,lot3,pass,pass,,0,383
2026-10-11,plant-B,line3,machine8,UP,lot8,category 2,b4,code2,7,7
2026-10-11,plant-A,line1,machine3,UP,lot6,category 2,b3,code4,3,3
2026-10-11,plant-A,line9,machine8,DN,lot6,pass,pass,,0,399
2026-10-11,plant-A,line7,machine8,DN,lot1,category 3,a2,code6,13,13
2026-10-11,plant-B,line5,machine1,UP,lot6,pass,pass,,0,446
2026-10-11,plant-A,line7,machine8,DN,lot2,category 1,a2,code6,5,5
2026-10-11,plant-A,line6,machine7,DN,lot1,category 3,a2,code3,1,1
2026-10-11,plant-A,line3,machine9,DN,lot1,category 2,b2,code9,5,5
2026-10-11,plant-A,line5,machine1,UP,lot9,category 3,a2,code9,3,3
2026-10-11,plant-A,line4,machine1,UP,lot5,category 1,a2,code8,5,5
2026-10-11,plant-A,line7,machine6,UP,lot5,category 3,a2,code9,17,17
2026-10-11,plant-A,line2,machine3,DN,lot7,pass,pass,,0,322
2026-10-11,plant-B,line9,machine7,DN,lot1,pass,pass,,0,331
2026-10-11,plant-B,line2,machine5,DN,lot2,category 2,b1,code4,9,9
2026-10-11,plant-A,line4,machine8,UP,lot8,category 2,b4,code3,10,10
2026-10-11,plant-A,line4,machine1,DN,lot1,pass,pass,,0,241
2026-10-11,plant-B,line7,machine8,DN,lot3,category 3,b3,code8,1,1
2026-10-11,plant-A,line2,machine4,DN,lot3,category 2,b4,code6,5,5
2026-10-11,plant-A,line3,machine5,DN,lot5,category 3,b4,code8,6,6
2026-10-11,plant-A,line6,machine6,DN,lot1,category 2,b3,code3,5,5
2026-10-11,plant-B,line4,machine8,UP,lot9,category 1,a1,code5,13,13
2026-10-11,plant-A,line1,machine1,DN,lot2,category 1,a2,code6,16,16
2026-10-11,plant-A,line8,machine4,UP,lot6,category 2,b4,code2,6,6
2026-10-11,plant-B,line6,machine3,UP,lot5,category 2,b3,code10,9,9
2026-10-11,plant-B,line3,machine8,DN,lot9,category 1,a3,code4,10,10
2026-10-11,plant-B,line3,machine2,DN,lot3,pass,pass,,0,262
2026-10-11,plant-A,line2,machine3,UP,lot2,category 1,a1,code2,19,19
2026-10-11,plant-B,line5,machine8,UP,lot8,category 1,a3,code4,6,6
2026-10-11,plant-B,line9,machine5,DN,lot7,pass,pass,,0,334
2026-10-11,plant-B,line8,machine6,UP,lot7,category 3,b3,code4,3,3
2026-10-11,plant-A,line4,machine1,DN,lot7,pass,pass,,0,326
2026-10-11,plant-A,line3,machine3,DN,lot1,category 2,b4,code1,14,14
2026-10-11,plant-B,line1,machine6,UP,lot2,category 1,a4,code3,13,13
2026-10-11,plant-A,line6,machine9,DN,lot3,category 1,a2,code6,14,14
2026-10-11,plant-B,line8,machine1,UP,lot1,category 3,b3,code3,14,14
2026-10-11,plant-B,line3,machine2,DN,lot1,category 3,a1,code6,6,6
2026-10-11,plant-A,line5,machine2,DN,lot9,category 3,b3,code10,4,4
2026-10-11,plant-A,line7,machine7,DN,lot6,category 3,b4,code9,3,3
2026-10-11,plant-A,line3,machine7,DN,lot9,category 2,b4,code10,3,3
2026-10-11,plant-B,line8,machine3,UP,lot8,category 2,b4,code4,6,6
2026-10-11,plant-B,line9,machine7,DN,lot7,category 1,a4,code10,4,4
2026-10-11,plant-B,line7,machine3,UP,lot9,category 1,a4,code6,13,13
2026-10-11,plant-A,line1,machine4,UP,lot8,category 2,b2,code9,17,17
2026-10-11,plant-B,line1,machine9,UP,lot8,category 3,a2,code2,15,15
2026-10-11,plant-B,line3,machine7,DN,lot7,pass,pass,,0,492
2026-10-11,plant-A,line3,machine1,UP,lot3,pass,pass,,0,199
2026-10-11,plant-B,line6,machine9,DN,lot2,category 1,a4,code2,15,15
2026-10-11,plant-A,line8,machine6,DN,lot7,pass,pass,,0,374
2026-10-11,plant-B,line9,machine2,DN,lot8,pass,pass,,0,416
2026-10-11,plant-B,line4,machine8,UP,lot4,pass,pass,,0,323
2026-10-11,plant-B,line7,machine3,DN,lot1,category 2,b4,code8,18,18
2026-10-11,plant-A,line9,machine1,UP,lot3,category 1,a2,code7,6,6
2026-10-11,plant-B,line4,machine7,DN,lot3,category 2,b4,code1,4,4
2026-10-11,plant-A,line2,machine4,UP,lot4,category 1,a4,code2,7,7
2026-10-11,plant-B,line3,machine8,DN,lot1,category 1,a3,code5,18,18
2026-10-11,plant-A,line3,machine9,UP,lot1,pass,pass,,0,261
2026-10-11,plant-B,line9,machine3,DN,lot3,pass,pass,,0,372
2026-10-11,plant-B,line5,machine8,UP,lot7,pass,pass,,0,315
2026-10-11,plant-B,line2,machine3,UP,lot4,pass,pass,,0,186
2026-10-11,plant-A,line7,machine8,UP,lot5,pass,pass,,0,447
2026-10-11,plant-B,line9,machine1,DN,lot9,pass,pass,,0,152
2026-10-11,plant-A,line7,machine7,DN,lot9,category 1,a1,code3,12,12
2026-10-11,plant-B,line7,machine4,UP,lot1,category 1,a1,code1,2,2
2026-10-11,plant-B,line5,machine2,DN,lot9,category 3,b3,code9,16,16
2026-10-11,plant-A,line5,machine6,UP,lot7,category 3,a1,code9,14,14
2026-10-11,plant-A,line5,machine7,UP,lot3,category 2,b2,code8,13,13
2026-10-11,plant-A,line7,machine7,UP,lot9,category 2,b2,code3,11,11
2026-10-11,plant-B,line2,machine3,UP,lot4,category 2,b3,code10,5,5
2026-10-11,plant-B,line8,machine7,UP,lot1,pass,pass,,0,214
2026-10-11,plant-A,line5,machine4,DN,lot5,pass,pass,,0,231
2026-10-11,plant-B,line2,machine9,UP,lot2,pass,pass,,0,421
2026-10-11,plant-A,line5,machine6,DN,lot9,category 2,b3,code3,10,10
2026-10-11,plant-B,line3,machine2,UP,lot2,category 3,a2,code5,15,15
2026-10-11,plant-A,line1,machine2,DN,lot2,pass,pass,,0,329
2026-10-11,plant-B,line9,machine5,UP,lot1,pass,pass,,0,430
2026-10-11,plant-A,line6,machine8,DN,lot3,category 2,b3,code9,5,5
2026-10-11,plant-A,line4,machine7,DN,lot8,pass,pass,,0,436
2026-10-11,plant-A,line5,machine8,UP,lot7,category 2,b3,code8,19,19
2026-10-11,plant-B,line1,machine6,UP,lot2,category 2,b4,code2,4,4
2026-10-11,plant-A,line3,machine8,UP,lot4,category 2,b1,code6,5,5
2026-10-11,plant-A,line9,machine5,UP,lot6,category 2,b4,code3,13,13
2026-10-11,plant-A,line5,machine4,UP,lot7,pass,pass,,0,422
2026-10-11,plant-A,line1,machine1,DN,lot9,category 2,b1,code5,9,9
2026-10-11,plant-B,line7,machine6,DN,lot3,category 3,a1,code4,14,14
2026-10-11,plant-B,line3,machine4,DN,lot1,category 1,a2,code9,12,12
2026-10-11,plant-A,line6,machine7,DN,lot8,category 2,b1,code8,10,10
2026-10-11,plant-B,line8,machine2,DN,lot3,category 3,b3,code9,8,8
2026-10-11,plant-A,line4,machine6,UP,lot6,category 2,b3,code8,1,1
2026-10-11,plant-A,line6,machine7,DN,lot5,category 1,a2,code4,17,17
2026-10-11,plant-A,line9,machine6,DN,lot9,category 2,b4,code8,10,10
2026-10-11,plant-B,line8,machine4,DN,lot5,category 3,a1,code8,8,8
2026-10-11,plant-A,line9,machine1,UP,lot7,category 2,b2,code7,7,7
2026-10-11,plant-B,line2,machine4,DN,lot8,category 2,b4,code3,13,13
2026-10-11,plant-B,line1,machine8,DN,lot9,category 2,b1,code8,17,17
2026-10-11,plant-A,line7,machine8,UP,lot5,category 1,a2,code7,18,18
2026-10-11,plant-A,line1,machine8,UP,lot2,category 1,a3,code6,10,10
2026-10-11,plant-B,line7,machine5,DN,lot9,pass,pass,,0,299
2026-10-11,plant-A,line5,machine4,UP,lot8,pass,pass,,0,321
2026-10-11,plant-B,line4,machine7,DN,lot1,pass,pass,,0,485
2026-10-11,plant-B,line2,machine2,DN,lot4,pass,pass,,0,402
2026-10-11,plant-B,line2,machine4,DN,lot1,category 1,a3,code7,11,11
2026-10-11,plant-A,line8,machine7,UP,lot6,pass,pass,,0,465
2026-10-11,plant-B,line7,machine3,DN,lot3,pass,pass,,0,211
2026-10-11,plant-B,line5,machine8,DN,lot4,category 3,b3,code7,18,18
2026-10-11,plant-B,line9,machine6,DN,lot5,category 1,a1,code1,17,17
2026-10-11,plant-A,line6,machine8,UP,lot2,pass,pass,,0,493
2026-10-11,plant-A,line2,machine8,UP,lot5,pass,pass,,0,340
2026-10-11,plant-B,line2,machine9,UP,lot8,category 2,b1,code4,14,14
2026-10-11,plant-A,line3,machine2,UP,lot2,category 1,a4,code5,9,9
2026-10-11,plant-B,line5,machine8,DN,lot7,category 3,a2,code2,6,6
2026-10-11,plant-A,line5,machine4,DN,lot8,pass,pass,,0,275
2026-10-11,plant-B,line8,machine8,UP,lot9,category 1,a2,code8,17,17
2026-10-11,plant-B,line4,machine6,DN,lot9,category 2,b1,code7,13,13
2026-10-11,plant-B,line6,machine4,DN,lot5,pass,pass,,0,232
2026-10-11,plant-A,line2,machine4,UP,lot5,category 2,b2,code9,10,10
2026-10-11,plant-A,line9,machine9,DN,lot2,category 3,b3,code1,4,4
2026-10-11,plant-B,line5,machine1,UP,lot8,pass,pass,,0,349
2026-10-11,plant-A,line6,machine1,DN,lot5,pass,pass,,0,208
2026-10-11,plant-A,line4,machine7,DN,lot7,pass,pass,,0,170
2026-10-11,plant-A,line7,machine7,UP,lot9,category 1,a1,code6,19,19
2026-10-11,plant-B,line2,machine8,UP,lot1,category 1,a2,code7,5,5
2026-10-11,plant-A,line8,machine4,DN,lot3,category 2,b3,code2,8,8
2026-10-11,plant-A,line8,machine2,UP,lot4,pass,pass,,0,497
2026-10-11,plant-B,line5,machine6,UP,lot4,pass,pass,,0,211
2026-10-11,plant-A,line6,machine8,UP,lot5,category 3,a1,code1,2,2
2026-10-11,plant-B,line4,machine4,DN,lot3,pass,pass,,0,336
2026-10-11,plant-B,line1,machine4,UP,lot5,pass,pass,,0,374
2026-10-11,plant-B,line5,machine3,UP,lot9,category 2,b3,code2,9,9
2026-10-11,plant-B,line5,machine1,UP,lot7,category 3,a1,code1,3,3
2026-10-11,plant-A,line5,machine2,UP,lot2,category 2,b1,code7,19,19
2026-10-11,plant-B,line1,machine5,DN,lot9,category 1,a4,code7,1,1
2026-10-11,plant-A,line4,machine8,UP,lot8,pass,pass,,0,174
2026-10-11,plant-A,line9,machine8,DN,lot7,category 3,b4,code3,9,9
2026-10-11,plant-B,line1,machine3,DN,lot2,category 1,a2,code8,6,6
2026-10-11,plant-A,line6,machine4,UP,lot7,category 1,a4,code2,2,2
2026-10-11,plant-A,line5,machine4,DN,lot4,category 3,a2,code7,7,7
2026-10-11,plant-B,line4,machine1,UP,lot1,category 2,b4,code4,13,13
2026-10-11,plant-B,line8,machine5,UP,lot8,category 3,b3,code4,14,14
2026-10-11,plant-A,line6,machine9,DN,lot2,category 1,a2,code3,18,18
2026-10-11,plant-B,line3,machine4,UP,lot7,pass,pass,,0,420
2026-10-11,plant-B,line6,machine4,DN,lot1,pass,pass,,0,230
2026-10-11,plant-B,line7,machine4,DN,lot9,category 3,b4,code7,6,6
2026-10-11,plant-B,line3,machine6,DN,lot2,pass,pass,,0,289
2026-10-11,plant-B,line8,machine9,UP,lot5,pass,pass,,0,411
2026-10-11,plant-A,line5,machine4,UP,lot7,category 2,b3,code1,8,8
2026-10-11,plant-A,line2,machine5,UP,lot6,category 1,a1,code7,11,11
2026-10-11,plant-B,line9,machine5,DN,lot7,pass,pass,,0,221
2026-10-11,plant-B,line8,machine1,DN,lot1,pass,pass,,0,315
2026-10-11,plant-B,line6,machine2,DN,lot6,category 3,a1,code4,4,4
2026-10-11,plant-A,line3,machine3,DN,lot9,pass,pass,,0,182
2026-10-11,plant-B,line6,machine4,DN,lot1,pass,pass,,0,173
2026-10-11,plant-B,line7,machine1,UP,lot8,pass,pass,,0,247
2026-10-11,plant-B,line8,machine1,UP,lot4,category 1,a4,code10,11,11
2026-10-11,plant-B,line3,machine4,DN,lot7,category 2,b1,code6,8,8
2026-10-11,plant-A,line9,machine3,DN,lot7,category 1,a3,code3,17,17
2026-10-11,plant-A,line3,machine5,UP,lot7,category 1,a2,code1,7,7
2026-10-11,plant-A,line7,machine4,UP,lot5,category 2,b3,code3,4,4
2026-10-11,plant-A,line3,machine7,DN,lot2,category 1,a1,code10,1,1
2026-10-11,plant-A,line5,machine5,DN,lot2,category 2,b4,code10,13,13
2026-10-11,plant-B,line1,machine1,UP,lot4,category 2,b4,code7,12,12
2026-10-12,,line7,machine7,DN,lot2,,,,1,1
2026-10-12,,line5,machine9,UP,lot9,,,,3,3
2026-10-12,,line4,machine2,DN,lot4,,,,2,2
2026-10-12,plant-B,line8,machine7,UP,lot6,category 2,b2,code10,15,15
2026-10-12,plant-B,line5,machine7,DN,lot6,pass,pass,,0,304
2026-10-12,plant-B,line3,machine7,UP,lot3,category 2,b1,code2,4,4
2026-10-12,plant-B,line6,machine2,UP,lot3,category 2,b4,code2,5,5
2026-10-12,plant-B,line5,machine6,UP,lot4,category 1,a2,code1,2,2
2026-10-12,plant-B,line1,machine8,DN,lot7,category 1,a1,code8,14,14
2026-10-12,plant-B,line7,machine6,UP,lot2,category 1,a2,code1,14,14
2026-10-12,plant-A,line8,machine1,UP,lot6,category 3,b3,code2,5,5
2026-10-12,plant-B,line1,machine3,DN,lot9,pass,pass,,0,291
2026-10-12,plant-A,line5,machine6,UP,lot8,category 3,a2,code2,13,13
2026-10-12,plant-A,line3,machine4,UP,lot2,category 1,a1,code6,19,19
2026-10-12,plant-A,line8,machine7,UP,lot7,category 1,a2,code7,16,16
2026-10-12,plant-A,line7,machine4,DN,lot8,pass,pass,,0,174
2026-10-12,plant-A,line9,machine1,DN,lot7,pass,pass,,0,404
2026-10-12,plant-B,line3,machine5,DN,lot6,category 1,a3,code9,3,3
2026-10-12,plant-B,line4,machine7,DN,lot8,pass,pass,,0,331
2026-10-12,plant-B,line4,machine9,UP,lot7,category 2,b1,code3,3,3
2026-10-12,plant-B,line4,machine1,UP,lot5,category 1,a2,code8,10,10
2026-10-12,plant-A,line4,machine9,UP,lot9,category 1,a3,code10,12,12
2026-10-12,plant-A,line6,machine3,UP,lot3,category 1,a3,code7,19,19
2026-10-12,plant-B,line3,machine9,DN,lot5,pass,pass,,0,202
2026-10-12,plant-B,line1,machine7,UP,lot5,category 3,b4,code9,16,16
2026-10-12,plant-B,line3,machine6,UP,lot7,category 2,b1,code1,14,14
2026-10-12,plant-B,line2,machine9,DN,lot3,pass,pass,,0,196
2026-10-12,plant-A,line5,machine9,DN,lot9,category 3,a2,code6,11,11
2026-10-12,plant-A,line4,machine3,DN,lot6,category 1,a2,code9,6,6
2026-10-12,plant-B,line4,machine7,UP,lot5,category 1,a2,code2,11,11
2026-10-12,plant-A,line1,machine5,DN,lot7,category 3,a1,code9,1,1
2026-10-12,plant-B,line1,machine3,DN,lot4,category 2,b4,code4,14,14
2026-10-12,plant-B,line9,machine4,UP,lot9,category 2,b1,code5,9,9
2026-10-12,plant-A,line2,machine2,DN,lot1,category 3,b4,code3,15,15
2026-10-12,plant-B,line4,machine1,DN,lot3,category 2,b1,code1,14,14
2026-10-12,plant-B,line7,machine1,DN,lot1,category 3,b4,code3,18,18
2026-10-12,plant-B,line6,machine9,DN,lot9,category 1,a2,code2,17,17
2026-10-12,plant-A,line6,machine2,DN,lot9,pass,pass,,0,472
2026-10-12,plant-A,line7,machine8,DN,lot6,category 2,b3,code7,4,4
2026-10-12,plant-A,line8,machine7,UP,lot8,pass,pass,,0,191
2026-10-12,plant-A,line1,machine6,DN,lot8,category 3,b4,code6,6,6
2026-10-12,plant-B,line9,machine7,DN,lot4,pass,pass,,0,462
2026-10-12,plant-B,line3,machine1,DN,lot6,pass,pass,,0,474
2026-10-12,plant-A,line3,machine2,DN,lot5,category 2,b3,code9,1,1
2026-10-12,plant-B,line3,machine4,DN,lot9,pass,pass,,0,433
2026-10-12,plant-B,line9,machine6,UP,lot1,pass,pass,,0,240
2026-10-12,plant-B,line5,machine5,UP,lot1,category 1,a4,code5,8,8
2026-10-12,plant-B,line9,machine3,DN,lot7,pass,pass,,0,472
2026-10-12,plant-A,line7,machine7,DN,lot1,pass,pass,,0,335
2026-10-12,plant-B,line6,machine6,UP,lot7,category 2,b1,code10,15,15
2026-10-12,plant-A,line3,machine3,UP,lot4,category 3,a2,code9,10,10
2026-10-12,plant-A,line3,machine1,DN,lot7,category 2,b4,code2,12,12
2026-10-12,plant-A,line2,machine1,UP,lot3,category 3,a2,code7,13,13
2026-10-12,plant-B,line1,machine3,DN,lot9,category 2,b2,code4,14,14
2026-10-12,plant-A,line4,machine9,DN,lot6,category 3,b3,code3,10,10
2026-10-12,plant-A,line8,machine8,UP,lot6,category 1,a1,code6,7,7
2026-10-12,plant-A,line9,machine4,DN,lot8,pass,pass,,0,342
2026-10-12,plant-A,line9,machine7,UP,lot2,pass,pass,,0,342
2026-10-12,plant-B,line4,machine5,DN,lot6,pass,pass,,0,193
2026-10-12,plant-A,line2,machine3,DN,lot6,category 3,b4,code9,12,12
2026-10-12,plant-B,line9,machine7,UP,lot6,category 1,a2,code8,10,10
2026-10-12,plant-A,line2,machine8,UP,lot3,category 2,b1,code9,12,12
2026-10-12,plant-B,line5,machine1,UP,lot9,category 2,b2,code3,3,3
2026-10-12,plant-B,line8,machine2,DN,lot1,category 3,b3,code9,15,15
2026-10-12,plant-B,line6,machine8,DN,lot9,category 2,b3,code4,18,18
2026-10-12,plant-B,line8,machine3,UP,lot2,pass,pass,,0,259
2026-10-12,plant-B,line2,machine3,DN,lot6,category 1,a2,code7,12,12
2026-10-12,plant-B,line2,machine6,DN,lot4,category 2,b1,code7,6,6
2026-10-12,plant-B,line8,machine4,DN,lot7,category 2,b3,code1,9,9
2026-10-12,plant-B,line2,machine8,DN,lot6,category 1,a3,code1,19,19
2026-10-12,plant-B,line1,machine4,UP,lot7,category 2,b3,code5,6,6
2026-10-12,plant-A,line9,machine6,DN,lot4,category 1,a3,code9,14,14
2026-10-12,plant-A,line8,machine5,UP,lot3,pass,pass,,0,162
2026-10-12,plant-A,line8,machine3,UP,lot2,category 3,a2,code9,6,6
2026-10-12,plant-A,line6,machine7,DN,lot1,category 3,a1,code2,4,4
2026-10-12,plant-A,line2,machine3,DN,lot9,category 1,a3,code9,2,2
2026-10-12,plant-A,line9,machine1,DN,lot2,category 1,a2,code3,10,10
2026-10-12,plant-A,line2,machine8,DN,lot8,category 1,a2,code9,7,7
2026-10-12,plant-B,line9,machine2,DN,lot9,pass,pass,,0,219
2026-10-12,plant-B,line5,machine7,DN,lot3,category 3,a1,code10,4,4
2026-10-12,plant-B,line3,machine5,DN,lot4,category 2,b1,code10,13,13
2026-10-12,plant-B,line4,machine9,DN,lot5,category 2,b3,code5,14,14
2026-10-12,plant-B,line6,machine3,DN,lot1,category 2,b3,code7,16,16
2026-10-12,plant-B,line1,machine3,UP,lot9,category 1,a2,code6,19,19
2026-10-12,plant-A,line1,machine5,UP,lot8,category 2,b3,code2,14,14
2026-10-12,plant-A,line4,machine1,DN,lot8,category 2,b1,code1,3,3
2026-10-12,plant-B,line9,machine4,DN,lot2,pass,pass,,0,358
2026-10-12,plant-B,line3,machine4,UP,lot9,category 1,a2,code1,9,9
2026-10-12,plant-B,line8,machine9,DN,lot2,pass,pass,,0,415
2026-10-12,plant-A,line3,machine6,DN,lot7,pass,pass,,0,325
2026-10-12,plant-B,line8,machine9,DN,lot3,category 1,a2,code9,17,17
2026-10-12,plant-B,line6,machine8,DN,lot6,category 3,b3,code8,9,9
2026-10-12,plant-B,line8,machine1,DN,lot6,category 3,a2,code3,1,1
2026-10-12,plant-B,line8,machine5,DN,lot9,category 1,a3,code5,14,14
2026-10-12,plant-B,line4,machine1,DN,lot4,category 3,b4,code10,2,2
2026-10-12,plant-B,line3,machine9,UP,lot9,pass,pass,,0,256
2026-10-12,plant-A,line1,machine3,UP,lot8,category 2,b4,code10,10,10
2026-10-12,plant-B,line9,machine2,UP,lot5,pass,pass,,0,491
2026-10-12,plant-A,line2,machine4,UP,lot8,pass,pass,,0,164
2026-10-12,plant-A,line5,machine9,DN,lot3,pass,pass,,0,335
2026-10-12,plant-A,line4,machine9,DN,lot3,category 1,a3,code9,3,3
2026-10-12,plant-B,line3,machine7,DN,lot1,category 3,a2,code10,17,17
2026-10-12,plant-A,line7,machine5,UP,lot4,category 1,a2,code7,15,15
2026-10-12,plant-A,line8,machine7,UP,lot3,pass,pass,,0,271
2026-10-12,plant-A,line2,machine2,DN,lot7,category 3,a1,code9,7,7
2026-10-12,plant-B,line3,machine1,UP,lot8,category 2,b2,code9,3,3
2026-10-12,plant-B,line3,machine1,UP,lot4,pass,pass,,0,434
2026-10-12,plant-B,line6,machine2,UP,lot7,pass,pass,,0,417
2026-10-12,plant-B,line6,machine8,DN,lot5,category 1,a2,code4,12,12
2026-10-12,plant-A,line2,machine6,DN,lot1,category 3,b3,code10,19,19
2026-10-12,plant-A,line8,machine6,DN,lot6,category 2,b3,code5,12,12
2026-10-12,plant-A,line4,machine5,UP,lot6,category 2,b1,code4,13,13
2026-10-12,plant-B,line5,machine8,UP,lot5,category 2,b3,code1,13,13
2026-10-12,plant-B,line5,machine8,UP,lot7,category 1,a1,code3,11,11
2026-10-12,plant-B,line1,machine2,DN,lot7,category 1,a1,code8,4,4
2026-10-12,plant-A,line9,machine8,UP,lot3,category 1,a1,code10,19,19
2026-10-12,plant-B,line1,machine4,DN,lot6,category 3,b4,code2,7,7
2026-10-12,plant-A,line6,machine6,DN,lot8,category 1,a2,code4,8,8
2026-10-12,plant-A,line1,machine3,UP,lot7,category 1,a4,code1,14,14
2026-10-12,plant-A,line1,machine5,UP,lot3,category 3,a2,code8,14,14
2026-10-12,plant-A,line5,machine8,DN,lot2,pass,pass,,0,244
2026-10-12,plant-B,line9,machine2,DN,lot8,category 1,a2,code4,17,17
2026-10-12,plant-B,line1,machine2,DN,lot7,category 1,a4,code5,4,4
2026-10-12,plant-A,line3,machine6,UP,lot7,pass,pass,,0,210
2026-10-12,plant-B,line5,machine3,DN,lot8,category 3,a2,code5,13,13
2026-10-12,plant-A,line7,machine9,UP,lot4,pass,pass,,0,495
2026-10-12,plant-A,line1,machine2,UP,lot5,category 2,b4,code9,9,9
2026-10-12,plant-B,line3,machine5,UP,lot3,pass,pass,,0,447
2026-10-12,plant-A,line6,machine2,DN,lot6,category 1,a2,code5,7,7
2026-10-12,plant-A,line1,machine9,UP,lot2,category 1,a2,code6,8,8
2026-10-12,plant-A,line9,machine2,DN,lot2,category 3,a2,code5,12,12
2026-10-12,plant-A,line2,machine6,DN,lot4,category 3,a2,code6,13,13
2026-10-12,plant-A,line8,machine6,UP,lot4,pass,pass,,0,299
2026-10-12,plant-A,line6,machine1,UP,lot7,category 1,a1,code1,13,13
2026-10-12,plant-B,line7,machine6,UP,lot6,category 2,b1,code3,9,9
2026-10-12,plant-A,line7,machine3,UP,lot3,pass,pass,,0,398
2026-10-12,plant-B,line1,machine3,UP,lot4,pass,pass,,0,180
2026-10-12,plant-B,line5,machine2,UP,lot6,category 3,a2,code4,1,1
2026-10-12,plant-B,line7,machine6,DN,lot1,category 3,b4,code9,9,9
2026-10-12,plant-B,line6,machine7,DN,lot8,pass,pass,,0,461
2026-10-12,plant-A,line2,machine6,UP,lot6,category 3,b3,code3,16,16
2026-10-12,plant-B,line7,machine8,DN,lot1,category 2,b2,code4,7,7
2026-10-12,plant-A,line7,machine2,UP,lot9,category 2,b1,code4,14,14
2026-10-12,plant-B,line3,machine4,UP,lot4,category 1,a2,code10,6,6
2026-10-12,plant-A,line8,machine1,UP,lot3,pass,pass,,0,465
2026-10-12,plant-B,line1,machine1,DN,lot2,category 2,b1,code9,2,2
2026-10-12,plant-A,line7,machine6,UP,lot3,category 1,a4,code2,16,16
2026-10-12,plant-B,line8,machine6,UP,lot5,pass,pass,,0,447
2026-10-12,plant-A,line5,machine1,UP,lot5,category 1,a1,code2,6,6
2026-10-12,plant-B,line8,machine6,UP,lot3,pass,pass,,0,432
2026-10-12,plant-A,line7,machine8,UP,lot1,category 2,b1,code5,8,8
2026-10-12,plant-B,line3,machine8,UP,lot4,pass,pass,,0,383
2026-10-12,plant-A,line8,machine4,UP,lot4,category 2,b1,code4,13,13
2026-10-12,plant-A,line9,machine1,UP,lot6,category 2,b3,code4,4,4
2026-10-12,plant-B,line1,machine2,UP,lot7,category 3,b3,code1,13,13
2026-10-12,plant-A,line7,machine8,UP,lot3,category 1,a1,code2,17,17
2026-10-12,plant-A,line8,machine6,DN,lot9,category 2,b1,code6,2,2
2026-10-12,plant-B,line2,machine5,DN,lot4,category 3,b3,code3,5,5
2026-10-12,plant-A,line8,machine9,DN,lot4,category 2,b4,code7,12,12
2026-10-12,plant-A,line9,machine2,UP,lot6,category 2,b2,code10,8,8
2026-10-12,plant-B,line8,machine1,DN,lot9,category 2,b4,code6,15,15
2026-10-12,plant-B,line1,machine9,DN,lot6,category 2,b3,code4,12,12
2026-10-12,plant-B,line4,machine5,UP,lot3,pass,pass,,0,413
2026-10-12,plant-A,line9,machine5,UP,lot9,pass,pass,,0,281
2026-10-12,plant-B,line1,machine1,DN,lot7,pass,pass,,0,471
2026-10-12,plant-A,line9,machine8,UP,lot3,pass,pass,,0,184
2026-10-12,plant-B,line5,machine9,DN,lot8,category 2,b3,code8,12,12
2026-10-12,plant-A,line4,machine6,DN,lot9,category 3,b3,code5,6,6
2026-10-12,plant-B,line8,machine6,UP,lot1,category 1,a2,code2,19,19
2026-10-12,plant-A,line2,machine6,UP,lot4,pass,pass,,0,187
2026-10-12,plant-A,line4,machine4,DN,lot5,pass,pass,,0,223
2026-10-12,plant-B,line1,machine5,UP,lot8,category 1,a2,code6,15,15
2026-10-12,plant-B,line6,machine5,DN,lot1,category 3,a1,code2,17,17
2026-10-12,plant-B,line5,machine8,DN,lot9,category 1,a3,code3,9,9
2026-10-12,plant-B,line1,machine7,DN,lot6,category 3,b3,code5,19,19
2026-10-12,plant-B,line6,machine2,DN,lot9,category 2,b3,code6,6,6
2026-10-12,plant-A,line8,machine8,UP,lot3,category 1,a1,code7,5,5
2026-10-12,plant-B,line6,machine1,DN,lot2,category 3,b3,code4,11,11
2026-10-12,plant-A,line5,machine1,DN,lot1,category 2,b3,code9,2,2
2026-10-12,plant-A,line4,machine7,UP,lot9,pass,pass,,0,449
2026-10-12,plant-B,line7,machine7,DN,lot5,category 1,a1,code7,7,7
2026-10-12,plant-B,line1,machine5,DN,lot5,category 1,a2,code3,18,18
2026-10-12,plant-A,line1,machine4,DN,lot9,pass,pass,,0,285
2026-10-12,plant-B,line7,machine4,DN,lot5,category 1,a2,code9,2,2
2026-10-12,plant-A,line4,machine5,UP,lot6,category 3,b4,code2,16,16
2026-10-12,plant-B,line8,machine6,UP,lot1,category 2,b3,code8,4,4
2026-10-12,plant-A,line7,machine2,UP,lot4,pass,pass,,0,265
2026-10-12,plant-B,line2,machine1,DN,lot3,category 1,a1,code8,12,12
2026-10-12,plant-B,line2,machine6,DN,lot7,category 2,b4,code1,12,12
2026-10-12,plant-A,line2,machine5,UP,lot2,pass,pass,,0,229
2026-10-12,plant-A,line5,machine4,DN,lot3,category 1,a2,code1,5,5
2026-10-12,plant-A,line5,machine9,UP,lot2,category 1,a1,code2,12,12
2026-10-12,plant-B,line4,machine2,DN,lot4,category 3,b3,code9,10,10
2026-10-12,plant-A,line6,machine5,DN,lot1,category 2,b1,code5,4,4
2026-10-12,plant-A,line4,machine6,UP,lot4,category 2,b4,code8,11,11
2026-10-12,plant-B,line2,machine6,DN,lot1,category 3,a2,code9,15,15
2026-10-12,plant-B,line1,machine2,UP,lot6,pass,pass,,0,150
2026-10-12,plant-B,line9,machine6,UP,lot1,pass,pass,,0,359
2026-10-12,plant-A,line3,machine1,UP,lot1,pass,pass,,0,206
2026-10-12,plant-A,line9,machine8,UP,lot6,pass,pass,,0,252
2026-10-13,,line5,machine4,UP,lot4,,,,1,1
2026-10-13,,line9,machine5,DN,lot6,,,,3,3
2026-10-13,,line6,machine1,DN,lot7,,,,3,3
2026-10-13,plant-B,line1,machine2,DN,lot8,category 1,a2,code4,3,3
2026-10-13,plant-A,line8,machine5,DN,lot7,pass,pass,,0,349
2026-10-13,plant-A,line7,machine8,UP,lot2,pass,pass,,0,237
2026-10-13,plant-A,line7,machine3,UP,lot6,category 1,a3,code10,6,6
2026-10-13,plant-A,line4,machine4,DN,lot2,pass,pass,,0,163
2026-10-13,plant-B,line7,machine5,DN,lot7,pass,pass,,0,271
2026-10-13,plant-A,line1,machine3,UP,lot9,category 2,b4,code10,7,7
2026-10-13,plant-A,line6,machine4,UP,lot5,category 2,b1,code4,11,11
2026-10-13,plant-A,line7,machine1,DN,lot4,category 1,a2,code3,7,7
2026-10-13,plant-B,line8,machine8,DN,lot1,category 2,b2,code7,13,13
2026-10-13,plant-B,line6,machine6,DN,lot3,category 3,b4,code10,4,4
2026-10-13,plant-B,line6,machine1,UP,lot7,category 2,b3,code2,19,19
2026-10-13,plant-A,line7,machine9,DN,lot6,category 2,b4,code4,10,10
2026-10-13,plant-A,line9,machine7,UP,lot9,category 2,b2,code5,7,7
2026-10-13,plant-B,line8,machine8,UP,lot6,category 2,b2,code3,13,13
2026-10-13,plant-B,line6,machine1,DN,lot2,pass,pass,,0,493
2026-10-13,plant-B,line2,machine6,UP,lot6,category 1,a1,code7,2,2
2026-10-13,plant-A,line7,machine9,DN,lot6,pass,pass,,0,325
2026-10-13,plant-B,line6,machine1,UP,lot2,category 3,b3,code4,9,9
2026-10-13,plant-B,line5,machine4,UP,lot9,category 3,b4,code3,4,4
2026-10-13,plant-A,line9,machine5,DN,lot1,pass,pass,,0,172
2026-10-13,plant-A,line6,machine3,UP,lot9,category 1,a1,code7,13,13
2026-10-13,plant-A,line8,machine6,DN,lot1,category 2,b1,code9,12,12
2026-10-13,plant-A,line9,machine4,UP,lot5,category 3,a1,code7,19,19
2026-10-13,plant-A,line6,machine9,UP,lot8,category 2,b1,code6,4,4
2026-10-13,plant-A,line2,machine1,DN,lot3,category 2,b1,code4,4,4
2026-10-13,plant-B,line4,machine7,DN,lot9,category 1,a4,code7,10,10
2026-10-13,plant-B,line6,machine4,DN,lot5,category 3,a1,code1,15,15
2026-10-13,plant-A,line2,machine8,DN,lot7,pass,pass,,0,415
2026-10-13,plant-B,line4,machine3,UP,lot3,category 2,b2,code2,19,19
2026-10-13,plant-B,line2,machine2,DN,lot7,category 1,a3,code6,12,12
2026-10-13,plant-B,line1,machine7,DN,lot2,category 2,b2,code2,8,8
2026-10-13,plant-A,line4,machine7,DN,lot4,pass,pass,,0,274
2026-10-13,plant-A,line4,machine1,DN,lot2,category 2,b4,code10,16,16
2026-10-13,plant-A,line6,machine9,DN,lot2,category 1,a3,code6,1,1
2026-10-13,plant-A,line4,machine9,UP,lot5,category 1,a1,code6,19,19
2026-10-13,plant-A,line2,machine8,DN,lot2,pass,pass,,0,359
2026-10-13,plant-A,line3,machine1,DN,lot6,category 2,b4,code2,5,5
2026-10-13,plant-B,line2,machine6,UP,lot4,category 2,b1,code6,17,17
2026-10-13,plant-B,line2,machine2,DN,lot7,category 3,b3,code4,15,15
2026-10-13,plant-A,line2,machine9,UP,lot5,pass,pass,,0,322
2026-10-13,plant-B,line7,machine7,DN,lot5,category 3,a2,code3,9,9
2026-10-13,plant-A,line8,machine5,UP,lot6,pass,pass,,0,444
2026-10-13,plant-B,line2,machine1,UP,lot2,category 2,b3,code2,4,4
2026-10-13,plant-B,line2,machine7,UP,lot3,category 1,a2,code8,14,14
2026-10-13,plant-A,line7,machine1,UP,lot2,category 2,b4,code6,9,9
2026-10-13,plant-B,line4,machine4,DN,lot8,pass,pass,,0,223
2026-10-13,plant-A,line7,machine7,UP,lot2,category 3,a1,code6,18,18
2026-10-13,plant-B,line4,machine4,DN,lot9,category 1,a1,code1,3,3
2026-10-13,plant-B,line4,machine6,UP,lot5,category 1,a4,code9,9,9
2026-10-13,plant-A,line3,machine1,DN,lot5,category 2,b4,code8,2,2
2026-10-13,plant-B,line8,machine4,UP,lot4,category 1,a2,code4,11,11
2026-10-13,plant-B,line9,machine3,UP,lot5,pass,pass,,0,196
2026-10-13,plant-A,line5,machine5,DN,lot7,pass,pass,,0,165
2026-10-13,plant-A,line1,machine1,UP,lot1,pass,pass,,0,390
2026-10-13,plant-A,line9,machine2,UP,lot7,category 3,a1,code3,1,1
2026-10-13,plant-B,line6,machine7,UP,lot6,category 2,b1,code2,18,18
2026-10-13,plant-A,line7,machine7,UP,lot3,category 3,b3,code7,7,7
2026-10-13,plant-B,line2,machine3,UP,lot4,category 1,a4,code9,15,15
2026-10-13,plant-A,line7,machine7,UP,lot4,category 2,b1,code1,3,3
2026-10-13,plant-A,line7,machine7,DN,lot5,category 2,b3,code10,17,17
2026-10-13,plant-B,line2,machine1,UP,lot6,category 3,a1,code8,11,11
2026-10-13,plant-A,line9,machine1,DN,lot3,category 2,b3,code5,7,7
2026-10-13,plant-B,line2,machine7,UP,lot6,category 1,a3,code10,2,2
2026-10-13,plant-B,line8,machine3,UP,lot4,category 2,b4,code3,6,6
2026-10-13,plant-B,line4,machine6,UP,lot7,category 2,b2,code8,9,9
2026-10-13,plant-A,line5,machine2,UP,lot5,category 2,b3,code6,4,4
2026-10-13,plant-A,line9,machine1,UP,lot7,pass,pass,,0,261
2026-10-13,plant-B,line5,machine7,UP,lot7,category 3,b4,code5,18,18
2026-10-13,plant-B,line1,machine2,DN,lot3,pass,pass,,0,188
2026-10-13,plant-B,line5,machine4,UP,lot7,category 1,a3,code10,2,2
2026-10-13,plant-B,line6,machine3,UP,lot5,category 3,b3,code6,2,2
2026-10-13,plant-B,line9,machine7,DN,lot3,category 1,a3,code10,16,16
2026-10-13,plant-A,line5,machine2,DN,lot6,category 1,a3,code2,15,15
2026-10-13,plant-B,line3,machine4,DN,lot7,category 1,a1,code1,12,12
2026-10-13,plant-B,line4,machine2,UP,lot7,pass,pass,,0,448
2026-10-13,plant-B,line7,machine7,DN,lot4,pass,pass,,0,180
2026-10-13,plant-B,line4,machine9,DN,lot3,pass,pass,,0,310
2026-10-13,plant-B,line6,machine4,DN,lot8,category 3,b3,code4,17,17
2026-10-13,plant-B,line6,machine6,UP,lot8,category 1,a2,code5,4,4
2026-10-13,plant-B,line8,machine7,DN,lot9,category 1,a4,code1,18,18
2026-10-13,plant-B,line9,machine5,UP,lot6,pass,pass,,0,336
2026-10-13,plant-B,line3,machine1,UP,lot6,category 1,a2,code9,12,12
2026-10-13,plant-B,line9,machine4,DN,lot9,category 1,a2,code1,13,13
2026-10-13,plant-B,line8,machine1,DN,lot9,pass,pass,,0,197
2026-10-13,plant-B,line9,machine6,DN,lot2,category 1,a3,code4,7,7
2026-10-13,plant-B,line4,machine5,DN,lot3,category 2,b4,code5,1,1
2026-10-13,plant-A,line4,machine9,DN,lot1,category 3,b4,code5,13,13
2026-10-13,plant-A,line3,machine3,UP,lot2,pass,pass,,0,236
2026-10-13,plant-A,line3,machine2,DN,lot1,category 3,a1,code8,13,13
2026-10-13,plant-B,line4,machine7,DN,lot3,category 2,b4,code3,16,16
2026-10-13,plant-A,line3,machine8,UP,lot2,category 2,b4,code9,19,19
2026-10-13,plant-A,line3,machine3,DN,lot8,category 1,a1,code6,1,1
2026-10-13,plant-A,line3,machine7,UP,lot4,pass,pass,,0,297
2026-10-13,plant-B,line8,machine7,UP,lot5,pass,pass,,0,233
2026-10-13,plant-B,line5,machine5,DN,lot6,category 3,b3,code6,8,8
2026-10-13,plant-A,line5,machine3,UP,lot5,pass,pass,,0,251
2026-10-13,plant-B,line4,machine3,DN,lot8,category 3,b3,code8,13,13
2026-10-13,plant-B,line7,machine1,DN,lot5,category 3,b4,code10,19,19
2026-10-13,plant-B,line8,machine2,DN,lot3,category 3,b3,code5,7,7
2026-10-13,plant-B,line7,machine7,DN,lot6,category 2,b1,code2,19,19
2026-10-13,plant-B,line9,machine6,DN,lot3,category 3,a2,code6,15,15
2026-10-13,plant-A,line8,machine9,DN,lot2,category 1,a1,code3,19,19
2026-10-13,plant-A,line1,machine4,UP,lot5,category 1,a2,code6,14,14
2026-10-13,plant-B,line2,machine2,UP,lot2,category 1,a1,code3,7,7
2026-10-13,plant-A,line1,machine4,DN,lot1,category 3,a1,code1,12,12
2026-10-13,plant-A,line7,machine3,DN,lot4,pass,pass,,0,467
2026-10-13,plant-B,line1,machine6,UP,lot2,category 2,b4,code5,3,3
2026-10-13,plant-A,line2,machine5,UP,lot8,pass,pass,,0,405
2026-10-13,plant-B,line1,machine3,DN,lot3,pass,pass,,0,162
2026-10-13,plant-A,line2,machine2,DN,lot1,category 2,b2,code9,14,14
2026-10-13,plant-A,line2,machine3,UP,lot5,category 3,b4,code3,2,2
2026-10-13,plant-A,line6,machine7,DN,lot2,category 2,b4,code5,3,3
2026-10-13,plant-A,line2,machine1,UP,lot4,category 3,b4,code10,11,11
2026-10-13,plant-B,line3,machine7,UP,lot1,pass,pass,,0,171
2026-10-13,plant-A,line8,machine3,DN,lot1,category 2,b2,code2,7,7
2026-10-13,plant-A,line7,machine9,DN,lot9,category 2,b1,code6,12,12
2026-10-13,plant-A,line4,machine6,DN,lot4,category 2,b3,code7,8,8
2026-10-13,plant-B,line2,machine2,DN,lot4,category 2,b1,code4,5,5
2026-10-13,plant-B,line1,machine1,DN,lot1,pass,pass,,0,273
2026-10-13,plant-A,line3,machine6,DN,lot6,category 1,a1,code6,5,5
2026-10-13,plant-B,line7,machine2,DN,lot1,pass,pass,,0,211
2026-10-13,plant-B,line7,machine3,DN,lot3,category 3,a1,code10,11,11
2026-10-13,plant-A,line8,machine7,DN,lot1,pass,pass,,0,205
2026-10-13,plant-A,line8,machine4,UP,lot5,category 2,b4,code8,12,12
2026-10-13,plant-A,line5,machine1,UP,lot9,pass,pass,,0,276
2026-10-13,plant-B,line6,machine5,UP,lot1,category 3,a2,code5,9,9
2026-10-13,plant-A,line1,machine6,UP,lot7,category 3,b4,code10,5,5
2026-10-13,plant-A,line6,machine5,DN,lot1,category 2,b1,code6,10,10
2026-10-13,plant-A,line1,machine3,DN,lot2,pass,pass,,0,498
2026-10-13,plant-B,line1,machine1,UP,lot4,category 3,b3,code2,2,2
2026-10-13,plant-A,line6,machine2,DN,lot7,category 1,a2,code8,6,6
2026-10-13,plant-B,line5,machine1,UP,lot4,category 1,a4,code2,7,7
2026-10-13,plant-B,line9,machine2,UP,lot4,category 1,a4,code3,16,16
2026-10-13,plant-B,line3,machine8,DN,lot4,category 2,b2,code9,18,18
2026-10-13,plant-A,line8,machine9,UP,lot3,pass,pass,,0,238
2026-10-13,plant-A,line8,machine5,UP,lot3,category 2,b3,code7,9,9
2026-10-13,plant-A,line5,machine7,DN,lot4,category 2,b2,code10,18,18
2026-10-13,plant-B,line7,machine6,DN,lot2,pass,pass,,0,158
2026-10-13,plant-B,line3,machine7,UP,lot1,category 1,a3,code10,14,14
2026-10-13,plant-B,line6,machine8,DN,lot3,category 2,b4,code3,17,17
2026-10-13,plant-B,line9,machine7,DN,lot2,pass,pass,,0,357
2026-10-13,plant-B,line1,machine8,UP,lot7,category 2,b1,code4,1,1
2026-10-13,plant-A,line8,machine1,UP,lot9,pass,pass,,0,245
2026-10-13,plant-B,line3,machine9,UP,lot9,category 2,b4,code4,8,8
2026-10-13,plant-A,line3,machine6,UP,lot8,pass,pass,,0,323
2026-10-13,plant-B,line3,machine8,DN,lot3,category 3,a2,code5,14,14
2026-10-13,plant-B,line3,machine1,UP,lot4,category 1,a2,code2,18,18
2026-10-13,plant-B,line4,machine6,UP,lot9,category 2,b1,code8,6,6
2026-10-13,plant-B,line7,machine4,UP,lot6,category 1,a3,code1,18,18
2026-10-13,plant-B,line1,machine2,DN,lot9,category 3,b3,code7,14,14
2026-10-13,plant-B,line8,machine9,DN,lot8,category 3,b4,code5,5,5
2026-10-13,plant-A,line2,machine5,UP,lot3,category 3,a1,code9,18,18
2026-10-13,plant-A,line2,machine4,DN,lot7,category 3,b3,code10,15,15
2026-10-13,plant-B,line5,machine2,UP,lot4,pass,pass,,0,318
2026-10-13,plant-A,line1,machine4,UP,lot8,category 2,b3,code1,19,19
2026-10-13,plant-B,line6,machine6,DN,lot4,category 2,b1,code5,17,17
2026-10-13,plant-B,line7,machine2,UP,lot6,category 3,a2,code10,11,11
2026-10-13,plant-A,line8,machine6,UP,lot4,category 1,a1,code9,10,10
2026-10-13,plant-B,line4,machine4,DN,lot8,category 1,a3,code9,3,3
2026-10-13,plant-B,line3,machine8,DN,lot9,pass,pass,,0,150
2026-10-13,plant-A,line2,machine2,DN,lot1,category 2,b2,code8,3,3
2026-10-13,plant-B,line5,machine6,DN,lot7,pass,pass,,0,261
2026-10-13,plant-B,line1,machine9,DN,lot9,pass,pass,,0,410
2026-10-13,plant-B,line4,machine5,DN,lot4,pass,pass,,0,251
2026-10-13,plant-B,line8,machine1,UP,lot2,category 1,a2,code10,12,12
2026-10-13,plant-B,line3,machine9,DN,lot3,category 2,b1,code9,13,13
2026-10-13,plant-A,line6,machine6,DN,lot4,category 3,b4,code2,13,13
2026-10-13,plant-B,line6,machine7,UP,lot9,pass,pass,,0,257
2026-10-13,plant-B,line5,machine6,UP,lot9,pass,pass,,0,314
2026-10-13,plant-B,line3,machine2,DN,lot2,category 1,a3,code6,5,5
2026-10-13,plant-B,line5,machine2,DN,lot1,category 2,b3,code7,7,7
2026-10-13,plant-A,line2,machine1,UP,lot9,category 3,a2,code6,6,6
2026-10-13,plant-A,line3,machine3,DN,lot6,category 1,a3,code9,1,1
2026-10-13,plant-A,line5,machine4,UP,lot9,pass,pass,,0,352
2026-10-13,plant-B,line9,machine1,UP,lot5,category 3,a1,code4,16,16
2026-10-13,plant-A,line3,machine2,DN,lot3,category 3,a2,code1,11,11
2026-10-13,plant-A,line2,machine4,DN,lot4,category 2,b3,code1,8,8
2026-10-13,plant-B,line9,machine6,DN,lot6,category 2,b2,code7,6,6
2026-10-13,plant-B,line8,machine9,DN,lot6,category 3,b3,code5,8,8
2026-10-13,plant-A,line5,machine1,UP,lot6,category 3,a2,code7,15,15
2026-10-13,plant-B,line4,machine4,DN,lot3,category 3,a1,code9,11,11
2026-10-13,plant-A,line9,machine2,UP,lot5,category 1,a3,code7,6,6
2026-10-13,plant-A,line1,machine5,UP,lot1,category 3,b3,code10,15,15
2026-10-13,plant-A,line6,machine8,DN,lot6,category 2,b4,code4,6,6
2026-10-13,plant-B,line1,machine9,DN,lot6,category 3,b3,code1,8,8
2026-10-13,plant-A,line5,machine5,DN,lot6,category 3,b3,code7,17,17
2026-10-13,plant-A,line9,machine4,DN,lot3,category 2,b4,code4,10,10
2026-10-13,plant-B,line8,machine6,DN,lot7,pass,pass,,0,244
2026-10-13,plant-B,line5,machine9,UP,lot3,category 2,b2,code4,17,17
2026-10-13,plant-B,line9,machine3,DN,lot5,pass,pass,,0,162
2026-10-13,plant-B,line1,machine3,DN,lot3,category 3,a1,code4,12,12
2026-10-13,plant-A,line4,machine1,UP,lot7,category 3,a2,code5,4,4
2026-10-13,plant-B,line9,machine3,DN,lot5,pass,pass,,0,400
2026-10-13,plant-A,line2,machine6,UP,lot2,pass,pass,,0,358
2026-10-13,plant-A,line1,machine6,DN,lot1,category 1,a4,code5,19,19
2026-10-13,plant-B,line1,machine1,DN,lot4,category 1,a1,code9,17,17
2026-10-14,,line4,machine2,UP,lot3,,,,0,100
2026-10-14,,line6,machine4,UP,lot7,,,,1,1
2026-10-14,,line8,machine7,UP,lot8,,,,4,4
2026-10-14,plant-A,line6,machine7,UP,lot6,category 2,b1,code2,18,18
2026-10-14,plant-B,line3,machine8,DN,lot4,pass,pass,,0,237
2026-10-14,plant-B,line4,machine6,UP,lot4,category 3,b4,code8,14,14
2026-10-14,plant-A,line6,machine4,DN,lot7,category 2,b4,code10,19,19
2026-10-14,plant-B,line3,machine4,DN,lot5,category 1,a3,code10,5,5
2026-10-14,plant-B,line2,machine9,DN,lot6,category 2,b4,code6,3,3
2026-10-14,plant-A,line4,machine5,UP,lot5,category 2,b4,code8,14,14
2026-10-14,plant-B,line1,machine6,DN,lot7,category 2,b2,code9,15,15
2026-10-14,plant-B,line2,machine6,UP,lot2,category 1,a2,code4,15,15
2026-10-14,plant-A,line8,machine6,DN,lot5,category 1,a3,code6,1,1
2026-10-14,plant-A,line7,machine4,UP,lot5,category 1,a2,code4,12,12
2026-10-14,plant-B,line4,machine8,DN,lot9,category 2,b3,code1,17,17
2026-10-14,plant-A,line1,machine7,DN,lot7,category 2,b3,code1,10,10
2026-10-14,plant-B,line2,machine3,DN,lot8,category 2,b3,code1,16,16
2026-10-14,plant-B,line8,machine5,UP,lot1,category 2,b1,code10,5,5
2026-10-14,plant-A,line3,machine7,DN,lot1,pass,pass,,0,162
2026-10-14,plant-A,line4,machine1,DN,lot2,category 2,b4,code4,9,9
2026-10-14,plant-B,line5,machine2,UP,lot7,category 2,b2,code7,4,4
2026-10-14,plant-A,line4,machine4,DN,lot7,category 2,b1,code9,10,10
2026-10-14,plant-A,line6,machine1,UP,lot3,category 3,a1,code7,7,7
2026-10-14,plant-B,line9,machine8,DN,lot8,category 1,a4,code2,19,19
2026-10-14,plant-B,line6,machine9,UP,lot5,category 1,a4,code1,19,19
2026-10-14,plant-A,line3,machine2,DN,lot5,category 3,b3,code7,8,8
2026-10-14,plant-A,line8,machine8,UP,lot3,category 3,a1,code7,1,1
2026-10-14,plant-A,line6,machine9,DN,lot8,category 2,b2,code3,16,16
2026-10-14,plant-A,line7,machine1,DN,lot6,pass,pass,,0,416
2026-10-14,plant-A,line2,machine3,DN,lot5,category 2,b3,code7,19,19
2026-10-14,plant-B,line6,machine6,UP,lot4,pass,pass,,0,401
2026-10-14,plant-A,line4,machine6,DN,lot7,category 2,b4,code8,14,14
2026-10-14,plant-B,line3,machine5,DN,lot8,category 3,b3,code6,4,4
2026-10-14,plant-A,line6,machine7,UP,lot5,category 1,a2,code8,16,16
2026-10-14,plant-B,line8,machine6,UP,lot8,category 1,a1,code7,10,10
2026-10-14,plant-A,line3,machine2,DN,lot8,category 1,a4,code5,16,16
2026-10-14,plant-A,line4,machine1,UP,lot6,category 3,b3,code4,3,3
2026-10-14,plant-B,line2,machine4,UP,lot5,category 1,a2,code1,17,17
2026-10-14,plant-A,line9,machine6,DN,lot4,category 2,b3,code3,8,8
2026-10-14,plant-A,line5,machine5,DN,lot5,category 1,a4,code8,12,12
2026-10-14,plant-A,line1,machine5,UP,lot5,category 3,b4,code9,19,19
2026-10-14,plant-A,line3,machine2,UP,lot4,category 1,a3,code2,5,5
2026-10-14,plant-A,line3,machine7,DN,lot1,category 2,b1,code2,19,19
2026-10-14,plant-B,line2,machine6,UP,lot6,pass,pass,,0,411
2026-10-14,plant-B,line8,machine6,UP,lot9,category 1,a4,code2,6,6
2026-10-14,plant-A,line7,machine2,UP,lot4,category 3,a1,code2,10,10
2026-10-14,plant-A,line1,machine5,DN,lot7,category 2,b1,code2,12,12
2026-10-14,plant-B,line3,machine2,DN,lot8,pass,pass,,0,251
2026-10-14,plant-B,line9,machine9,DN,lot8,category 2,b4,code2,19,19
2026-10-14,plant-A,line5,machine7,DN,lot8,category 2,b2,code5,17,17
2026-10-14,plant-B,line6,machine6,UP,lot7,category 1,a1,code2,4,4
2026-10-14,plant-A,line4,machine4,UP,lot8,pass,pass,,0,457
2026-10-14,plant-B,line4,machine6,DN,lot6,pass,pass,,0,401
2026-10-14,plant-B,line7,machine6,UP,lot2,category 2,b4,code6,15,15
2026-10-14,plant-A,line5,machine1,UP,lot3,category 2,b4,code7,5,5
2026-10-14,plant-A,line1,machine1,DN,lot8,category 3,b3,code9,13,13
2026-10-14,plant-A,line4,machine4,UP,lot6,pass,pass,,0,250
2026-10-14,plant-A,line9,machine3,DN,lot1,category 1,a1,code9,18,18
2026-10-14,plant-B,line8,machine9,UP,lot9,pass,pass,,0,459
2026-10-14,plant-A,line1,machine3,DN,lot9,category 2,b4,code5,13,13
2026-10-14,plant-B,line7,machine5,UP,lot6,pass,pass,,0,307
2026-10-14,plant-A,line3,machine4,UP,lot2,category 3,b4,code9,7,7
2026-10-14,plant-B,line2,machine7,DN,lot3,pass,pass,,0,413
2026-10-14,plant-B,line9,machine4,UP,lot1,category 1,a3,code2,18,18
2026-10-14,plant-B,line9,machine5,DN,lot7,category 2,b1,code1,5,5
2026-10-14,plant-B,line8,machine4,DN,lot8,pass,pass,,0,215
2026-10-14,plant-A,line5,machine6,DN,lot3,category 2,b3,code3,9,9
2026-10-14,plant-B,line2,machine7,DN,lot4,category 1,a1,code6,14,14
2026-10-14,plant-A,line3,machine4,UP,lot3,pass,pass,,0,194
2026-10-14,plant-B,line1,machine5,UP,lot9,category 1,a4,code8,8,8
2026-10-14,plant-B,line7,machine1,DN,lot7,category 3,b3,code8,19,19
2026-10-14,plant-B,line4,machine3,UP,lot6,pass,pass,,0,258
2026-10-14,plant-A,line5,machine6,DN,lot7,category 3,a2,code7,18,18
2026-10-14,plant-B,line8,machine8,UP,lot4,category 2,b2,code9,12,12
2026-10-14,plant-A,line3,machine5,DN,lot1,pass,pass,,0,208
2026-10-14,plant-B,line2,machine4,DN,lot9,category 1,a1,code5,12,12
2026-10-14,plant-B,line1,machine1,UP,lot7,pass,pass,,0,188
2026-10-14,plant-A,line8,machine8,DN,lot1,category 1,a3,code9,9,9
2026-10-14,plant-A,line6,machine3,UP,lot8,category 2,b2,code3,13,13
2026-10-14,plant-A,line3,machine6,DN,lot3,category 2,b1,code9,13,13
2026-10-14,plant-A,line4,machine1,UP,lot9,category 3,a1,code5,14,14
2026-10-14,plant-B,line9,machine7,DN,lot1,pass,pass,,0,249
2026-10-14,plant-B,line9,machine3,UP,lot1,category 1,a3,code5,7,7
2026-10-14,plant-A,line6,machine3,DN,lot5,category 1,a2,code6,4,4
2026-10-14,plant-A,line6,machine2,UP,lot5,pass,pass,,0,298
2026-10-14,plant-A,line6,machine3,DN,lot1,category 2,b3,code4,10,10
2026-10-14,plant-B,line3,machine1,DN,lot3,category 2,b4,code4,3,3
2026-10-14,plant-A,line4,machine2,DN,lot9,category 2,b4,code1,1,1
2026-10-14,plant-A,line6,machine6,UP,lot1,category 1,a2,code6,13,13
2026-10-14,plant-B,line3,machine5,DN,lot4,category 3,b4,code1,9,9
2026-10-14,plant-A,line7,machine4,UP,lot5,pass,pass,,0,263
2026-10-14,plant-A,line9,machine1,DN,lot2,category 2,b3,code6,8,8
2026-10-14,plant-A,line9,machine4,UP,lot3,pass,pass,,0,172
2026-10-14,plant-A,line2,machine6,DN,lot4,category 1,a1,code7,8,8
2026-10-14,plant-B,line7,machine8,UP,lot5,category 1,a3,code2,10,10
2026-10-14,plant-B,line4,machine8,UP,lot5,pass,pass,,0,272
2026-10-14,plant-B,line9,machine9,DN,lot9,pass,pass,,0,286
2026-10-14,plant-B,line6,machine9,DN,lot4,pass,pass,,0,412
2026-10-14,plant-B,line4,machine1,DN,lot3,category 3,b3,code10,3,3
2026-10-14,plant-A,line5,machine8,DN,lot5,pass,pass,,0,450
2026-10-14,plant-A,line7,machine6,DN,lot7,category 3,a1,code2,8,8
2026-10-14,plant-A,line8,machine7,UP,lot4,category 1,a1,code7,4,4
2026-10-14,plant-B,line4,machine9,UP,lot4,pass,pass,,0,450
2026-10-14,plant-B,line2,machine4,DN,lot4,pass,pass,,0,352
2026-10-14,plant-B,line8,machine9,DN,lot1,category 2,b1,code6,4,4
2026-10-14,plant-B,line3,machine5,DN,lot1,pass,pass,,0,397
2026-10-14,plant-A,line6,machine1,UP,lot3,category 1,a1,code4,12,12
2026-10-14,plant-B,line8,machine2,DN,lot7,pass,pass,,0,371
2026-10-14,plant-A,line1,machine2,DN,lot1,category 3,a1,code7,6,6
2026-10-14,plant-A,line7,machine3,UP,lot3,pass,pass,,0,451
2026-10-14,plant-A,line3,machine4,DN,lot2,pass,pass,,0,206
2026-10-14,plant-B,line3,machine7,DN,lot5,pass,pass,,0,361
2026-10-14,plant-A,line4,machine8,DN,lot7,pass,pass,,0,192
2026-10-14,plant-A,line6,machine5,UP,lot9,category 2,b3,code9,13,13
2026-10-14,plant-A,line5,machine2,UP,lot7,category 2,b4,code5,4,4
2026-10-14,plant-B,line4,machine8,UP,lot5,category 1,a4,code3,12,12
2026-10-14,plant-A,line3,machine8,UP,lot2,pass,pass,,0,440
2026-10-14,plant-A,line7,machine2,DN,lot4,category 1,a1,code5,17,17
2026-10-14,plant-A,line1,machine3,UP,lot2,category 2,b3,code5,18,18
2026-10-14,plant-A,line5,machine4,UP,lot7,category 2,b2,code6,2,2
2026-10-14,plant-B,line7,machine9,UP,lot3,category 3,a1,code9,8,8
2026-10-14,plant-A,line7,machine9,DN,lot3,category 2,b1,code3,4,4
2026-10-14,plant-A,line8,machine9,DN,lot8,pass,pass,,0,256
2026-10-14,plant-A,line2,machine8,UP,lot2,pass,pass,,0,412
2026-10-14,plant-B,line6,machine3,UP,lot3,pass,pass,,0,420
2026-10-14,plant-A,line4,machine3,DN,lot7,category 3,b4,code3,2,2
2026-10-14,plant-B,line1,machine1,DN,lot3,category 1,a2,code3,14,14
2026-10-14,plant-A,line1,machine6,UP,lot7,pass,pass,,0,235
2026-10-14,plant-A,line5,machine1,DN,lot3,pass,pass,,0,268
2026-10-14,plant-A,line5,machine4,DN,lot7,category 1,a1,code7,19,19
2026-10-14,plant-B,line6,machine7,UP,lot4,category 3,b4,code7,2,2
2026-10-14,plant-B,line6,machine5,UP,lot3,category 2,b3,code7,9,9
2026-10-14,plant-A,line3,machine2,UP,lot5,pass,pass,,0,333
2026-10-14,plant-B,line5,machine7,UP,lot5,pass,pass,,0,348
2026-10-14,plant-B,line8,machine7,UP,lot3,category 2,b3,code2,17,17
2026-10-14,plant-A,line5,machine9,DN,lot9,category 1,a3,code4,18,18
2026-10-14,plant-A,line4,machine6,DN,lot6,pass,pass,,0,286
2026-10-14,plant-A,line4,machine4,UP,lot4,pass,pass,,0,369
2026-10-14,plant-A,line3,machine5,DN,lot6,pass,pass,,0,408
2026-10-14,plant-B,line1,machine2,UP,lot6,category 1,a4,code4,15,15
2026-10-14,plant-B,line7,machine3,UP,lot6,category 3,b4,code8,13,13
2026-10-14,plant-A,line6,machine3,UP,lot6,category 2,b1,code9,6,6
2026-10-14,plant-A,line1,machine7,DN,lot5,pass,pass,,0,453
2026-10-14,plant-B,line8,machine8,UP,lot4,category 2,b3,code2,7,7
2026-10-14,plant-A,line8,machine1,DN,lot3,category 2,b2,code4,2,2
2026-10-14,plant-B,line4,machine5,DN,lot4,category 1,a4,code2,18,18
2026-10-14,plant-B,line8,machine3,DN,lot8,pass,pass,,0,268
2026-10-14,plant-B,line8,machine6,DN,lot3,pass,pass,,0,170
2026-10-14,plant-B,line6,machine9,DN,lot6,pass,pass,,0,498
2026-10-14,plant-A,line1,machine8,UP,lot4,category 1,a3,code4,14,14
2026-10-14,plant-B,line9,machine1,UP,lot1,category 2,b1,code4,14,14
2026-10-14,plant-A,line6,machine1,DN,lot1,pass,pass,,0,322
2026-10-14,plant-A,line8,machine8,DN,lot7,pass,pass,,0,290
2026-10-14,plant-A,line3,machine5,DN,lot4,category 1,a3,code8,11,11
2026-10-14,plant-B,line4,machine1,DN,lot5,category 1,a3,code3,4,4
2026-10-14,plant-A,line4,machine5,DN,lot2,category 2,b2,code9,16,16
2026-10-14,plant-A,line4,machine8,UP,lot1,category 3,b4,code3,8,8
2026-10-14,plant-A,line1,machine6,DN,lot3,category 2,b4,code9,3,3
2026-10-14,plant-B,line6,machine2,UP,lot7,category 3,b3,code7,14,14
2026-10-14,plant-A,line8,machine8,DN,lot2,category 1,a1,code6,10,10
2026-10-14,plant-A,line7,machine1,UP,lot4,pass,pass,,0,244
2026-10-14,plant-B,line7,machine7,DN,lot3,category 3,a1,code2,15,15
2026-10-14,plant-A,line3,machine9,UP,lot4,category 1,a3,code10,6,6
2026-10-14,plant-A,line6,machine1,DN,lot6,category 2,b1,code3,19,19
2026-10-14,plant-A,line8,machine3,UP,lot7,pass,pass,,0,495
2026-10-14,plant-A,line6,machine7,UP,lot1,category 3,b3,code2,3,3
2026-10-14,plant-B,line8,machine2,UP,lot1,category 2,b3,code6,6,6
2026-10-14,plant-B,line2,machine3,DN,lot6,category 1,a1,code4,17,17
2026-10-14,plant-B,line3,machine9,DN,lot7,category 2,b4,code6,2,2
2026-10-14,plant-B,line6,machine2,DN,lot1,category 1,a3,code7,18,18
2026-10-14,plant-B,line8,machine8,UP,lot5,category 2,b4,code6,15,15
2026-10-14,plant-A,line4,machine5,DN,lot4,category 1,a1,code3,8,8
2026-10-14,plant-A,line3,machine9,DN,lot6,category 3,b4,code8,19,19
2026-10-14,plant-A,line7,machine2,UP,lot5,category 3,b4,code4,9,9
2026-10-14,plant-B,line7,machine7,DN,lot7,category 1,a1,code8,18,18
2026-10-14,plant-A,line5,machine7,DN,lot5,pass,pass,,0,329
2026-10-14,plant-B,line1,machine2,UP,lot1,category 2,b3,code3,10,10
2026-10-14,plant-A,line7,machine7,DN,lot5,pass,pass,,0,337
2026-10-14,plant-B,line7,machine5,DN,lot8,category 2,b2,code8,11,11
2026-10-14,plant-A,line5,machine4,UP,lot8,category 1,a2,code3,4,4
2026-10-14,plant-B,line4,machine4,DN,lot8,category 1,a1,code7,4,4
2026-10-14,plant-B,line1,machine8,DN,lot5,category 2,b3,code3,12,12
2026-10-14,plant-B,line5,machine5,DN,lot7,category 1,a1,code2,14,14
2026-10-14,plant-A,line7,machine1,UP,lot7,pass,pass,,0,420
2026-10-14,plant-B,line6,machine4,DN,lot1,category 2,b2,code6,4,4
2026-10-14,plant-A,line2,machine8,UP,lot1,category 1,a3,code10,7,7
2026-10-14,plant-B,line3,machine3,DN,lot2,category 1,a2,code10,5,5
2026-10-14,plant-B,line4,machine7,UP,lot3,pass,pass,,0,454
2026-10-14,plant-A,line5,machine4,DN,lot4,category 1,a4,code3,15,15
2026-10-14,plant-A,line2,machine6,DN,lot9,category 2,b4,code4,11,11
2026-10-14,plant-A,line6,machine7,DN,lot7,pass,pass,,0,482
2026-10-14,plant-A,line2,machine5,DN,lot5,pass,pass,,0,447
2026-10-14,plant-A,line6,machine4,UP,lot2,category 3,a1,code1,18,18
2026-10-14,plant-B,line1,machine4,DN,lot7,category 3,b3,code10,19,19
2026-10-14,plant-A,line2,machine5,DN,lot9,category 3,b3,code5,16,16
2026-10-14,plant-A,line2,machine1,DN,lot1,category 2,b3,code2,1,1
2026-10-14,plant-A,line4,machine5,DN,lot1,pass,pass,,0,492
2026-10-14,plant-B,line2,machine8,UP,lot9,category 2,b2,code1,1,1
2026-10-14,plant-A,line3,machine9,DN,lot4,pass,pass,,0,429
2026-10-14,plant-A,line4,machine7,DN,lot7,pass,pass,,0,289
2026-10-15,,line5,machine4,DN,lot8,,,,2,2
2026-10-15,,line1,machine6,DN,lot2,,,,3,3
2026-10-15,,line6,machine2,UP,lot5,,,,0,100
2026-10-15,plant-B,line3,machine6,UP,lot7,pass,pass,,0,180
2026-10-15,plant-A,line2,machine4,UP,lot4,pass,pass,,0,332
2026-10-15,plant-A,line6,machine7,DN,lot5,pass,pass,,0,257
2026-10-15,plant-B,line3,machine6,DN,lot8,category 2,b1,code6,3,3
2026-10-15,plant-A,line6,machine9,DN,lot9,pass,pass,,0,223
2026-10-15,plant-A,line9,machine4,UP,lot2,pass,pass,,0,232
2026-10-15,plant-A,line2,machine1,DN,lot2,pass,pass,,0,441
2026-10-15,plant-B,line7,machine7,UP,lot4,pass,pass,,0,451
2026-10-15,plant-B,line1,machine8,DN,lot7,pass,pass,,0,499
2026-10-15,plant-B,line5,machine5,UP,lot7,pass,pass,,0,482
2026-10-15,plant-B,line1,machine6,DN,lot9,category 2,b1,code7,1,1
2026-10-15,plant-A,line4,machine9,UP,lot8,category 1,a4,code7,4,4
2026-10-15,plant-A,line4,machine3,DN,lot5,category 2,b4,code3,11,11
2026-10-15,plant-B,line3,machine5,DN,lot8,category 2,b2,code5,17,17
2026-10-15,plant-A,line4,machine6,UP,lot7,category 2,b1,code8,1,1
2026-10-15,plant-B,line7,machine6,UP,lot9,category 3,b4,code2,15,15
2026-10-15,plant-B,line5,machine7,UP,lot9,pass,pass,,0,438
2026-10-15,plant-B,line1,machine7,DN,lot7,category 2,b3,code9,4,4
2026-10-15,plant-B,line9,machine8,UP,lot5,pass,pass,,0,400
2026-10-15,plant-B,line8,machine5,DN,lot6,pass,pass,,0,255
2026-10-15,plant-B,line8,machine6,DN,lot4,pass,pass,,0,434
2026-10-15,plant-A,line5,machine9,UP,lot1,pass,pass,,0,349
2026-10-15,plant-A,line4,machine7,UP,lot7,category 3,a2,code5,17,17
2026-10-15,plant-B,line1,machine3,UP,lot8,category 3,b4,code8,7,7
2026-10-15,plant-A,line8,machine2,DN,lot5,category 1,a3,code4,15,15
2026-10-15,plant-A,line1,machine2,DN,lot9,category 2,b4,code5,2,2
2026-10-15,plant-A,line5,machine9,DN,lot4,pass,pass,,0,471
2026-10-15,plant-A,line9,machine5,UP,lot3,category 2,b4,code4,17,17
2026-10-15,plant-B,line2,machine2,UP,lot5,pass,pass,,0,394
2026-10-15,plant-A,line8,machine6,DN,lot7,pass,pass,,0,345
2026-10-15,plant-B,line6,machine9,DN,lot5,category 1,a4,code2,17,17
2026-10-15,plant-A,line9,machine8,UP,lot7,pass,pass,,0,413
2026-10-15,plant-B,line9,machine2,DN,lot7,category 3,a1,code10,13,13
2026-10-15,plant-A,line3,machine1,DN,lot3,category 2,b3,code10,2,2
2026-10-15,plant-A,line4,machine2,DN,lot6,category 3,a1,code9,17,17
2026-10-15,plant-B,line5,machine5,DN,lot3,category 3,a1,code1,7,7
2026-10-15,plant-A,line8,machine9,UP,lot1,category 3,b3,code10,7,7
2026-10-15,plant-B,line7,machine9,DN,lot6,category 1,a2,code8,14,14
2026-10-15,plant-A,line4,machine8,UP,lot2,category 1,a1,code6,1,1
2026-10-15,plant-A,line7,machine1,UP,lot5,category 2,b1,code3,7,7
2026-10-15,plant-B,line3,machine7,UP,lot4,category 2,b2,code9,1,1
2026-10-15,plant-B,line9,machine5,UP,lot1,category 2,b2,code4,9,9
2026-10-15,plant-B,line2,machine7,UP,lot9,pass,pass,,0,280
2026-10-15,plant-B,line4,machine3,DN,lot2,pass,pass,,0,346
2026-10-15,plant-A,line2,machine9,DN,lot1,category 3,b4,code5,2,2
2026-10-15,plant-A,line3,machine7,DN,lot6,pass,pass,,0,271
2026-10-15,plant-B,line8,machine7,DN,lot9,category 2,b2,code8,1,1
2026-10-15,plant-B,line7,machine9,DN,lot6,category 3,b4,code5,17,17
2026-10-15,plant-A,line3,machine9,DN,lot4,category 3,b3,code4,8,8
2026-10-15,plant-B,line1,machine5,DN,lot4,category 3,a2,code2,16,16
2026-10-15,plant-B,line7,machine3,UP,lot3,category 2,b2,code4,12,12
2026-10-15,plant-B,line8,machine7,UP,lot2,category 1,a4,code7,11,11
2026-10-15,plant-B,line4,machine8,DN,lot6,category 1,a1,code3,6,6
2026-10-15,plant-A,line2,machine1,DN,lot7,pass,pass,,0,175
2026-10-15,plant-B,line3,machine2,UP,lot4,category 2,b2,code7,10,10
2026-10-15,plant-B,line2,machine4,UP,lot2,pass,pass,,0,489
2026-10-15,plant-B,line2,machine9,DN,lot8,category 3,b4,code5,19,19
2026-10-15,plant-B,line7,machine8,DN,lot4,category 3,a2,code5,12,12
2026-10-15,plant-A,line5,machine8,UP,lot9,pass,pass,,0,181
2026-10-15,plant-B,line2,machine7,DN,lot7,category 2,b3,code8,16,16
2026-10-15,plant-A,line4,machine4,UP,lot3,category 3,b4,code3,2,2
2026-10-15,plant-B,line8,machine1,UP,lot2,category 2,b2,code5,10,10
2026-10-15,plant-A,line1,machine8,DN,lot8,category 1,a2,code3,15,15
2026-10-15,plant-A,line5,machine7,DN,lot9,category 1,a3,code3,11,11
2026-10-15,plant-B,line2,machine1,UP,lot8,category 2,b4,code2,14,14
2026-10-15,plant-B,line7,machine7,UP,lot1,category 3,b3,code4,18,18
2026-10-15,plant-B,line3,machine7,UP,lot6,category 2,b2,code7,3,3
2026-10-15,plant-B,line7,machine5,DN,lot4,pass,pass,,0,315
2026-10-15,plant-B,line6,machine2,UP,lot6,category 2,b2,code4,5,5
2026-10-15,plant-B,line9,machine5,DN,lot6,category 1,a2,code2,16,16
2026-10-15,plant-A,line1,machine1,UP,lot1,category 1,a4,code6,18,18
2026-10-15,plant-A,line3,machine8,UP,lot4,category 2,b1,code7,4,4
2026-10-15,plant-A,line9,machine8,UP,lot7,pass,pass,,0,231
2026-10-15,plant-B,line7,machine6,UP,lot4,category 2,b2,code9,14,14
2026-10-15,plant-B,line5,machine6,DN,lot2,pass,pass,,0,249
2026-10-15,plant-A,line4,machine7,UP,lot7,category 2,b3,code7,2,2
2026-10-15,plant-A,line5,machine6,DN,lot3,category 3,a2,code5,10,10
2026-10-15,plant-A,line8,machine7,UP,lot1,category 1,a1,code9,13,13
2026-10-15,plant-A,line1,machine1,UP,lot9,category 2,b3,code1,13,13
2026-10-15,plant-A,line5,machine8,DN,lot2,category 3,b3,code10,5,5
2026-10-15,plant-B,line4,machine7,UP,lot2,category 1,a4,code5,14,14
2026-10-15,plant-A,line3,machine5,UP,lot2,category 2,b1,code9,15,15
2026-10-15,plant-A,line6,machine7,DN,lot5,category 2,b2,code7,7,7
2026-10-15,plant-B,line7,machine9,DN,lot2,pass,pass,,0,151
2026-10-15,plant-A,line3,machine1,UP,lot3,category 3,a1,code6,17,17
2026-10-15,plant-B,line7,machine1,DN,lot9,pass,pass,,0,453
2026-10-15,plant-B,line3,machine5,UP,lot3,category 3,b3,code5,14,14
2026-10-15,plant-A,line1,machine1,UP,lot9,category 1,a1,code4,2,2
2026-10-15,plant-B,line9,machine5,DN,lot7,category 1,a1,code8,18,18
2026-10-15,plant-A,line8,machine3,UP,lot3,category 1,a3,code6,18,18
2026-10-15,plant-A,line1,machine8,DN,lot9,pass,pass,,0,202
2026-10-15,plant-A,line2,machine5,DN,lot4,category 3,a1,code7,6,6
2026-10-15,plant-B,line5,machine3,DN,lot7,pass,pass,,0,208
2026-10-15,plant-A,line7,machine3,UP,lot2,category 3,a1,code1,5,5
2026-10-15,plant-B,line2,machine1,DN,lot3,pass,pass,,0,306
2026-10-15,plant-A,line7,machine7,UP,lot3,category 2,b2,code1,9,9
2026-10-15,plant-A,line8,machine4,UP,lot7,pass,pass,,0,482
2026-10-15,plant-B,line8,machine2,UP,lot5,pass,pass,,0,416
2026-10-15,plant-B,line7,machine9,DN,lot6,category 3,b3,code1,15,15
2026-10-15,plant-A,line3,machine6,DN,lot5,category 1,a3,code9,3,3
2026-10-15,plant-A,line6,machine2,UP,lot1,category 3,a2,code2,11,11
2026-10-15,plant-B,line4,machine2,UP,lot9,category 1,a4,code9,7,7
2026-10-15,plant-A,line5,machine5,DN,lot3,category 3,a2,code1,3,3
2026-10-15,plant-A,line4,machine7,DN,lot2,pass,pass,,0,204
2026-10-15,plant-A,line8,machine6,UP,lot8,category 1,a3,code3,9,9
2026-10-15,plant-A,line1,machine2,DN,lot2,category 1,a4,code4,1,1
2026-10-15,plant-A,line2,machine3,UP,lot8,category 1,a3,code4,4,4
2026-10-15,plant-A,line5,machine7,UP,lot3,pass,pass,,0,431
2026-10-15,plant-B,line1,machine6,DN,lot2,pass,pass,,0,425
2026-10-15,plant-B,line3,machine4,UP,lot4,category 2,b1,code4,4,4
2026-10-15,plant-A,line7,machine3,UP,lot1,category 2,b1,code5,17,17
2026-10-15,plant-B,line9,machine8,UP,lot6,category 3,a2,code6,6,6
2026-10-15,plant-A,line3,machine7,UP,lot8,pass,pass,,0,282
2026-10-15,plant-B,line2,machine3,UP,lot8,category 2,b3,code5,17,17
2026-10-15,plant-B,line4,machine1,DN,lot9,category 1,a4,code10,15,15
2026-10-15,plant-A,line9,machine4,DN,lot6,category 2,b4,code5,17,17
2026-10-15,plant-B,line7,machine1,UP,lot1,category 1,a2,code9,3,3
2026-10-15,plant-B,line6,machine4,DN,lot2,category 3,b4,code7,17,17
2026-10-15,plant-B,line8,machine1,DN,lot2,category 3,b3,code3,9,9
2026-10-15,plant-B,line6,machine2,UP,lot3,category 2,b1,code7,18,18
2026-10-15,plant-A,line3,machine6,DN,lot9,category 3,b4,code10,9,9
2026-10-15,plant-A,line6,machine8,DN,lot2,category 3,a1,code9,9,9
2026-10-15,plant-A,line3,machine6,DN,lot4,pass,pass,,0,461
2026-10-15,plant-A,line6,machine1,UP,lot2,pass,pass,,0,427
2026-10-15,plant-A,line4,machine7,UP,lot7,pass,pass,,0,281
2026-10-15,plant-B,line1,machine4,UP,lot3,pass,pass,,0,350
2026-10-15,plant-B,line5,machine3,DN,lot2,pass,pass,,0,324
2026-10-15,plant-B,line8,machine5,DN,lot5,pass,pass,,0,342
2026-10-15,plant-A,line2,machine6,UP,lot8,category 3,a1,code3,8,8
2026-10-15,plant-A,line9,machine6,DN,lot1,category 3,a1,code5,7,7
2026-10-15,plant-B,line8,machine2,DN,lot7,category 1,a2,code7,4,4
2026-10-15,plant-B,line4,machine6,DN,lot7,pass,pass,,0,184
2026-10-15,plant-A,line9,machine1,UP,lot8,category 3,a2,code6,3,3
2026-10-15,plant-B,line9,machine6,DN,lot2,category 2,b2,code9,4,4
2026-10-15,plant-B,line5,machine8,UP,lot8,category 2,b2,code4,15,15
2026-10-15,plant-A,line8,machine4,UP,lot4,pass,pass,,0,299
2026-10-15,plant-B,line1,machine7,DN,lot9,category 2,b1,code3,9,9
2026-10-15,plant-B,line1,machine9,UP,lot6,category 2,b4,code4,5,5
2026-10-15,plant-B,line4,machine8,UP,lot1,category 2,b2,code2,12,12
2026-10-15,plant-B,line2,machine7,UP,lot1,category 1,a3,code2,13,13
2026-10-15,plant-A,line5,machine3,DN,lot6,category 1,a1,code2,10,10
2026-10-15,plant-B,line3,machine1,UP,lot2,pass,pass,,0,206
2026-10-15,plant-A,line7,machine6,UP,lot1,pass,pass,,0,180
2026-10-15,plant-A,line7,machine3,DN,lot6,category 2,b4,code8,11,11
2026-10-15,plant-B,line5,machine7,DN,lot2,category 2,b4,code10,3,3
2026-10-15,plant-A,line9,machine5,UP,lot5,category 1,a3,code7,17,17
2026-10-15,plant-A,line5,machine8,UP,lot2,category 2,b2,code8,18,18
2026-10-15,plant-A,line3,machine3,DN,lot3,pass,pass,,0,348
2026-10-15,plant-B,line1,machine3,DN,lot3,category 2,b3,code5,2,2
2026-10-15,plant-A,line7,machine2,UP,lot6,category 2,b2,code4,8,8
2026-10-15,plant-B,line6,machine7,DN,lot4,category 3,b4,code8,12,12
2026-10-15,plant-A,line9,machine5,UP,lot1,pass,pass,,0,479
2026-10-15,plant-B,line4,machine6,DN,lot4,category 2,b3,code9,10,10
2026-10-15,plant-B,line5,machine7,DN,lot5,pass,pass,,0,392
2026-10-15,plant-A,line9,machine9,DN,lot6,category 1,a3,code4,4,4
2026-10-15,plant-B,line5,machine6,UP,lot5,category 3,a1,code2,6,6
2026-10-15,plant-B,line8,machine2,UP,lot9,pass,pass,,0,328
2026-10-15,plant-A,line4,machine7,DN,lot8,category 2,b3,code10,10,10
2026-10-15,plant-A,line3,machine5,DN,lot3,pass,pass,,0,356
2026-10-15,plant-A,line1,machine2,UP,lot1,category 2,b1,code9,9,9
2026-10-15,plant-A,line4,machine5,UP,lot8,pass,pass,,0,489
2026-10-15,plant-A,line6,machine8,UP,lot5,category 3,a2,code9,8,8
2026-10-15,plant-B,line8,machine7,UP,lot4,category 3,a2,code2,15,15
2026-10-15,plant-A,line3,machine6,DN,lot1,pass,pass,,0,244
2026-10-15,plant-A,line6,machine7,UP,lot4,category 2,b4,code10,6,6
2026-10-15,plant-A,line4,machine9,DN,lot1,category 1,a1,code7,19,19
2026-10-15,plant-B,line2,machine1,UP,lot3,category 2,b3,code7,1,1
2026-10-15,plant-B,line4,machine6,UP,lot7,pass,pass,,0,436
2026-10-15,plant-B,line9,machine1,DN,lot2,category 3,b3,code3,10,10
2026-10-15,plant-B,line1,machine8,DN,lot9,category 1,a1,code7,4,4
2026-10-15,plant-A,line6,machine8,UP,lot5,category 2,b2,code9,11,11
2026-10-15,plant-A,line6,machine4,DN,lot3,pass,pass,,0,332
2026-10-15,plant-A,line5,machine2,UP,lot7,category 2,b4,code4,6,6
2026-10-15,plant-A,line2,machine4,DN,lot4,pass,pass,,0,430
2026-10-15,plant-A,line7,machine1,UP,lot5,category 1,a3,code3,4,4
2026-10-15,plant-A,line4,machine3,UP,lot5,pass,pass,,0,447
2026-10-15,plant-A,line8,machine8,DN,lot4,pass,pass,,0,386
2026-10-15,plant-A,line3,machine7,DN,lot9,category 2,b4,code4,4,4
2026-10-15,plant-A,line8,machine8,DN,lot7,pass,pass,,0,394
2026-10-15,plant-A,line2,machine8,UP,lot6,category 2,b4,code3,1,1
2026-10-15,plant-A,line9,machine5,UP,lot8,category 1,a2,code3,4,4
2026-10-15,plant-B,line4,machine7,UP,lot3,category 1,a4,code8,16,16
2026-10-15,plant-B,line8,machine1,UP,lot4,pass,pass,,0,480
2026-10-15,plant-B,line2,machine4,UP,lot2,category 1,a4,code3,9,9
2026-10-15,plant-B,line5,machine6,UP,lot8,category 1,a2,code2,8,8
2026-10-15,plant-B,line5,machine1,DN,lot1,category 1,a2,code6,1,1
2026-10-15,plant-A,line2,machine1,DN,lot3,category 1,a3,code10,11,11
2026-10-15,plant-A,line2,machine4,DN,lot5,pass,pass,,0,229
2026-10-15,plant-B,line8,machine9,DN,lot7,pass,pass,,0,370
2026-10-15,plant-B,line6,machine4,DN,lot9,category 2,b4,code1,2,2
2026-10-15,plant-A,line2,machine2,UP,lot6,category 2,b4,code9,5,5
2026-10-15,plant-B,line9,machine2,UP,lot9,category 2,b3,code3,11,11
2026-10-15,plant-B,line7,machine8,UP,lot9,category 3,b4,code4,18,18
2026-10-15,plant-A,line2,machine4,DN,lot2,category 2,b1,code6,11,11
2026-10-15,plant-A,line2,machine5,UP,lot8,category 2,b1,code3,1,1
2026-10-15,plant-A,line3,machine8,UP,lot8,category 3,a2,code1,10,10
2026-10-15,plant-B,line2,machine5,UP,lot4,pass,pass,,0,161
2026-10-16,,line9,machine7,DN,lot4,,,,1,1
2026-10-16,,line7,machine9,UP,lot4,,,,3,3
2026-10-16,,line1,machine3,DN,lot7,,,,4,4
2026-10-16,plant-B,line6,machine6,UP,lot4,pass,pass,,0,269
2026-10-16,plant-B,line2,machine9,UP,lot6,category 1,a4,code8,10,10
2026-10-16,plant-B,line5,machine9,UP,lot7,category 1,a2,code3,18,18
2026-10-16,plant-B,line7,machine9,UP,lot6,category 1,a4,code4,14,14
2026-10-16,plant-B,line9,machine2,UP,lot3,category 2,b4,code5,19,19
2026-10-16,plant-A,line5,machine5,DN,lot2,category 1,a2,code2,19,19
2026-10-16,plant-B,line1,machine9,UP,lot4,category 2,b1,code10,18,18
2026-10-16,plant-A,line4,machine1,DN,lot4,category 2,b3,code3,11,11
2026-10-16,plant-A,line5,machine5,UP,lot9,pass,pass,,0,176
2026-10-16,plant-A,line9,machine4,DN,lot6,category 2,b1,code8,10,10
2026-10-16,plant-B,line7,machine6,DN,lot3,category 1,a2,code9,2,2
2026-10-16,plant-B,line2,machine1,UP,lot3,pass,pass,,0,270
2026-10-16,plant-A,line6,machine8,UP,lot3,category 1,a2,code5,7,7
2026-10-16,plant-B,line5,machine4,DN,lot1,category 2,b4,code10,11,11
2026-10-16,plant-B,line1,machine1,UP,lot5,category 1,a3,code9,8,8
2026-10-16,plant-A,line5,machine5,DN,lot6,category 2,b1,code2,4,4
2026-10-16,plant-A,line4,machine6,DN,lot4,pass,pass,,0,401
2026-10-16,plant-B,line4,machine6,DN,lot9,category 2,b3,code7,7,7
2026-10-16,plant-A,line8,machine6,DN,lot7,category 2,b3,code3,6,6
2026-10-16,plant-B,line6,machine7,UP,lot8,category 3,b4,code6,7,7
2026-10-16,plant-A,line4,machine4,DN,lot3,category 3,a2,code7,5,5
2026-10-16,plant-A,line6,machine2,UP,lot7,pass,pass,,0,226
2026-10-16,plant-B,line6,machine4,DN,lot4,category 2,b2,code9,13,13
2026-10-16,plant-A,line6,machine5,DN,lot8,category 2,b4,code3,9,9
2026-10-16,plant-B,line7,machine9,UP,lot1,category 3,b3,code9,1,1
2026-10-16,plant-B,line4,machine6,UP,lot1,category 3,b3,code4,4,4
2026-10-16,plant-B,line4,machine8,UP,lot3,category 2,b2,code6,5,5
2026-10-16,plant-B,line3,machine7,UP,lot4,pass,pass,,0,239
2026-10-16,plant-B,line1,machine7,UP,lot9,pass,pass,,0,221
2026-10-16,plant-B,line2,machine5,UP,lot9,category 2,b3,code3,2,2
2026-10-16,plant-A,line7,machine4,UP,lot9,pass,pass,,0,261
2026-10-16,plant-A,line4,machine6,DN,lot3,pass,pass,,0,430
2026-10-16,plant-B,line5,machine2,UP,lot6,category 3,b3,code2,6,6
2026-10-16,plant-B,line4,machine1,DN,lot1,category 1,a2,code6,17,17
2026-10-16,plant-B,line4,machine8,DN,lot2,category 1,a1,code4,10,10
2026-10-16,plant-A,line3,machine4,UP,lot6,pass,pass,,0,368
2026-10-16,plant-B,line6,machine2,DN,lot5,category 2,b3,code9,19,19
2026-10-16,plant-A,line8,machine3,UP,lot2,category 1,a3,code1,10,10
2026-10-16,plant-A,line6,machine2,UP,lot2,category 2,b2,code5,6,6
2026-10-16,plant-B,line9,machine2,DN,lot1,pass,pass,,0,452
2026-10-16,plant-B,line3,machine2,UP,lot4,category 2,b4,code7,8,8
2026-10-16,plant-B,line2,machine8,DN,lot4,category 3,b4,code9,2,2
2026-10-16,plant-A,line1,machine3,DN,lot9,category 1,a3,code1,15,15
2026-10-16,plant-A,line4,machine5,DN,lot2,category 2,b3,code5,4,4
2026-10-16,plant-A,line9,machine8,DN,lot6,pass,pass,,0,403
2026-10-16,plant-A,line5,machine4,UP,lot8,category 2,b3,code3,14,14
2026-10-16,plant-A,line4,machine7,UP,lot1,category 1,a2,code6,13,13
2026-10-16,plant-B,line9,machine7,DN,lot9,pass,pass,,0,355
2026-10-16,plant-B,line7,machine3,UP,lot3,category 3,b3,code5,13,13
2026-10-16,plant-A,line8,machine1,UP,lot4,category 2,b2,code5,6,6
2026-10-16,plant-A,line4,machine7,UP,lot4,category 2,b2,code4,7,7
2026-10-16,plant-A,line6,machine8,DN,lot9,category 2,b1,code2,3,3
2026-10-16,plant-B,line1,machine3,UP,lot7,category 1,a1,code3,15,15
2026-10-16,plant-B,line6,machine7,DN,lot8,pass,pass,,0,151
2026-10-16,plant-B,line5,machine1,UP,lot1,category 1,a2,code9,12,12
2026-10-16,plant-A,line2,machine2,UP,lot1,category 3,a1,code1,12,12
2026-10-16,plant-A,line4,machine1,DN,lot7,category 1,a3,code8,12,12
2026-10-16,plant-A,line3,machine4,UP,lot6,pass,pass,,0,433
2026-10-16,plant-A,line6,machine5,UP,lot5,pass,pass,,0,210
2026-10-16,plant-A,line9,machine6,DN,lot6,category 2,b4,code8,2,2
2026-10-16,plant-A,line2,machine1,DN,lot2,category 3,b4,code4,13,13
2026-10-16,plant-A,line1,machine5,UP,lot4,category 1,a3,code10,4,4
2026-10-16,plant-A,line3,machine5,UP,lot8,pass,pass,,0,476
2026-10-16,plant-A,line2,machine8,UP,lot2,category 1,a4,code1,6,6
2026-10-16,plant-A,line8,machine9,UP,lot6,category 2,b4,code6,17,17
2026-10-16,plant-A,line9,machine6,UP,lot7,pass,pass,,0,318
2026-10-16,plant-B,line4,machine5,UP,lot3,category 2,b4,code9,15,15
2026-10-16,plant-A,line5,machine7,DN,lot1,category 3,b3,code8,9,9
2026-10-16,plant-B,line8,machine3,DN,lot6,pass,pass,,0,447
2026-10-16,plant-A,line7,machine7,UP,lot6,pass,pass,,0,171
2026-10-16,plant-B,line7,machine7,DN,lot8,category 1,a4,code6,13,13
2026-10-16,plant-A,line4,machine4,DN,lot9,category 2,b1,code6,16,16
2026-10-16,plant-A,line9,machine5,UP,lot8,category 2,b4,code5,16,16
2026-10-16,plant-B,line5,machine8,UP,lot1,pass,pass,,0,318
2026-10-16,plant-A,line5,machine7,UP,lot8,category 3,a1,code9,10,10
2026-10-16,plant-B,line1,machine7,DN,lot5,category 1,a1,code2,18,18
2026-10-16,plant-A,line3,machine1,UP,lot7,category 1,a3,code3,2,2
2026-10-16,plant-B,line8,machine2,DN,lot3,category 3,a2,code5,11,11
2026-10-16,plant-B,line5,machine9,DN,lot4,category 3,a2,code5,15,15
2026-10-16,plant-A,line4,machine4,UP,lot5,category 1,a4,code6,7,7
2026-10-16,plant-A,line2,machine7,DN,lot3,category 1,a4,code10,13,13
2026-10-16,plant-A,line5,machine6,UP,lot1,category 2,b3,code3,4,4
2026-10-16,plant-A,line2,machine4,DN,lot6,pass,pass,,0,328
2026-10-16,plant-A,line3,machine1,UP,lot2,category 1,a2,code3,9,9
2026-10-16,plant-B,line9,machine7,UP,lot5,category 1,a4,code7,12,12
2026-10-16,plant-A,line2,machine2,DN,lot1,category 3,b4,code9,1,1
2026-10-16,plant-A,line5,machine9,UP,lot5,category 1,a1,code2,14,14
2026-10-16,plant-A,line2,machine2,UP,lot9,category 2,b4,code2,2,2
2026-10-16,plant-A,line4,machine2,DN,lot8,category 1,a1,code4,9,9
2026-10-16,plant-B,line9,machine3,DN,lot2,category 3,b3,code8,12,12
2026-10-16,plant-A,line8,machine8,UP,lot9,category 2,b3,code6,3,3
2026-10-16,plant-A,line4,machine7,DN,lot3,pass,pass,,0,432
2026-10-16,plant-A,line6,machine5,DN,lot3,category 3,a1,code3,1,1
2026-10-16,plant-B,line8,machine7,DN,lot8,category 1,a4,code4,18,18
2026-10-16,plant-A,line3,machine4,UP,lot2,category 2,b2,code8,10,10
2026-10-16,plant-B,line8,machine1,UP,lot5,category 1,a1,code9,16,16
2026-10-16,plant-A,line7,machine2,DN,lot2,pass,pass,,0,178
2026-10-16,plant-A,line7,machine2,UP,lot7,category 2,b1,code8,9,9
2026-10-16,plant-A,line7,machine6,DN,lot1,category 2,b4,code10,4,4
2026-10-16,plant-B,line5,machine9,DN,lot9,category 1,a4,code10,9,9
2026-10-16,plant-A,line6,machine4,DN,lot2,category 2,b1,code10,3,3
2026-10-16,plant-A,line3,machine4,DN,lot2,category 3,a2,code8,19,19
2026-10-16,plant-B,line1,machine5,DN,lot2,category 3,b3,code10,5,5
2026-10-16,plant-B,line5,machine8,DN,lot9,pass,pass,,0,161
2026-10-16,plant-B,line3,machine1,UP,lot9,category 1,a4,code3,14,14
2026-10-16,plant-A,line8,machine3,UP,lot5,pass,pass,,0,359
2026-10-16,plant-A,line1,machine4,DN,lot4,category 1,a1,code10,14,14
2026-10-16,plant-B,line7,machine2,DN,lot3,category 1,a1,code8,10,10
2026-10-16,plant-A,line9,machine6,UP,lot4,category 1,a3,code5,16,16
2026-10-16,plant-B,line7,machine8,UP,lot5,category 3,b3,code9,7,7
2026-10-16,plant-B,line4,machine6,UP,lot1,category 2,b3,code9,18,18
2026-10-16,plant-A,line8,machine3,UP,lot7,category 3,b4,code5,1,1
2026-10-16,plant-B,line7,machine7,DN,lot4,pass,pass,,0,321
2026-10-16,plant-A,line8,machine7,DN,lot5,pass,pass,,0,210
2026-10-16,plant-A,line3,machine8,UP,lot2,category 1,a2,code4,10,10
2026-10-16,plant-B,line4,machine6,DN,lot9,category 3,a2,code9,9,9
2026-10-16,plant-A,line9,machine3,DN,lot3,category 2,b1,code6,9,9
2026-10-16,plant-B,line4,machine7,DN,lot6,category 2,b3,code4,3,3
2026-10-16,plant-B,line2,machine3,UP,lot9,category 2,b2,code3,18,18
2026-10-16,plant-A,line1,machine3,UP,lot9,category 1,a1,code4,3,3
2026-10-16,plant-B,line7,machine7,DN,lot8,category 2,b2,code1,1,1
2026-10-16,plant-B,line5,machine3,UP,lot8,pass,pass,,0,342
2026-10-16,plant-B,line6,machine1,UP,lot9,pass,pass,,0,180
2026-10-16,plant-B,line6,machine7,UP,lot1,category 1,a1,code3,6,6
2026-10-16,plant-B,line9,machine7,UP,lot4,category 1,a1,code6,2,2
2026-10-16,plant-A,line7,machine4,DN,lot7,category 2,b1,code5,1,1
2026-10-16,plant-A,line2,machine8,UP,lot2,category 2,b3,code9,13,13
2026-10-16,plant-B,line6,machine1,UP,lot4,category 1,a1,code3,17,17
2026-10-16,plant-B,line1,machine7,UP,lot7,category 1,a1,code2,17,17
2026-10-16,plant-B,line9,machine5,UP,lot2,category 1,a4,code9,8,8
2026-10-16,plant-B,line2,machine3,DN,lot5,pass,pass,,0,368
2026-10-16,plant-B,line8,machine1,DN,lot1,category 1,a1,code5,15,15
2026-10-16,plant-B,line4,machine5,DN,lot9,pass,pass,,0,240
2026-10-16,plant-A,line6,machine3,UP,lot2,category 3,b4,code1,4,4
2026-10-16,plant-A,line5,machine5,UP,lot9,pass,pass,,0,436
2026-10-16,plant-A,line1,machine1,DN,lot8,pass,pass,,0,271
2026-10-16,plant-A,line2,machine3,UP,lot6,category 1,a1,code10,3,3
2026-10-16,plant-A,line9,machine5,UP,lot9,category 2,b4,code7,12,12
2026-10-16,plant-B,line1,machine6,UP,lot8,category 1,a4,code2,11,11
2026-10-16,plant-B,line6,machine3,UP,lot7,category 3,a2,code5,16,16
2026-10-16,plant-B,line8,machine5,UP,lot1,category 2,b2,code5,19,19
2026-10-16,plant-A,line2,machine3,DN,lot9,pass,pass,,0,340
2026-10-16,plant-B,line3,machine6,DN,lot7,pass,pass,,0,390
2026-10-16,plant-A,line6,machine2,DN,lot2,pass,pass,,0,489
2026-10-16,plant-A,line1,machine4,UP,lot9,category 2,b4,code8,3,3
2026-10-16,plant-A,line7,machine7,UP,lot5,category 1,a3,code2,14,14
2026-10-16,plant-A,line7,machine5,DN,lot8,pass,pass,,0,293
2026-10-16,plant-B,line9,machine2,DN,lot8,category 3,b4,code6,19,19
2026-10-16,plant-B,line8,machine6,DN,lot3,category 3,b4,code9,10,10
2026-10-16,plant-B,line4,machine2,UP,lot8,category 3,a1,code6,4,4
2026-10-16,plant-B,line7,machine9,UP,lot4,pass,pass,,0,367
2026-10-16,plant-B,line9,machine7,UP,lot5,pass,pass,,0,252
2026-10-16,plant-A,line1,machine3,UP,lot4,pass,pass,,0,196
2026-10-16,plant-B,line7,machine8,UP,lot9,category 1,a2,code10,9,9
2026-10-16,plant-B,line9,machine9,UP,lot3,category 3,a1,code10,10,10
2026-10-16,plant-B,line5,machine8,UP,lot1,category 2,b4,code9,3,3
2026-10-16,plant-B,line8,machine6,DN,lot1,category 1,a3,code8,5,5
2026-10-16,plant-A,line5,machine3,DN,lot4,category 2,b1,code2,2,2
2026-10-16,plant-B,line4,machine7,UP,lot8,category 3,a2,code3,1,1
2026-10-16,plant-B,line8,machine5,UP,lot6,category 1,a3,code10,18,18
2026-10-16,plant-B,line9,machine1,UP,lot2,pass,pass,,0,324
2026-10-16,plant-B,line4,machine1,UP,lot1,category 3,b4,code4,8,8
2026-10-16,plant-B,line9,machine1,UP,lot8,category 2,b1,code7,13,13
2026-10-16,plant-B,line1,machine9,DN,lot4,category 2,b4,code5,15,15
2026-10-16,plant-A,line8,machine3,DN,lot1,pass,pass,,0,371
2026-10-16,plant-B,line4,machine9,DN,lot4,category 1,a4,code8,13,13
2026-10-16,plant-A,line2,machine9,DN,lot9,pass,pass,,0,154
2026-10-16,plant-A,line8,machine7,UP,lot5,pass,pass,,0,372
2026-10-16,plant-B,line7,machine8,UP,lot8,category 1,a1,code9,7,7
2026-10-16,plant-B,line8,machine4,UP,lot6,category 2,b2,code3,13,13
2026-10-16,plant-A,line1,machine4,UP,lot7,category 3,b4,code6,9,9
2026-10-16,plant-A,line5,machine6,UP,lot6,category 1,a1,code4,9,9
2026-10-16,plant-A,line3,machine7,DN,lot1,category 2,b4,code9,9,9
2026-10-16,plant-B,line2,machine1,UP,lot1,category 1,a2,code5,17,17
2026-10-16,plant-A,line1,machine9,UP,lot5,category 3,b4,code7,12,12
2026-10-16,plant-B,line4,machine4,DN,lot6,pass,pass,,0,278
2026-10-16,plant-B,line6,machine5,UP,lot5,pass,pass,,0,254
2026-10-16,plant-B,line6,machine9,UP,lot8,category 1,a1,code10,4,4
2026-10-16,plant-A,line4,machine9,DN,lot1,pass,pass,,0,243
2026-10-16,plant-B,line6,machine1,UP,lot4,pass,pass,,0,179
2026-10-16,plant-B,line4,machine5,DN,lot2,pass,pass,,0,283
2026-10-16,plant-B,line5,machine2,UP,lot9,category 2,b3,code5,2,2
2026-10-16,plant-B,line1,machine4,UP,lot5,category 1,a4,code4,11,11
2026-10-16,plant-B,line4,machine2,UP,lot7,pass,pass,,0,245
2026-10-16,plant-A,line1,machine1,DN,lot4,category 3,b4,code9,6,6
2026-10-16,plant-A,line7,machine3,UP,lot3,category 2,b4,code2,19,19
2026-10-16,plant-A,line6,machine8,UP,lot4,category 2,b3,code5,4,4
2026-10-16,plant-A,line4,machine8,DN,lot8,category 1,a1,code3,2,2
2026-10-16,plant-A,line8,machine2,DN,lot9,category 1,a1,code7,6,6
2026-10-16,plant-B,line5,machine4,DN,lot1,category 2,b4,code3,10,10
2026-10-16,plant-B,line5,machine3,UP,lot5,pass,pass,,0,249
2026-10-16,plant-B,line7,machine4,UP,lot6,category 2,b3,code1,8,8
2026-10-16,plant-A,line3,machine7,UP,lot5,pass,pass,,0,184
2026-10-16,plant-A,line7,machine9,DN,lot4,category 3,b3,code5,10,10
2026-10-16,plant-B,line7,machine9,UP,lot9,pass,pass,,0,218
2026-10-16,plant-A,line8,machine8,DN,lot9,category 1,a4,code4,17,17
2026-10-16,plant-B,line3,machine7,DN,lot1,category 3,b3,code1,18,18
2026-10-17,,line4,machine7,UP,lot7,,,,4,4
2026-10-17,,line7,machine1,UP,lot3,,,,1,1
2026-10-17,,line7,machine3,UP,lot9,,,,3,3
2026-10-17,plant-B,line3,machine6,UP,lot9,pass,pass,,0,154
2026-10-17,plant-A,line5,machine6,UP,lot2,pass,pass,,0,306
2026-10-17,plant-A,line2,machine6,DN,lot8,category 1,a1,code8,1,1
2026-10-17,plant-B,line8,machine6,DN,lot1,category 3,a2,code2,14,14
2026-10-17,plant-B,line2,machine4,DN,lot7,pass,pass,,0,471
2026-10-17,plant-B,line3,machine6,DN,lot6,pass,pass,,0,425
2026-10-17,plant-B,line8,machine1,UP,lot7,category 1,a1,code10,19,19
2026-10-17,plant-B,line9,machine5,UP,lot3,category 3,b4,code3,7,7
2026-10-17,plant-B,line1,machine5,DN,lot1,category 2,b3,code8,17,17
2026-10-17,plant-B,line3,machine7,DN,lot3,pass,pass,,0,235
2026-10-17,plant-A,line5,machine6,UP,lot5,category 3,a1,code4,2,2
2026-10-17,plant-B,line3,machine4,DN,lot4,category 2,b1,code7,4,4
2026-10-17,plant-B,line5,machine4,DN,lot9,pass,pass,,0,399
2026-10-17,plant-A,line1,machine7,UP,lot1,pass,pass,,0,324
2026-10-17,plant-A,line6,machine7,UP,lot9,pass,pass,,0,408
2026-10-17,plant-B,line9,machine4,DN,lot5,pass,pass,,0,208
2026-10-17,plant-B,line6,machine1,UP,lot2,pass,pass,,0,274
2026-10-17,plant-B,line2,machine5,UP,lot8,pass,pass,,0,385
2026-10-17,plant-A,line9,machine4,UP,lot7,pass,pass,,0,171
2026-10-17,plant-A,line4,machine1,UP,lot6,category 2,b2,code1,15,15
2026-10-17,plant-A,line2,machine2,UP,lot5,category 3,b3,code7,16,16
2026-10-17,plant-A,line7,machine2,UP,lot2,category 2,b1,code3,14,14
2026-10-17,plant-B,line4,machine7,DN,lot3,category 3,a2,code1,12,12
2026-10-17,plant-A,line1,machine1,DN,lot5,category 3,b4,code7,10,10
2026-10-17,plant-A,line6,machine4,UP,lot9,pass,pass,,0,229
2026-10-17,plant-B,line4,machine4,DN,lot6,pass,pass,,0,306
2026-10-17,plant-A,line7,machine9,DN,lot3,category 2,b4,code8,17,17
2026-10-17,plant-A,line5,machine8,DN,lot2,pass,pass,,0,440
2026-10-17,plant-B,line6,machine1,DN,lot1,pass,pass,,0,477
2026-10-17,plant-A,line5,machine7,UP,lot9,pass,pass,,0,313
2026-10-17,plant-A,line3,machine8,UP,lot7,category 2,b2,code6,14,14
2026-10-17,plant-A,line3,machine2,DN,lot3,category 2,b2,code2,10,10
2026-10-17,plant-B,line2,machine7,UP,lot9,category 3,b3,code9,2,2
2026-10-17,plant-B,line4,machine4,DN,lot7,pass,pass,,0,402
2026-10-17,plant-B,line5,machine8,UP,lot5,category 1,a3,code7,10,10
2026-10-17,plant-B,line7,machine9,DN,lot5,category 2,b4,code6,10,10
2026-10-17,plant-B,line5,machine5,UP,lot8,category 1,a2,code3,17,17
2026-10-17,plant-A,line2,machine5,UP,lot1,category 2,b1,code4,15,15
2026-10-17,plant-A,line5,machine9,DN,lot7,pass,pass,,0,165
2026-10-17,plant-B,line2,machine9,DN,lot8,category 1,a1,code10,10,10
2026-10-17,plant-A,line7,machine1,UP,lot9,category 1,a3,code5,13,13
2026-10-17,plant-B,line9,machine3,DN,lot7,pass,pass,,0,450
2026-10-17,plant-B,line5,machine4,UP,lot4,category 3,b3,code7,6,6
2026-10-17,plant-A,line9,machine7,DN,lot5,pass,pass,,0,354
2026-10-17,plant-A,line9,machine6,UP,lot6,category 2,b4,code2,15,15
2026-10-17,plant-A,line7,machine5,UP,lot5,category 2,b3,code8,4,4
2026-10-17,plant-A,line1,machine2,DN,lot7,pass,pass,,0,423
2026-10-17,plant-B,line5,machine4,DN,lot1,pass,pass,,0,472
2026-10-17,plant-A,line9,machine8,UP,lot5,category 2,b3,code2,16,16
2026-10-17,plant-A,line6,machine1,UP,lot9,category 3,a1,code1,18,18
2026-10-17,plant-B,line8,machine9,UP,lot1,category 3,a1,code4,12,12
2026-10-17,plant-A,line3,machine6,UP,lot1,category 3,a2,code6,3,3
2026-10-17,plant-B,line4,machine4,UP,lot6,category 2,b1,code9,11,11
2026-10-17,plant-A,line3,machine7,DN,lot2,category 1,a1,code5,16,16
2026-10-17,plant-A,line3,machine6,DN,lot4,pass,pass,,0,352
2026-10-17,plant-A,line1,machine1,UP,lot5,pass,pass,,0,286
2026-10-17,plant-B,line5,machine1,UP,lot4,category 1,a2,code5,13,13
2026-10-17,plant-B,line2,machine1,DN,lot3,category 2,b2,code1,4,4
2026-10-17,plant-B,line4,machine7,UP,lot6,category 3,b3,code9,15,15
2026-10-17,plant-A,line6,machine5,DN,lot8,pass,pass,,0,385
2026-10-17,plant-A,line8,machine5,DN,lot2,pass,pass,,0,240
2026-10-17,plant-A,line9,machine3,DN,lot5,pass,pass,,0,229
2026-10-17,plant-B,line1,machine9,UP,lot1,category 1,a2,code8,7,7
2026-10-17,plant-A,line3,machine2,DN,lot1,category 1,a1,code2,13,13
2026-10-17,plant-B,line9,machine6,DN,lot8,pass,pass,,0,372
2026-10-17,plant-A,line6,machine1,UP,lot5,category 2,b1,code2,14,14
2026-10-17,plant-B,line4,machine3,UP,lot1,pass,pass,,0,458
2026-10-17,plant-A,line9,machine7,UP,lot5,pass,pass,,0,235
2026-10-17,plant-B,line3,machine1,DN,lot1,category 1,a3,code5,16,16
2026-10-17,plant-A,line3,machine1,UP,lot1,category 2,b2,code10,3,3
2026-10-17,plant-A,line3,machine9,DN,lot3,category 1,a1,code5,14,14
2026-10-17,plant-A,line4,machine4,DN,lot9,pass,pass,,0,458
2026-10-17,plant-B,line2,machine6,UP,lot3,pass,pass,,0,430
2026-10-17,plant-A,line3,machine2,DN,lot9,category 1,a4,code5,14,14
2026-10-17,plant-A,line2,machine6,UP,lot6,category 1,a3,code3,10,10
2026-10-17,plant-B,line9,machine8,UP,lot8,category 3,b4,code9,17,17
2026-10-17,plant-B,line6,machine1,DN,lot5,category 2,b3,code9,1,1
2026-10-17,plant-B,line6,machine7,UP,lot5,category 1,a1,code2,3,3
2026-10-17,plant-B,line6,machine3,UP,lot7,category 1,a4,code10,11,11
2026-10-17,plant-A,line7,machine9,DN,lot1,category 1,a4,code7,15,15
2026-10-17,plant-B,line5,machine8,DN,lot5,category 1,a1,code3,14,14
2026-10-17,plant-A,line5,machine4,UP,lot5,category 3,a2,code9,17,17
2026-10-17,plant-B,line6,machine3,UP,lot9,category 2,b1,code5,14,14
2026-10-17,plant-A,line8,machine2,UP,lot9,pass,pass,,0,433
2026-10-17,plant-B,line3,machine4,DN,lot7,pass,pass,,0,187
2026-10-17,plant-B,line7,machine5,DN,lot9,category 2,b1,code4,14,14
2026-10-17,plant-A,line7,machine1,UP,lot5,category 2,b3,code9,9,9
2026-10-17,plant-A,line2,machine8,DN,lot1,pass,pass,,0,200
2026-10-17,plant-B,line8,machine8,UP,lot7,category 2,b2,code3,9,9
2026-10-17,plant-B,line1,machine3,UP,lot1,pass,pass,,0,427
2026-10-17,plant-B,line4,machine2,UP,lot7,category 3,b4,code8,4,4
2026-10-17,plant-B,line7,machine7,DN,lot9,pass,pass,,0,436
2026-10-17,plant-B,line9,machine4,UP,lot5,pass,pass,,0,168
2026-10-17,plant-B,line9,machine6,UP,lot6,category 2,b3,code10,3,3
2026-10-17,plant-A,line4,machine6,DN,lot5,category 3,b4,code6,4,4
2026-10-17,plant-B,line5,machine6,UP,lot5,pass,pass,,0,241
2026-10-17,plant-A,line4,machine8,UP,lot8,category 3,b4,code3,5,5
2026-10-17,plant-A,line2,machine3,UP,lot7,category 2,b3,code2,12,12
2026-10-17,plant-B,line8,machine3,DN,lot6,category 3,b4,code5,15,15
2026-10-17,plant-B,line3,machine8,DN,lot1,category 1,a2,code8,18,18
2026-10-17,plant-B,line5,machine1,DN,lot5,category 3,b3,code1,15,15
2026-10-17,plant-B,line9,machine2,DN,lot4,pass,pass,,0,174
2026-10-17,plant-B,line5,machine1,DN,lot3,pass,pass,,0,367
2026-10-17,plant-A,line4,machine3,DN,lot9,category 2,b4,code6,16,16
2026-10-17,plant-B,line8,machine5,UP,lot9,category 1,a1,code7,11,11
2026-10-17,plant-A,line8,machine7,DN,lot7,category 3,a2,code7,13,13
2026-10-17,plant-B,line3,machine7,UP,lot5,category 1,a1,code7,19,19
2026-10-17,plant-A,line5,machine7,DN,lot1,pass,pass,,0,223
2026-10-17,plant-B,line4,machine3,UP,lot3,category 2,b2,code1,16,16
2026-10-17,plant-A,line5,machine4,UP,lot3,category 2,b4,code3,2,2
2026-10-17,plant-B,line6,machine2,DN,lot8,pass,pass,,0,472
2026-10-17,plant-B,line3,machine1,DN,lot7,category 1,a2,code5,6,6
2026-10-17,plant-B,line5,machine5,DN,lot1,pass,pass,,0,213
2026-10-17,plant-B,line3,machine5,UP,lot7,category 2,b4,code9,7,7
2026-10-17,plant-B,line2,machine6,UP,lot1,category 2,b3,code7,10,10
2026-10-17,plant-B,line7,machine9,DN,lot1,pass,pass,,0,416
2026-10-17,plant-A,line2,machine7,DN,lot4,category 3,a1,code6,16,16
2026-10-17,plant-B,line8,machine6,UP,lot8,pass,pass,,0,390
2026-10-17,plant-A,line6,machine1,DN,lot6,category 2,b3,code6,11,11
2026-10-17,plant-B,line2,machine6,UP,lot2,category 2,b1,code7,14,14
2026-10-17,plant-A,line6,machine7,DN,lot8,category 1,a4,code7,13,13
2026-10-17,plant-B,line8,machine1,DN,lot2,pass,pass,,0,495
2026-10-17,plant-A,line5,machine9,UP,lot6,category 2,b1,code3,5,5
2026-10-17,plant-B,line7,machine8,UP,lot5,category 1,a3,code9,11,11
2026-10-17,plant-B,line8,machine9,DN,lot5,pass,pass,,0,339
2026-10-17,plant-B,line2,machine5,DN,lot4,category 3,b4,code8,14,14
2026-10-17,plant-B,line6,machine6,UP,lot4,category 2,b2,code3,9,9
2026-10-17,plant-A,line6,machine4,UP,lot6,category 1,a2,code8,16,16
2026-10-17,plant-B,line1,machine1,DN,lot3,pass,pass,,0,166
2026-10-17,plant-B,line6,machine7,UP,lot8,pass,pass,,0,280
2026-10-17,plant-A,line4,machine2,DN,lot9,category 1,a4,code9,19,19
2026-10-17,plant-B,line8,machine3,DN,lot5,pass,pass,,0,281
2026-10-17,plant-A,line8,machine5,UP,lot5,category 1,a4,code5,17,17
2026-10-17,plant-A,line5,machine8,DN,lot9,category 3,a1,code1,17,17
2026-10-17,plant-B,line7,machine6,UP,lot9,category 1,a4,code9,14,14
2026-10-17,plant-A,line6,machine5,UP,lot7,category 1,a1,code5,4,4
2026-10-17,plant-B,line3,machine1,DN,lot5,category 1,a3,code6,15,15
2026-10-17,plant-A,line9,machine6,DN,lot5,pass,pass,,0,297
2026-10-17,plant-A,line2,machine5,UP,lot3,category 2,b2,code5,13,13
2026-10-17,plant-B,line2,machine6,UP,lot9,category 1,a4,code10,4,4
2026-10-17,plant-B,line6,machine3,UP,lot5,category 3,a1,code8,12,12
2026-10-17,plant-B,line2,machine7,UP,lot1,category 1,a1,code4,14,14
2026-10-17,plant-B,line6,machine3,DN,lot3,pass,pass,,0,162
2026-10-17,plant-B,line2,machine2,UP,lot5,pass,pass,,0,221
2026-10-17,plant-B,line8,machine7,UP,lot8,category 1,a3,code3,15,15
2026-10-17,plant-A,line3,machine1,UP,lot2,category 3,a1,code1,7,7
2026-10-17,plant-A,line4,machine4,UP,lot5,pass,pass,,0,471
2026-10-17,plant-A,line5,machine6,DN,lot9,category 1,a4,code5,6,6
2026-10-17,plant-A,line7,machine3,DN,lot4,category 3,a1,code5,10,10
2026-10-17,plant-B,line5,machine5,UP,lot7,category 1,a2,code3,15,15
2026-10-17,plant-B,line8,machine4,DN,lot8,category 1,a4,code8,8,8
2026-10-17,plant-B,line2,machine9,DN,lot1,category 2,b2,code5,11,11
2026-10-17,plant-B,line8,machine9,UP,lot1,category 2,b3,code8,10,10
2026-10-17,plant-B,line3,machine9,UP,lot3,category 1,a2,code9,15,15
2026-10-17,plant-A,line8,machine8,DN,lot6,category 1,a1,code5,12,12
2026-10-17,plant-A,line1,machine6,UP,lot6,category 3,a1,code4,9,9
2026-10-17,plant-A,line7,machine4,DN,lot5,pass,pass,,0,220
2026-10-17,plant-B,line3,machine2,DN,lot3,category 1,a3,code10,17,17
2026-10-17,plant-B,line3,machine5,DN,lot4,category 1,a1,code5,16,16
2026-10-17,plant-B,line6,machine9,DN,lot3,pass,pass,,0,327
2026-10-17,plant-A,line3,machine4,DN,lot6,category 3,b4,code2,13,13
2026-10-17,plant-B,line3,machine9,DN,lot1,category 1,a3,code2,15,15
2026-10-17,plant-B,line6,machine6,UP,lot5,category 2,b3,code4,9,9
2026-10-17,plant-B,line9,machine5,DN,lot4,category 3,a2,code9,3,3
2026-10-17,plant-A,line5,machine8,DN,lot5,category 1,a3,code7,8,8
2026-10-17,plant-B,line9,machine9,UP,lot7,category 1,a4,code6,13,13
2026-10-17,plant-A,line3,machine1,DN,lot8,category 3,a2,code2,8,8
2026-10-17,plant-B,line3,machine8,DN,lot4,category 3,b3,code9,8,8
2026-10-17,plant-B,line8,machine3,DN,lot6,category 1,a1,code8,9,9
2026-10-17,plant-B,line1,machine5,DN,lot8,pass,pass,,0,315
2026-10-17,plant-B,line5,machine5,DN,lot3,category 3,b4,code9,6,6
2026-10-17,plant-A,line6,machine8,DN,lot9,category 2,b1,code9,15,15
2026-10-17,plant-A,line5,machine8,DN,lot5,category 2,b2,code2,15,15
2026-10-17,plant-B,line7,machine3,DN,lot8,category 2,b3,code7,12,12
2026-10-17,plant-B,line6,machine3,DN,lot7,category 2,b3,code5,8,8
2026-10-17,plant-B,line2,machine3,UP,lot8,category 3,b4,code10,18,18
2026-10-17,plant-A,line8,machine3,DN,lot4,category 1,a4,code7,5,5
2026-10-17,plant-B,line9,machine5,DN,lot3,pass,pass,,0,375
2026-10-17,plant-B,line5,machine4,UP,lot2,category 1,a2,code7,10,10
2026-10-17,plant-A,line4,machine2,UP,lot9,category 2,b1,code8,16,16
2026-10-17,plant-A,line4,machine5,DN,lot1,category 2,b2,code6,6,6
2026-10-17,plant-B,line6,machine4,UP,lot3,pass,pass,,0,195
2026-10-17,plant-B,line7,machine2,DN,lot5,category 1,a3,code10,7,7
2026-10-17,plant-A,line4,machine5,DN,lot5,pass,pass,,0,223
2026-10-17,plant-A,line1,machine3,UP,lot2,pass,pass,,0,223
2026-10-17,plant-B,line8,machine2,UP,lot9,category 1,a1,code1,10,10
2026-10-17,plant-A,line9,machine4,DN,lot3,pass,pass,,0,351
2026-10-17,plant-A,line3,machine6,UP,lot3,category 1,a3,code9,18,18
2026-10-17,plant-B,line3,machine7,DN,lot8,pass,pass,,0,197
2026-10-17,plant-A,line7,machine2,DN,lot5,category 2,b2,code4,17,17
2026-10-17,plant-B,line4,machine2,DN,lot3,category 2,b3,code5,16,16
2026-10-17,plant-B,line9,machine1,DN,lot2,category 2,b2,code6,1,1
2026-10-17,plant-B,line4,machine2,DN,lot3,category 2,b3,code9,8,8
2026-10-17,plant-A,line1,machine5,DN,lot4,pass,pass,,0,192
2026-10-17,plant-B,line5,machine8,DN,lot5,category 1,a1,code2,6,6
2026-10-17,plant-A,line8,machine7,UP,lot5,pass,pass,,0,480
2026-10-17,plant-B,line4,machine2,DN,lot9,category 2,b2,code10,10,10
2026-10-18,,line3,machine3,DN,lot6,,,,0,100
2026-10-18,,line3,machine4,UP,lot2,,,,1,1
2026-10-18,,line1,machine8,DN,lot1,,,,0,100
2026-10-18,plant-B,line1,machine8,DN,lot7,category 1,a2,code3,19,19
2026-10-18,plant-B,line4,machine7,UP,lot3,category 1,a2,code7,12,12
2026-10-18,plant-A,line8,machine3,DN,lot4,category 3,b3,code3,15,15
2026-10-18,plant-B,line8,machine8,DN,lot4,category 2,b3,code2,19,19
2026-10-18,plant-B,line2,machine2,UP,lot1,category 3,b4,code6,3,3
2026-10-18,plant-B,line4,machine6,UP,lot7,category 1,a1,code8,13,13
2026-10-18,plant-B,line8,machine6,DN,lot8,category 3,b4,code9,4,4
2026-10-18,plant-A,line5,machine4,DN,lot1,category 3,b3,code7,11,11
2026-10-18,plant-A,line4,machine2,DN,lot1,category 3,a1,code2,4,4
2026-10-18,plant-B,line8,machine6,DN,lot5,category 2,b2,code3,15,15
2026-10-18,plant-B,line7,machine1,DN,lot6,pass,pass,,0,332
2026-10-18,plant-B,line2,machine9,UP,lot6,category 3,b4,code6,13,13
2026-10-18,plant-A,line9,machine9,UP,lot1,pass,pass,,0,456
2026-10-18,plant-B,line7,machine9,UP,lot5,pass,pass,,0,168
2026-10-18,plant-A,line6,machine3,UP,lot7,category 2,b2,code8,19,19
2026-10-18,plant-A,line1,machine6,DN,lot3,category 3,b3,code4,15,15
2026-10-18,plant-B,line4,machine6,UP,lot1,pass,pass,,0,299
2026-10-18,plant-B,line3,machine8,UP,lot8,category 2,b2,code10,18,18
2026-10-18,plant-B,line1,machine3,UP,lot8,category 2,b2,code2,14,14
2026-10-18,plant-A,line1,machine2,UP,lot4,category 2,b4,code3,1,1
2026-10-18,plant-B,line2,machine5,UP,lot8,category 2,b2,code2,3,3
2026-10-18,plant-A,line9,machine3,UP,lot1,pass,pass,,0,464
2026-10-18,plant-A,line7,machine3,UP,lot9,category 1,a4,code3,5,5
2026-10-18,plant-B,line2,machine7,UP,lot7,pass,pass,,0,416
2026-10-18,plant-B,line1,machine8,DN,lot1,category 1,a3,code9,10,10
2026-10-18,plant-B,line3,machine7,DN,lot7,category 2,b3,code9,18,18
2026-10-18,plant-B,line9,machine8,UP,lot3,category 1,a3,code10,9,9
2026-10-18,plant-A,line8,machine2,DN,lot5,category 3,a2,code10,15,15
2026-10-18,plant-A,line9,machine8,UP,lot1,category 1,a1,code7,8,8
2026-10-18,plant-B,line4,machine7,UP,lot1,category 2,b1,code2,16,16
2026-10-18,plant-A,line3,machine6,DN,lot7,category 3,a2,code3,16,16
2026-10-18,plant-B,line3,machine5,DN,lot1,pass,pass,,0,449
2026-10-18,plant-B,line1,machine6,DN,lot4,category 2,b3,code2,17,17
2026-10-18,plant-A,line9,machine7,DN,lot8,pass,pass,,0,177
2026-10-18,plant-B,line6,machine5,DN,lot2,category 1,a1,code6,11,11
2026-10-18,plant-B,line5,machine8,DN,lot3,pass,pass,,0,218
2026-10-18,plant-A,line2,machine1,UP,lot3,category 2,b2,code4,19,19
2026-10-18,plant-B,line5,machine4,DN,lot9,category 1,a4,code4,17,17
2026-10-18,plant-B,line4,machine9,DN,lot6,pass,pass,,0,169
2026-10-18,plant-B,line7,machine9,UP,lot6,category 3,a2,code6,15,15
2026-10-18,plant-B,line4,machine3,UP,lot5,category 2,b3,code2,2,2
2026-10-18,plant-B,line7,machine6,DN,lot8,category 2,b1,code3,12,12
2026-10-18,plant-B,line1,machine9,DN,lot7,category 3,a2,code4,11,11
2026-10-18,plant-B,line6,machine6,UP,lot2,pass,pass,,0,330
2026-10-18,plant-A,line5,machine8,UP,lot5,category 3,b4,code10,3,3
2026-10-18,plant-B,line6,machine8,DN,lot1,pass,pass,,0,317
2026-10-18,plant-A,line2,machine9,DN,lot4,category 3,b4,code2,13,13
2026-10-18,plant-B,line7,machine1,UP,lot6,category 3,a1,code10,3,3
2026-10-18,plant-A,line6,machine4,UP,lot1,category 3,a1,code8,6,6
2026-10-18,plant-A,line9,machine8,UP,lot6,category 1,a4,code1,5,5
2026-10-18,plant-B,line7,machine8,UP,lot3,pass,pass,,0,212
2026-10-18,plant-A,line5,machine1,UP,lot5,category 2,b3,code1,7,7
2026-10-18,plant-B,line6,machine7,DN,lot1,pass,pass,,0,417
2026-10-18,plant-B,line3,machine5,UP,lot1,category 3,b3,code6,10,10
2026-10-18,plant-B,line9,machine1,UP,lot5,category 3,b3,code1,8,8
2026-10-18,plant-B,line4,machine9,DN,lot3,category 1,a2,code7,2,2
2026-10-18,plant-B,line8,machine3,DN,lot3,category 1,a3,code1,9,9
2026-10-18,plant-A,line1,machine9,UP,lot4,category 2,b3,code9,17,17
2026-10-18,plant-B,line6,machine5,UP,lot2,category 1,a1,code2,6,6
2026-10-18,plant-B,line4,machine8,DN,lot7,category 3,a2,code4,13,13
2026-10-18,plant-B,line5,machine3,UP,lot9,category 2,b3,code5,13,13
2026-10-18,plant-A,line4,machine4,UP,lot8,pass,pass,,0,186
2026-10-18,plant-B,line3,machine6,UP,lot1,category 1,a2,code9,3,3
2026-10-18,plant-A,line2,machine5,UP,lot9,category 1,a1,code3,5,5
2026-10-18,plant-A,line1,machine5,DN,lot7,category 1,a3,code7,10,10
2026-10-18,plant-A,line4,machine6,UP,lot3,category 2,b3,code5,5,5
2026-10-18,plant-A,line9,machine4,UP,lot3,category 3,b3,code7,14,14
2026-10-18,plant-B,line3,machine9,UP,lot5,pass,pass,,0,345
2026-10-18,plant-B,line2,machine7,UP,lot6,category 3,b4,code3,12,12
2026-10-18,plant-B,line7,machine4,DN,lot7,pass,pass,,0,172
2026-10-18,plant-B,line5,machine5,UP,lot6,category 1,a4,code2,19,19
2026-10-18,plant-A,line7,machine6,DN,lot6,category 1,a3,code2,14,14
2026-10-18,plant-A,line3,machine8,UP,lot5,pass,pass,,0,322
2026-10-18,plant-B,line3,machine5,DN,lot1,category 2,b2,code10,15,15
2026-10-18,plant-B,line1,machine3,UP,lot6,pass,pass,,0,312
2026-10-18,plant-A,line9,machine8,UP,lot2,category 2,b1,code4,5,5
2026-10-18,plant-B,line1,machine8,UP,lot8,pass,pass,,0,217
2026-10-18,plant-A,line9,machine5,UP,lot3,pass,pass,,0,291
2026-10-18,plant-A,line9,machine7,UP,lot7,category 2,b1,code1,2,2
2026-10-18,plant-A,line5,machine8,UP,lot5,pass,pass,,0,178
2026-10-18,plant-A,line4,machine3,DN,lot3,pass,pass,,0,260
2026-10-18,plant-A,line6,machine7,DN,lot3,category 1,a3,code3,16,16
2026-10-18,plant-A,line3,machine3,DN,lot4,pass,pass,,0,220
2026-10-18,plant-A,line1,machine5,DN,lot7,category 2,b2,code2,15,15
2026-10-18,plant-A,line2,machine2,UP,lot7,pass,pass,,0,190
2026-10-18,plant-A,line3,machine1,DN,lot1,category 1,a3,code2,11,11
2026-10-18,plant-A,line4,machine9,DN,lot8,category 1,a4,code3,4,4
2026-10-18,plant-B,line7,machine7,DN,lot7,category 3,a1,code7,3,3
2026-10-18,plant-B,line5,machine2,DN,lot9,category 1,a1,code3,16,16
2026-10-18,plant-B,line3,machine9,DN,lot9,category 2,b3,code1,4,4
2026-10-18,plant-B,line6,machine7,UP,lot3,pass,pass,,0,318
2026-10-18,plant-A,line3,machine8,DN,lot1,category 1,a4,code10,9,9
2026-10-18,plant-A,line6,machine1,DN,lot3,category 2,b2,code6,17,17
2026-10-18,plant-A,line2,machine2,UP,lot2,pass,pass,,0,480
2026-10-18,plant-B,line7,machine5,UP,lot7,pass,pass,,0,348
2026-10-18,plant-B,line7,machine6,UP,lot6,pass,pass,,0,321
2026-10-18,plant-B,line3,machine6,DN,lot5,pass,pass,,0,280
2026-10-18,plant-B,line7,machine9,UP,lot1,category 3,b3,code10,8,8
2026-10-18,plant-A,line4,machine5,UP,lot7,category 3,a1,code6,1,1
2026-10-18,plant-A,line5,machine6,DN,lot7,category 3,a1,code5,4,4
2026-10-18,plant-A,line8,machine2,DN,lot8,category 3,a2,code1,10,10
2026-10-18,plant-B,line8,machine6,DN,lot2,pass,pass,,0,493
2026-10-18,plant-B,line4,machine8,UP,lot1,pass,pass,,0,213
2026-10-18,plant-A,line6,machine5,UP,lot7,category 3,b4,code6,14,14
2026-10-18,plant-A,line9,machine2,DN,lot9,category 1,a2,code7,18,18
2026-10-18,plant-B,line2,machine8,DN,lot7,category 3,b3,code3,8,8
2026-10-18,plant-B,line4,machine2,UP,lot3,category 2,b4,code4,18,18
2026-10-18,plant-B,line4,machine6,UP,lot8,category 2,b2,code5,6,6
2026-10-18,plant-A,line9,machine5,DN,lot4,category 3,b4,code9,8,8
2026-10-18,plant-B,line5,machine5,DN,lot8,category 1,a3,code10,9,9
2026-10-18,plant-A,line9,machine2,DN,lot2,category 2,b1,code6,3,3
2026-10-18,plant-B,line1,machine9,UP,lot4,category 2,b2,code2,13,13
2026-10-18,plant-A,line3,machine3,UP,lot4,category 3,a1,code2,17,17
2026-10-18,plant-B,line8,machine8,UP,lot1,category 1,a4,code6,7,7
2026-10-18,plant-B,line8,machine6,UP,lot4,category 2,b1,code5,10,10
2026-10-18,plant-B,line5,machine4,UP,lot3,category 2,b3,code10,7,7
2026-10-18,plant-A,line6,machine9,UP,lot3,category 1,a4,code7,17,17
2026-10-18,plant-B,line8,machine6,UP,lot7,pass,pass,,0,331
2026-10-18,plant-A,line4,machine1,DN,lot9,pass,pass,,0,442
2026-10-18,plant-B,line7,machine8,UP,lot3,category 2,b4,code7,1,1
2026-10-18,plant-B,line6,machine3,DN,lot3,pass,pass,,0,415
2026-10-18,plant-A,line4,machine3,DN,lot9,category 2,b3,code8,4,4
2026-10-18,plant-A,line9,machine3,DN,lot5,pass,pass,,0,207
2026-10-18,plant-B,line8,machine5,UP,lot6,category 3,b3,code5,18,18
2026-10-18,plant-B,line7,machine3,UP,lot7,category 2,b3,code10,15,15
2026-10-18,plant-B,line9,machine6,DN,lot2,pass,pass,,0,328
2026-10-18,plant-A,line5,machine9,DN,lot3,category 2,b4,code2,8,8
2026-10-18,plant-B,line6,machine5,UP,lot8,category 1,a1,code1,3,3
2026-10-18,plant-B,line4,machine1,DN,lot9,category 1,a2,code5,5,5
2026-10-18,plant-B,line8,machine1,UP,lot4,category 1,a4,code3,17,17
2026-10-18,plant-B,line9,machine9,UP,lot2,category 2,b2,code4,18,18
2026-10-18,plant-A,line3,machine9,DN,lot7,pass,pass,,0,301
2026-10-18,plant-A,line9,machine1,UP,lot4,category 2,b4,code5,8,8
2026-10-18,plant-B,line8,machine2,UP,lot5,category 1,a2,code1,2,2
2026-10-18,plant-B,line8,machine3,UP,lot2,category 1,a4,code8,4,4
2026-10-18,plant-B,line6,machine3,UP,lot8,pass,pass,,0,229
2026-10-18,plant-B,line5,machine9,UP,lot3,category 3,a2,code10,18,18
2026-10-18,plant-B,line3,machine7,UP,lot4,pass,pass,,0,240
2026-10-18,plant-B,line6,machine4,UP,lot2,pass,pass,,0,222
2026-10-18,plant-A,line2,machine5,UP,lot6,category 1,a2,code6,19,19
2026-10-18,plant-B,line9,machine7,UP,lot3,category 3,b4,code7,4,4
2026-10-18,plant-A,line1,machine9,UP,lot8,category 2,b3,code10,4,4
2026-10-18,plant-A,line5,machine3,DN,lot1,pass,pass,,0,375
2026-10-18,plant-A,line1,machine2,DN,lot7,pass,pass,,0,246
2026-10-18,plant-A,line2,machine4,UP,lot1,category 1,a2,code5,11,11
2026-10-18,plant-B,line1,machine3,UP,lot9,category 3,b4,code8,14,14
2026-10-18,plant-A,line2,machine1,UP,lot3,category 2,b1,code10,18,18
2026-10-18,plant-B,line8,machine5,DN,lot5,category 3,a2,code5,6,6
2026-10-18,plant-B,line2,machine1,UP,lot4,category 1,a2,code6,12,12
2026-10-18,plant-A,line8,machine4,UP,lot2,category 3,a1,code7,10,10
2026-10-18,plant-B,line5,machine2,DN,lot9,pass,pass,,0,448
2026-10-18,plant-B,line9,machine7,DN,lot2,category 1,a4,code7,14,14
2026-10-18,plant-A,line4,machine5,UP,lot4,category 2,b3,code3,17,17
2026-10-18,plant-B,line4,machine4,UP,lot5,category 1,a3,code6,5,5
2026-10-18,plant-A,line2,machine4,DN,lot5,pass,pass,,0,276
2026-10-18,plant-B,line6,machine8,DN,lot3,pass,pass,,0,424
2026-10-18,plant-A,line5,machine9,UP,lot8,category 1,a2,code7,12,12
2026-10-18,plant-B,line9,machine8,UP,lot6,pass,pass,,0,464
2026-10-18,plant-A,line7,machine4,DN,lot5,category 3,a1,code2,17,17
2026-10-18,plant-B,line8,machine4,UP,lot4,pass,pass,,0,364
2026-10-18,plant-B,line9,machine3,UP,lot9,category 1,a3,code9,4,4
2026-10-18,plant-B,line5,machine6,UP,lot9,pass,pass,,0,319
2026-10-18,plant-B,line3,machine8,UP,lot1,category 3,b4,code6,8,8
2026-10-18,plant-B,line8,machine7,DN,lot9,category 1,a2,code7,15,15
2026-10-18,plant-A,line9,machine1,DN,lot8,pass,pass,,0,408
2026-10-18,plant-A,line2,machine1,UP,lot3,pass,pass,,0,272
2026-10-18,plant-B,line8,machine1,DN,lot8,category 2,b2,code2,8,8
2026-10-18,plant-A,line9,machine2,UP,lot1,category 1,a4,code1,12,12
2026-10-18,plant-A,line3,machine1,UP,lot2,category 1,a2,code7,4,4
2026-10-18,plant-B,line6,machine8,DN,lot1,category 2,b2,code5,2,2
2026-10-18,plant-A,line6,machine8,DN,lot3,category 1,a2,code2,9,9
2026-10-18,plant-A,line1,machine1,DN,lot4,pass,pass,,0,325
2026-10-18,plant-A,line6,machine5,DN,lot7,pass,pass,,0,412
2026-10-18,plant-B,line6,machine8,DN,lot8,category 2,b1,code4,15,15
2026-10-18,plant-A,line9,machine4,DN,lot3,category 3,a2,code7,13,13
2026-10-18,plant-A,line5,machine6,UP,lot2,category 1,a2,code3,17,17
2026-10-18,plant-A,line1,machine8,DN,lot6,pass,pass,,0,350
2026-10-18,plant-B,line7,machine5,DN,lot8,pass,pass,,0,373
2026-10-18,plant-A,line1,machine9,UP,lot9,pass,pass,,0,275
2026-10-18,plant-B,line7,machine7,UP,lot2,category 1,a3,code4,8,8
2026-10-18,plant-A,line8,machine3,DN,lot6,category 3,b4,code2,8,8
2026-10-18,plant-A,line2,machine7,UP,lot4,category 1,a4,code8,3,3
2026-10-18,plant-B,line2,machine9,UP,lot8,pass,pass,,0,177
2026-10-18,plant-A,line7,machine7,DN,lot8,category 3,b3,code4,7,7
2026-10-18,plant-B,line2,machine7,UP,lot5,category 1,a1,code8,1,1
2026-10-18,plant-A,line5,machine7,UP,lot4,pass,pass,,0,381
2026-10-18,plant-A,line8,machine8,UP,lot3,pass,pass,,0,347
2026-10-18,plant-A,line4,machine2,DN,lot5,pass,pass,,0,365
2026-10-18,plant-A,line5,machine3,DN,lot8,pass,pass,,0,168
2026-10-18,plant-A,line7,machine5,DN,lot5,category 3,a1,code2,15,15
2026-10-18,plant-A,line3,machine7,UP,lot5,pass,pass,,0,212
2026-10-18,plant-B,line7,machine8,UP,lot7,pass,pass,,0,197
2026-10-18,plant-B,line4,machine9,DN,lot5,pass,pass,,0,376
2026-10-18,plant-B,line8,machine1,UP,lot6,category 2,b3,code10,2,2
2026-10-18,plant-A,line9,machine4,UP,lot9,category 2,b2,code9,18,18
2026-10-18,plant-A,line3,machine7,DN,lot1,category 1,a1,code6,12,12
2026-10-18,plant-B,line3,machine2,UP,lot6,category 3,b3,code5,13,13
2026-10-19,,line3,machine3,UP,lot6,,,,2,2
2026-10-19,,line9,machine1,UP,lot5,,,,1,1
2026-10-19,,line1,machine6,UP,lot7,,,,2,2
2026-10-19,plant-B,line3,machine9,UP,lot6,category 1,a1,code10,2,2
2026-10-19,plant-A,line7,machine6,DN,lot4,pass,pass,,0,463
2026-10-19,plant-B,line9,machine5,DN,lot6,pass,pass,,0,175
2026-10-19,plant-A,line8,machine6,DN,lot7,pass,pass,,0,326
2026-10-19,plant-A,line5,machine9,UP,lot7,pass,pass,,0,271
2026-10-19,plant-B,line3,machine9,UP,lot6,category 1,a1,code9,7,7
2026-10-19,plant-A,line5,machine3,UP,lot6,category 3,b4,code9,2,2
2026-10-19,plant-A,line5,machine2,DN,lot6,category 3,b3,code3,14,14
2026-10-19,plant-B,line1,machine4,DN,lot1,pass,pass,,0,269
2026-10-19,plant-B,line6,machine1,UP,lot7,category 3,a2,code1,16,16
2026-10-19,plant-A,line6,machine8,UP,lot2,category 1,a3,code5,15,15
2026-10-19,plant-A,line3,machine6,UP,lot2,category 2,b2,code10,4,4
2026-10-19,plant-A,line7,machine9,UP,lot2,category 2,b2,code2,18,18
2026-10-19,plant-A,line3,machine5,DN,lot4,category 3,b4,code1,10,10
2026-10-19,plant-A,line7,machine2,DN,lot4,pass,pass,,0,390
2026-10-19,plant-A,line7,machine6,UP,lot3,category 2,b4,code2,4,4
2026-10-19,plant-A,line3,machine9,UP,lot3,category 2,b1,code4,9,9
2026-10-19,plant-A,line6,machine1,UP,lot5,category 2,b3,code5,19,19
2026-10-19,plant-B,line2,machine1,DN,lot7,category 2,b3,code8,18,18
2026-10-19,plant-A,line6,machine1,UP,lot1,pass,pass,,0,291
2026-10-19,plant-A,line4,machine1,UP,lot3,category 1,a1,code4,11,11
2026-10-19,plant-A,line5,machine8,UP,lot3,category 1,a3,code6,10,10
2026-10-19,plant-B,line6,machine9,DN,lot7,category 1,a1,code7,11,11
2026-10-19,plant-A,line9,machine9,DN,lot3,category 3,b3,code8,17,17
2026-10-19,plant-A,line6,machine4,DN,lot9,category 1,a3,code1,16,16
2026-10-19,plant-A,line4,machine8,UP,lot5,pass,pass,,0,277
2026-10-19,plant-B,line6,machine1,DN,lot4,category 1,a2,code2,18,18
2026-10-19,plant-A,line8,machine1,UP,lot9,category 2,b1,code4,1,1
2026-10-19,plant-A,line5,machine6,UP,lot4,category 2,b4,code10,14,14
2026-10-19,plant-B,line8,machine8,UP,lot3,pass,pass,,0,255
2026-10-19,plant-A,line2,machine2,UP,lot4,category 2,b1,code2,7,7
2026-10-19,plant-B,line6,machine6,UP,lot8,category 1,a2,code8,11,11
2026-10-19,plant-A,line6,machine3,UP,lot1,category 1,a3,code5,11,11
2026-10-19,plant-A,line9,machine4,DN,lot7,category 1,a1,code1,12,12
2026-10-19,plant-B,line8,machine3,DN,lot8,category 3,b4,code3,13,13
2026-10-19,plant-B,line6,machine9,DN,lot6,category 1,a4,code2,17,17
2026-10-19,plant-A,line4,machine9,DN,lot7,category 2,b1,code9,6,6
2026-10-19,plant-B,line2,machine1,UP,lot5,category 1,a4,code3,5,5
2026-10-19,plant-B,line6,machine6,UP,lot7,category 2,b4,code10,16,16
2026-10-19,plant-A,line8,machine6,UP,lot8,pass,pass,,0,444
2026-10-19,plant-B,line9,machine2,UP,lot5,category 1,a4,code9,14,14
2026-10-19,plant-B,line6,machine6,UP,lot7,pass,pass,,0,311
2026-10-19,plant-A,line9,machine3,UP,lot5,category 1,a3,code4,11,11
2026-10-19,plant-A,line4,machine1,DN,lot4,pass,pass,,0,400
2026-10-19,plant-A,line9,machine4,UP,lot9,pass,pass,,0,271
2026-10-19,plant-B,line7,machine3,DN,lot9,category 1,a2,code1,12,12
2026-10-19,plant-B,line7,machine4,UP,lot1,category 1,a2,code9,19,19
2026-10-19,plant-B,line5,machine1,DN,lot6,pass,pass,,0,291
2026-10-19,plant-A,line5,machine5,UP,lot3,category 3,b4,code1,16,16
2026-10-19,plant-B,line8,machine5,UP,lot5,category 1,a4,code8,11,11
2026-10-19,plant-B,line1,machine3,DN,lot4,category 1,a3,code7,5,5
2026-10-19,plant-A,line2,machine9,DN,lot7,pass,pass,,0,327
2026-10-19,plant-B,line1,machine9,UP,lot2,category 1,a2,code6,3,3
2026-10-19,plant-B,line2,machine5,UP,lot8,pass,pass,,0,191
2026-10-19,plant-A,line4,machine5,DN,lot3,category 2,b4,code2,19,19
2026-10-19,plant-B,line2,machine7,DN,lot7,category 3,b3,code9,12,12
2026-10-19,plant-A,line7,machine6,DN,lot7,pass,pass,,0,465
2026-10-19,plant-A,line4,machine9,UP,lot9,pass,pass,,0,162
2026-10-19,plant-A,line3,machine2,DN,lot8,pass,pass,,0,179
2026-10-19,plant-B,line1,machine8,DN,lot5,category 1,a4,code9,2,2
2026-10-19,plant-B,line8,machine6,DN,lot5,pass,pass,,0,211
2026-10-19,plant-A,line4,machine7,UP,lot3,category 3,b4,code4,3,3
2026-10-19,plant-B,line7,machine4,UP,lot8,pass,pass,,0,174
2026-10-19,plant-A,line3,machine5,UP,lot1,category 3,a2,code8,13,13
2026-10-19,plant-B,line3,machine4,DN,lot9,pass,pass,,0,204
2026-10-19,plant-B,line7,machine7,DN,lot3,pass,pass,,0,365
2026-10-19,plant-B,line2,machine7,UP,lot3,category 1,a4,code10,5,5
2026-10-19,plant-A,line5,machine9,UP,lot9,category 2,b3,code9,4,4
2026-10-19,plant-A,line7,machine8,DN,lot5,category 3,a1,code9,13,13
2026-10-19,plant-B,line5,machine2,DN,lot4,pass,pass,,0,497
2026-10-19,plant-A,line1,machine6,UP,lot9,pass,pass,,0,423
2026-10-19,plant-A,line4,machine4,DN,lot6,pass,pass,,0,416
2026-10-19,plant-B,line2,machine3,UP,lot8,pass,pass,,0,482
2026-10-19,plant-B,line8,machine7,DN,lot9,category 3,b4,code10,3,3
2026-10-19,plant-A,line1,machine2,UP,lot5,category 3,a1,code9,1,1
2026-10-19,plant-B,line6,machine1,DN,lot7,pass,pass,,0,442
2026-10-19,plant-B,line3,machine6,UP,lot8,pass,pass,,0,376
2026-10-19,plant-A,line2,machine7,DN,lot4,pass,pass,,0,260
2026-10-19,plant-A,line6,machine6,UP,lot9,category 3,b4,code9,17,17
2026-10-19,plant-A,line1,machine7,DN,lot7,category 2,b1,code10,4,4
2026-10-19,plant-A,line3,machine9,UP,lot1,category 2,b2,code5,1,1
2026-10-19,plant-A,line6,machine9,DN,lot4,category 2,b3,code5,5,5
2026-10-19,plant-A,line7,machine6,DN,lot7,category 1,a2,code2,9,9
2026-10-19,plant-A,line6,machine7,UP,lot4,category 2,b4,code10,16,16
2026-10-19,plant-A,line4,machine8,UP,lot2,category 1,a3,code7,5,5
2026-10-19,plant-B,line4,machine3,DN,lot6,pass,pass,,0,492
2026-10-19,plant-B,line2,machine6,UP,lot6,category 1,a2,code1,18,18
2026-10-19,plant-A,line4,machine6,DN,lot5,category 2,b2,code5,7,7
2026-10-19,plant-A,line4,machine9,DN,lot8,pass,pass,,0,449
2026-10-19,plant-B,line4,machine5,UP,lot7,category 3,a2,code4,17,17
2026-10-19,plant-A,line1,machine2,UP,lot4,category 1,a1,code2,16,16
2026-10-19,plant-B,line4,machine2,UP,lot6,category 2,b2,code5,6,6
2026-10-19,plant-A,line1,machine6,UP,lot8,category 2,b4,code9,12,12
2026-10-19,plant-A,line1,machine7,UP,lot4,category 2,b1,code7,10,10
2026-10-19,plant-B,line8,machine4,UP,lot1,category 1,a3,code8,17,17
2026-10-19,plant-A,line3,machine8,UP,lot3,category 1,a1,code5,9,9
2026-10-19,plant-B,line3,machine2,UP,lot3,category 3,a1,code7,15,15
2026-10-19,plant-A,line6,machine8,DN,lot9,category 2,b3,code7,9,9
2026-10-19,plant-A,line8,machine4,UP,lot8,category 1,a3,code6,8,8
2026-10-19,plant-B,line1,machine4,UP,lot1,category 1,a3,code3,5,5
2026-10-19,plant-B,line3,machine1,UP,lot3,category 2,b4,code5,15,15
2026-10-19,plant-A,line3,machine5,UP,lot6,pass,pass,,0,436
2026-10-19,plant-B,line9,machine7,UP,lot8,category 3,a2,code5,15,15
2026-10-19,plant-A,line9,machine8,UP,lot7,pass,pass,,0,365
2026-10-19,plant-A,line7,machine2,DN,lot6,category 1,a4,code3,1,1
2026-10-19,plant-B,line1,machine2,UP,lot4,category 2,b3,code8,4,4
2026-10-19,plant-B,line5,machine5,UP,lot6,category 1,a4,code4,18,18
2026-10-19,plant-A,line4,machine3,UP,lot4,category 3,a2,code4,18,18
2026-10-19,plant-B,line5,machine7,UP,lot4,category 3,a2,code6,14,14
2026-10-19,plant-B,line6,machine1,DN,lot6,category 3,a2,code10,10,10
2026-10-19,plant-A,line7,machine2,DN,lot2,pass,pass,,0,258
2026-10-19,plant-A,line4,machine1,UP,lot4,category 3,a2,code2,8,8
2026-10-19,plant-B,line3,machine6,DN,lot6,pass,pass,,0,267
2026-10-19,plant-B,line1,machine8,UP,lot3,category 1,a3,code10,3,3
2026-10-19,plant-A,line9,machine5,UP,lot1,category 1,a2,code5,7,7
2026-10-19,plant-A,line8,machine2,UP,lot6,pass,pass,,0,352
2026-10-19,plant-B,line3,machine7,DN,lot4,category 1,a4,code10,12,12
2026-10-19,plant-A,line2,machine8,DN,lot9,category 1,a3,code6,18,18
2026-10-19,plant-A,line4,machine3,UP,lot1,pass,pass,,0,262
2026-10-19,plant-A,line5,machine2,DN,lot9,category 3,b3,code2,16,16
2026-10-19,plant-B,line5,machine4,UP,lot8,category 1,a2,code4,2,2
2026-10-19,plant-B,line8,machine9,DN,lot1,category 1,a3,code7,17,17
2026-10-19,plant-A,line5,machine9,DN,lot9,category 2,b1,code3,11,11
2026-10-19,plant-A,line4,machine4,UP,lot5,category 1,a1,code6,4,4
2026-10-19,plant-B,line7,machine8,DN,lot2,category 1,a4,code6,7,7
2026-10-19,plant-B,line3,machine6,UP,lot2,pass,pass,,0,275
2026-10-19,plant-A,line6,machine1,DN,lot7,category 2,b4,code7,9,9
2026-10-19,plant-B,line3,machine2,DN,lot5,category 1,a3,code4,4,4
2026-10-19,plant-A,line1,machine5,DN,lot3,category 3,a2,code1,4,4
2026-10-19,plant-B,line8,machine9,UP,lot1,category 3,b3,code2,6,6
2026-10-19,plant-A,line2,machine8,UP,lot9,category 2,b4,code9,15,15
2026-10-19,plant-A,line7,machine3,DN,lot9,category 2,b3,code2,7,7
2026-10-19,plant-A,line7,machine6,UP,lot1,category 2,b1,code6,18,18
2026-10-19,plant-B,line2,machine8,UP,lot7,category 3,b3,code2,16,16
2026-10-19,plant-A,line1,machine2,DN,lot4,category 1,a3,code2,13,13
2026-10-19,plant-B,line8,machine1,UP,lot1,category 3,b3,code6,7,7
2026-10-19,plant-A,line9,machine3,DN,lot3,category 3,b3,code7,13,13
2026-10-19,plant-B,line4,machine9,DN,lot8,category 1,a3,code2,11,11
2026-10-19,plant-A,line7,machine2,UP,lot5,category 1,a2,code2,15,15
2026-10-19,plant-B,line2,machine5,DN,lot6,category 2,b3,code5,2,2
2026-10-19,plant-A,line4,machine7,DN,lot1,category 2,b1,code6,12,12
2026-10-19,plant-A,line8,machine4,DN,lot3,category 2,b3,code4,1,1
2026-10-19,plant-B,line8,machine8,DN,lot5,category 2,b4,code7,19,19
2026-10-19,plant-B,line7,machine4,DN,lot2,category 1,a4,code2,3,3
2026-10-19,plant-B,line3,machine4,UP,lot6,category 1,a1,code6,8,8
2026-10-19,plant-A,line6,machine6,UP,lot3,category 1,a2,code2,7,7
2026-10-19,plant-A,line6,machine5,DN,lot1,pass,pass,,0,446
2026-10-19,plant-A,line4,machine5,DN,lot7,category 2,b3,code8,5,5
2026-10-19,plant-B,line9,machine2,UP,lot8,category 2,b3,code4,18,18
2026-10-19,plant-A,line9,machine3,UP,lot9,pass,pass,,0,466
2026-10-19,plant-B,line3,machine7,UP,lot3,category 2,b1,code6,8,8
2026-10-19,plant-B,line3,machine6,UP,lot8,category 3,a2,code3,12,12
2026-10-19,plant-A,line5,machine9,DN,lot3,category 2,b1,code2,13,13
2026-10-19,plant-B,line7,machine9,UP,lot4,pass,pass,,0,165
2026-10-19,plant-A,line1,machine5,UP,lot3,pass,pass,,0,422
2026-10-19,plant-A,line8,machine1,UP,lot5,pass,pass,,0,473
2026-10-19,plant-A,line3,machine2,UP,lot7,pass,pass,,0,459
2026-10-19,plant-B,line8,machine1,UP,lot2,category 1,a2,code1,3,3
2026-10-19,plant-A,line6,machine6,DN,lot6,category 1,a2,code2,11,11
2026-10-19,plant-A,line6,machine3,DN,lot9,pass,pass,,0,199
2026-10-19,plant-B,line6,machine5,UP,lot6,category 2,b4,code3,16,16
2026-10-19,plant-B,line1,machine5,DN,lot2,category 3,b4,code4,11,11
2026-10-19,plant-B,line3,machine6,DN,lot5,category 1,a4,code9,1,1
2026-10-19,plant-A,line1,machine8,UP,lot6,pass,pass,,0,226
2026-10-19,plant-A,line1,machine7,UP,lot3,category 2,b1,code10,5,5
2026-10-19,plant-A,line7,machine7,UP,lot5,category 2,b1,code4,9,9
2026-10-19,plant-B,line6,machine8,UP,lot4,category 3,b4,code7,4,4
2026-10-19,plant-B,line7,machine9,DN,lot7,category 2,b2,code2,13,13
2026-10-19,plant-B,line3,machine4,DN,lot3,category 1,a1,code9,2,2
2026-10-19,plant-B,line2,machine3,DN,lot4,category 2,b1,code1,19,19
2026-10-19,plant-A,line1,machine8,DN,lot6,category 3,a1,code10,10,10
2026-10-19,plant-B,line3,machine2,DN,lot2,category 2,b3,code5,4,4
2026-10-19,plant-B,line2,machine2,DN,lot9,pass,pass,,0,410
2026-10-19,plant-A,line9,machine1,DN,lot9,category 1,a1,code10,7,7
2026-10-19,plant-B,line3,machine5,UP,lot2,category 2,b3,code10,3,3
2026-10-19,plant-B,line5,machine4,UP,lot6,category 2,b4,code6,9,9
2026-10-19,plant-A,line2,machine6,DN,lot4,pass,pass,,0,151
2026-10-19,plant-B,line6,machine8,DN,lot4,pass,pass,,0,202
2026-10-19,plant-B,line7,machine9,DN,lot1,category 2,b3,code9,8,8
2026-10-19,plant-B,line1,machine9,UP,lot1,category 1,a1,code4,15,15
2026-10-19,plant-B,line5,machine3,UP,lot4,category 3,b3,code5,7,7
2026-10-19,plant-A,line8,machine8,UP,lot5,pass,pass,,0,361
2026-10-19,plant-A,line4,machine5,DN,lot7,category 3,b3,code6,4,4
2026-10-19,plant-B,line1,machine3,DN,lot8,category 2,b4,code6,7,7
2026-10-19,plant-A,line5,machine1,UP,lot4,category 2,b4,code6,9,9
2026-10-19,plant-B,line2,machine3,UP,lot3,category 2,b2,code7,7,7
2026-10-19,plant-A,line1,machine6,UP,lot3,pass,pass,,0,196
2026-10-19,plant-A,line4,machine5,UP,lot1,pass,pass,,0,337
2026-10-19,plant-A,line7,machine7,UP,lot4,category 3,b3,code5,7,7
2026-10-19,plant-B,line4,machine2,DN,lot2,category 3,b4,code4,5,5
2026-10-19,plant-A,line2,machine4,DN,lot5,pass,pass,,0,165
2026-10-19,plant-A,line6,machine5,UP,lot4,category 1,a1,code7,15,15
2026-10-19,plant-A,line7,machine2,DN,lot1,category 2,b3,code4,13,13
2026-10-19,plant-B,line1,machine1,UP,lot5,pass,pass,,0,171
2026-10-19,plant-B,line8,machine4,DN,lot9,category 2,b3,code10,15,15
2026-10-19,plant-A,line6,machine3,DN,lot4,category 2,b4,code1,16,16
2026-10-19,plant-B,line3,machine4,DN,lot2,category 3,b3,code2,15,15
2026-10-20,,line6,machine4,UP,lot8,,,,0,100
2026-10-20,,line2,machine8,UP,lot5,,,,4,4
2026-10-20,,line7,machine2,DN,lot1,,,,4,4
2026-10-20,plant-A,line4,machine9,UP,lot9,category 1,a2,code3,14,14
2026-10-20,plant-A,line8,machine1,DN,lot7,category 2,b2,code8,12,12
2026-10-20,plant-A,line4,machine1,DN,lot3,category 2,b4,code6,8,8
2026-10-20,plant-B,line5,machine5,UP,lot6,category 1,a1,code10,10,10
2026-10-20,plant-B,line5,machine1,UP,lot7,category 2,b2,code7,14,14
2026-10-20,plant-B,line8,machine3,UP,lot4,pass,pass,,0,198
2026-10-20,plant-B,line1,machine1,UP,lot6,pass,pass,,0,434
2026-10-20,plant-A,line2,machine9,DN,lot5,category 2,b2,code2,8,8
2026-10-20,plant-B,line8,machine8,DN,lot1,category 1,a3,code2,15,15
2026-10-20,plant-A,line4,machine2,UP,lot7,pass,pass,,0,338
2026-10-20,plant-B,line9,machine5,UP,lot8,category 3,a2,code3,6,6
2026-10-20,plant-B,line8,machine3,UP,lot8,category 2,b2,code6,6,6
2026-10-20,plant-B,line2,machine5,DN,lot7,pass,pass,,0,410
2026-10-20,plant-B,line7,machine2,UP,lot5,category 1,a3,code6,12,12
2026-10-20,plant-A,line1,machine5,DN,lot1,category 1,a3,code4,5,5
2026-10-20,plant-B,line3,machine1,DN,lot3,pass,pass,,0,385
2026-10-20,plant-A,line7,machine6,DN,lot9,category 1,a2,code3,11,11
2026-10-20,plant-B,line2,machine6,UP,lot7,pass,pass,,0,378
2026-10-20,plant-A,line8,machine9,DN,lot2,category 3,b3,code1,11,11
2026-10-20,plant-A,line9,machine6,DN,lot7,category 1,a1,code7,8,8
2026-10-20,plant-B,line8,machine3,DN,lot2,category 1,a3,code5,7,7
2026-10-20,plant-B,line1,machine3,DN,lot6,pass,pass,,0,303
2026-10-20,plant-A,line6,machine6,UP,lot4,category 3,b3,code6,7,7
2026-10-20,plant-B,line7,machine1,UP,lot9,category 3,a2,code9,11,11
2026-10-20,plant-B,line4,machine5,UP,lot6,category 1,a4,code7,19,19
2026-10-20,plant-B,line7,machine1,DN,lot3,category 2,b4,code5,15,15
2026-10-20,plant-A,line7,machine6,DN,lot2,category 2,b3,code8,10,10
2026-10-20,plant-A,line8,machine7,DN,lot2,pass,pass,,0,358
2026-10-20,plant-A,line3,machine1,DN,lot9,pass,pass,,0,284
2026-10-20,plant-B,line2,machine6,UP,lot4,category 3,a2,code6,3,3
2026-10-20,plant-B,line4,machine6,UP,lot8,category 1,a3,code2,15,15
2026-10-20,plant-B,line9,machine3,UP,lot8,category 2,b2,code9,17,17
2026-10-20,plant-B,line2,machine7,UP,lot8,pass,pass,,0,279
2026-10-20,plant-A,line5,machine2,DN,lot7,category 2,b2,code4,4,4
2026-10-20,plant-B,line2,machine5,DN,lot8,pass,pass,,0,361
2026-10-20,plant-A,line4,machine1,UP,lot2,pass,pass,,0,178
2026-10-20,plant-A,line1,machine5,DN,lot4,pass,pass,,0,283
2026-10-20,plant-A,line6,machine2,DN,lot5,category 2,b4,code9,9,9
2026-10-20,plant-A,line9,machine9,DN,lot5,category 1,a1,code10,6,6
2026-10-20,plant-A,line7,machine8,UP,lot3,category 2,b2,code7,14,14
2026-10-20,plant-A,line4,machine2,UP,lot4,category 1,a4,code10,1,1
2026-10-20,plant-A,line7,machine9,DN,lot5,category 1,a4,code2,12,12
2026-10-20,plant-A,line7,machine8,UP,lot5,category 3,b3,code5,4,4
2026-10-20,plant-B,line5,machine7,UP,lot2,category 2,b1,code9,9,9
2026-10-20,plant-A,line9,machine1,DN,lot5,category 2,b1,code6,17,17
2026-10-20,plant-B,line8,machine5,UP,lot9,category 2,b4,code5,11,11
2026-10-20,plant-B,line9,machine7,DN,lot7,pass,pass,,0,395
2026-10-20,plant-B,line3,machine1,DN,lot5,pass,pass,,0,315
2026-10-20,plant-A,line4,machine5,UP,lot8,category 2,b1,code5,6,6
2026-10-20,plant-B,line9,machine7,DN,lot4,category 1,a2,code10,12,12
2026-10-20,plant-A,line9,machine5,DN,lot5,pass,pass,,0,225
2026-10-20,plant-A,line1,machine5,UP,lot2,category 1,a3,code9,13,13
2026-10-20,plant-B,line7,machine9,UP,lot1,category 1,a3,code2,15,15
2026-10-20,plant-A,line3,machine7,DN,lot5,category 3,a2,code2,15,15
2026-10-20,plant-A,line7,machine1,UP,lot9,category 2,b3,code2,6,6
2026-10-20,plant-B,line2,machine3,UP,lot4,category 2,b3,code5,8,8
2026-10-20,plant-A,line6,machine8,UP,lot5,category 2,b3,code1,19,19
2026-10-20,plant-A,line8,machine3,DN,lot1,category 1,a3,code5,8,8
2026-10-20,plant-B,line4,machine8,UP,lot5,category 3,b3,code5,18,18
2026-10-20,plant-B,line1,machine6,UP,lot5,category 1,a1,code9,7,7
2026-10-20,plant-B,line7,machine5,UP,lot9,category 1,a1,code4,6,6
2026-10-20,plant-B,line8,machine5,UP,lot2,category 2,b4,code5,4,4
2026-10-20,plant-B,line4,machine8,DN,lot3,category 1,a2,code10,18,18
2026-10-20,plant-A,line4,machine4,DN,lot9,category 2,b2,code1,15,15
2026-10-20,plant-B,line3,machine2,DN,lot4,pass,pass,,0,487
2026-10-20,plant-A,line5,machine8,UP,lot2,category 2,b1,code3,6,6
2026-10-20,plant-B,line2,machine9,DN,lot4,category 2,b2,code1,2,2
2026-10-20,plant-B,line7,machine9,DN,lot6,pass,pass,,0,252
2026-10-20,plant-A,line1,machine9,DN,lot9,pass,pass,,0,154
2026-10-20,plant-A,line9,machine4,UP,lot4,category 3,b4,code2,13,13
2026-10-20,plant-A,line7,machine2,DN,lot2,pass,pass,,0,278
2026-10-20,plant-A,line1,machine6,UP,lot6,category 3,b4,code3,14,14
2026-10-20,plant-A,line1,machine3,DN,lot5,category 2,b3,code3,8,8
2026-10-20,plant-A,line7,machine3,UP,lot1,category 1,a2,code10,1,1
2026-10-20,plant-B,line2,machine2,DN,lot7,pass,pass,,0,434
2026-10-20,plant-B,line5,machine9,DN,lot5,category 3,b4,code6,15,15
2026-10-20,plant-A,line9,machine5,DN,lot2,category 2,b1,code8,5,5
2026-10-20,plant-B,line5,machine9,UP,lot8,pass,pass,,0,168
2026-10-20,plant-B,line2,machine9,DN,lot7,category 2,b4,code8,7,7
2026-10-20,plant-B,line7,machine4,DN,lot1,pass,pass,,0,474
2026-10-20,plant-A,line2,machine5,DN,lot3,category 3,a1,code2,3,3
2026-10-20,plant-B,line4,machine6,DN,lot5,pass,pass,,0,428
2026-10-20,plant-A,line7,machine7,DN,lot2,pass,pass,,0,388
2026-10-20,plant-B,line3,machine3,DN,lot6,category 1,a4,code4,1,1
2026-10-20,plant-B,line8,machine5,DN,lot6,pass,pass,,0,186
2026-10-20,plant-A,line4,machine6,UP,lot6,category 2,b1,code9,10,10
2026-10-20,plant-B,line4,machine6,DN,lot8,category 1,a4,code7,10,10
2026-10-20,plant-A,line2,machine9,UP,lot8,category 2,b2,code5,15,15
2026-10-20,plant-A,line3,machine1,UP,lot7,category 1,a2,code8,17,17
2026-10-20,plant-B,line7,machine6,DN,lot1,category 1,a4,code10,8,8
2026-10-20,plant-A,line1,machine2,DN,lot2,pass,pass,,0,224
2026-10-20,plant-A,line9,machine3,UP,lot6,pass,pass,,0,350
2026-10-20,plant-A,line8,machine4,UP,lot5,category 2,b3,code8,7,7
2026-10-20,plant-B,line6,machine5,DN,lot4,category 2,b2,code1,12,12
2026-10-20,plant-A,line6,machine2,DN,lot3,category 3,b3,code7,13,13
2026-10-20,plant-A,line5,machine3,UP,lot1,pass,pass,,0,185
2026-10-20,plant-A,line9,machine8,DN,lot6,category 3,b3,code10,17,17
2026-10-20,plant-A,line4,machine7,UP,lot1,category 2,b1,code2,1,1
2026-10-20,plant-B,line7,machine6,DN,lot6,category 1,a2,code7,12,12
2026-10-20,plant-A,line9,machine2,DN,lot5,category 3,a2,code7,12,12
2026-10-20,plant-A,line3,machine3,DN,lot3,category 2,b3,code3,8,8
2026-10-20,plant-A,line2,machine9,UP,lot6,pass,pass,,0,275
2026-10-20,plant-B,line6,machine8,DN,lot6,pass,pass,,0,412
2026-10-20,plant-A,line8,machine2,DN,lot7,pass,pass,,0,210
2026-10-20,plant-A,line4,machine3,DN,lot2,category 1,a3,code6,3,3
2026-10-20,plant-A,line8,machine9,UP,lot5,pass,pass,,0,454
2026-10-20,plant-A,line8,machine7,DN,lot2,pass,pass,,0,371
2026-10-20,plant-A,line8,machine5,DN,lot7,category 3,b4,code9,19,19
2026-10-20,plant-A,line7,machine6,UP,lot7,category 2,b3,code5,18,18
2026-10-20,plant-A,line7,machine9,UP,lot8,category 1,a1,code7,1,1
2026-10-20,plant-B,line3,machine6,UP,lot5,category 1,a3,code1,3,3
2026-10-20,plant-B,line2,machine3,DN,lot5,category 3,b4,code9,9,9
2026-10-20,plant-B,line4,machine2,DN,lot1,category 1,a3,code4,12,12
2026-10-20,plant-A,line6,machine9,DN,lot4,category 3,a1,code4,2,2
2026-10-20,plant-B,line7,machine7,DN,lot6,category 1,a2,code10,12,12
2026-10-20,plant-A,line5,machine6,UP,lot5,category 3,a2,code10,11,11
2026-10-20,plant-A,line5,machine3,UP,lot4,pass,pass,,0,371
2026-10-20,plant-B,line1,machine7,UP,lot2,category 1,a3,code3,5,5
2026-10-20,plant-B,line3,machine8,UP,lot6,category 1,a1,code5,17,17
2026-10-20,plant-B,line8,machine1,UP,lot6,pass,pass,,0,344
2026-10-20,plant-A,line8,machine6,DN,lot7,pass,pass,,0,320
2026-10-20,plant-A,line4,machine8,UP,lot4,pass,pass,,0,388
2026-10-20,plant-A,line9,machine7,DN,lot2,category 1,a2,code10,17,17
2026-10-20,plant-B,line9,machine6,UP,lot2,category 2,b2,code9,15,15
2026-10-20,plant-A,line5,machine9,UP,lot7,category 1,a2,code2,2,2
2026-10-20,plant-A,line1,machine9,DN,lot6,category 1,a3,code1,6,6
2026-10-20,plant-B,line5,machine5,DN,lot7,category 2,b3,code9,13,13
2026-10-20,plant-A,line2,machine7,DN,lot4,pass,pass,,0,294
2026-10-20,plant-B,line7,machine9,DN,lot8,category 3,a2,code6,18,18
2026-10-20,plant-A,line9,machine9,UP,lot2,category 1,a4,code4,13,13
2026-10-20,plant-B,line4,machine2,UP,lot7,category 2,b2,code2,14,14
2026-10-20,plant-A,line3,machine3,UP,lot4,pass,pass,,0,454
2026-10-20,plant-B,line9,machine5,DN,lot3,category 3,a1,code1,9,9
2026-10-20,plant-B,line8,machine3,UP,lot7,pass,pass,,0,161
2026-10-20,plant-B,line1,machine9,UP,lot2,category 1,a1,code1,16,16
2026-10-20,plant-B,line3,machine3,DN,lot5,category 1,a1,code3,16,16
2026-10-20,plant-B,line1,machine4,UP,lot9,pass,pass,,0,178
2026-10-20,plant-A,line4,machine8,UP,lot2,category 3,b3,code3,14,14
2026-10-20,plant-A,line5,machine1,UP,lot7,category 1,a4,code4,5,5
2026-10-20,plant-B,line4,machine6,UP,lot5,pass,pass,,0,422
2026-10-20,plant-B,line4,machine4,DN,lot8,category 3,a2,code2,17,17
2026-10-20,plant-B,line3,machine5,UP,lot4,category 2,b2,code4,3,3
2026-10-20,plant-B,line2,machine5,DN,lot5,category 3,a1,code9,15,15
2026-10-20,plant-B,line2,machine9,DN,lot5,category 3,b4,code6,16,16
2026-10-20,plant-B,line3,machine5,DN,lot3,category 3,b4,code5,19,19
2026-10-20,plant-B,line7,machine8,DN,lot5,pass,pass,,0,240
2026-10-20,plant-A,line9,machine2,UP,lot3,category 3,b3,code10,5,5
2026-10-20,plant-A,line8,machine8,UP,lot9,pass,pass,,0,471
2026-10-20,plant-A,line9,machine5,UP,lot8,pass,pass,,0,499
2026-10-20,plant-A,line2,machine4,UP,lot9,category 2,b3,code8,7,7
2026-10-20,plant-B,line1,machine7,UP,lot9,category 1,a2,code5,18,18
2026-10-20,plant-B,line7,machine5,DN,lot6,pass,pass,,0,369
2026-10-20,plant-B,line3,machine7,UP,lot7,category 3,a1,code1,13,13
2026-10-20,plant-B,line1,machine9,DN,lot5,category 2,b3,code2,5,5
2026-10-20,plant-B,line2,machine6,DN,lot6,category 2,b3,code9,17,17
2026-10-20,plant-A,line2,machine4,DN,lot8,category 2,b3,code4,19,19
2026-10-20,plant-A,line6,machine7,UP,lot5,category 3,b3,code4,5,5
2026-10-20,plant-B,line1,machine7,DN,lot3,pass,pass,,0,315
2026-10-20,plant-A,line7,machine1,UP,lot2,category 2,b1,code9,18,18
2026-10-20,plant-B,line8,machine5,DN,lot2,category 3,a2,code3,11,11
2026-10-20,plant-B,line3,machine1,UP,lot4,pass,pass,,0,408
2026-10-20,plant-A,line6,machine1,DN,lot9,pass,pass,,0,456
2026-10-20,plant-A,line6,machine6,DN,lot3,category 2,b3,code6,14,14
2026-10-20,plant-B,line1,machine6,DN,lot1,category 3,a1,code9,6,6
2026-10-20,plant-A,line9,machine5,DN,lot4,category 3,a2,code2,17,17
2026-10-20,plant-B,line1,machine6,DN,lot7,category 3,a1,code7,4,4
2026-10-20,plant-B,line1,machine9,UP,lot1,category 1,a1,code10,14,14
2026-10-20,plant-A,line9,machine3,DN,lot7,category 2,b1,code8,6,6
2026-10-20,plant-B,line6,machine7,DN,lot2,category 2,b3,code9,13,13
2026-10-20,plant-A,line1,machine7,UP,lot5,category 1,a1,code1,2,2
2026-10-20,plant-B,line3,machine9,DN,lot6,category 2,b3,code10,8,8
2026-10-20,plant-B,line6,machine6,UP,lot3,category 1,a4,code6,11,11
2026-10-20,plant-B,line7,machine3,DN,lot3,category 2,b1,code5,9,9
2026-10-20,plant-A,line5,machine6,UP,lot8,category 3,a2,code6,9,9
2026-10-20,plant-B,line2,machine9,UP,lot2,pass,pass,,0,285
2026-10-20,plant-A,line7,machine7,UP,lot1,category 3,b3,code2,3,3
2026-10-20,plant-A,line2,machine7,UP,lot5,category 2,b3,code8,8,8
2026-10-20,plant-A,line6,machine7,UP,lot3,category 1,a2,code6,1,1
2026-10-20,plant-A,line1,machine4,UP,lot7,pass,pass,,0,219
2026-10-20,plant-B,line6,machine7,UP,lot7,category 2,b2,code3,14,14
2026-10-20,plant-A,line9,machine7,UP,lot3,pass,pass,,0,293
2026-10-20,plant-B,line7,machine2,DN,lot7,pass,pass,,0,294
2026-10-20,plant-B,line5,machine4,DN,lot3,category 1,a2,code8,9,9
2026-10-20,plant-A,line1,machine9,DN,lot9,pass,pass,,0,481
2026-10-20,plant-A,line1,machine6,UP,lot3,category 1,a2,code3,11,11
2026-10-20,plant-B,line7,machine4,DN,lot7,pass,pass,,0,160
2026-10-20,plant-A,line2,machine6,UP,lot9,category 1,a3,code4,12,12
2026-10-20,plant-B,line5,machine2,UP,lot4,category 2,b3,code6,17,17
2026-10-20,plant-A,line2,machine4,UP,lot2,pass,pass,,0,258
2026-10-20,plant-B,line3,machine4,DN,lot5,pass,pass,,0,169
2026-10-20,plant-A,line5,machine6,DN,lot4,category 1,a1,code10,7,7
2026-10-20,plant-B,line6,machine6,DN,lot9,pass,pass,,0,490
2026-10-20,plant-B,line5,machine8,UP,lot1,category 3,a2,code10,3,3
2026-10-20,plant-A,line9,machine2,DN,lot4,category 3,a2,code8,16,16
2026-10-20,plant-B,line9,machine9,UP,lot1,category 1,a4,code1,19,19
2026-10-20,plant-A,line7,machine6,DN,lot6,category 1,a1,code5,5,5
2026-10-20,plant-B,line6,machine6,DN,lot7,pass,pass,,0,469
2026-10-21,,line3,machine9,DN,lot5,,,,0,100
2026-10-21,,line3,machine1,UP,lot5,,,,1,1
2026-10-21,,line4,machine3,DN,lot1,,,,1,1
2026-10-21,plant-B,line1,machine6,DN,lot5,pass,pass,,0,381
2026-10-21,plant-A,line9,machine2,DN,lot2,pass,pass,,0,411
2026-10-21,plant-A,line1,machine3,DN,lot8,pass,pass,,0,377
2026-10-21,plant-B,line8,machine1,UP,lot1,category 1,a3,code2,3,3
2026-10-21,plant-B,line5,machine5,DN,lot7,category 2,b3,code9,8,8
2026-10-21,plant-A,line6,machine4,DN,lot3,category 2,b3,code2,18,18
2026-10-21,plant-A,line5,machine9,DN,lot9,category 3,a1,code10,9,9
2026-10-21,plant-B,line5,machine8,DN,lot8,pass,pass,,0,278
2026-10-21,plant-A,line6,machine7,DN,lot2,category 1,a1,code9,5,5
2026-10-21,plant-A,line8,machine5,UP,lot4,category 1,a1,code9,2,2
2026-10-21,plant-A,line1,machine7,UP,lot3,pass,pass,,0,411
2026-10-21,plant-B,line3,machine1,UP,lot2,pass,pass,,0,327
2026-10-21,plant-B,line4,machine2,UP,lot9,category 2,b3,code8,8,8
2026-10-21,plant-A,line9,machine9,DN,lot4,pass,pass,,0,381
2026-10-21,plant-A,line8,machine6,UP,lot1,category 1,a3,code7,19,19
2026-10-21,plant-B,line5,machine6,UP,lot3,category 3,b3,code4,1,1
2026-10-21,plant-A,line6,machine4,DN,lot2,category 1,a4,code7,16,16
2026-10-21,plant-B,line9,machine5,DN,lot9,pass,pass,,0,179
2026-10-21,plant-B,line7,machine3,DN,lot7,pass,pass,,0,208
2026-10-21,plant-B,line1,machine2,DN,lot5,category 1,a4,code9,18,18
2026-10-21,plant-A,line8,machine2,DN,lot2,category 3,a2,code4,15,15
2026-10-21,plant-A,line5,machine1,DN,lot3,category 1,a4,code3,13,13
2026-10-21,plant-A,line7,machine9,DN,lot9,category 2,b3,code1,19,19
2026-10-21,plant-A,line6,machine6,UP,lot6,category 3,a1,code1,1,1
2026-10-21,plant-B,line7,machine6,UP,lot2,category 2,b3,code4,2,2
2026-10-21,plant-B,line7,machine7,DN,lot4,category 3,b3,code8,2,2
2026-10-21,plant-A,line1,machine2,DN,lot8,category 3,a1,code5,13,13
2026-10-21,plant-B,line1,machine9,UP,lot3,pass,pass,,0,445
2026-10-21,plant-A,line6,machine9,DN,lot9,category 1,a4,code4,11,11
2026-10-21,plant-B,line2,machine4,DN,lot9,category 3,b3,code7,9,9
2026-10-21,plant-A,line4,machine9,UP,lot3,category 3,a2,code8,3,3
2026-10-21,plant-A,line3,machine6,UP,lot4,category 3,a2,code2,12,12
2026-10-21,plant-B,line4,machine5,UP,lot1,pass,pass,,0,457
2026-10-21,plant-A,line2,machine7,DN,lot9,category 2,b4,code1,7,7
2026-10-21,plant-A,line1,machine3,DN,lot8,pass,pass,,0,178
2026-10-21,plant-A,line1,machine8,UP,lot8,category 2,b4,code4,10,10
2026-10-21,plant-A,line6,machine8,UP,lot7,category 2,b3,code2,10,10
2026-10-21,plant-A,line1,machine4,UP,lot5,pass,pass,,0,232
2026-10-21,plant-A,line1,machine8,DN,lot9,category 1,a3,code6,15,15
2026-10-21,plant-B,line7,machine1,UP,lot2,category 1,a4,code8,11,11
2026-10-21,plant-B,line3,machine3,UP,lot5,category 2,b1,code10,5,5
2026-10-21,plant-A,line9,machine6,UP,lot7,category 2,b2,code8,9,9
2026-10-21,plant-B,line8,machine2,DN,lot2,category 2,b3,code7,3,3
2026-10-21,plant-A,line2,machine5,UP,lot9,category 2,b2,code1,4,4
2026-10-21,plant-A,line2,machine9,UP,lot7,category 1,a3,code1,9,9
2026-10-21,plant-A,line2,machine9,DN,lot2,category 3,a1,code8,3,3
2026-10-21,plant-B,line6,machine7,DN,lot9,pass,pass,,0,285
2026-10-21,plant-A,line4,machine6,DN,lot3,category 3,b4,code5,10,10
2026-10-21,plant-B,line2,machine1,UP,lot7,pass,pass,,0,303
2026-10-21,plant-A,line3,machine2,DN,lot3,category 2,b1,code10,13,13
2026-10-21,plant-B,line6,machine9,DN,lot9,pass,pass,,0,339
2026-10-21,plant-B,line3,machine1,DN,lot7,pass,pass,,0,303
2026-10-21,plant-A,line4,machine7,DN,lot7,pass,pass,,0,201
2026-10-21,plant-A,line6,machine7,DN,lot3,category 1,a1,code1,6,6
2026-10-21,plant-A,line4,machine9,UP,lot6,category 2,b1,code2,17,17
2026-10-21,plant-A,line7,machine6,DN,lot7,pass,pass,,0,478
2026-10-21,plant-A,line9,machine5,DN,lot2,pass,pass,,0,372
2026-10-21,plant-A,line6,machine3,UP,lot3,category 3,b3,code1,3,3
2026-10-21,plant-A,line6,machine9,DN,lot2,category 3,a2,code8,13,13
2026-10-21,plant-A,line7,machine5,UP,lot2,category 1,a4,code10,10,10
2026-10-21,plant-B,line5,machine3,DN,lot2,category 1,a3,code6,1,1
2026-10-21,plant-A,line2,machine7,UP,lot8,category 1,a1,code9,5,5
2026-10-21,plant-A,line5,machine5,DN,lot6,pass,pass,,0,325
2026-10-21,plant-B,line3,machine3,UP,lot3,category 3,b4,code1,6,6
2026-10-21,plant-A,line1,machine3,UP,lot8,category 1,a2,code4,3,3
2026-10-21,plant-A,line6,machine6,DN,lot9,category 3,a2,code10,11,11
2026-10-21,plant-A,line6,machine9,UP,lot2,category 2,b3,code6,14,14
2026-10-21,plant-B,line9,machine5,UP,lot9,pass,pass,,0,434
2026-10-21,plant-B,line8,machine5,UP,lot8,pass,pass,,0,375
2026-10-21,plant-A,line6,machine5,DN,lot9,pass,pass,,0,182
2026-10-21,plant-B,line6,machine2,DN,lot7,category 1,a2,code4,9,9
2026-10-21,plant-A,line1,machine2,DN,lot5,category 1,a2,code5,19,19
2026-10-21,plant-A,line2,machine1,UP,lot5,pass,pass,,0,290
2026-10-21,plant-A,line8,machine8,DN,lot9,category 2,b3,code1,7,7
2026-10-21,plant-A,line4,machine7,UP,lot2,category 2,b2,code2,3,3
2026-10-21,plant-B,line4,machine4,UP,lot8,category 1,a4,code9,10,10
2026-10-21,plant-A,line5,machine7,DN,lot4,category 1,a2,code8,10,10
2026-10-21,plant-B,line4,machine3,UP,lot2,category 1,a2,code10,7,7
2026-10-21,plant-B,line8,machine9,UP,lot3,category 1,a4,code8,3,3
2026-10-21,plant-A,line8,machine1,DN,lot5,category 3,b4,code2,17,17
2026-10-21,plant-A,line9,machine9,UP,lot4,pass,pass,,0,187
2026-10-21,plant-B,line5,machine2,UP,lot1,category 1,a2,code5,8,8
2026-10-21,plant-B,line8,machine2,DN,lot8,category 1,a2,code8,14,14
2026-10-21,plant-B,line6,machine8,UP,lot2,category 2,b4,code3,1,1
2026-10-21,plant-B,line1,machine1,DN,lot4,category 3,a2,code10,11,11
2026-10-21,plant-B,line3,machine6,UP,lot7,category 1,a3,code1,14,14
2026-10-21,plant-A,line1,machine7,UP,lot5,pass,pass,,0,159
2026-10-21,plant-B,line7,machine2,DN,lot4,category 1,a4,code2,11,11
2026-10-21,plant-B,line6,machine4,UP,lot2,pass,pass,,0,282
2026-10-21,plant-B,line7,machine3,DN,lot7,category 2,b2,code3,18,18
2026-10-21,plant-B,line5,machine1,DN,lot8,category 2,b3,code7,6,6
2026-10-21,plant-A,line6,machine8,UP,lot4,category 3,b4,code3,17,17
2026-10-21,plant-B,line1,machine6,DN,lot3,category 2,b2,code4,12,12
2026-10-21,plant-A,line8,machine1,DN,lot9,pass,pass,,0,220
2026-10-21,plant-B,line9,machine2,UP,lot9,pass,pass,,0,372
2026-10-21,plant-B,line6,machine9,UP,lot3,category 2,b4,code5,16,16
2026-10-21,plant-B,line8,machine2,UP,lot8,category 2,b2,code7,18,18
2026-10-21,plant-B,line7,machine4,UP,lot1,category 2,b4,code6,19,19
2026-10-21,plant-B,line2,machine3,UP,lot6,category 1,a4,code1,11,11
2026-10-21,plant-B,line4,machine5,UP,lot5,category 3,a2,code8,9,9
2026-10-21,plant-A,line4,machine2,DN,lot9,category 1,a3,code3,11,11
2026-10-21,plant-A,line1,machine8,UP,lot4,pass,pass,,0,380
2026-10-21,plant-A,line3,machine1,DN,lot2,category 1,a4,code10,11,11
2026-10-21,plant-A,line7,machine3,UP,lot7,category 3,a2,code3,8,8
2026-10-21,plant-B,line3,machine6,DN,lot2,category 1,a1,code2,19,19
2026-10-21,plant-B,line9,machine7,DN,lot5,pass,pass,,0,158
2026-10-21,plant-B,line4,machine8,DN,lot2,category 3,a1,code9,6,6
2026-10-21,plant-A,line5,machine3,UP,lot5,category 3,b4,code5,9,9
2026-10-21,plant-A,line1,machine4,DN,lot4,category 1,a1,code4,7,7
2026-10-21,plant-A,line2,machine8,UP,lot3,category 2,b4,code10,8,8
2026-10-21,plant-A,line8,machine5,UP,lot1,pass,pass,,0,392
2026-10-21,plant-A,line8,machine8,UP,lot8,category 1,a1,code7,18,18
2026-10-21,plant-A,line5,machine1,DN,lot4,category 2,b4,code9,9,9
2026-10-21,plant-B,line1,machine8,DN,lot4,category 1,a1,code2,17,17
2026-10-21,plant-A,line2,machine8,UP,lot2,category 3,a1,code7,15,15
2026-10-21,plant-B,line6,machine4,UP,lot5,pass,pass,,0,256
2026-10-21,plant-B,line9,machine9,UP,lot6,category 1,a1,code7,4,4
2026-10-21,plant-B,line1,machine1,DN,lot4,category 2,b4,code9,10,10
2026-10-21,plant-B,line3,machine9,UP,lot5,category 1,a3,code9,10,10
2026-10-21,plant-A,line1,machine4,DN,lot6,category 2,b2,code1,15,15
2026-10-21,plant-B,line4,machine9,DN,lot1,category 1,a2,code6,12,12
2026-10-21,plant-A,line7,machine2,DN,lot4,category 1,a2,code6,14,14
2026-10-21,plant-B,line1,machine7,UP,lot6,category 1,a4,code6,19,19
2026-10-21,plant-B,line9,machine3,UP,lot4,category 2,b3,code4,6,6
2026-10-21,plant-B,line6,machine1,DN,lot9,pass,pass,,0,221
2026-10-21,plant-B,line4,machine6,UP,lot5,category 2,b1,code6,14,14
2026-10-21,plant-A,line7,machine8,UP,lot5,category 2,b4,code4,10,10
2026-10-21,plant-A,line1,machine7,UP,lot4,category 2,b3,code10,2,2
2026-10-21,plant-B,line7,machine9,UP,lot2,category 2,b1,code7,2,2
2026-10-21,plant-A,line2,machine1,DN,lot5,category 2,b4,code3,11,11
2026-10-21,plant-B,line6,machine4,DN,lot2,pass,pass,,0,449
2026-10-21,plant-A,line7,machine9,UP,lot2,category 2,b1,code9,8,8
2026-10-21,plant-B,line4,machine7,UP,lot8,category 2,b2,code10,16,16
2026-10-21,plant-A,line7,machine4,DN,lot8,category 1,a4,code7,12,12
2026-10-21,plant-B,line1,machine5,DN,lot7,pass,pass,,0,305
2026-10-21,plant-A,line7,machine5,UP,lot8,pass,pass,,0,380
2026-10-21,plant-A,line1,machine5,DN,lot2,category 1,a1,code2,12,12
2026-10-21,plant-B,line4,machine3,DN,lot4,category 3,a1,code9,13,13
2026-10-21,plant-B,line3,machine4,DN,lot9,category 2,b2,code6,16,16
2026-10-21,plant-A,line5,machine9,DN,lot4,pass,pass,,0,397
2026-10-21,plant-A,line1,machine9,DN,lot3,category 2,b3,code9,8,8
2026-10-21,plant-A,line3,machine4,DN,lot4,category 2,b4,code2,15,15
2026-10-21,plant-B,line5,machine6,UP,lot4,category 2,b3,code9,3,3
2026-10-21,plant-A,line8,machine9,DN,lot3,category 2,b1,code1,19,19
2026-10-21,plant-B,line3,machine4,DN,lot6,pass,pass,,0,482
2026-10-21,plant-A,line7,machine7,DN,lot6,category 2,b2,code6,6,6
2026-10-21,plant-A,line3,machine9,DN,lot3,category 1,a4,code8,19,19
2026-10-21,plant-A,line6,machine8,DN,lot9,category 3,a1,code8,3,3
2026-10-21,plant-B,line8,machine2,UP,lot5,category 1,a2,code9,18,18
2026-10-21,plant-B,line5,machine4,DN,lot5,pass,pass,,0,298
2026-10-21,plant-A,line8,machine8,DN,lot7,category 1,a4,code5,18,18
2026-10-21,plant-A,line8,machine6,UP,lot4,pass,pass,,0,407
2026-10-21,plant-A,line7,machine3,DN,lot4,category 2,b4,code9,6,6
2026-10-21,plant-B,line4,machine7,UP,lot9,category 3,b4,code10,19,19
2026-10-21,plant-A,line1,machine4,UP,lot8,category 3,a2,code2,8,8
2026-10-21,plant-A,line1,machine7,DN,lot3,category 2,b4,code8,16,16
2026-10-21,plant-A,line6,machine1,DN,lot6,category 1,a1,code6,4,4
2026-10-21,plant-A,line4,machine4,DN,lot9,category 1,a3,code4,8,8
2026-10-21,plant-A,line8,machine5,UP,lot8,category 2,b2,code10,4,4
2026-10-21,plant-B,line8,machine5,DN,lot6,category 1,a4,code5,10,10
2026-10-21,plant-B,line9,machine3,DN,lot4,pass,pass,,0,486
2026-10-21,plant-A,line6,machine6,UP,lot6,category 1,a3,code7,3,3
2026-10-21,plant-A,line1,machine8,UP,lot9,pass,pass,,0,388
2026-10-21,plant-B,line8,machine2,UP,lot1,category 3,b4,code10,7,7
2026-10-21,plant-B,line6,machine1,UP,lot4,pass,pass,,0,332
2026-10-21,plant-A,line6,machine9,DN,lot6,category 2,b4,code7,3,3
2026-10-21,plant-A,line4,machine7,DN,lot7,category 1,a2,code2,14,14
2026-10-21,plant-A,line4,machine4,DN,lot5,pass,pass,,0,323
2026-10-21,plant-B,line3,machine8,DN,lot2,category 2,b2,code4,12,12
2026-10-21,plant-A,line5,machine4,UP,lot3,category 3,a1,code4,9,9
2026-10-21,plant-A,line8,machine6,UP,lot1,category 3,b3,code10,12,12
2026-10-21,plant-A,line3,machine4,UP,lot6,pass,pass,,0,468
2026-10-21,plant-A,line9,machine2,UP,lot4,category 3,a2,code5,2,2
2026-10-21,plant-A,line1,machine8,DN,lot8,pass,pass,,0,386
2026-10-21,plant-A,line9,machine5,UP,lot2,category 3,a1,code4,3,3
2026-10-21,plant-B,line9,machine6,DN,lot5,pass,pass,,0,466
2026-10-21,plant-A,line7,machine6,DN,lot8,category 3,b4,code6,14,14
2026-10-21,plant-A,line7,machine7,UP,lot8,pass,pass,,0,199
2026-10-21,plant-B,line3,machine8,DN,lot4,pass,pass,,0,199
2026-10-21,plant-B,line8,machine3,UP,lot1,pass,pass,,0,278
2026-10-21,plant-A,line7,machine5,UP,lot4,category 1,a1,code9,16,16
2026-10-21,plant-B,line1,machine4,UP,lot1,pass,pass,,0,401
2026-10-21,plant-A,line2,machine8,UP,lot4,category 3,b4,code1,15,15
2026-10-21,plant-A,line3,machine4,DN,lot7,category 1,a2,code6,13,13
2026-10-21,plant-A,line2,machine9,UP,lot7,pass,pass,,0,452
2026-10-21,plant-A,line2,machine1,DN,lot2,category 2,b1,code1,2,2
2026-10-21,plant-B,line2,machine8,DN,lot5,category 1,a2,code8,12,12
2026-10-21,plant-A,line2,machine7,UP,lot8,category 3,a1,code9,8,8
2026-10-21,plant-B,line9,machine9,DN,lot7,category 2,b2,code3,2,2
2026-10-21,plant-B,line4,machine4,DN,lot1,pass,pass,,0,323
2026-10-21,plant-B,line7,machine7,DN,lot4,category 3,b4,code9,11,11
2026-10-21,plant-B,line9,machine4,DN,lot2,category 3,a1,code9,19,19
2026-10-21,plant-B,line2,machine1,DN,lot7,pass,pass,,0,422
2026-10-21,plant-B,line4,machine3,DN,lot4,category 2,b3,code7,2,2
2026-10-21,plant-B,line7,machine5,UP,lot5,category 1,a3,code4,8,8
2026-10-21,plant-A,line2,machine6,DN,lot1,pass,pass,,0,348
2026-10-21,plant-A,line8,machine3,UP,lot7,category 3,a1,code3,9,9
2026-10-22,,line5,machine9,DN,lot9,,,,4,4
2026-10-22,,line8,machine8,UP,lot7,,,,2,2
2026-10-22,,line2,machine1,UP,lot3,,,,3,3
2026-10-22,plant-A,line1,machine8,UP,lot3,category 1,a4,code8,13,13
2026-10-22,plant-A,line5,machine6,DN,lot5,category 2,b1,code3,17,17
2026-10-22,plant-A,line9,machine4,DN,lot9,category 2,b3,code1,5,5
2026-10-22,plant-A,line8,machine9,UP,lot4,pass,pass,,0,232
2026-10-22,plant-A,line1,machine9,UP,lot6,category 3,a1,code3,17,17
2026-10-22,plant-B,line1,machine5,DN,lot4,pass,pass,,0,315
2026-10-22,plant-B,line7,machine4,UP,lot2,pass,pass,,0,315
2026-10-22,plant-A,line2,machine5,DN,lot4,category 2,b3,code4,7,7
2026-10-22,plant-B,line1,machine5,UP,lot7,category 3,b4,code1,8,8
2026-10-22,plant-B,line8,machine2,DN,lot9,pass,pass,,0,271
2026-10-22,plant-A,line6,machine9,DN,lot6,category 3,b4,code5,10,10
2026-10-22,plant-B,line9,machine1,DN,lot8,category 3,a1,code10,9,9
2026-10-22,plant-B,line9,machine5,UP,lot4,category 2,b4,code8,16,16
2026-10-22,plant-B,line2,machine6,DN,lot5,category 3,b3,code7,9,9
2026-10-22,plant-B,line8,machine8,UP,lot4,category 3,b4,code10,13,13
2026-10-22,plant-A,line9,machine5,UP,lot7,pass,pass,,0,270
2026-10-22,plant-A,line8,machine7,UP,lot4,pass,pass,,0,273
2026-10-22,plant-A,line9,machine2,DN,lot7,pass,pass,,0,201
2026-10-22,plant-B,line7,machine6,UP,lot2,category 1,a4,code7,9,9
2026-10-22,plant-B,line1,machine2,DN,lot9,category 3,b3,code7,17,17
2026-10-22,plant-A,line7,machine5,DN,lot7,category 2,b2,code2,2,2
2026-10-22,plant-A,line8,machine6,DN,lot9,category 3,a2,code5,17,17
2026-10-22,plant-A,line2,machine7,UP,lot2,category 2,b2,code1,15,15
2026-10-22,plant-A,line1,machine1,DN,lot4,pass,pass,,0,331
2026-10-22,plant-B,line9,machine4,DN,lot1,category 1,a3,code7,11,11
2026-10-22,plant-B,line9,machine8,UP,lot1,category 3,b3,code2,18,18
2026-10-22,plant-A,line8,machine5,UP,lot6,pass,pass,,0,245
2026-10-22,plant-A,line3,machine9,DN,lot7,category 1,a2,code4,6,6
2026-10-22,plant-B,line2,machine5,DN,lot3,category 2,b1,code3,16,16
2026-10-22,plant-A,line6,machine8,UP,lot2,category 1,a1,code9,13,13
2026-10-22,plant-A,line9,machine7,DN,lot3,category 2,b2,code10,4,4
2026-10-22,plant-B,line6,machine4,UP,lot7,pass,pass,,0,275
2026-10-22,plant-B,line9,machine3,UP,lot8,category 1,a2,code3,17,17
2026-10-22,plant-A,line4,machine1,DN,lot1,category 3,b4,code8,3,3
2026-10-22,plant-A,line3,machine7,DN,lot8,category 3,b3,code8,19,19
2026-10-22,plant-A,line8,machine2,DN,lot1,category 3,a1,code4,12,12
2026-10-22,plant-A,line6,machine9,DN,lot8,pass,pass,,0,378
2026-10-22,plant-B,line9,machine3,DN,lot8,category 3,b4,code10,7,7
2026-10-22,plant-B,line1,machine8,UP,lot3,category 3,a2,code3,2,2
2026-10-22,plant-A,line2,machine2,DN,lot5,category 2,b1,code10,2,2
2026-10-22,plant-B,line1,machine6,DN,lot6,category 2,b3,code3,13,13
2026-10-22,plant-A,line8,machine5,DN,lot1,category 2,b1,code10,16,16
2026-10-22,plant-A,line9,machine7,UP,lot4,category 2,b3,code4,15,15
2026-10-22,plant-B,line9,machine6,UP,lot2,pass,pass,,0,367
2026-10-22,plant-B,line5,machine6,UP,lot4,pass,pass,,0,282
2026-10-22,plant-A,line5,machine7,DN,lot7,category 1,a2,code6,9,9
2026-10-22,plant-B,line9,machine6,UP,lot1,category 1,a1,code7,6,6
2026-10-22,plant-A,line3,machine8,DN,lot2,category 3,b4,code5,16,16
2026-10-22,plant-B,line9,machine7,DN,lot4,pass,pass,,0,159
2026-10-22,plant-A,line5,machine6,DN,lot1,category 2,b3,code8,5,5
2026-10-22,plant-B,line4,machine6,UP,lot9,category 2,b2,code4,10,10
2026-10-22,plant-A,line8,machine2,DN,lot6,category 2,b1,code5,2,2
2026-10-22,plant-A,line7,machine9,UP,lot7,pass,pass,,0,152
2026-10-22,plant-B,line6,machine3,UP,lot5,category 3,b4,code8,19,19
2026-10-22,plant-B,line8,machine3,DN,lot3,pass,pass,,0,333
2026-10-22,plant-A,line1,machine8,DN,lot4,category 2,b3,code7,14,14
2026-10-22,plant-A,line1,machine8,DN,lot9,category 2,b2,code9,11,11
2026-10-22,plant-B,line9,machine4,DN,lot3,category 3,a2,code1,4,4
2026-10-22,plant-A,line1,machine9,DN,lot1,category 2,b3,code8,5,5
2026-10-22,plant-B,line5,machine3,DN,lot4,category 2,b2,code8,2,2
2026-10-22,plant-A,line7,machine7,UP,lot1,category 3,b4,code9,13,13
2026-10-22,plant-B,line3,machine1,UP,lot8,category 2,b3,code6,3,3
2026-10-22,plant-A,line7,machine3,UP,lot2,pass,pass,,0,370
2026-10-22,plant-A,line4,machine1,DN,lot8,category 2,b4,code5,10,10
2026-10-22,plant-B,line6,machine1,DN,lot8,category 1,a2,code2,13,13
2026-10-22,plant-A,line4,machine3,DN,lot9,category 2,b2,code9,17,17
2026-10-22,plant-A,line4,machine7,DN,lot9,category 2,b2,code10,14,14
2026-10-22,plant-A,line4,machine7,UP,lot2,category 3,b3,code9,3,3
2026-10-22,plant-A,line4,machine8,DN,lot5,pass,pass,,0,491
2026-10-22,plant-A,line1,machine4,DN,lot1,category 1,a2,code2,6,6
2026-10-22,plant-A,line3,machine3,UP,lot9,category 1,a3,code6,6,6
2026-10-22,plant-A,line7,machine9,UP,lot9,pass,pass,,0,278
2026-10-22,plant-A,line8,machine5,UP,lot9,category 1,a1,code1,9,9
2026-10-22,plant-B,line4,machine4,UP,lot4,category 1,a2,code5,18,18
2026-10-22,plant-B,line6,machine9,UP,lot7,category 3,b3,code4,1,1
2026-10-22,plant-B,line7,machine6,UP,lot1,category 1,a3,code9,7,7
2026-10-22,plant-B,line1,machine4,UP,lot3,category 1,a2,code6,1,1
2026-10-22,plant-A,line2,machine2,DN,lot4,category 1,a1,code9,11,11
2026-10-22,plant-A,line1,machine8,UP,lot5,category 2,b1,code1,6,6
2026-10-22,plant-A,line9,machine8,DN,lot8,category 1,a3,code7,7,7
2026-10-22,plant-B,line2,machine7,UP,lot8,category 3,b4,code9,19,19
2026-10-22,plant-A,line6,machine3,UP,lot2,category 3,b3,code4,11,11
2026-10-22,plant-A,line3,machine4,DN,lot5,category 3,b4,code4,2,2
2026-10-22,plant-B,line4,machine8,UP,lot8,category 2,b2,code10,4,4
2026-10-22,plant-B,line5,machine6,UP,lot7,category 1,a3,code1,9,9
2026-10-22,plant-B,line5,machine3,UP,lot5,category 1,a1,code7,13,13
2026-10-22,plant-B,line2,machine8,DN,lot3,pass,pass,,0,446
2026-10-22,plant-B,line8,machine9,DN,lot5,category 1,a4,code6,5,5
2026-10-22,plant-A,line8,machine8,UP,lot7,pass,pass,,0,224
2026-10-22,plant-B,line8,machine8,UP,lot8,category 1,a1,code5,3,3
2026-10-22,plant-B,line2,machine7,DN,lot3,category 3,a1,code4,14,14
2026-10-22,plant-B,line1,machine9,DN,lot6,pass,pass,,0,231
2026-10-22,plant-A,line6,machine9,DN,lot5,category 2,b3,code7,19,19
2026-10-22,plant-A,line5,machine5,UP,lot7,pass,pass,,0,281
2026-10-22,plant-A,line2,machine8,DN,lot4,category 2,b1,code8,13,13
2026-10-22,plant-B,line7,machine2,UP,lot7,category 1,a2,code10,2,2
2026-10-22,plant-A,line8,machine8,DN,lot5,category 1,a3,code8,4,4
2026-10-22,plant-B,line2,machine7,DN,lot1,category 1,a3,code5,16,16
2026-10-22,plant-A,line2,machine7,UP,lot9,pass,pass,,0,468
2026-10-22,plant-A,line8,machine2,UP,lot8,category 1,a2,code4,4,4
2026-10-22,plant-B,line6,machine4,DN,lot5,category 1,a3,code3,19,19
2026-10-22,plant-B,line2,machine6,UP,lot6,category 3,b4,code2,8,8
2026-10-22,plant-A,line7,machine1,DN,lot1,pass,pass,,0,269
2026-10-22,plant-B,line8,machine5,UP,lot4,category 2,b2,code4,7,7
2026-10-22,plant-A,line6,machine7,DN,lot5,category 1,a2,code1,19,19
2026-10-22,plant-A,line1,machine3,DN,lot4,category 1,a4,code9,4,4
2026-10-22,plant-B,line9,machine4,DN,lot9,pass,pass,,0,179
2026-10-22,plant-B,line5,machine1,UP,lot3,category 3,a1,code6,17,17
2026-10-22,plant-A,line8,machine4,UP,lot9,category 2,b2,code6,13,13
2026-10-22,plant-A,line8,machine7,UP,lot1,category 1,a2,code6,3,3
2026-10-22,plant-B,line7,machine2,DN,lot3,pass,pass,,0,450
2026-10-22,plant-A,line5,machine1,DN,lot9,pass,pass,,0,491
2026-10-22,plant-B,line7,machine7,UP,lot2,category 1,a2,code5,4,4
2026-10-22,plant-A,line5,machine2,UP,lot9,pass,pass,,0,466
2026-10-22,plant-A,line7,machine1,DN,lot7,category 2,b2,code3,14,14
2026-10-22,plant-A,line7,machine3,DN,lot9,category 2,b1,code7,14,14
2026-10-22,plant-A,line1,machine4,UP,lot7,category 3,a2,code5,4,4
2026-10-22,plant-A,line2,machine5,DN,lot4,pass,pass,,0,324
2026-10-22,plant-B,line6,machine4,UP,lot2,pass,pass,,0,187
2026-10-22,plant-B,line3,machine9,DN,lot1,category 1,a1,code2,3,3
2026-10-22,plant-A,line3,machine5,DN,lot3,category 1,a2,code10,8,8
2026-10-22,plant-B,line6,machine9,DN,lot4,category 3,b4,code3,2,2
2026-10-22,plant-A,line9,machine8,UP,lot8,category 2,b1,code7,5,5
2026-10-22,plant-B,line5,machine7,UP,lot4,category 3,b4,code6,11,11
2026-10-22,plant-B,line7,machine5,UP,lot7,category 3,a2,code4,2,2
2026-10-22,plant-A,line5,machine5,DN,lot1,category 1,a2,code2,17,17
2026-10-22,plant-A,line7,machine4,UP,lot1,category 3,a2,code6,10,10
2026-10-22,plant-A,line6,machine3,DN,lot6,category 3,a2,code9,1,1
2026-10-22,plant-A,line8,machine8,UP,lot9,category 1,a3,code7,6,6
2026-10-22,plant-B,line5,machine9,DN,lot8,category 2,b1,code9,8,8
2026-10-22,plant-A,line6,machine6,UP,lot9,category 3,a2,code1,16,16
2026-10-22,plant-A,line1,machine6,UP,lot6,category 3,a2,code2,1,1
2026-10-22,plant-A,line9,machine5,UP,lot6,pass,pass,,0,222
2026-10-22,plant-A,line3,machine9,DN,lot5,pass,pass,,0,179
2026-10-22,plant-A,line1,machine8,DN,lot9,pass,pass,,0,414
2026-10-22,plant-B,line7,machine9,UP,lot3,category 1,a1,code10,1,1
2026-10-22,plant-B,line4,machine2,UP,lot2,pass,pass,,0,301
2026-10-22,plant-B,line9,machine6,DN,lot8,pass,pass,,0,393
2026-10-22,plant-A,line1,machine6,DN,lot8,category 3,a2,code3,2,2
2026-10-22,plant-B,line6,machine8,UP,lot6,pass,pass,,0,327
2026-10-22,plant-A,line5,machine3,DN,lot8,category 2,b1,code3,9,9
2026-10-22,plant-B,line8,machine5,UP,lot5,category 3,b3,code2,19,19
2026-10-22,plant-A,line6,machine9,UP,lot6,category 3,b4,code4,7,7
2026-10-22,plant-A,line2,machine7,DN,lot2,category 1,a2,code4,1,1
2026-10-22,plant-A,line8,machine2,UP,lot9,pass,pass,,0,359
2026-10-22,plant-A,line2,machine5,DN,lot9,category 3,a2,code3,12,12
2026-10-22,plant-A,line9,machine4,UP,lot8,category 2,b3,code3,10,10
2026-10-22,plant-B,line8,machine9,DN,lot1,category 3,b3,code10,17,17
2026-10-22,plant-A,line1,machine7,DN,lot5,pass,pass,,0,427
2026-10-22,plant-A,line3,machine2,DN,lot7,category 2,b2,code7,12,12
2026-10-22,plant-B,line2,machine3,UP,lot7,category 2,b3,code1,18,18
2026-10-22,plant-A,line7,machine1,UP,lot4,category 1,a2,code8,14,14
2026-10-22,plant-A,line6,machine9,DN,lot4,category 2,b4,code4,3,3
2026-10-22,plant-B,line5,machine9,DN,lot6,pass,pass,,0,320
2026-10-22,plant-B,line4,machine4,UP,lot7,category 2,b3,code10,17,17
2026-10-22,plant-B,line8,machine7,DN,lot9,category 2,b1,code3,18,18
2026-10-22,plant-A,line2,machine6,UP,lot2,category 1,a4,code5,14,14
2026-10-22,plant-A,line5,machine6,DN,lot4,category 1,a1,code6,9,9
2026-10-22,plant-A,line7,machine4,DN,lot7,category 1,a1,code5,9,9
2026-10-22,plant-B,line8,machine4,UP,lot4,pass,pass,,0,437
2026-10-22,plant-B,line5,machine6,DN,lot1,category 3,a1,code7,8,8
2026-10-22,plant-B,line8,machine4,UP,lot2,category 1,a1,code6,3,3
2026-10-22,plant-A,line6,machine8,DN,lot4,category 1,a2,code8,11,11
2026-10-22,plant-A,line7,machine3,UP,lot6,pass,pass,,0,363
2026-10-22,plant-A,line4,machine9,UP,lot9,category 1,a3,code3,5,5
2026-10-22,plant-A,line1,machine1,DN,lot7,category 2,b2,code8,19,19
2026-10-22,plant-B,line1,machine2,UP,lot6,pass,pass,,0,403
2026-10-22,plant-A,line5,machine8,UP,lot5,pass,pass,,0,402
2026-10-22,plant-B,line7,machine8,UP,lot5,category 2,b2,code7,9,9
2026-10-22,plant-B,line8,machine6,UP,lot4,category 3,a2,code10,17,17
2026-10-22,plant-A,line8,machine3,DN,lot3,pass,pass,,0,211
2026-10-22,plant-A,line6,machine6,UP,lot3,pass,pass,,0,270
2026-10-22,plant-B,line7,machine7,DN,lot7,category 1,a1,code3,8,8
2026-10-22,plant-B,line5,machine5,UP,lot6,category 2,b2,code6,14,14
2026-10-22,plant-A,line6,machine1,UP,lot2,pass,pass,,0,212
2026-10-22,plant-A,line9,machine9,UP,lot7,pass,pass,,0,348
2026-10-22,plant-A,line5,machine8,DN,lot4,pass,pass,,0,150
2026-10-22,plant-B,line5,machine5,UP,lot5,pass,pass,,0,474
2026-10-22,plant-A,line7,machine3,UP,lot5,category 1,a1,code3,13,13
2026-10-22,plant-A,line4,machine4,UP,lot9,category 3,a1,code3,18,18
2026-10-22,plant-B,line1,machine9,DN,lot2,pass,pass,,0,278
2026-10-22,plant-A,line6,machine7,DN,lot8,category 2,b2,code9,9,9
2026-10-22,plant-A,line3,machine2,UP,lot1,category 2,b1,code1,3,3
2026-10-22,plant-A,line4,machine7,DN,lot2,category 3,a1,code6,2,2
2026-10-22,plant-A,line4,machine1,DN,lot9,pass,pass,,0,467
2026-10-22,plant-B,line5,machine3,DN,lot3,category 2,b2,code8,13,13
2026-10-22,plant-B,line8,machine1,UP,lot9,pass,pass,,0,352
2026-10-22,plant-A,line2,machine7,DN,lot4,pass,pass,,0,428
2026-10-22,plant-B,line7,machine5,DN,lot6,category 3,b3,code4,3,3
2026-10-22,plant-B,line3,machine9,DN,lot2,pass,pass,,0,411
2026-10-22,plant-B,line2,machine4,UP,lot9,category 2,b3,code5,6,6
2026-10-22,plant-A,line2,machine5,DN,lot7,category 1,a3,code4,1,1
2026-10-22,plant-B,line2,machine3,DN,lot5,pass,pass,,0,233
2026-10-22,plant-B,line5,machine8,DN,lot7,pass,pass,,0,456
2026-10-22,plant-A,line5,machine3,UP,lot4,category 1,a4,code2,10,10
2026-10-22,plant-B,line3,machine5,DN,lot1,category 2,b1,code10,19,19
2026-10-22,plant-A,line8,machine1,DN,lot8,category 1,a1,code4,11,11
2026-10-23,,line3,machine8,UP,lot1,,,,4,4
2026-10-23,,line6,machine5,DN,lot5,,,,4,4
2026-10-23,,line3,machine2,DN,lot2,,,,4,4
2026-10-23,plant-A,line9,machine7,UP,lot5,pass,pass,,0,271
2026-10-23,plant-A,line1,machine4,DN,lot9,pass,pass,,0,417
2026-10-23,plant-A,line4,machine2,UP,lot9,category 2,b4,code6,18,18
2026-10-23,plant-A,line1,machine2,DN,lot5,category 1,a2,code7,19,19
2026-10-23,plant-B,line6,machine6,UP,lot9,category 1,a3,code5,14,14
2026-10-23,plant-A,line3,machine5,UP,lot4,category 3,b4,code2,19,19
2026-10-23,plant-B,line4,machine3,UP,lot9,category 3,a1,code5,4,4
2026-10-23,plant-B,line1,machine9,UP,lot7,category 2,b3,code4,4,4
2026-10-23,plant-A,line3,machine1,UP,lot6,pass,pass,,0,394
2026-10-23,plant-B,line8,machine1,DN,lot7,pass,pass,,0,499
2026-10-23,plant-B,line7,machine3,DN,lot4,category 1,a2,code2,18,18
2026-10-23,plant-A,line1,machine6,UP,lot9,category 1,a2,code8,4,4
2026-10-23,plant-B,line1,machine9,UP,lot4,category 1,a3,code5,17,17
2026-10-23,plant-A,line3,machine1,DN,lot8,category 3,b4,code8,2,2
2026-10-23,plant-B,line8,machine5,DN,lot4,category 1,a2,code7,18,18
2026-10-23,plant-A,line1,machine3,UP,lot6,category 3,b3,code3,15,15
2026-10-23,plant-A,line8,machine3,DN,lot9,category 3,b3,code6,17,17
2026-10-23,plant-B,line2,machine1,DN,lot8,pass,pass,,0,367
2026-10-23,plant-A,line8,machine4,UP,lot7,category 2,b3,code6,16,16
2026-10-23,plant-A,line3,machine9,DN,lot8,category 2,b4,code4,8,8
2026-10-23,plant-A,line2,machine6,UP,lot7,pass,pass,,0,206
2026-10-23,plant-A,line5,machine4,UP,lot6,category 3,a2,code9,4,4
2026-10-23,plant-A,line6,machine3,UP,lot1,category 3,b3,code6,6,6
2026-10-23,plant-A,line2,machine5,DN,lot7,category 1,a2,code7,9,9
2026-10-23,plant-B,line4,machine8,UP,lot2,category 2,b2,code3,1,1
2026-10-23,plant-A,line1,machine5,DN,lot6,category 3,a1,code6,14,14
2026-10-23,plant-B,line5,machine6,DN,lot8,category 2,b1,code8,12,12
2026-10-23,plant-A,line8,machine2,DN,lot5,pass,pass,,0,270
2026-10-23,plant-B,line9,machine7,DN,lot8,category 2,b2,code9,16,16
2026-10-23,plant-B,line6,machine3,DN,lot1,pass,pass,,0,201
2026-10-23,plant-A,line6,machine3,DN,lot6,category 1,a2,code1,15,15
2026-10-23,plant-B,line8,machine1,DN,lot7,category 1,a2,code10,10,10
2026-10-23,plant-A,line6,machine6,UP,lot5,category 1,a2,code9,10,10
2026-10-23,plant-B,line4,machine9,DN,lot4,category 2,b1,code7,2,2
2026-10-23,plant-B,line1,machine4,UP,lot4,category 3,a1,code1,2,2
2026-10-23,plant-A,line1,machine3,UP,lot4,category 1,a2,code2,14,14
2026-10-23,plant-B,line3,machine3,DN,lot4,pass,pass,,0,307
2026-10-23,plant-B,line9,machine3,DN,lot9,category 3,b3,code4,14,14
2026-10-23,plant-B,line2,machine5,UP,lot7,pass,pass,,0,424
2026-10-23,plant-A,line1,machine6,UP,lot1,category 2,b1,code10,1,1
2026-10-23,plant-B,line4,machine7,DN,lot5,pass,pass,,0,346
2026-10-23,plant-B,line3,machine1,DN,lot3,pass,pass,,0,256
2026-10-23,plant-B,line9,machine8,UP,lot1,pass,pass,,0,352
2026-10-23,plant-A,line1,machine1,UP,lot3,pass,pass,,0,404
2026-10-23,plant-A,line5,machine3,UP,lot7,category 1,a4,code7,14,14
2026-10-23,plant-A,line2,machine9,UP,lot2,category 1,a2,code10,5,5
2026-10-23,plant-A,line9,machine2,UP,lot8,category 2,b2,code7,19,19
2026-10-23,plant-B,line5,machine8,DN,lot6,category 1,a1,code7,1,1
2026-10-23,plant-A,line6,machine7,UP,lot4,category 3,a2,code9,15,15
2026-10-23,plant-B,line7,machine1,DN,lot9,pass,pass,,0,376
2026-10-23,plant-A,line7,machine7,UP,lot9,pass,pass,,0,467
2026-10-23,plant-A,line8,machine6,DN,lot6,pass,pass,,0,207
2026-10-23,plant-B,line3,machine6,UP,lot4,category 2,b1,code4,16,16
2026-10-23,plant-B,line4,machine1,UP,lot7,pass,pass,,0,203
2026-10-23,plant-A,line4,machine5,UP,lot7,category 1,a2,code4,7,7
2026-10-23,plant-A,line5,machine1,UP,lot9,category 1,a3,code3,9,9
2026-10-23,plant-A,line9,machine6,UP,lot7,category 1,a3,code4,13,13
2026-10-23,plant-A,line7,machine7,DN,lot7,category 2,b1,code8,19,19
2026-10-23,plant-B,line8,machine8,DN,lot3,category 2,b4,code4,6,6
2026-10-23,plant-B,line5,machine7,DN,lot2,category 1,a1,code2,9,9
2026-10-23,plant-A,line2,machine8,DN,lot1,pass,pass,,0,178
2026-10-23,plant-A,line2,machine8,UP,lot7,category 2,b2,code2,17,17
2026-10-23,plant-A,line2,machine5,DN,lot1,category 2,b2,code10,4,4
2026-10-23,plant-A,line4,machine3,DN,lot9,category 3,b4,code2,19,19
2026-10-23,plant-B,line7,machine9,UP,lot3,category 2,b2,code4,16,16
2026-10-23,plant-B,line7,machine7,DN,lot1,pass,pass,,0,257
2026-10-23,plant-B,line5,machine4,UP,lot9,category 2,b3,code8,2,2
2026-10-23,plant-A,line3,machine8,UP,lot7,pass,pass,,0,207
2026-10-23,plant-A,line9,machine6,UP,lot7,category 2,b2,code8,6,6
2026-10-23,plant-B,line3,machine2,DN,lot8,category 3,b4,code7,7,7
2026-10-23,plant-B,line3,machine3,DN,lot7,category 2,b1,code7,10,10
2026-10-23,plant-B,line1,machine9,DN,lot4,category 2,b1,code9,11,11
2026-10-23,plant-B,line2,machine8,UP,lot8,category 2,b2,code8,15,15
2026-10-23,plant-A,line8,machine1,UP,lot6,category 1,a1,code4,7,7
2026-10-23,plant-B,line6,machine2,DN,lot6,category 1,a2,code10,18,18
2026-10-23,plant-A,line6,machine9,UP,lot2,pass,pass,,0,197
2026-10-23,plant-A,line9,machine6,UP,lot1,category 3,b3,code7,11,11
2026-10-23,plant-B,line9,machine1,DN,lot3,category 3,b3,code9,12,12
2026-10-23,plant-A,line3,machine5,DN,lot6,category 2,b3,code10,15,15
2026-10-23,plant-A,line7,machine5,UP,lot2,pass,pass,,0,458
2026-10-23,plant-B,line9,machine7,DN,lot8,pass,pass,,0,496
2026-10-23,plant-B,line3,machine1,DN,lot2,pass,pass,,0,316
2026-10-23,plant-B,line9,machine2,DN,lot9,pass,pass,,0,363
2026-10-23,plant-A,line8,machine9,DN,lot8,category 3,a2,code8,8,8
2026-10-23,plant-B,line1,machine2,UP,lot3,pass,pass,,0,489
2026-10-23,plant-A,line6,machine1,DN,lot5,category 2,b2,code9,2,2
2026-10-23,plant-A,line2,machine2,DN,lot7,category 1,a4,code3,3,3
2026-10-23,plant-B,line7,machine3,UP,lot7,category 2,b3,code2,7,7
2026-10-23,plant-A,line2,machine8,DN,lot4,pass,pass,,0,249
2026-10-23,plant-B,line9,machine6,DN,lot6,category 1,a1,code6,9,9
2026-10-23,plant-A,line8,machine1,DN,lot5,category 3,b4,code3,4,4
2026-10-23,plant-B,line2,machine8,UP,lot1,category 2,b1,code2,13,13
2026-10-23,plant-B,line1,machine7,UP,lot6,pass,pass,,0,325
2026-10-23,plant-B,line7,machine6,UP,lot5,pass,pass,,0,334
2026-10-23,plant-A,line1,machine5,UP,lot4,category 3,a1,code1,13,13
2026-10-23,plant-B,line4,machine1,UP,lot6,category 1,a1,code10,11,11
2026-10-23,plant-B,line4,machine4,DN,lot1,category 1,a2,code10,18,18
2026-10-23,plant-A,line5,machine3,UP,lot3,pass,pass,,0,283
2026-10-23,plant-A,line1,machine2,UP,lot9,pass,pass,,0,400
2026-10-23,plant-B,line5,machine5,UP,lot5,category 3,b4,code9,19,19
2026-10-23,plant-B,line6,machine9,UP,lot8,category 1,a3,code10,11,11
2026-10-23,plant-B,line3,machine1,DN,lot2,category 2,b1,code10,16,16
2026-10-23,plant-B,line9,machine4,UP,lot5,category 3,b3,code4,2,2
2026-10-23,plant-A,line1,machine2,DN,lot8,category 2,b4,code10,18,18
2026-10-23,plant-B,line7,machine1,UP,lot8,category 2,b1,code8,19,19
2026-10-23,plant-A,line7,machine8,DN,lot6,category 2,b2,code4,8,8
2026-10-23,plant-A,line7,machine3,UP,lot9,category 3,b4,code7,12,12
2026-10-23,plant-A,line1,machine6,UP,lot2,category 3,b3,code8,13,13
2026-10-23,plant-A,line6,machine5,DN,lot4,category 3,a1,code8,13,13
2026-10-23,plant-A,line7,machine8,UP,lot3,category 2,b4,code6,10,10
2026-10-23,plant-A,line4,machine6,UP,lot9,pass,pass,,0,171
2026-10-23,plant-A,line3,machine5,UP,lot1,category 2,b2,code7,18,18
2026-10-23,plant-B,line4,machine8,UP,lot8,pass,pass,,0,403
2026-10-23,plant-A,line4,machine4,DN,lot9,category 3,a2,code6,6,6
2026-10-23,plant-B,line7,machine3,DN,lot4,pass,pass,,0,315
2026-10-23,plant-A,line5,machine8,UP,lot6,pass,pass,,0,422
2026-10-23,plant-B,line2,machine1,DN,lot4,category 3,a2,code7,9,9
2026-10-23,plant-A,line3,machine1,UP,lot8,pass,pass,,0,283
2026-10-23,plant-A,line4,machine5,DN,lot7,category 3,a2,code6,10,10
2026-10-23,plant-B,line9,machine2,DN,lot7,category 2,b1,code8,8,8
2026-10-23,plant-A,line7,machine6,UP,lot6,pass,pass,,0,424
2026-10-23,plant-B,line8,machine9,UP,lot7,category 3,a2,code1,8,8
2026-10-23,plant-B,line2,machine4,DN,lot4,category 1,a2,code4,4,4
2026-10-23,plant-A,line9,machine2,DN,lot7,pass,pass,,0,488
2026-10-23,plant-B,line3,machine2,DN,lot7,category 1,a2,code1,15,15
2026-10-23,plant-B,line9,machine1,UP,lot7,pass,pass,,0,359
2026-10-23,plant-A,line8,machine6,DN,lot3,pass,pass,,0,231
2026-10-23,plant-A,line5,machine6,UP,lot6,pass,pass,,0,425
2026-10-23,plant-B,line5,machine9,DN,lot7,category 3,b3,code5,15,15
2026-10-23,plant-A,line8,machine3,UP,lot8,category 2,b3,code10,17,17
2026-10-23,plant-A,line8,machine6,DN,lot5,category 1,a1,code6,11,11
2026-10-23,plant-B,line3,machine6,DN,lot4,pass,pass,,0,378
2026-10-23,plant-B,line2,machine8,DN,lot7,category 2,b2,code10,14,14
2026-10-23,plant-B,line9,machine7,DN,lot1,pass,pass,,0,199
2026-10-23,plant-B,line3,machine5,UP,lot3,category 1,a3,code4,5,5
2026-10-23,plant-A,line8,machine2,UP,lot5,category 1,a2,code6,4,4
2026-10-23,plant-A,line4,machine5,DN,lot4,pass,pass,,0,233
2026-10-23,plant-B,line9,machine5,DN,lot8,category 2,b3,code7,17,17
2026-10-23,plant-B,line2,machine8,DN,lot6,category 3,a1,code3,1,1
2026-10-23,plant-B,line8,machine5,UP,lot7,category 3,a1,code1,7,7
2026-10-23,plant-A,line2,machine5,DN,lot9,category 2,b1,code10,1,1
2026-10-23,plant-A,line3,machine1,DN,lot6,pass,pass,,0,419
2026-10-23,plant-B,line3,machine8,UP,lot8,category 1,a2,code4,7,7
2026-10-23,plant-B,line7,machine1,DN,lot8,category 1,a1,code7,18,18
2026-10-23,plant-A,line5,machine5,DN,lot2,pass,pass,,0,492
2026-10-23,plant-B,line3,machine4,UP,lot6,category 3,a2,code10,9,9
2026-10-23,plant-B,line1,machine9,DN,lot2,category 2,b3,code1,1,1
2026-10-23,plant-A,line7,machine7,DN,lot4,category 3,a2,code7,1,1
2026-10-23,plant-A,line2,machine1,UP,lot6,category 2,b4,code3,6,6
2026-10-23,plant-B,line1,machine6,UP,lot6,pass,pass,,0,190
2026-10-23,plant-B,line5,machine4,DN,lot2,category 1,a4,code5,13,13
2026-10-23,plant-A,line8,machine4,UP,lot9,pass,pass,,0,255
2026-10-23,plant-A,line6,machine8,UP,lot7,pass,pass,,0,468
2026-10-23,plant-A,line4,machine1,DN,lot7,category 1,a4,code9,6,6
2026-10-23,plant-A,line6,machine6,DN,lot4,pass,pass,,0,394
2026-10-23,plant-B,line2,machine7,UP,lot7,category 3,a2,code5,1,1
2026-10-23,plant-A,line1,machine7,UP,lot3,category 3,a2,code9,14,14
2026-10-23,plant-A,line1,machine4,UP,lot1,category 1,a2,code9,17,17
2026-10-23,plant-A,line2,machine4,DN,lot9,category 2,b4,code9,12,12
2026-10-23,plant-A,line7,machine7,DN,lot8,category 2,b1,code8,5,5
2026-10-23,plant-A,line3,machine2,UP,lot4,category 1,a3,code5,7,7
2026-10-23,plant-A,line6,machine8,UP,lot4,category 1,a4,code7,4,4
2026-10-23,plant-A,line2,machine2,UP,lot5,category 2,b4,code10,18,18
2026-10-23,plant-A,line6,machine8,DN,lot1,category 3,b3,code7,9,9
2026-10-23,plant-A,line6,machine4,DN,lot8,category 2,b3,code8,5,5
2026-10-23,plant-B,line7,machine7,UP,lot6,category 1,a3,code9,16,16
2026-10-23,plant-B,line1,machine7,DN,lot8,category 3,a1,code2,6,6
2026-10-23,plant-A,line5,machine9,UP,lot2,category 1,a3,code7,13,13
2026-10-23,plant-A,line6,machine9,DN,lot3,category 1,a4,code4,9,9
2026-10-23,plant-B,line8,machine6,DN,lot3,category 2,b4,code9,9,9
2026-10-23,plant-A,line9,machine9,UP,lot2,category 1,a4,code5,11,11
2026-10-23,plant-A,line4,machine2,DN,lot2,pass,pass,,0,332
2026-10-23,plant-A,line6,machine4,UP,lot1,pass,pass,,0,246
2026-10-23,plant-A,line7,machine1,UP,lot6,category 2,b4,code7,3,3
2026-10-23,plant-B,line6,machine8,DN,lot9,category 3,b3,code1,9,9
2026-10-23,plant-B,line1,machine3,UP,lot9,category 3,a2,code1,6,6
2026-10-23,plant-B,line7,machine7,DN,lot7,pass,pass,,0,177
2026-10-23,plant-B,line6,machine7,UP,lot6,category 3,b4,code10,17,17
2026-10-23,plant-A,line5,machine6,UP,lot4,category 1,a3,code9,4,4
2026-10-23,plant-A,line3,machine3,UP,lot8,category 3,a1,code6,16,16
2026-10-23,plant-A,line2,machine1,DN,lot2,pass,pass,,0,371
2026-10-23,plant-B,line4,machine1,DN,lot4,category 1,a4,code10,11,11
2026-10-23,plant-A,line9,machine7,DN,lot4,pass,pass,,0,353
2026-10-23,plant-B,line4,machine6,DN,lot8,category 1,a3,code1,12,12
2026-10-23,plant-B,line3,machine1,UP,lot5,pass,pass,,0,343
2026-10-23,plant-A,line1,machine3,DN,lot7,category 1,a2,code1,18,18
2026-10-23,plant-B,line9,machine8,DN,lot3,category 2,b2,code1,9,9
2026-10-23,plant-A,line3,machine5,DN,lot3,category 1,a1,code1,1,1
2026-10-23,plant-A,line2,machine1,DN,lot9,pass,pass,,0,482
2026-10-23,plant-B,line5,machine7,DN,lot4,category 1,a2,code1,5,5
2026-10-23,plant-A,line9,machine4,UP,lot8,pass,pass,,0,253
2026-10-23,plant-A,line3,machine9,UP,lot8,category 2,b1,code7,4,4
2026-10-23,plant-A,line1,machine8,UP,lot5,category 2,b4,code6,17,17
2026-10-23,plant-A,line5,machine7,DN,lot4,pass,pass,,0,356
2026-10-23,plant-B,line9,machine9,DN,lot4,category 2,b2,code7,13,13
2026-10-23,plant-B,line3,machine4,UP,lot9,pass,pass,,0,151
2026-10-23,plant-A,line8,machine4,UP,lot1,pass,pass,,0,444
2026-10-24,,line9,machine1,UP,lot7,,,,4,4
2026-10-24,,line5,machine6,DN,lot3,,,,4,4
2026-10-24,,line6,machine6,DN,lot4,,,,0,100
2026-10-24,plant-B,line2,machine4,DN,lot5,pass,pass,,0,211
2026-10-24,plant-B,line2,machine4,UP,lot7,category 2,b1,code6,10,10
2026-10-24,plant-B,line1,machine3,DN,lot7,pass,pass,,0,320
2026-10-24,plant-B,line7,machine8,UP,lot7,category 2,b4,code4,17,17
2026-10-24,plant-B,line9,machine4,DN,lot5,category 2,b3,code3,12,12
2026-10-24,plant-B,line7,machine7,UP,lot2,category 2,b2,code4,8,8
2026-10-24,plant-B,line3,machine6,UP,lot2,category 1,a1,code3,1,1
2026-10-24,plant-A,line9,machine5,UP,lot2,pass,pass,,0,291
2026-10-24,plant-A,line6,machine2,UP,lot1,pass,pass,,0,432
2026-10-24,plant-B,line6,machine5,UP,lot3,pass,pass,,0,430
2026-10-24,plant-B,line7,machine4,UP,lot4,pass,pass,,0,158
2026-10-24,plant-B,line6,machine6,UP,lot7,category 1,a1,code10,13,13
2026-10-24,plant-B,line3,machine7,UP,lot1,pass,pass,,0,409
2026-10-24,plant-A,line1,machine5,UP,lot1,category 1,a1,code8,7,7
2026-10-24,plant-A,line8,machine5,UP,lot1,category 2,b1,code10,8,8
2026-10-24,plant-B,line4,machine4,DN,lot9,category 2,b2,code2,4,4
2026-10-24,plant-B,line5,machine7,UP,lot5,pass,pass,,0,153
2026-10-24,plant-A,line6,machine6,DN,lot1,category 3,b4,code6,18,18
2026-10-24,plant-A,line5,machine6,DN,lot8,category 3,b4,code4,10,10
2026-10-24,plant-B,line5,machine3,DN,lot6,category 3,b4,code5,7,7
2026-10-24,plant-B,line4,machine6,UP,lot4,pass,pass,,0,258
2026-10-24,plant-A,line4,machine3,UP,lot3,pass,pass,,0,401
2026-10-24,plant-A,line4,machine6,DN,lot4,category 2,b2,code8,12,12
2026-10-24,plant-B,line4,machine2,DN,lot4,category 1,a1,code9,9,9
2026-10-24,plant-A,line2,machine5,UP,lot1,category 2,b4,code2,15,15
2026-10-24,plant-A,line5,machine7,DN,lot5,pass,pass,,0,439
2026-10-24,plant-A,line3,machine3,UP,lot6,category 1,a4,code4,6,6
2026-10-24,plant-A,line4,machine1,DN,lot1,category 2,b1,code4,17,17
2026-10-24,plant-B,line8,machine7,UP,lot3,category 3,a1,code4,13,13
2026-10-24,plant-A,line3,machine5,DN,lot1,pass,pass,,0,418
2026-10-24,plant-B,line5,machine8,UP,lot6,category 2,b3,code7,19,19
2026-10-24,plant-A,line2,machine4,DN,lot7,category 1,a3,code9,6,6
2026-10-24,plant-B,line7,machine1,UP,lot3,pass,pass,,0,179
2026-10-24,plant-B,line2,machine5,DN,lot2,pass,pass,,0,259
2026-10-24,plant-A,line4,machine4,UP,lot3,pass,pass,,0,396
2026-10-24,plant-B,line1,machine9,UP,lot2,pass,pass,,0,194
2026-10-24,plant-A,line6,machine9,DN,lot3,category 3,b3,code6,10,10
2026-10-24,plant-A,line4,machine1,DN,lot5,category 3,a1,code1,17,17
2026-10-24,plant-B,line7,machine3,UP,lot4,category 1,a3,code3,5,5
2026-10-24,plant-B,line9,machine5,UP,lot1,category 2,b1,code5,5,5
2026-10-24,plant-B,line2,machine9,DN,lot4,category 2,b3,code10,6,6
2026-10-24,plant-A,line5,machine7,DN,lot2,category 1,a4,code9,2,2
2026-10-24,plant-A,line6,machine1,UP,lot6,pass,pass,,0,398
2026-10-24,plant-B,line3,machine4,DN,lot8,pass,pass,,0,165
2026-10-24,plant-A,line5,machine2,UP,lot2,pass,pass,,0,193
2026-10-24,plant-A,line9,machine7,UP,lot1,category 1,a1,code6,7,7
2026-10-24,plant-A,line1,machine4,DN,lot9,category 2,b2,code9,16,16
2026-10-24,plant-B,line9,machine9,DN,lot1,pass,pass,,0,255
2026-10-24,plant-A,line5,machine5,DN,lot9,category 3,a1,code8,7,7
2026-10-24,plant-B,line6,machine6,DN,lot4,category 2,b2,code1,3,3
2026-10-24,plant-A,line9,machine1,UP,lot6,category 2,b3,code9,1,1
2026-10-24,plant-B,line2,machine2,UP,lot5,category 2,b2,code4,6,6
2026-10-24,plant-A,line8,machine9,UP,lot6,category 2,b1,code5,18,18
2026-10-24,plant-B,line8,machine4,DN,lot4,category 1,a3,code4,9,9
2026-10-24,plant-A,line3,machine6,UP,lot7,category 1,a3,code4,1,1
2026-10-24,plant-A,line7,machine9,DN,lot6,category 3,b4,code5,16,16
2026-10-24,plant-A,line1,machine3,UP,lot4,category 3,b4,code9,14,14
2026-10-24,plant-A,line3,machine6,UP,lot4,category 3,b4,code6,4,4
2026-10-24,plant-A,line2,machine7,UP,lot1,category 1,a2,code1,5,5
2026-10-24,plant-A,line4,machine5,DN,lot7,category 1,a4,code8,1,1
2026-10-24,plant-A,line1,machine5,DN,lot6,pass,pass,,0,253
2026-10-24,plant-B,line7,machine9,UP,lot3,category 3,b4,code7,4,4
2026-10-24,plant-B,line6,machine9,UP,lot8,category 2,b3,code5,1,1
2026-10-24,plant-B,line3,machine5,DN,lot7,category 1,a2,code3,12,12
2026-10-24,plant-A,line1,machine7,UP,lot1,category 3,a1,code6,4,4
2026-10-24,plant-A,line8,machine8,DN,lot5,category 1,a3,code4,3,3
2026-10-24,plant-B,line9,machine6,DN,lot1,category 3,a2,code7,18,18
2026-10-24,plant-B,line7,machine4,UP,lot3,pass,pass,,0,495
2026-10-24,plant-A,line4,machine3,UP,lot7,category 3,b4,code9,10,10
2026-10-24,plant-B,line8,machine6,UP,lot8,category 3,a2,code8,11,11
2026-10-24,plant-A,line1,machine5,DN,lot7,category 2,b2,code9,8,8
2026-10-24,plant-B,line3,machine3,UP,lot7,category 2,b2,code9,6,6
2026-10-24,plant-A,line3,machine6,DN,lot3,category 1,a3,code7,16,16
2026-10-24,plant-B,line2,machine3,DN,lot4,pass,pass,,0,209
2026-10-24,plant-B,line5,machine5,UP,lot8,category 1,a2,code3,17,17
2026-10-24,plant-A,line8,machine3,DN,lot4,category 2,b1,code4,9,9
2026-10-24,plant-A,line6,machine7,UP,lot1,pass,pass,,0,451
2026-10-24,plant-B,line4,machine3,UP,lot5,category 3,b4,code7,19,19
2026-10-24,plant-B,line8,machine1,DN,lot7,pass,pass,,0,382
2026-10-24,plant-A,line6,machine8,UP,lot3,category 2,b4,code6,9,9
2026-10-24,plant-B,line3,machine3,DN,lot4,category 2,b1,code8,9,9
2026-10-24,plant-A,line6,machine3,UP,lot1,pass,pass,,0,350
2026-10-24,plant-B,line1,machine8,DN,lot9,category 2,b4,code5,9,9
2026-10-24,plant-B,line4,machine3,DN,lot1,category 1,a2,code4,10,10
2026-10-24,plant-B,line8,machine3,UP,lot8,category 1,a4,code9,15,15
2026-10-24,plant-A,line5,machine7,DN,lot7,pass,pass,,0,293
2026-10-24,plant-A,line6,machine6,DN,lot2,category 1,a1,code8,7,7
2026-10-24,plant-A,line9,machine4,UP,lot2,category 2,b4,code10,11,11
2026-10-24,plant-A,line8,machine5,DN,lot6,category 3,b4,code7,7,7
2026-10-24,plant-A,line7,machine8,UP,lot3,category 1,a3,code1,18,18
2026-10-24,plant-A,line6,machine9,UP,lot7,pass,pass,,0,213
2026-10-24,plant-A,line1,machine4,UP,lot9,pass,pass,,0,428
2026-10-24,plant-A,line3,machine8,UP,lot4,category 1,a2,code4,18,18
2026-10-24,plant-B,line9,machine6,DN,lot9,category 2,b1,code2,12,12
2026-10-24,plant-A,line5,machine7,UP,lot4,category 3,a1,code3,15,15
2026-10-24,plant-A,line7,machine1,DN,lot4,pass,pass,,0,298
2026-10-24,plant-B,line4,machine4,DN,lot9,category 1,a4,code4,16,16
2026-10-24,plant-B,line4,machine5,DN,lot8,category 2,b2,code4,5,5
2026-10-24,plant-B,line3,machine9,UP,lot8,category 2,b2,code3,19,19
2026-10-24,plant-A,line5,machine8,UP,lot4,category 1,a1,code1,5,5
2026-10-24,plant-A,line9,machine2,UP,lot4,pass,pass,,0,269
2026-10-24,plant-A,line7,machine7,DN,lot2,category 3,b4,code10,4,4
2026-10-24,plant-A,line9,machine1,DN,lot7,category 3,a1,code1,9,9
2026-10-24,plant-A,line7,machine3,DN,lot4,category 2,b2,code4,17,17
2026-10-24,plant-A,line1,machine7,DN,lot5,category 1,a1,code1,6,6
2026-10-24,plant-A,line1,machine8,DN,lot4,pass,pass,,0,338
2026-10-24,plant-B,line5,machine5,UP,lot6,pass,pass,,0,407
2026-10-24,plant-B,line4,machine3,UP,lot7,category 1,a3,code4,9,9
2026-10-24,plant-A,line9,machine7,UP,lot3,category 1,a3,code9,1,1
2026-10-24,plant-B,line2,machine1,DN,lot3,category 2,b3,code3,10,10
2026-10-24,plant-A,line6,machine2,DN,lot5,category 1,a2,code7,3,3
2026-10-24,plant-A,line1,machine2,DN,lot5,pass,pass,,0,499
2026-10-24,plant-A,line7,machine9,UP,lot8,category 2,b1,code2,13,13
2026-10-24,plant-A,line2,machine5,DN,lot5,category 1,a3,code1,5,5
2026-10-24,plant-A,line9,machine3,UP,lot7,category 3,a2,code10,8,8
2026-10-24,plant-A,line4,machine1,DN,lot6,category 3,b4,code10,11,11
2026-10-24,plant-A,line7,machine1,DN,lot1,pass,pass,,0,485
2026-10-24,plant-A,line6,machine9,DN,lot4,pass,pass,,0,185
2026-10-24,plant-B,line4,machine2,DN,lot5,pass,pass,,0,493
2026-10-24,plant-B,line7,machine2,DN,lot3,category 1,a3,code10,8,8
2026-10-24,plant-B,line6,machine4,UP,lot4,category 2,b3,code3,6,6
2026-10-24,plant-B,line4,machine2,DN,lot2,category 1,a3,code5,3,3
2026-10-24,plant-B,line5,machine7,DN,lot8,category 3,b3,code6,15,15
2026-10-24,plant-A,line7,machine1,UP,lot1,category 3,a2,code4,15,15
2026-10-24,plant-B,line3,machine7,DN,lot1,category 2,b4,code4,15,15
2026-10-24,plant-A,line9,machine9,DN,lot1,category 3,b4,code2,18,18
2026-10-24,plant-B,line5,machine6,UP,lot7,category 1,a2,code7,18,18
2026-10-24,plant-B,line6,machine6,DN,lot5,category 3,a1,code10,17,17
2026-10-24,plant-B,line5,machine8,UP,lot3,category 3,a1,code6,10,10
2026-10-24,plant-B,line5,machine5,DN,lot3,pass,pass,,0,483
2026-10-24,plant-B,line1,machine2,DN,lot6,pass,pass,,0,268
2026-10-24,plant-B,line3,machine9,UP,lot7,category 2,b2,code5,19,19
2026-10-24,plant-B,line2,machine8,UP,lot6,category 2,b2,code3,18,18
2026-10-24,plant-A,line7,machine9,DN,lot8,category 3,b4,code8,7,7
2026-10-24,plant-B,line7,machine3,DN,lot6,category 1,a3,code6,9,9
2026-10-24,plant-A,line7,machine4,DN,lot5,category 1,a2,code6,11,11
2026-10-24,plant-A,line4,machine6,DN,lot5,pass,pass,,0,445
2026-10-24,plant-A,line8,machine9,DN,lot8,category 1,a2,code4,10,10
2026-10-24,plant-A,line2,machine2,UP,lot8,category 2,b2,code9,5,5
2026-10-24,plant-B,line8,machine3,DN,lot9,category 1,a3,code1,3,3
2026-10-24,plant-A,line4,machine4,UP,lot3,pass,pass,,0,164
2026-10-24,plant-B,line8,machine7,UP,lot4,category 2,b2,code9,8,8
2026-10-24,plant-B,line6,machine4,DN,lot5,category 1,a3,code1,7,7
2026-10-24,plant-B,line4,machine6,DN,lot3,category 1,a1,code7,6,6
2026-10-24,plant-B,line6,machine6,DN,lot8,category 2,b2,code10,18,18
2026-10-24,plant-A,line8,machine5,DN,lot8,category 1,a1,code3,18,18
2026-10-24,plant-A,line1,machine5,UP,lot1,category 2,b2,code4,14,14
2026-10-24,plant-B,line3,machine3,UP,lot3,pass,pass,,0,253
2026-10-24,plant-B,line9,machine7,DN,lot5,category 3,a1,code10,6,6
2026-10-24,plant-A,line4,machine6,UP,lot9,pass,pass,,0,179
2026-10-24,plant-B,line4,machine3,UP,lot7,category 2,b2,code2,6,6
2026-10-24,plant-A,line5,machine2,DN,lot3,pass,pass,,0,476
2026-10-24,plant-B,line4,machine1,UP,lot4,category 2,b4,code1,18,18
2026-10-24,plant-B,line2,machine1,DN,lot4,category 2,b3,code5,19,19
2026-10-24,plant-A,line4,machine6,UP,lot5,category 1,a3,code2,2,2
2026-10-24,plant-A,line5,machine2,DN,lot8,category 2,b2,code9,3,3
2026-10-24,plant-A,line4,machine8,DN,lot7,category 3,b4,code9,14,14
2026-10-24,plant-B,line2,machine7,DN,lot3,pass,pass,,0,361
2026-10-24,plant-A,line3,machine2,UP,lot1,pass,pass,,0,266
2026-10-24,plant-B,line9,machine4,UP,lot6,category 2,b1,code10,9,9
2026-10-24,plant-B,line2,machine9,UP,lot7,category 2,b3,code10,10,10
2026-10-24,plant-B,line1,machine3,UP,lot1,category 1,a3,code8,6,6
2026-10-24,plant-B,line5,machine6,UP,lot5,category 3,b3,code9,18,18
2026-10-24,plant-A,line3,machine5,DN,lot3,category 2,b3,code1,2,2
2026-10-24,plant-A,line7,machine4,DN,lot8,category 1,a4,code1,5,5
2026-10-24,plant-B,line7,machine4,DN,lot8,category 3,b4,code8,6,6
2026-10-24,plant-A,line7,machine9,DN,lot4,category 2,b1,code2,8,8
2026-10-24,plant-A,line3,machine6,DN,lot7,category 1,a3,code5,19,19
2026-10-24,plant-B,line2,machine8,DN,lot6,category 2,b4,code9,16,16
2026-10-24,plant-A,line9,machine8,DN,lot8,category 1,a2,code5,17,17
2026-10-24,plant-A,line2,machine1,DN,lot1,category 1,a4,code10,10,10
2026-10-24,plant-A,line1,machine5,UP,lot2,category 1,a4,code5,5,5
2026-10-24,plant-B,line3,machine4,DN,lot5,category 2,b1,code4,11,11
2026-10-24,plant-A,line8,machine2,DN,lot5,pass,pass,,0,303
2026-10-24,plant-B,line6,machine4,UP,lot2,pass,pass,,0,271
2026-10-24,plant-B,line6,machine8,DN,lot3,category 2,b3,code9,11,11
2026-10-24,plant-B,line9,machine3,UP,lot1,category 2,b4,code4,2,2
2026-10-24,plant-A,line7,machine4,DN,lot9,pass,pass,,0,341
2026-10-24,plant-A,line1,machine9,UP,lot7,category 3,b3,code7,1,1
2026-10-24,plant-B,line7,machine9,UP,lot5,pass,pass,,0,370
2026-10-24,plant-A,line9,machine1,DN,lot5,pass,pass,,0,323
2026-10-24,plant-B,line6,machine6,UP,lot8,category 2,b3,code5,2,2
2026-10-24,plant-B,line5,machine4,DN,lot5,category 3,a1,code2,10,10
2026-10-24,plant-B,line6,machine4,UP,lot8,category 3,b4,code1,1,1
2026-10-24,plant-B,line3,machine5,UP,lot8,category 2,b1,code5,18,18
2026-10-24,plant-A,line7,machine2,UP,lot6,category 3,b4,code10,11,11
2026-10-24,plant-A,line3,machine6,DN,lot9,pass,pass,,0,406
2026-10-24,plant-B,line2,machine3,DN,lot2,category 3,b3,code4,4,4
2026-10-24,plant-B,line5,machine8,UP,lot6,category 1,a2,code2,15,15
2026-10-24,plant-B,line5,machine4,UP,lot8,category 1,a2,code5,19,19
2026-10-24,plant-B,line8,machine6,DN,lot1,category 2,b2,code9,16,16
2026-10-24,plant-A,line3,machine5,UP,lot7,pass,pass,,0,498
2026-10-24,plant-B,line4,machine8,DN,lot3,pass,pass,,0,279
2026-10-24,plant-B,line9,machine6,UP,lot3,category 1,a3,code9,8,8
2026-10-24,plant-B,line8,machine2,UP,lot8,category 3,a1,code10,6,6
2026-10-24,plant-A,line4,machine9,DN,lot3,category 2,b1,code7,8,8
2026-10-24,plant-A,line6,machine2,DN,lot5,category 3,a2,code7,9,9
2026-10-25,,line7,machine3,DN,lot2,,,,0,100
2026-10-25,,line3,machine9,UP,lot3,,,,2,2
2026-10-25,,line4,machine4,UP,lot6,,,,2,2
2026-10-25,plant-B,line6,machine7,DN,lot3,category 2,b1,code7,10,10
2026-10-25,plant-A,line6,machine7,UP,lot2,category 1,a2,code8,11,11
2026-10-25,plant-B,line7,machine5,UP,lot8,category 2,b1,code9,8,8
2026-10-25,plant-B,line7,machine5,DN,lot7,category 1,a3,code4,2,2
2026-10-25,plant-B,line1,machine6,UP,lot5,category 3,b3,code10,1,1
2026-10-25,plant-A,line2,machine8,DN,lot1,pass,pass,,0,226
2026-10-25,plant-B,line7,machine4,DN,lot5,pass,pass,,0,159
2026-10-25,plant-B,line5,machine4,DN,lot5,category 3,a2,code9,9,9
2026-10-25,plant-B,line8,machine2,UP,lot9,category 1,a3,code3,6,6
2026-10-25,plant-B,line5,machine1,UP,lot3,category 1,a4,code8,3,3
2026-10-25,plant-B,line6,machine8,DN,lot7,category 3,b4,code10,17,17
2026-10-25,plant-A,line4,machine1,DN,lot2,category 2,b4,code5,2,2
2026-10-25,plant-A,line9,machine4,UP,lot1,category 3,b4,code7,18,18
2026-10-25,plant-A,line8,machine1,UP,lot1,category 3,a2,code5,18,18
2026-10-25,plant-B,line8,machine4,DN,lot5,category 2,b4,code6,8,8
2026-10-25,plant-B,line1,machine3,UP,lot7,category 3,b4,code2,7,7
2026-10-25,plant-B,line2,machine6,DN,lot2,category 2,b1,code7,4,4
2026-10-25,plant-A,line3,machine4,DN,lot4,pass,pass,,0,401
2026-10-25,plant-A,line6,machine9,DN,lot6,category 2,b2,code7,16,16
2026-10-25,plant-B,line9,machine4,UP,lot8,category 3,a1,code6,4,4
2026-10-25,plant-A,line6,machine9,UP,lot9,category 1,a4,code8,17,17
2026-10-25,plant-B,line7,machine1,UP,lot3,category 1,a1,code8,7,7
2026-10-25,plant-A,line7,machine7,DN,lot2,category 2,b3,code7,19,19
2026-10-25,plant-A,line2,machine2,UP,lot1,category 2,b4,code3,10,10
2026-10-25,plant-B,line9,machine5,UP,lot7,category 2,b3,code9,2,2
2026-10-25,plant-A,line9,machine5,DN,lot8,category 2,b2,code9,3,3
2026-10-25,plant-B,line3,machine5,UP,lot8,category 1,a4,code1,17,17
2026-10-25,plant-B,line1,machine4,DN,lot8,pass,pass,,0,439
2026-10-25,plant-A,line7,machine5,UP,lot6,pass,pass,,0,382
2026-10-25,plant-A,line5,machine2,UP,lot7,pass,pass,,0,255
2026-10-25,plant-B,line6,machine4,DN,lot6,category 3,a1,code10,11,11
2026-10-25,plant-B,line9,machine4,DN,lot9,category 2,b2,code10,3,3
2026-10-25,plant-A,line6,machine9,UP,lot9,category 2,b1,code5,2,2
2026-10-25,plant-B,line3,machine6,DN,lot4,pass,pass,,0,307
2026-10-25,plant-B,line4,machine1,UP,lot4,pass,pass,,0,186
2026-10-25,plant-B,line4,machine2,DN,lot1,category 1,a2,code1,18,18
2026-10-25,plant-A,line6,machine7,DN,lot6,category 3,a2,code9,18,18
2026-10-25,plant-B,line9,machine8,DN,lot7,category 1,a1,code8,17,17
2026-10-25,plant-A,line7,machine2,DN,lot5,category 1,a1,code10,15,15
2026-10-25,plant-B,line8,machine5,DN,lot5,category 1,a2,code6,18,18
2026-10-25,plant-A,line7,machine3,UP,lot8,category 1,a2,code2,8,8
2026-10-25,plant-B,line1,machine4,DN,lot6,category 3,a2,code9,13,13
2026-10-25,plant-B,line2,machine8,UP,lot2,category 1,a2,code2,15,15
2026-10-25,plant-A,line4,machine2,UP,lot1,category 3,a2,code1,18,18
2026-10-25,plant-B,line8,machine7,UP,lot6,pass,pass,,0,359
2026-10-25,plant-A,line9,machine7,UP,lot6,pass,pass,,0,333
2026-10-25,plant-B,line6,machine3,UP,lot3,category 1,a4,code4,1,1
2026-10-25,plant-B,line1,machine9,DN,lot2,category 2,b2,code2,12,12
2026-10-25,plant-B,line5,machine2,UP,lot3,pass,pass,,0,452
2026-10-25,plant-A,line9,machine1,UP,lot2,pass,pass,,0,334
2026-10-25,plant-A,line3,machine8,UP,lot9,category 2,b2,code9,4,4
2026-10-25,plant-A,line4,machine5,DN,lot1,pass,pass,,0,276
2026-10-25,plant-B,line1,machine3,DN,lot9,pass,pass,,0,446
2026-10-25,plant-B,line1,machine2,DN,lot5,category 2,b3,code6,2,2
2026-10-25,plant-A,line1,machine5,DN,lot3,category 3,b3,code2,12,12
2026-10-25,plant-B,line2,machine2,UP,lot2,category 3,a2,code6,2,2
2026-10-25,plant-A,line4,machine2,DN,lot2,category 1,a3,code5,7,7
2026-10-25,plant-B,line4,machine8,DN,lot7,category 3,b3,code4,1,1
2026-10-25,plant-A,line5,machine8,DN,lot8,category 1,a4,code9,17,17
2026-10-25,plant-B,line6,machine4,DN,lot1,category 1,a3,code5,14,14
2026-10-25,plant-B,line6,machine3,UP,lot5,category 2,b4,code6,4,4
2026-10-25,plant-A,line6,machine7,DN,lot7,category 2,b3,code2,3,3
2026-10-25,plant-A,line6,machine9,UP,lot1,pass,pass,,0,433
2026-10-25,plant-B,line3,machine9,DN,lot5,category 2,b4,code4,4,4
2026-10-25,plant-A,line3,machine2,UP,lot9,pass,pass,,0,391
2026-10-25,plant-B,line8,machine7,DN,lot5,category 1,a1,code3,2,2
2026-10-25,plant-B,line5,machine9,DN,lot8,pass,pass,,0,192
2026-10-25,plant-B,line5,machine2,UP,lot3,category 3,b3,code10,13,13
2026-10-25,plant-B,line4,machine7,DN,lot1,category 2,b2,code6,2,2
2026-10-25,plant-B,line8,machine7,UP,lot8,category 2,b4,code2,17,17
2026-10-25,plant-B,line8,machine2,UP,lot8,category 2,b4,code8,14,14
2026-10-25,plant-B,line7,machine2,DN,lot9,category 1,a4,code4,16,16
2026-10-25,plant-A,line6,machine4,UP,lot5,category 1,a2,code8,10,10
2026-10-25,plant-A,line6,machine3,UP,lot9,category 2,b1,code10,4,4
2026-10-25,plant-B,line2,machine8,DN,lot7,pass,pass,,0,330
2026-10-25,plant-B,line8,machine4,UP,lot4,pass,pass,,0,179
2026-10-25,plant-A,line6,machine3,DN,lot6,category 2,b2,code10,12,12
2026-10-25,plant-B,line3,machine6,DN,lot9,category 3,a2,code8,10,10
2026-10-25,plant-B,line3,machine6,UP,lot3,pass,pass,,0,263
2026-10-25,plant-A,line5,machine3,UP,lot7,pass,pass,,0,425
2026-10-25,plant-B,line8,machine4,UP,lot3,pass,pass,,0,430
2026-10-25,plant-A,line7,machine1,DN,lot8,category 2,b4,code2,13,13
2026-10-25,plant-A,line8,machine4,UP,lot6,category 1,a2,code10,1,1
2026-10-25,plant-B,line6,machine3,UP,lot9,category 3,a2,code10,17,17
2026-10-25,plant-A,line2,machine6,DN,lot9,pass,pass,,0,191
2026-10-25,plant-A,line3,machine4,UP,lot9,category 1,a3,code5,19,19
2026-10-25,plant-B,line4,machine7,UP,lot2,pass,pass,,0,228
2026-10-25,plant-B,line9,machine7,DN,lot6,pass,pass,,0,194
2026-10-25,plant-B,line1,machine6,DN,lot9,category 3,b4,code9,9,9
2026-10-25,plant-A,line9,machine2,DN,lot2,pass,pass,,0,230
2026-10-25,plant-B,line7,machine5,UP,lot8,category 3,a1,code1,9,9
2026-10-25,plant-B,line6,machine8,DN,lot3,category 2,b3,code2,11,11
2026-10-25,plant-A,line7,machine3,DN,lot9,category 2,b1,code9,10,10
2026-10-25,plant-A,line2,machine6,UP,lot9,pass,pass,,0,381
2026-10-25,plant-B,line8,machine9,DN,lot1,category 1,a3,code2,4,4
2026-10-25,plant-B,line1,machine9,UP,lot9,category 2,b1,code2,13,13
2026-10-25,plant-B,line7,machine9,UP,lot1,category 2,b4,code4,11,11
2026-10-25,plant-A,line5,machine9,UP,lot1,pass,pass,,0,301
2026-10-25,plant-B,line3,machine8,DN,lot8,category 3,b4,code8,14,14
2026-10-25,plant-B,line9,machine9,DN,lot6,category 3,a1,code8,9,9
2026-10-25,plant-A,line1,machine6,UP,lot9,pass,pass,,0,492
2026-10-25,plant-A,line5,machine1,DN,lot9,category 3,a2,code10,12,12
2026-10-25,plant-A,line2,machine7,DN,lot9,category 2,b3,code6,16,16
2026-10-25,plant-A,line3,machine8,UP,lot5,pass,pass,,0,219
2026-10-25,plant-B,line6,machine8,UP,lot1,category 1,a3,code8,4,4
2026-10-25,plant-A,line4,machine4,DN,lot5,pass,pass,,0,386
2026-10-25,plant-A,line7,machine5,DN,lot9,category 1,a2,code8,8,8
2026-10-25,plant-A,line9,machine7,DN,lot4,pass,pass,,0,288
2026-10-25,plant-B,line6,machine9,UP,lot3,pass,pass,,0,153
2026-10-25,plant-B,line6,machine9,UP,lot2,pass,pass,,0,383
2026-10-25,plant-A,line7,machine7,DN,lot4,category 3,a2,code10,5,5
2026-10-25,plant-A,line6,machine7,DN,lot3,category 2,b3,code8,17,17
2026-10-25,plant-B,line4,machine7,DN,lot9,pass,pass,,0,228
2026-10-25,plant-B,line3,machine8,UP,lot8,category 3,b3,code6,5,5
2026-10-25,plant-A,line5,machine9,UP,lot4,pass,pass,,0,257
2026-10-25,plant-B,line2,machine6,UP,lot9,pass,pass,,0,188
2026-10-25,plant-A,line9,machine7,UP,lot4,category 3,b3,code4,7,7
2026-10-25,plant-B,line4,machine4,DN,lot9,category 1,a3,code3,12,12
2026-10-25,plant-A,line5,machine6,UP,lot9,category 3,a1,code1,11,11
2026-10-25,plant-A,line7,machine9,DN,lot3,category 2,b3,code4,5,5
2026-10-25,plant-B,line4,machine3,UP,lot2,category 3,b4,code8,4,4
2026-10-25,plant-A,line2,machine5,DN,lot4,category 3,a1,code7,13,13
2026-10-25,plant-A,line2,machine2,UP,lot1,category 1,a1,code7,2,2
2026-10-25,plant-A,line2,machine4,DN,lot2,pass,pass,,0,343
2026-10-25,plant-B,line8,machine4,UP,lot8,category 2,b2,code5,17,17
2026-10-25,plant-B,line1,machine3,DN,lot3,category 1,a3,code5,7,7
2026-10-25,plant-A,line6,machine5,DN,lot3,category 1,a1,code3,4,4
2026-10-25,plant-B,line2,machine9,UP,lot4,pass,pass,,0,469
2026-10-25,plant-A,line7,machine9,DN,lot2,pass,pass,,0,243
2026-10-25,plant-B,line7,machine1,DN,lot9,category 2,b4,code4,8,8
2026-10-25,plant-A,line4,machine8,DN,lot3,category 3,a1,code5,2,2
2026-10-25,plant-B,line6,machine4,UP,lot7,category 2,b2,code7,10,10
2026-10-25,plant-B,line2,machine1,UP,lot7,category 1,a3,code9,13,13
2026-10-25,plant-B,line5,machine2,UP,lot1,category 3,a2,code4,3,3
2026-10-25,plant-B,line6,machine7,UP,lot1,category 2,b3,code1,11,11
2026-10-25,plant-A,line8,machine8,UP,lot9,category 2,b3,code9,9,9
2026-10-25,plant-A,line6,machine3,DN,lot8,category 1,a3,code8,6,6
2026-10-25,plant-A,line5,machine9,UP,lot5,category 3,b3,code8,2,2
2026-10-25,plant-A,line6,machine3,DN,lot7,category 1,a2,code3,13,13
2026-10-25,plant-A,line7,machine1,UP,lot1,category 1,a4,code4,12,12
2026-10-25,plant-B,line6,machine6,DN,lot8,category 1,a4,code10,17,17
2026-10-25,plant-B,line8,machine4,DN,lot8,pass,pass,,0,242
2026-10-25,plant-B,line9,machine5,DN,lot9,pass,pass,,0,254
2026-10-25,plant-A,line9,machine2,UP,lot7,category 3,b4,code3,16,16
2026-10-25,plant-B,line6,machine2,DN,lot2,pass,pass,,0,272
2026-10-25,plant-B,line4,machine4,DN,lot3,pass,pass,,0,208
2026-10-25,plant-B,line2,machine5,UP,lot3,category 3,a2,code7,3,3
2026-10-25,plant-A,line7,machine4,UP,lot9,pass,pass,,0,318
2026-10-25,plant-B,line4,machine7,DN,lot6,category 3,b3,code9,7,7
2026-10-25,plant-A,line5,machine2,DN,lot3,pass,pass,,0,475
2026-10-25,plant-A,line9,machine5,UP,lot5,category 2,b4,code8,1,1
2026-10-25,plant-B,line1,machine2,DN,lot7,category 1,a1,code10,1,1
2026-10-25,plant-A,line3,machine3,UP,lot1,pass,pass,,0,273
2026-10-25,plant-B,line3,machine4,UP,lot5,pass,pass,,0,429
2026-10-25,plant-A,line5,machine3,UP,lot6,pass,pass,,0,157
2026-10-25,plant-A,line6,machine3,UP,lot7,category 1,a4,code4,13,13
2026-10-25,plant-A,line5,machine1,DN,lot8,category 1,a4,code10,2,2
2026-10-25,plant-A,line6,machine1,UP,lot5,pass,pass,,0,421
2026-10-25,plant-B,line1,machine9,UP,lot4,category 3,a2,code10,16,16
2026-10-25,plant-B,line9,machine2,UP,lot4,pass,pass,,0,493
2026-10-25,plant-B,line4,machine4,DN,lot2,category 1,a2,code4,16,16
2026-10-25,plant-B,line1,machine8,DN,lot9,pass,pass,,0,445
2026-10-25,plant-B,line8,machine5,UP,lot9,pass,pass,,0,395
2026-10-25,plant-A,line7,machine3,UP,lot8,pass,pass,,0,405
2026-10-25,plant-A,line8,machine6,DN,lot6,category 2,b2,code4,5,5
2026-10-25,plant-A,line2,machine5,UP,lot3,category 2,b1,code9,2,2
2026-10-25,plant-B,line7,machine1,DN,lot1,category 2,b4,code9,3,3
2026-10-25,plant-A,line6,machine7,UP,lot3,pass,pass,,0,429
2026-10-25,plant-A,line9,machine3,DN,lot3,pass,pass,,0,444
2026-10-25,plant-A,line8,machine2,DN,lot7,pass,pass,,0,458
2026-10-25,plant-B,line6,machine9,UP,lot3,category 1,a4,code5,4,4
2026-10-25,plant-B,line4,machine3,UP,lot1,category 1,a4,code2,1,1
2026-10-25,plant-B,line5,machine2,UP,lot3,category 3,b4,code10,12,12
2026-10-25,plant-B,line2,machine2,DN,lot3,category 3,b3,code9,16,16
2026-10-25,plant-A,line6,machine5,UP,lot7,category 3,b3,code4,10,10
2026-10-25,plant-B,line1,machine6,UP,lot2,pass,pass,,0,279
2026-10-25,plant-A,line4,machine6,UP,lot3,category 1,a4,code5,13,13
2026-10-25,plant-B,line4,machine7,DN,lot8,category 1,a3,code5,10,10
2026-10-25,plant-B,line9,machine7,DN,lot4,pass,pass,,0,433
2026-10-25,plant-A,line7,machine5,UP,lot9,pass,pass,,0,395
2026-10-25,plant-B,line2,machine1,DN,lot4,category 2,b2,code2,11,11
2026-10-25,plant-A,line1,machine7,UP,lot6,category 1,a2,code2,15,15
2026-10-25,plant-B,line2,machine4,UP,lot4,category 1,a3,code2,9,9
2026-10-25,plant-A,line4,machine5,DN,lot8,category 1,a4,code3,1,1
2026-10-25,plant-B,line1,machine6,DN,lot3,category 1,a4,code10,3,3
2026-10-25,plant-A,line4,machine4,DN,lot2,category 3,a2,code6,19,19
2026-10-25,plant-B,line9,machine5,UP,lot3,category 1,a3,code3,8,8
2026-10-25,plant-A,line1,machine9,DN,lot7,pass,pass,,0,328
2026-10-25,plant-A,line3,machine5,UP,lot2,pass,pass,,0,341
2026-10-25,plant-B,line5,machine9,UP,lot6,category 3,b4,code4,16,16
2026-10-25,plant-A,line5,machine7,UP,lot4,pass,pass,,0,445
2026-10-25,plant-A,line9,machine2,UP,lot5,pass,pass,,0,230
2026-10-25,plant-A,line5,machine9,DN,lot1,category 1,a2,code3,14,14
2026-10-25,plant-B,line4,machine1,DN,lot4,category 1,a1,code5,3,3
2026-10-25,plant-B,line3,machine5,DN,lot9,pass,pass,,0,387
2026-10-25,plant-A,line2,machine1,UP,lot1,category 1,a1,code5,16,16
2026-10-25,plant-B,line9,machine3,UP,lot2,category 1,a4,code7,18,18
2026-10-26,,line1,machine1,DN,lot6,,,,1,1
2026-10-26,,line1,machine3,DN,lot4,,,,4,4
2026-10-26,,line3,machine5,DN,lot7,,,,2,2
2026-10-26,plant-A,line9,machine8,UP,lot9,category 2,b3,code9,17,17
2026-10-26,plant-A,line6,machine3,DN,lot3,category 2,b2,code5,4,4
2026-10-26,plant-B,line1,machine6,UP,lot9,pass,pass,,0,220
2026-10-26,plant-A,line7,machine3,DN,lot9,pass,pass,,0,368
2026-10-26,plant-A,line1,machine9,UP,lot1,category 1,a4,code10,19,19
2026-10-26,plant-B,line9,machine3,UP,lot6,category 2,b2,code2,19,19
2026-10-26,plant-B,line1,machine6,DN,lot8,category 2,b1,code8,18,18
2026-10-26,plant-A,line6,machine5,DN,lot9,category 1,a4,code10,7,7
2026-10-26,plant-B,line1,machine7,DN,lot5,category 1,a1,code2,10,10
2026-10-26,plant-A,line4,machine9,DN,lot7,category 3,b4,code9,12,12
2026-10-26,plant-A,line4,machine7,DN,lot8,pass,pass,,0,244
2026-10-26,plant-B,line2,machine6,DN,lot1,category 3,b4,code9,16,16
2026-10-26,plant-B,line5,machine7,UP,lot2,pass,pass,,0,231
2026-10-26,plant-A,line1,machine9,UP,lot8,category 3,a2,code2,19,19
2026-10-26,plant-B,line3,machine8,DN,lot8,category 1,a2,code2,15,15
2026-10-26,plant-B,line4,machine3,DN,lot9,pass,pass,,0,156
2026-10-26,plant-A,line1,machine7,UP,lot6,pass,pass,,0,287
2026-10-26,plant-B,line8,machine9,UP,lot3,pass,pass,,0,168
2026-10-26,plant-A,line1,machine3,DN,lot9,category 2,b2,code1,18,18
2026-10-26,plant-A,line1,machine6,UP,lot5,pass,pass,,0,441
2026-10-26,plant-B,line7,machine5,DN,lot9,pass,pass,,0,305
2026-10-26,plant-A,line7,machine7,DN,lot8,pass,pass,,0,409
2026-10-26,plant-A,line3,machine2,DN,lot6,category 1,a3,code7,16,16
2026-10-26,plant-B,line6,machine6,DN,lot3,category 1,a4,code2,15,15
2026-10-26,plant-B,line2,machine1,UP,lot5,pass,pass,,0,281
2026-10-26,plant-A,line8,machine7,DN,lot2,category 2,b3,code6,11,11
2026-10-26,plant-A,line5,machine9,UP,lot9,category 1,a4,code8,11,11
2026-10-26,plant-A,line4,machine3,UP,lot2,category 1,a3,code9,18,18
2026-10-26,plant-B,line6,machine5,DN,lot4,category 2,b4,code7,11,11
2026-10-26,plant-A,line4,machine2,DN,lot4,category 3,b4,code5,17,17
2026-10-26,plant-A,line5,machine8,UP,lot4,category 3,b4,code7,5,5
2026-10-26,plant-B,line4,machine8,DN,lot2,category 1,a4,code4,15,15
2026-10-26,plant-B,line8,machine7,UP,lot5,category 3,b3,code7,4,4
2026-10-26,plant-B,line5,machine2,DN,lot4,category 1,a1,code8,2,2
2026-10-26,plant-A,line8,machine3,UP,lot2,category 1,a2,code10,6,6
2026-10-26,plant-A,line2,machine4,UP,lot7,category 3,a1,code10,10,10
2026-10-26,plant-A,line6,machine2,DN,lot8,category 1,a2,code9,2,2
2026-10-26,plant-B,line7,machine6,UP,lot2,category 3,b3,code4,9,9
2026-10-26,plant-B,line2,machine2,DN,lot4,category 3,b4,code8,8,8
2026-10-26,plant-A,line5,machine8,DN,lot5,pass,pass,,0,428
2026-10-26,plant-B,line9,machine3,UP,lot7,category 3,b3,code3,8,8
2026-10-26,plant-B,line2,machine4,DN,lot1,category 2,b1,code10,5,5
2026-10-26,plant-A,line9,machine2,UP,lot3,pass,pass,,0,169
2026-10-26,plant-B,line2,machine5,DN,lot6,category 3,b4,code5,11,11
2026-10-26,plant-A,line3,machine2,UP,lot9,category 2,b1,code4,6,6
2026-10-26,plant-A,line6,machine9,UP,lot7,pass,pass,,0,280
2026-10-26,plant-A,line7,machine6,UP,lot6,category 1,a4,code2,10,10
2026-10-26,plant-B,line8,machine3,DN,lot8,category 3,b3,code8,18,18
2026-10-26,plant-A,line2,machine2,UP,lot5,category 1,a3,code4,10,10
2026-10-26,plant-B,line9,machine5,UP,lot9,pass,pass,,0,214
2026-10-26,plant-B,line2,machine8,DN,lot2,pass,pass,,0,354
2026-10-26,plant-B,line3,machine9,DN,lot5,pass,pass,,0,417
2026-10-26,plant-B,line8,machine9,UP,lot2,category 3,a2,code4,13,13
2026-10-26,plant-A,line7,machine4,DN,lot9,category 2,b4,code8,19,19
2026-10-26,plant-A,line7,machine2,UP,lot4,pass,pass,,0,302
2026-10-26,plant-B,line1,machine5,UP,lot4,category 2,b3,code4,10,10
2026-10-26,plant-B,line8,machine3,UP,lot6,category 2,b2,code6,12,12
2026-10-26,plant-B,line1,machine1,DN,lot5,pass,pass,,0,224
2026-10-26,plant-B,line8,machine7,UP,lot6,category 2,b2,code1,12,12
2026-10-26,plant-A,line6,machine8,UP,lot8,pass,pass,,0,434
2026-10-26,plant-B,line4,machine9,DN,lot6,category 3,b3,code7,5,5
2026-10-26,plant-A,line7,machine9,DN,lot9,pass,pass,,0,260
2026-10-26,plant-A,line7,machine4,DN,lot5,category 1,a4,code4,3,3
2026-10-26,plant-A,line1,machine5,DN,lot2,category 2,b2,code5,18,18
2026-10-26,plant-B,line1,machine2,UP,lot3,category 2,b2,code3,12,12
2026-10-26,plant-B,line7,machine9,UP,lot4,category 3,b4,code5,12,12
2026-10-26,plant-B,line8,machine2,DN,lot1,category 3,a1,code8,6,6
2026-10-26,plant-A,line4,machine4,UP,lot1,pass,pass,,0,286
2026-10-26,plant-A,line9,machine5,DN,lot4,category 2,b4,code6,1,1
2026-10-26,plant-B,line5,machine9,UP,lot3,category 3,b4,code3,4,4
2026-10-26,plant-A,line7,machine5,DN,lot9,pass,pass,,0,279
2026-10-26,plant-B,line7,machine5,UP,lot9,pass,pass,,0,248
2026-10-26,plant-A,line4,machine4,DN,lot7,category 3,a2,code2,7,7
2026-10-26,plant-B,line8,machine5,DN,lot8,pass,pass,,0,379
2026-10-26,plant-A,line3,machine4,DN,lot6,category 2,b4,code6,10,10
2026-10-26,plant-B,line6,machine4,UP,lot4,category 2,b3,code2,18,18
2026-10-26,plant-A,line4,machine4,DN,lot3,category 1,a1,code4,10,10
2026-10-26,plant-A,line7,machine8,UP,lot1,category 2,b3,code3,19,19
2026-10-26,plant-A,line7,machine6,DN,lot4,category 1,a2,code7,11,11
2026-10-26,plant-B,line1,machine4,DN,lot3,category 3,a1,code6,4,4
2026-10-26,plant-A,line4,machine6,UP,lot8,category 1,a1,code3,15,15
2026-10-26,plant-A,line3,machine8,UP,lot3,category 3,a2,code5,11,11
2026-10-26,plant-A,line2,machine7,UP,lot3,pass,pass,,0,483
2026-10-26,plant-B,line4,machine2,UP,lot5,category 3,a1,code4,13,13
2026-10-26,plant-B,line1,machine6,UP,lot4,pass,pass,,0,369
2026-10-26,plant-B,line1,machine4,DN,lot3,pass,pass,,0,410
2026-10-26,plant-A,line1,machine3,UP,lot3,pass,pass,,0,155
2026-10-26,plant-B,line6,machine8,DN,lot8,category 3,b3,code4,3,3
2026-10-26,plant-A,line7,machine1,UP,lot2,category 2,b1,code9,13,13
2026-10-26,plant-B,line7,machine3,DN,lot8,category 1,a1,code3,1,1
2026-10-26,plant-B,line7,machine7,UP,lot6,category 1,a4,code6,18,18
2026-10-26,plant-A,line2,machine4,DN,lot9,category 2,b4,code7,5,5
2026-10-26,plant-B,line5,machine6,DN,lot5,category 2,b3,code2,15,15
2026-10-26,plant-A,line5,machine4,UP,lot2,category 1,a3,code8,9,9
2026-10-26,plant-B,line1,machine5,DN,lot5,category 1,a1,code3,1,1
2026-10-26,plant-A,line2,machine1,UP,lot8,category 2,b4,code2,19,19
2026-10-26,plant-A,line5,machine3,DN,lot8,category 2,b2,code5,19,19
2026-10-26,plant-A,line8,machine1,DN,lot9,category 3,a2,code6,13,13
2026-10-26,plant-A,line9,machine8,DN,lot8,category 1,a2,code7,15,15
2026-10-26,plant-A,line8,machine3,UP,lot9,pass,pass,,0,180
2026-10-26,plant-B,line7,machine9,DN,lot4,category 1,a4,code8,5,5
2026-10-26,plant-B,line7,machine4,DN,lot6,category 1,a2,code6,4,4
2026-10-26,plant-A,line6,machine6,DN,lot9,category 2,b4,code4,4,4
2026-10-26,plant-A,line8,machine3,DN,lot7,pass,pass,,0,284
2026-10-26,plant-B,line4,machine2,DN,lot9,pass,pass,,0,223
2026-10-26,plant-B,line1,machine8,UP,lot6,category 2,b1,code10,12,12
2026-10-26,plant-B,line3,machine8,DN,lot8,pass,pass,,0,328
2026-10-26,plant-B,line3,machine2,UP,lot2,category 3,b4,code10,3,3
2026-10-26,plant-B,line5,machine7,DN,lot3,category 2,b4,code2,11,11
2026-10-26,plant-A,line9,machine2,UP,lot1,category 3,a1,code6,19,19
2026-10-26,plant-B,line4,machine6,DN,lot6,category 1,a2,code2,11,11
2026-10-26,plant-B,line3,machine3,DN,lot3,category 2,b3,code1,13,13
2026-10-26,plant-B,line6,machine8,UP,lot6,category 1,a3,code2,3,3
2026-10-26,plant-A,line4,machine7,DN,lot8,category 3,a1,code2,11,11
2026-10-26,plant-B,line6,machine3,DN,lot7,category 1,a4,code1,4,4
2026-10-26,plant-A,line8,machine1,UP,lot7,category 1,a2,code4,13,13
2026-10-26,plant-B,line9,machine3,DN,lot3,category 1,a2,code2,9,9
2026-10-26,plant-A,line5,machine6,DN,lot7,category 2,b1,code7,12,12
2026-10-26,plant-A,line9,machine2,UP,lot9,category 1,a4,code2,19,19
2026-10-26,plant-B,line3,machine8,UP,lot8,category 3,b4,code4,6,6
2026-10-26,plant-B,line9,machine2,UP,lot5,category 3,a2,code3,13,13
2026-10-26,plant-B,line1,machine4,DN,lot2,category 1,a3,code8,4,4
2026-10-26,plant-A,line1,machine7,UP,lot6,category 3,b4,code10,1,1
2026-10-26,plant-A,line6,machine7,DN,lot9,pass,pass,,0,447
2026-10-26,plant-A,line6,machine9,DN,lot3,category 1,a2,code7,3,3
2026-10-26,plant-B,line9,machine2,UP,lot2,category 2,b3,code7,4,4
2026-10-26,plant-A,line8,machine1,DN,lot7,category 2,b2,code2,12,12
2026-10-26,plant-A,line8,machine9,DN,lot5,category 2,b3,code2,15,15
2026-10-26,plant-A,line1,machine3,UP,lot9,category 1,a4,code10,16,16
2026-10-26,plant-B,line3,machine2,DN,lot6,category 1,a2,code4,14,14
2026-10-26,plant-A,line6,machine9,UP,lot3,pass,pass,,0,447
2026-10-26,plant-B,line7,machine5,DN,lot7,pass,pass,,0,263
2026-10-26,plant-A,line7,machine1,DN,lot8,pass,pass,,0,422
2026-10-26,plant-A,line3,machine7,UP,lot7,pass,pass,,0,227
2026-10-26,plant-B,line9,machine7,UP,lot8,category 3,b3,code5,9,9
2026-10-26,plant-A,line7,machine9,UP,lot3,category 1,a2,code6,11,11
2026-10-26,plant-B,line6,machine3,UP,lot1,category 3,a1,code8,3,3
2026-10-26,plant-B,line9,machine2,DN,lot8,category 3,a2,code7,1,1
2026-10-26,plant-A,line1,machine7,DN,lot3,category 1,a4,code9,18,18
2026-10-26,plant-B,line6,machine1,UP,lot9,category 3,b4,code9,6,6
2026-10-26,plant-A,line6,machine5,DN,lot2,category 3,b4,code7,6,6
2026-10-26,plant-A,line6,machine3,UP,lot7,category 2,b1,code4,16,16
2026-10-26,plant-B,line5,machine3,UP,lot1,pass,pass,,0,352
2026-10-26,plant-A,line7,machine2,DN,lot3,category 2,b4,code1,18,18
2026-10-26,plant-A,line6,machine2,UP,lot8,category 3,b4,code4,19,19
2026-10-26,plant-B,line1,machine4,DN,lot6,category 3,a2,code9,1,1
2026-10-26,plant-A,line5,machine1,DN,lot9,category 2,b3,code4,19,19
2026-10-26,plant-A,line1,machine7,DN,lot6,category 2,b1,code9,7,7
2026-10-26,plant-A,line4,machine1,UP,lot2,category 3,b4,code2,3,3
2026-10-26,plant-A,line3,machine4,UP,lot5,category 2,b3,code6,1,1
2026-10-26,plant-B,line1,machine9,UP,lot7,category 3,b4,code2,9,9
2026-10-26,plant-B,line4,machine6,UP,lot2,pass,pass,,0,248
2026-10-26,plant-B,line8,machine5,UP,lot8,category 1,a3,code6,4,4
2026-10-26,plant-A,line1,machine7,UP,lot8,pass,pass,,0,265
2026-10-26,plant-A,line1,machine8,DN,lot1,category 3,b3,code6,5,5
2026-10-26,plant-B,line6,machine5,DN,lot4,category 1,a1,code9,8,8
2026-10-26,plant-A,line4,machine5,DN,lot2,pass,pass,,0,199
2026-10-26,plant-A,line2,machine6,DN,lot8,category 1,a4,code1,2,2
2026-10-26,plant-A,line9,machine6,DN,lot7,category 1,a1,code2,4,4
2026-10-26,plant-A,line4,machine7,UP,lot8,category 1,a1,code9,14,14
2026-10-26,plant-B,line5,machine4,UP,lot6,category 1,a2,code9,4,4
2026-10-26,plant-B,line3,machine2,UP,lot9,category 1,a4,code3,16,16
2026-10-26,plant-A,line8,machine6,UP,lot7,category 3,b3,code10,18,18
2026-10-26,plant-B,line9,machine6,DN,lot6,pass,pass,,0,177
2026-10-26,plant-B,line6,machine6,DN,lot7,pass,pass,,0,389
2026-10-26,plant-B,line2,machine8,UP,lot9,category 3,b4,code6,2,2
2026-10-26,plant-B,line6,machine1,DN,lot5,category 3,a2,code1,15,15
2026-10-26,plant-B,line4,machine6,UP,lot9,pass,pass,,0,482
2026-10-26,plant-B,line6,machine9,DN,lot9,pass,pass,,0,391
2026-10-26,plant-A,line9,machine5,UP,lot9,pass,pass,,0,360
2026-10-26,plant-B,line7,machine7,DN,lot6,category 1,a3,code8,11,11
2026-10-26,plant-A,line4,machine8,UP,lot5,category 3,a2,code9,6,6
2026-10-26,plant-B,line4,machine1,DN,lot4,category 2,b1,code7,15,15
2026-10-26,plant-B,line2,machine4,UP,lot3,category 3,a1,code2,4,4
2026-10-26,plant-A,line7,machine3,UP,lot8,category 1,a4,code7,16,16
2026-10-26,plant-A,line6,machine4,DN,lot1,pass,pass,,0,271
2026-10-26,plant-B,line1,machine9,DN,lot3,pass,pass,,0,294
2026-10-26,plant-B,line4,machine5,UP,lot6,category 3,a1,code7,9,9
2026-10-26,plant-B,line5,machine4,UP,lot3,pass,pass,,0,420
2026-10-26,plant-A,line7,machine2,UP,lot5,category 2,b1,code4,8,8
2026-10-26,plant-B,line3,machine4,UP,lot7,category 2,b2,code6,18,18
2026-10-26,plant-B,line5,machine6,DN,lot7,category 2,b3,code3,2,2
2026-10-26,plant-B,line8,machine4,UP,lot7,category 1,a4,code6,17,17
2026-10-26,plant-B,line2,machine5,DN,lot2,category 1,a2,code7,15,15
2026-10-26,plant-B,line6,machine1,UP,lot3,category 2,b3,code10,16,16
2026-10-26,plant-A,line1,machine2,UP,lot6,category 1,a3,code4,11,11
2026-10-26,plant-B,line8,machine6,DN,lot3,category 1,a1,code6,13,13
2026-10-26,plant-B,line6,machine9,UP,lot9,pass,pass,,0,237
2026-10-26,plant-B,line9,machine9,UP,lot6,category 2,b3,code5,13,13
2026-10-26,plant-A,line1,machine1,UP,lot7,category 1,a3,code1,16,16
2026-10-26,plant-A,line6,machine9,UP,lot3,pass,pass,,0,170
2026-10-26,plant-A,line4,machine2,UP,lot9,pass,pass,,0,482
2026-10-26,plant-A,line1,machine8,DN,lot2,category 3,a2,code10,7,7
2026-10-26,plant-A,line6,machine2,DN,lot1,category 1,a3,code2,19,19
2026-10-26,plant-A,line5,machine5,DN,lot3,category 2,b3,code7,1,1
2026-10-26,plant-B,line6,machine6,UP,lot4,category 2,b1,code3,19,19
2026-10-26,plant-B,line1,machine9,DN,lot6,category 3,a1,code7,11,11
2026-10-27,,line7,machine5,UP,lot4,,,,2,2
2026-10-27,,line2,machine3,DN,lot2,,,,4,4
2026-10-27,,line6,machine3,UP,lot5,,,,4,4
2026-10-27,plant-A,line8,machine6,UP,lot2,category 2,b2,code2,12,12
2026-10-27,plant-B,line1,machine9,UP,lot6,category 1,a2,code8,14,14
2026-10-27,plant-A,line6,machine4,UP,lot8,category 2,b2,code6,13,13
2026-10-27,plant-B,line1,machine9,DN,lot6,category 1,a4,code5,14,14
2026-10-27,plant-B,line8,machine2,DN,lot8,category 2,b2,code8,12,12
2026-10-27,plant-A,line3,machine4,UP,lot9,pass,pass,,0,291
2026-10-27,plant-A,line7,machine8,DN,lot4,category 3,b3,code10,17,17
2026-10-27,plant-B,line7,machine1,UP,lot4,category 2,b4,code5,5,5
2026-10-27,plant-A,line8,machine2,DN,lot1,pass,pass,,0,434
2026-10-27,plant-B,line1,machine9,DN,lot9,category 1,a3,code7,2,2
2026-10-27,plant-B,line1,machine7,UP,lot7,category 2,b3,code8,15,15
2026-10-27,plant-A,line9,machine4,DN,lot1,category 1,a2,code10,10,10
2026-10-27,plant-B,line2,machine8,UP,lot5,category 2,b3,code6,8,8
2026-10-27,plant-A,line3,machine9,DN,lot3,category 2,b1,code5,3,3
2026-10-27,plant-B,line6,machine8,UP,lot3,pass,pass,,0,497
2026-10-27,plant-A,line5,machine8,UP,lot3,category 2,b3,code7,10,10
2026-10-27,plant-A,line5,machine1,UP,lot8,pass,pass,,0,274
2026-10-27,plant-A,line5,machine3,DN,lot3,pass,pass,,0,453
2026-10-27,plant-A,line3,machine5,UP,lot5,category 2,b4,code6,16,16
2026-10-27,plant-B,line4,machine5,UP,lot3,category 2,b3,code2,16,16
2026-10-27,plant-B,line6,machine8,UP,lot1,category 3,a2,code10,2,2
2026-10-27,plant-B,line9,machine1,UP,lot8,category 1,a1,code8,5,5
2026-10-27,plant-B,line8,machine7,UP,lot3,category 2,b1,code4,14,14
2026-10-27,plant-A,line4,machine8,UP,lot3,category 1,a4,code3,17,17
2026-10-27,plant-A,line3,machine1,UP,lot6,category 2,b1,code10,2,2
2026-10-27,plant-A,line9,machine3,DN,lot6,pass,pass,,0,387
2026-10-27,plant-A,line5,machine8,DN,lot3,category 2,b4,code7,17,17
2026-10-27,plant-A,line6,machine6,UP,lot2,category 3,b3,code2,2,2
2026-10-27,plant-A,line8,machine7,DN,lot1,pass,pass,,0,446
2026-10-27,plant-B,line9,machine4,UP,lot5,category 2,b4,code9,13,13
2026-10-27,plant-A,line1,machine7,UP,lot4,category 3,b4,code5,16,16
2026-10-27,plant-A,line4,machine8,UP,lot5,pass,pass,,0,333
2026-10-27,plant-A,line1,machine5,DN,lot1,pass,pass,,0,364
2026-10-27,plant-A,line1,machine4,DN,lot5,category 1,a3,code5,7,7
2026-10-27,plant-B,line3,machine2,UP,lot9,category 2,b4,code10,13,13
2026-10-27,plant-A,line9,machine8,DN,lot2,category 3,b3,code8,7,7
2026-10-27,plant-A,line7,machine1,DN,lot5,category 2,b1,code1,10,10
2026-10-27,plant-A,line5,machine8,UP,lot1,category 3,a2,code4,18,18
2026-10-27,plant-B,line1,machine3,DN,lot8,category 3,a2,code2,2,2
2026-10-27,plant-B,line7,machine7,UP,lot2,pass,pass,,0,407
2026-10-27,plant-B,line7,machine9,UP,lot1,pass,pass,,0,254
2026-10-27,plant-A,line5,machine8,UP,lot9,pass,pass,,0,439
2026-10-27,plant-B,line5,machine1,DN,lot3,pass,pass,,0,367
2026-10-27,plant-B,line9,machine8,DN,lot6,category 1,a4,code8,17,17
2026-10-27,plant-A,line2,machine9,UP,lot1,pass,pass,,0,232
2026-10-27,plant-A,line4,machine8,UP,lot4,pass,pass,,0,373
2026-10-27,plant-B,line3,machine6,UP,lot2,category 3,b4,code3,12,12
2026-10-27,plant-B,line5,machine1,DN,lot9,pass,pass,,0,272
2026-10-27,plant-A,line3,machine7,UP,lot7,category 2,b4,code8,4,4
2026-10-27,plant-B,line9,machine5,DN,lot2,pass,pass,,0,380
2026-10-27,plant-B,line3,machine3,DN,lot3,category 3,a1,code3,5,5
2026-10-27,plant-B,line1,machine2,UP,lot1,category 1,a2,code10,4,4
2026-10-27,plant-A,line3,machine1,UP,lot1,category 1,a3,code4,13,13
2026-10-27,plant-A,line3,machine3,UP,lot9,category 1,a3,code9,6,6
2026-10-27,plant-B,line9,machine1,UP,lot7,pass,pass,,0,406
2026-10-27,plant-B,line9,machine7,DN,lot9,pass,pass,,0,401
2026-10-27,plant-A,line4,machine7,UP,lot9,category 3,b4,code9,6,6
2026-10-27,plant-B,line5,machine1,DN,lot1,pass,pass,,0,394
2026-10-27,plant-B,line1,machine8,DN,lot8,category 1,a4,code1,9,9
2026-10-27,plant-A,line7,machine7,UP,lot1,pass,pass,,0,205
2026-10-27,plant-B,line8,machine7,DN,lot6,category 1,a1,code10,8,8
2026-10-27,plant-B,line5,machine3,DN,lot4,category 1,a4,code5,2,2
2026-10-27,plant-A,line5,machine5,UP,lot3,category 2,b1,code2,15,15
2026-10-27,plant-B,line5,machine4,UP,lot2,pass,pass,,0,435
2026-10-27,plant-A,line4,machine3,DN,lot6,pass,pass,,0,206
2026-10-27,plant-A,line7,machine6,DN,lot6,category 3,a2,code4,6,6
2026-10-27,plant-A,line2,machine9,UP,lot3,pass,pass,,0,255
2026-10-27,plant-A,line5,machine9,DN,lot7,category 1,a4,code2,11,11
2026-10-27,plant-B,line4,machine3,DN,lot5,pass,pass,,0,359
2026-10-27,plant-B,line4,machine7,DN,lot2,category 2,b2,code6,5,5
2026-10-27,plant-A,line7,machine3,DN,lot7,category 3,b4,code5,11,11
2026-10-27,plant-A,line9,machine1,DN,lot4,category 1,a1,code3,7,7
2026-10-27,plant-A,line7,machine2,UP,lot8,category 1,a3,code3,8,8
2026-10-27,plant-A,line2,machine7,UP,lot8,category 3,b3,code5,18,18
2026-10-27,plant-A,line9,machine2,UP,lot2,category 2,b1,code10,18,18
2026-10-27,plant-A,line3,machine6,DN,lot5,category 3,b3,code9,8,8
2026-10-27,plant-A,line6,machine6,UP,lot6,category 2,b2,code5,16,16
2026-10-27,plant-A,line7,machine4,DN,lot3,category 1,a3,code2,15,15
2026-10-27,plant-B,line2,machine7,UP,lot4,category 2,b2,code2,19,19
2026-10-27,plant-A,line1,machine6,UP,lot6,pass,pass,,0,495
2026-10-27,plant-B,line8,machine2,UP,lot1,pass,pass,,0,293
2026-10-27,plant-B,line5,machine2,UP,lot5,category 1,a2,code6,18,18
2026-10-27,plant-A,line8,machine4,UP,lot4,pass,pass,,0,285
2026-10-27,plant-A,line4,machine6,UP,lot5,category 3,a2,code10,16,16
2026-10-27,plant-B,line7,machine1,DN,lot4,category 1,a3,code2,19,19
2026-10-27,plant-B,line2,machine6,DN,lot6,category 2,b4,code3,3,3
2026-10-27,plant-B,line4,machine6,DN,lot8,category 3,b3,code9,9,9
2026-10-27,plant-A,line4,machine8,DN,lot9,pass,pass,,0,241
2026-10-27,plant-A,line3,machine9,UP,lot3,category 1,a3,code7,6,6
2026-10-27,plant-A,line6,machine5,DN,lot6,category 2,b3,code3,10,10
2026-10-27,plant-A,line1,machine6,DN,lot6,category 2,b2,code1,16,16
2026-10-27,plant-B,line8,machine6,DN,lot2,category 2,b4,code5,13,13
2026-10-27,plant-A,line6,machine8,UP,lot5,category 2,b1,code4,3,3
2026-10-27,plant-B,line7,machine8,UP,lot5,pass,pass,,0,276
2026-10-27,plant-B,line8,machine2,UP,lot9,pass,pass,,0,384
2026-10-27,plant-A,line8,machine1,DN,lot8,category 2,b1,code7,5,5
2026-10-27,plant-B,line9,machine9,UP,lot1,pass,pass,,0,433
2026-10-27,plant-B,line4,machine4,UP,lot4,pass,pass,,0,378
2026-10-27,plant-B,line2,machine3,DN,lot5,category 1,a1,code10,3,3
2026-10-27,plant-B,line8,machine8,UP,lot4,category 2,b3,code7,15,15
2026-10-27,plant-A,line6,machine1,UP,lot2,pass,pass,,0,402
2026-10-27,plant-A,line3,machine8,DN,lot4,category 1,a1,code10,2,2
2026-10-27,plant-A,line8,machine3,DN,lot2,pass,pass,,0,424
2026-10-27,plant-A,line4,machine8,UP,lot1,pass,pass,,0,470
2026-10-27,plant-A,line1,machine8,DN,lot5,category 3,a2,code4,13,13
2026-10-27,plant-A,line1,machine7,DN,lot8,category 1,a3,code7,17,17
2026-10-27,plant-A,line2,machine9,UP,lot1,category 2,b3,code10,2,2
2026-10-27,plant-A,line9,machine4,DN,lot1,category 2,b4,code6,17,17
2026-10-27,plant-B,line1,machine9,DN,lot9,pass,pass,,0,491
2026-10-27,plant-B,line9,machine4,UP,lot6,category 2,b1,code10,2,2
2026-10-27,plant-B,line3,machine2,DN,lot8,category 2,b1,code5,8,8
2026-10-27,plant-B,line7,machine5,UP,lot1,category 2,b3,code3,2,2
2026-10-27,plant-B,line4,machine3,UP,lot4,pass,pass,,0,227
2026-10-27,plant-A,line6,machine9,UP,lot6,category 1,a1,code1,5,5
2026-10-27,plant-B,line1,machine9,UP,lot4,category 1,a3,code4,11,11
2026-10-27,plant-B,line8,machine4,DN,lot9,category 3,b3,code2,7,7
2026-10-27,plant-A,line7,machine4,DN,lot3,category 3,a1,code3,5,5
2026-10-27,plant-A,line2,machine5,DN,lot6,category 1,a4,code3,7,7
2026-10-27,plant-B,line2,machine4,UP,lot7,category 3,b4,code3,6,6
2026-10-27,plant-B,line7,machine4,UP,lot2,category 1,a4,code8,15,15
2026-10-27,plant-A,line3,machine7,UP,lot1,category 2,b2,code1,14,14
2026-10-27,plant-B,line9,machine8,DN,lot4,category 1,a4,code5,3,3
2026-10-27,plant-B,line5,machine9,DN,lot3,category 1,a2,code6,15,15
2026-10-27,plant-B,line7,machine3,UP,lot1,pass,pass,,0,323
2026-10-27,plant-B,line4,machine7,DN,lot7,pass,pass,,0,494
2026-10-27,plant-B,line3,machine8,UP,lot2,category 1,a4,code8,8,8
2026-10-27,plant-A,line3,machine7,UP,lot2,pass,pass,,0,299
2026-10-27,plant-A,line2,machine4,DN,lot7,category 2,b3,code6,5,5
2026-10-27,plant-A,line2,machine8,DN,lot4,category 1,a4,code5,15,15
2026-10-27,plant-B,line8,machine1,UP,lot2,category 2,b2,code5,13,13
2026-10-27,plant-B,line6,machine2,UP,lot4,category 1,a2,code7,7,7
2026-10-27,plant-A,line7,machine6,DN,lot2,category 1,a2,code5,9,9
2026-10-27,plant-B,line3,machine9,DN,lot1,category 2,b2,code3,17,17
2026-10-27,plant-A,line2,machine8,UP,lot7,category 3,a2,code6,15,15
2026-10-27,plant-B,line1,machine4,DN,lot5,category 1,a2,code10,8,8
2026-10-27,plant-A,line5,machine1,DN,lot3,pass,pass,,0,244
2026-10-27,plant-B,line5,machine7,DN,lot1,pass,pass,,0,171
2026-10-27,plant-A,line4,machine8,UP,lot8,category 3,a2,code6,15,15
2026-10-27,plant-A,line9,machine8,UP,lot7,category 2,b1,code7,17,17
2026-10-27,plant-A,line8,machine7,DN,lot6,category 1,a1,code5,4,4
2026-10-27,plant-B,line3,machine5,UP,lot3,pass,pass,,0,477
2026-10-27,plant-A,line6,machine1,DN,lot4,category 3,a1,code5,15,15
2026-10-27,plant-A,line6,machine7,UP,lot8,pass,pass,,0,363
2026-10-27,plant-B,line2,machine3,DN,lot6,category 1,a2,code3,17,17
2026-10-27,plant-A,line8,machine4,UP,lot9,category 2,b2,code3,17,17
2026-10-27,plant-B,line3,machine2,UP,lot8,category 1,a4,code9,11,11
2026-10-27,plant-B,line9,machine6,DN,lot2,category 1,a1,code5,17,17
2026-10-27,plant-A,line2,machine1,DN,lot2,pass,pass,,0,450
2026-10-27,plant-B,line4,machine3,DN,lot8,category 3,a2,code2,5,5
2026-10-27,plant-B,line1,machine9,UP,lot8,pass,pass,,0,455
2026-10-27,plant-A,line6,machine4,DN,lot5,category 1,a3,code5,13,13
2026-10-27,plant-A,line6,machine6,UP,lot6,category 1,a2,code3,8,8
2026-10-27,plant-A,line7,machine8,UP,lot4,category 3,b4,code6,16,16
2026-10-27,plant-B,line2,machine7,DN,lot9,category 2,b3,code5,14,14
2026-10-27,plant-A,line5,machine1,UP,lot8,pass,pass,,0,376
2026-10-27,plant-A,line4,machine1,DN,lot5,category 1,a1,code5,17,17
2026-10-27,plant-B,line2,machine1,UP,lot8,category 2,b4,code4,6,6
2026-10-27,plant-A,line4,machine6,DN,lot6,category 1,a3,code4,8,8
2026-10-27,plant-A,line4,machine3,UP,lot8,category 1,a4,code6,12,12
2026-10-27,plant-B,line9,machine1,DN,lot3,category 2,b1,code4,18,18
2026-10-27,plant-A,line4,machine5,UP,lot5,category 1,a4,code6,3,3
2026-10-27,plant-B,line9,machine4,DN,lot8,pass,pass,,0,400
2026-10-27,plant-A,line1,machine1,UP,lot4,pass,pass,,0,279
2026-10-27,plant-A,line6,machine6,DN,lot1,category 1,a3,code3,8,8
2026-10-27,plant-A,line1,machine4,UP,lot5,category 2,b4,code8,18,18
2026-10-27,plant-A,line8,machine2,UP,lot8,category 1,a4,code9,11,11
2026-10-27,plant-A,line4,machine4,UP,lot1,category 3,a1,code4,1,1
2026-10-27,plant-B,line1,machine7,DN,lot1,category 1,a4,code10,12,12
2026-10-27,plant-B,line3,machine7,DN,lot9,pass,pass,,0,325
2026-10-27,plant-B,line4,machine8,DN,lot7,category 1,a2,code4,9,9
2026-10-27,plant-B,line3,machine3,DN,lot3,pass,pass,,0,357
2026-10-27,plant-B,line8,machine8,DN,lot6,category 1,a2,code5,12,12
2026-10-27,plant-A,line8,machine1,UP,lot4,pass,pass,,0,455
2026-10-27,plant-A,line3,machine8,DN,lot3,category 1,a2,code5,1,1
2026-10-27,plant-B,line6,machine4,DN,lot5,pass,pass,,0,211
2026-10-27,plant-A,line7,machine1,DN,lot3,category 1,a3,code9,9,9
2026-10-27,plant-A,line3,machine8,UP,lot6,category 1,a4,code2,3,3
2026-10-27,plant-A,line6,machine7,UP,lot7,pass,pass,,0,274
2026-10-27,plant-B,line7,machine4,UP,lot6,category 3,b3,code10,8,8
2026-10-27,plant-B,line7,machine4,UP,lot3,category 2,b4,code10,12,12
2026-10-27,plant-A,line4,machine5,DN,lot4,category 1,a3,code4,10,10
2026-10-27,plant-A,line2,machine7,DN,lot5,category 2,b1,code6,17,17
2026-10-27,plant-A,line9,machine1,DN,lot2,category 1,a3,code5,17,17
2026-10-27,plant-A,line5,machine8,UP,lot7,category 1,a4,code6,2,2
2026-10-27,plant-B,line1,machine9,UP,lot2,category 2,b2,code10,9,9
2026-10-27,plant-B,line4,machine3,UP,lot7,category 2,b4,code2,11,11
2026-10-27,plant-B,line6,machine8,DN,lot6,category 1,a2,code6,5,5
2026-10-27,plant-A,line1,machine9,UP,lot6,pass,pass,,0,368
2026-10-27,plant-B,line2,machine2,UP,lot5,pass,pass,,0,209
2026-10-27,plant-B,line4,machine9,DN,lot1,category 1,a1,code2,14,14
2026-10-27,plant-A,line4,machine9,UP,lot5,category 2,b1,code8,10,10
2026-10-27,plant-A,line5,machine1,UP,lot6,category 2,b1,code10,14,14
2026-10-27,plant-B,line2,machine6,UP,lot2,pass,pass,,0,352
2026-10-27,plant-A,line1,machine3,DN,lot1,pass,pass,,0,401
2026-10-27,plant-B,line5,machine4,DN,lot9,category 3,a1,code9,11,11
2026-10-27,plant-A,line2,machine6,DN,lot5,category 2,b3,code5,5,5
2026-10-27,plant-A,line2,machine1,DN,lot7,pass,pass,,0,409
2026-10-28,,line6,machine6,UP,lot7,,,,4,4
2026-10-28,,line7,machine4,UP,lot4,,,,0,100
2026-10-28,,line5,machine8,UP,lot7,,,,2,2
2026-10-28,plant-B,line2,machine3,UP,lot1,pass,pass,,0,413
2026-10-28,plant-A,line2,machine5,UP,lot9,pass,pass,,0,371
2026-10-28,plant-A,line8,machine4,UP,lot1,category 3,a2,code2,5,5
2026-10-28,plant-B,line2,machine5,DN,lot1,pass,pass,,0,207
2026-10-28,plant-B,line8,machine4,UP,lot9,category 2,b1,code2,8,8
2026-10-28,plant-B,line6,machine1,DN,lot9,pass,pass,,0,370
2026-10-28,plant-A,line1,machine7,DN,lot8,pass,pass,,0,376
2026-10-28,plant-A,line9,machine4,DN,lot1,pass,pass,,0,193
2026-10-28,plant-A,line9,machine8,DN,lot4,category 3,b3,code5,18,18
2026-10-28,plant-A,line8,machine5,DN,lot3,category 2,b2,code4,8,8
2026-10-28,plant-A,line3,machine1,DN,lot7,pass,pass,,0,470
2026-10-28,plant-B,line2,machine6,UP,lot4,category 1,a4,code7,9,9
2026-10-28,plant-B,line5,machine2,UP,lot5,pass,pass,,0,335
2026-10-28,plant-B,line5,machine6,DN,lot9,category 2,b4,code3,1,1
2026-10-28,plant-A,line4,machine5,UP,lot3,category 3,b3,code8,6,6
2026-10-28,plant-B,line6,machine5,DN,lot8,pass,pass,,0,168
2026-10-28,plant-B,line3,machine8,DN,lot7,category 1,a4,code1,3,3
2026-10-28,plant-A,line7,machine7,UP,lot6,category 1,a3,code4,9,9
2026-10-28,plant-A,line7,machine8,DN,lot6,pass,pass,,0,475
2026-10-28,plant-A,line8,machine5,DN,lot3,category 1,a3,code5,15,15
2026-10-28,plant-A,line8,machine7,DN,lot5,pass,pass,,0,301
2026-10-28,plant-A,line2,machine8,DN,lot9,category 2,b2,code4,2,2
2026-10-28,plant-A,line5,machine7,DN,lot4,category 1,a2,code5,16,16
2026-10-28,plant-A,line2,machine9,UP,lot3,category 2,b2,code5,9,9
2026-10-28,plant-B,line4,machine1,UP,lot3,category 2,b2,code5,18,18
2026-10-28,plant-A,line3,machine5,UP,lot2,category 2,b3,code8,16,16
2026-10-28,plant-A,line7,machine2,UP,lot8,category 2,b1,code9,12,12
2026-10-28,plant-B,line5,machine8,DN,lot5,pass,pass,,0,474
2026-10-28,plant-B,line7,machine2,DN,lot4,category 2,b3,code3,10,10
2026-10-28,plant-A,line4,machine4,DN,lot7,category 2,b4,code8,17,17
2026-10-28,plant-B,line4,machine8,DN,lot2,category 1,a2,code8,10,10
2026-10-28,plant-A,line2,machine4,DN,lot4,pass,pass,,0,218
2026-10-28,plant-B,line8,machine5,UP,lot1,category 1,a2,code1,8,8
2026-10-28,plant-A,line9,machine2,UP,lot4,category 3,b3,code3,17,17
2026-10-28,plant-B,line2,machine3,DN,lot9,category 1,a3,code5,5,5
2026-10-28,plant-A,line6,machine6,DN,lot5,category 2,b2,code9,10,10
2026-10-28,plant-B,line7,machine3,UP,lot9,category 2,b2,code7,4,4
2026-10-28,plant-B,line9,machine4,DN,lot2,category 1,a1,code9,16,16
2026-10-28,plant-B,line5,machine5,DN,lot6,category 1,a1,code4,17,17
2026-10-28,plant-A,line9,machine8,DN,lot3,pass,pass,,0,283
2026-10-28,plant-A,line3,machine5,DN,lot6,category 3,b3,code10,4,4
2026-10-28,plant-B,line6,machine2,DN,lot8,category 2,b4,code7,12,12
2026-10-28,plant-B,line2,machine7,DN,lot1,pass,pass,,0,289
2026-10-28,plant-A,line7,machine3,UP,lot9,category 3,b4,code5,3,3
2026-10-28,plant-A,line1,machine5,UP,lot8,category 2,b3,code4,15,15
2026-10-28,plant-A,line9,machine5,DN,lot7,category 3,a2,code2,9,9
2026-10-28,plant-B,line6,machine6,DN,lot7,pass,pass,,0,247
2026-10-28,plant-B,line8,machine5,UP,lot7,pass,pass,,0,282
2026-10-28,plant-B,line6,machine6,DN,lot2,pass,pass,,0,204
2026-10-28,plant-A,line3,machine9,DN,lot7,category 1,a1,code4,5,5
2026-10-28,plant-A,line4,machine6,UP,lot8,category 3,a2,code5,14,14
2026-10-28,plant-A,line3,machine8,DN,lot4,category 2,b2,code3,19,19
2026-10-28,plant-B,line1,machine1,UP,lot6,category 1,a2,code1,7,7
2026-10-28,plant-A,line2,machine8,DN,lot1,pass,pass,,0,383
2026-10-28,plant-B,line1,machine3,UP,lot7,category 2,b2,code6,17,17
2026-10-28,plant-A,line9,machine7,DN,lot9,pass,pass,,0,434
2026-10-28,plant-A,line6,machine3,UP,lot1,category 1,a3,code8,8,8
2026-10-28,plant-B,line6,machine7,DN,lot6,pass,pass,,0,301
2026-10-28,plant-B,line3,machine6,DN,lot1,category 1,a4,code6,3,3
2026-10-28,plant-A,line3,machine8,UP,lot7,category 1,a1,code8,14,14
2026-10-28,plant-A,line6,machine2,DN,lot1,pass,pass,,0,287
2026-10-28,plant-B,line1,machine1,UP,lot5,category 2,b1,code7,1,1
2026-10-28,plant-B,line6,machine2,DN,lot7,category 3,b3,code9,8,8
2026-10-28,plant-A,line5,machine4,DN,lot4,pass,pass,,0,361
2026-10-28,plant-B,line4,machine9,DN,lot4,category 2,b1,code6,4,4
2026-10-28,plant-B,line3,machine1,DN,lot2,pass,pass,,0,253
2026-10-28,plant-A,line4,machine1,UP,lot5,category 2,b3,code9,7,7
2026-10-28,plant-B,line7,machine4,UP,lot3,pass,pass,,0,192
2026-10-28,plant-A,line4,machine7,DN,lot7,pass,pass,,0,401
2026-10-28,plant-B,line7,machine5,UP,lot7,category 1,a3,code10,7,7
2026-10-28,plant-A,line9,machine4,UP,lot1,category 3,a1,code10,7,7
2026-10-28,plant-B,line9,machine5,UP,lot2,category 3,a2,code5,8,8
2026-10-28,plant-B,line4,machine5,DN,lot7,pass,pass,,0,432
2026-10-28,plant-B,line4,machine7,UP,lot4,category 3,a2,code4,2,2
2026-10-28,plant-B,line2,machine9,DN,lot3,category 1,a1,code10,11,11
2026-10-28,plant-B,line5,machine9,UP,lot4,pass,pass,,0,359
2026-10-28,plant-B,line1,machine3,UP,lot6,category 3,a1,code1,3,3
2026-10-28,plant-A,line6,machine3,DN,lot7,category 3,a1,code7,14,14
2026-10-28,plant-A,line8,machine5,UP,lot9,category 3,a1,code2,7,7
2026-10-28,plant-A,line8,machine5,UP,lot3,category 2,b3,code2,5,5
2026-10-28,plant-B,line6,machine5,DN,lot5,category 2,b3,code5,7,7
2026-10-28,plant-A,line9,machine1,DN,lot7,category 3,b4,code10,17,17
2026-10-28,plant-B,line7,machine3,DN,lot2,category 1,a4,code10,13,13
2026-10-28,plant-A,line9,machine7,DN,lot6,category 1,a2,code4,8,8
2026-10-28,plant-A,line8,machine7,DN,lot1,category 2,b3,code5,19,19
2026-10-28,plant-B,line5,machine1,UP,lot9,pass,pass,,0,440
2026-10-28,plant-A,line6,machine6,DN,lot9,pass,pass,,0,414
2026-10-28,plant-B,line9,machine2,UP,lot2,category 3,b3,code9,5,5
2026-10-28,plant-A,line8,machine4,DN,lot7,pass,pass,,0,470
2026-10-28,plant-B,line5,machine7,DN,lot6,pass,pass,,0,489
2026-10-28,plant-B,line6,machine5,DN,lot3,category 1,a4,code4,18,18
2026-10-28,plant-A,line3,machine8,DN,lot1,pass,pass,,0,339
2026-10-28,plant-A,line2,machine1,UP,lot4,category 1,a4,code10,18,18
2026-10-28,plant-B,line2,machine1,DN,lot9,category 3,a2,code10,3,3
2026-10-28,plant-A,line8,machine1,DN,lot4,pass,pass,,0,440
2026-10-28,plant-A,line1,machine7,DN,lot3,category 3,b4,code2,10,10
2026-10-28,plant-A,line7,machine7,UP,lot3,pass,pass,,0,230
2026-10-28,plant-B,line4,machine7,DN,lot1,pass,pass,,0,402
2026-10-28,plant-B,line2,machine9,UP,lot6,category 1,a3,code4,7,7
2026-10-28,plant-A,line2,machine6,UP,lot7,pass,pass,,0,387
2026-10-28,plant-B,line1,machine9,UP,lot3,category 2,b3,code5,1,1
2026-10-28,plant-B,line2,machine6,DN,lot4,category 2,b4,code1,3,3
2026-10-28,plant-B,line6,machine6,DN,lot1,category 3,a2,code10,11,11
2026-10-28,plant-A,line2,machine4,DN,lot8,category 3,a2,code8,15,15
2026-10-28,plant-B,line7,machine2,DN,lot1,pass,pass,,0,173
2026-10-28,plant-A,line6,machine7,UP,lot3,pass,pass,,0,199
2026-10-28,plant-B,line8,machine3,DN,lot9,category 1,a2,code10,3,3
2026-10-28,plant-A,line3,machine8,DN,lot8,pass,pass,,0,324
2026-10-28,plant-B,line4,machine8,DN,lot4,pass,pass,,0,269
2026-10-28,plant-B,line1,machine6,DN,lot9,category 3,a2,code8,18,18
2026-10-28,plant-B,line3,machine6,UP,lot9,pass,pass,,0,294
2026-10-28,plant-A,line8,machine6,DN,lot1,category 2,b2,code5,11,11
2026-10-28,plant-B,line3,machine6,UP,lot4,category 1,a1,code2,12,12
2026-10-28,plant-A,line2,machine1,UP,lot7,pass,pass,,0,237
2026-10-28,plant-B,line2,machine3,DN,lot4,category 3,a1,code9,7,7
2026-10-28,plant-A,line1,machine2,DN,lot9,pass,pass,,0,338
2026-10-28,plant-A,line7,machine5,UP,lot5,category 2,b4,code7,7,7
2026-10-28,plant-A,line8,machine1,UP,lot2,pass,pass,,0,460
2026-10-28,plant-A,line8,machine9,UP,lot8,pass,pass,,0,417
2026-10-28,plant-A,line4,machine5,UP,lot9,category 2,b2,code6,3,3
2026-10-28,plant-A,line2,machine7,UP,lot1,pass,pass,,0,458
2026-10-28,plant-A,line8,machine4,DN,lot1,category 1,a3,code8,1,1
2026-10-28,plant-B,line9,machine8,UP,lot8,pass,pass,,0,178
2026-10-28,plant-A,line5,machine3,DN,lot8,pass,pass,,0,373
2026-10-28,plant-A,line5,machine5,DN,lot3,pass,pass,,0,424
2026-10-28,plant-A,line6,machine1,UP,lot4,category 1,a2,code10,6,6
2026-10-28,plant-A,line5,machine9,UP,lot3,category 3,a1,code3,4,4
2026-10-28,plant-B,line9,machine4,UP,lot4,category 3,a1,code7,17,17
2026-10-28,plant-A,line5,machine9,UP,lot6,category 3,b4,code3,19,19
2026-10-28,plant-B,line3,machine7,UP,lot9,category 1,a3,code8,1,1
2026-10-28,plant-A,line2,machine4,UP,lot6,category 2,b4,code9,2,2
2026-10-28,plant-A,line4,machine8,DN,lot8,category 2,b2,code8,13,13
2026-10-28,plant-B,line1,machine5,UP,lot7,category 3,a2,code2,15,15
2026-10-28,plant-B,line3,machine8,UP,lot4,category 2,b2,code7,17,17
2026-10-28,plant-A,line6,machine5,DN,lot2,category 3,b4,code7,13,13
2026-10-28,plant-B,line5,machine4,DN,lot8,category 3,a2,code8,16,16
2026-10-28,plant-B,line6,machine6,DN,lot2,category 3,a1,code1,6,6
2026-10-28,plant-A,line7,machine1,UP,lot6,category 2,b2,code7,13,13
2026-10-28,plant-B,line3,machine7,UP,lot4,category 3,b3,code7,4,4
2026-10-28,plant-A,line8,machine4,DN,lot4,pass,pass,,0,445
2026-10-28,plant-A,line2,machine7,UP,lot6,pass,pass,,0,338
2026-10-28,plant-B,line9,machine1,DN,lot1,category 3,b4,code9,16,16
2026-10-28,plant-B,line7,machine9,UP,lot3,category 1,a3,code6,5,5
2026-10-28,plant-A,line3,machine2,UP,lot3,pass,pass,,0,301
2026-10-28,plant-A,line5,machine4,DN,lot1,category 1,a4,code1,15,15
2026-10-28,plant-A,line6,machine1,DN,lot8,pass,pass,,0,497
2026-10-28,plant-B,line6,machine7,UP,lot1,category 2,b2,code5,11,11
2026-10-28,plant-B,line1,machine6,UP,lot2,category 3,a2,code5,5,5
2026-10-28,plant-A,line1,machine3,UP,lot2,category 3,a1,code9,8,8
2026-10-28,plant-A,line5,machine6,DN,lot6,category 2,b2,code10,10,10
2026-10-28,plant-B,line4,machine8,UP,lot2,category 2,b4,code6,8,8
2026-10-28,plant-A,line5,machine7,DN,lot5,category 2,b4,code4,3,3
2026-10-28,plant-A,line7,machine4,DN,lot7,category 2,b4,code4,11,11
2026-10-28,plant-A,line6,machine7,DN,lot2,pass,pass,,0,322
2026-10-28,plant-A,line3,machine4,DN,lot9,category 3,b3,code5,2,2
2026-10-28,plant-A,line8,machine5,DN,lot8,category 3,a2,code4,9,9
2026-10-28,plant-A,line4,machine1,DN,lot2,category 1,a2,code8,6,6
2026-10-28,plant-B,line5,machine8,DN,lot2,pass,pass,,0,477
2026-10-28,plant-A,line8,machine6,UP,lot6,pass,pass,,0,323
2026-10-28,plant-A,line5,machine6,DN,lot3,category 3,a2,code5,12,12
2026-10-28,plant-A,line6,machine8,DN,lot3,category 1,a2,code9,17,17
2026-10-28,plant-B,line8,machine9,DN,lot6,category 1,a3,code10,2,2
2026-10-28,plant-B,line5,machine9,DN,lot3,category 1,a4,code7,1,1
2026-10-28,plant-A,line2,machine8,DN,lot3,category 2,b4,code7,9,9
2026-10-28,plant-B,line6,machine2,DN,lot4,pass,pass,,0,176
2026-10-28,plant-B,line7,machine7,UP,lot7,category 3,a2,code8,2,2
2026-10-28,plant-B,line7,machine4,UP,lot7,category 3,b4,code3,12,12
2026-10-28,plant-B,line5,machine4,UP,lot4,category 2,b3,code7,1,1
2026-10-28,plant-B,line1,machine4,DN,lot4,category 3,b3,code9,1,1
2026-10-28,plant-B,line4,machine7,UP,lot7,category 1,a2,code6,13,13
2026-10-28,plant-A,line6,machine1,DN,lot8,category 2,b1,code2,6,6
2026-10-28,plant-B,line8,machine7,DN,lot1,category 2,b2,code10,6,6
2026-10-28,plant-A,line9,machine1,UP,lot2,pass,pass,,0,179
2026-10-28,plant-A,line5,machine6,DN,lot4,category 3,a1,code9,19,19
2026-10-28,plant-B,line3,machine3,DN,lot4,category 3,b4,code7,18,18
2026-10-28,plant-B,line1,machine8,UP,lot4,pass,pass,,0,475
2026-10-28,plant-A,line7,machine7,UP,lot8,pass,pass,,0,375
2026-10-28,plant-A,line4,machine9,DN,lot1,category 1,a1,code5,3,3
2026-10-28,plant-B,line2,machine9,DN,lot7,category 1,a1,code9,19,19
2026-10-28,plant-B,line6,machine8,UP,lot4,category 2,b1,code8,10,10
2026-10-28,plant-A,line6,machine3,UP,lot2,pass,pass,,0,426
2026-10-28,plant-B,line9,machine8,DN,lot2,category 3,b4,code8,10,10
2026-10-28,plant-B,line6,machine2,UP,lot4,category 3,b3,code3,17,17
2026-10-28,plant-B,line6,machine1,UP,lot9,pass,pass,,0,438
2026-10-28,plant-A,line1,machine2,DN,lot7,pass,pass,,0,374
2026-10-28,plant-A,line1,machine3,DN,lot1,pass,pass,,0,243
2026-10-28,plant-B,line9,machine5,DN,lot3,category 2,b2,code7,14,14
2026-10-28,plant-A,line4,machine9,DN,lot2,category 1,a1,code7,14,14
2026-10-28,plant-A,line5,machine9,DN,lot6,category 3,a1,code5,5,5
2026-10-28,plant-A,line3,machine6,UP,lot3,pass,pass,,0,406
2026-10-28,plant-A,line9,machine4,DN,lot5,category 1,a3,code8,19,19
2026-10-28,plant-A,line2,machine1,DN,lot8,pass,pass,,0,404
2026-10-28,plant-B,line3,machine4,DN,lot3,category 1,a3,code7,14,14
2026-10-28,plant-B,line8,machine8,DN,lot1,category 2,b3,code7,6,6
2026-10-28,plant-B,line4,machine9,UP,lot2,pass,pass,,0,418
2026-10-28,plant-B,line8,machine9,UP,lot5,category 3,a2,code9,11,11
2026-10-28,plant-B,line6,machine2,UP,lot5,category 1,a1,code2,17,17
2026-10-29,,line7,machine7,DN,lot5,,,,1,1
2026-10-29,,line3,machine2,DN,lot9,,,,1,1
2026-10-29,,line9,machine8,DN,lot7,,,,0,100
2026-10-29,plant-B,line1,machine1,UP,lot6,category 2,b3,code8,8,8
2026-10-29,plant-B,line1,machine9,DN,lot9,category 3,b3,code1,2,2
2026-10-29,plant-B,line5,machine2,UP,lot5,category 3,b3,code10,1,1
2026-10-29,plant-B,line3,machine9,DN,lot8,pass,pass,,0,387
2026-10-29,plant-B,line2,machine5,UP,lot6,pass,pass,,0,267
2026-10-29,plant-B,line1,machine1,UP,lot4,category 2,b3,code7,7,7
2026-10-29,plant-B,line2,machine4,DN,lot2,category 3,a1,code7,10,10
2026-10-29,plant-A,line9,machine2,DN,lot7,category 1,a4,code8,5,5
2026-10-29,plant-A,line4,machine3,UP,lot7,pass,pass,,0,494
2026-10-29,plant-A,line4,machine3,DN,lot4,category 2,b4,code2,11,11
2026-10-29,plant-B,line3,machine1,DN,lot8,category 2,b2,code3,1,1
2026-10-29,plant-A,line6,machine6,UP,lot4,category 1,a4,code9,7,7
2026-10-29,plant-A,line2,machine4,UP,lot5,category 1,a2,code4,7,7
2026-10-29,plant-B,line5,machine4,UP,lot7,category 1,a2,code1,18,18
2026-10-29,plant-B,line6,machine6,UP,lot7,category 1,a2,code5,8,8
2026-10-29,plant-B,line2,machine7,DN,lot6,pass,pass,,0,426
2026-10-29,plant-A,line7,machine5,UP,lot3,category 2,b2,code8,12,12
2026-10-29,plant-A,line4,machine3,UP,lot8,category 1,a4,code4,15,15
2026-10-29,plant-B,line3,machine8,UP,lot2,category 1,a1,code9,9,9
2026-10-29,plant-B,line4,machine2,DN,lot8,category 1,a2,code1,18,18
2026-10-29,plant-A,line5,machine5,UP,lot8,category 3,b4,code6,16,16
2026-10-29,plant-B,line4,machine9,DN,lot8,category 3,a1,code5,3,3
2026-10-29,plant-B,line6,machine6,DN,lot7,category 3,b3,code6,10,10
2026-10-29,plant-A,line1,machine8,UP,lot5,category 3,b4,code5,17,17
2026-10-29,plant-B,line6,machine7,UP,lot2,category 3,a2,code5,18,18
2026-10-29,plant-B,line6,machine5,UP,lot2,pass,pass,,0,418
2026-10-29,plant-A,line3,machine5,UP,lot2,pass,pass,,0,154
2026-10-29,plant-A,line1,machine1,DN,lot3,pass,pass,,0,302
2026-10-29,plant-B,line9,machine4,DN,lot4,pass,pass,,0,289
2026-10-29,plant-B,line4,machine8,DN,lot3,category 1,a3,code9,13,13
2026-10-29,plant-B,line2,machine4,DN,lot8,pass,pass,,0,412
2026-10-29,plant-B,line9,machine4,UP,lot9,category 2,b4,code10,17,17
2026-10-29,plant-B,line4,machine2,UP,lot9,category 1,a1,code7,13,13
2026-10-29,plant-A,line1,machine8,UP,lot9,pass,pass,,0,493
2026-10-29,plant-B,line4,machine8,UP,lot4,category 1,a1,code5,11,11
2026-10-29,plant-A,line7,machine8,DN,lot7,pass,pass,,0,364
2026-10-29,plant-A,line3,machine1,UP,lot2,pass,pass,,0,223
2026-10-29,plant-A,line8,machine9,UP,lot3,category 1,a4,code1,4,4
2026-10-29,plant-B,line3,machine3,DN,lot3,category 3,b3,code5,15,15
2026-10-29,plant-B,line9,machine9,UP,lot4,category 1,a4,code10,19,19
2026-10-29,plant-B,line6,machine1,UP,lot3,pass,pass,,0,161
2026-10-29,plant-B,line4,machine8,DN,lot9,category 1,a4,code9,16,16
2026-10-29,plant-B,line8,machine1,UP,lot9,category 1,a1,code10,17,17
2026-10-29,plant-A,line5,machine8,UP,lot8,category 2,b2,code4,7,7
2026-10-29,plant-A,line9,machine3,UP,lot8,category 2,b1,code5,6,6
2026-10-29,plant-A,line9,machine5,DN,lot4,category 1,a3,code10,1,1
2026-10-29,plant-A,line1,machine4,UP,lot4,category 2,b4,code9,15,15
2026-10-29,plant-A,line6,machine9,DN,lot6,category 3,a2,code7,9,9
2026-10-29,plant-B,line3,machine9,UP,lot1,category 2,b4,code5,6,6
2026-10-29,plant-B,line5,machine6,UP,lot2,category 2,b1,code7,3,3
2026-10-29,plant-A,line4,machine3,DN,lot9,category 1,a3,code8,4,4
2026-10-29,plant-A,line8,machine2,DN,lot6,category 2,b3,code5,2,2
2026-10-29,plant-A,line5,machine7,DN,lot4,pass,pass,,0,487
2026-10-29,plant-B,line4,machine4,DN,lot9,category 2,b1,code10,8,8
2026-10-29,plant-B,line4,machine1,UP,lot3,category 2,b1,code3,17,17
2026-10-29,plant-B,line6,machine9,UP,lot8,category 1,a4,code1,16,16
2026-10-29,plant-A,line2,machine3,UP,lot5,pass,pass,,0,490
2026-10-29,plant-B,line2,machine8,UP,lot9,category 2,b2,code5,3,3
2026-10-29,plant-B,line6,machine9,UP,lot2,category 1,a1,code8,1,1
2026-10-29,plant-B,line7,machine5,UP,lot8,category 1,a4,code2,7,7
2026-10-29,plant-A,line6,machine3,UP,lot3,category 3,a2,code9,7,7
2026-10-29,plant-A,line4,machine4,UP,lot3,category 1,a4,code9,13,13
2026-10-29,plant-B,line7,machine6,DN,lot8,category 3,b4,code8,17,17
2026-10-29,plant-B,line9,machine4,DN,lot6,category 1,a4,code2,10,10
2026-10-29,plant-B,line9,machine5,UP,lot3,pass,pass,,0,230
2026-10-29,plant-B,line4,machine2,DN,lot3,category 2,b2,code2,1,1
2026-10-29,plant-B,line2,machine4,UP,lot1,category 1,a3,code1,6,6
2026-10-29,plant-A,line8,machine5,UP,lot3,category 1,a1,code2,9,9
2026-10-29,plant-B,line4,machine2,UP,lot3,pass,pass,,0,472
2026-10-29,plant-A,line9,machine8,DN,lot1,category 2,b4,code8,10,10
2026-10-29,plant-B,line6,machine8,UP,lot8,pass,pass,,0,168
2026-10-29,plant-B,line4,machine3,DN,lot9,category 1,a4,code9,3,3
2026-10-29,plant-B,line6,machine2,DN,lot5,pass,pass,,0,256
2026-10-29,plant-B,line9,machine1,UP,lot4,category 3,a1,code6,18,18
2026-10-29,plant-A,line6,machine5,UP,lot3,category 1,a2,code7,15,15
2026-10-29,plant-B,line6,machine9,UP,lot3,category 3,b3,code6,2,2
2026-10-29,plant-A,line9,machine4,DN,lot1,category 2,b1,code2,10,10
2026-10-29,plant-A,line2,machine4,DN,lot3,category 1,a4,code2,1,1
2026-10-29,plant-A,line2,machine8,UP,lot3,category 2,b3,code1,3,3
2026-10-29,plant-A,line6,machine1,DN,lot1,category 2,b2,code3,18,18
2026-10-29,plant-A,line1,machine6,UP,lot9,category 1,a2,code3,12,12
2026-10-29,plant-B,line6,machine1,UP,lot4,category 3,b3,code4,11,11
2026-10-29,plant-A,line8,machine2,DN,lot1,pass,pass,,0,274
2026-10-29,plant-B,line4,machine5,UP,lot2,pass,pass,,0,236
2026-10-29,plant-A,line8,machine4,UP,lot7,pass,pass,,0,230
2026-10-29,plant-B,line2,machine1,DN,lot4,category 3,b4,code2,14,14
2026-10-29,plant-B,line9,machine9,UP,lot7,category 3,a2,code9,17,17
2026-10-29,plant-B,line3,machine7,UP,lot8,category 2,b1,code1,14,14
2026-10-29,plant-A,line5,machine8,DN,lot4,category 2,b4,code9,17,17
2026-10-29,plant-A,line5,machine6,UP,lot5,category 3,a2,code3,11,11
2026-10-29,plant-B,line6,machine5,DN,lot2,pass,pass,,0,174
2026-10-29,plant-B,line5,machine6,UP,lot9,category 3,a1,code4,9,9
2026-10-29,plant-A,line5,machine3,DN,lot7,pass,pass,,0,173
2026-10-29,plant-A,line4,machine1,UP,lot4,category 2,b1,code10,15,15
2026-10-29,plant-B,line6,machine5,UP,lot4,pass,pass,,0,427
2026-10-29,plant-B,line2,machine8,DN,lot6,category 2,b2,code4,18,18
2026-10-29,plant-B,line2,machine4,DN,lot5,pass,pass,,0,196
2026-10-29,plant-A,line5,machine9,UP,lot8,category 2,b4,code10,7,7
2026-10-29,plant-A,line3,machine6,DN,lot7,pass,pass,,0,376
2026-10-29,plant-B,line7,machine5,DN,lot6,pass,pass,,0,355
2026-10-29,plant-A,line3,machine2,DN,lot7,pass,pass,,0,161
2026-10-29,plant-A,line9,machine8,DN,lot3,category 1,a1,code1,2,2
2026-10-29,plant-A,line5,machine1,UP,lot2,category 3,a1,code6,13,13
2026-10-29,plant-A,line5,machine6,DN,lot9,category 3,a1,code4,11,11
2026-10-29,plant-A,line5,machine5,UP,lot4,category 1,a4,code4,6,6
2026-10-29,plant-B,line9,machine8,UP,lot7,category 2,b4,code9,7,7
2026-10-29,plant-B,line5,machine9,DN,lot9,category 1,a4,code6,7,7
2026-10-29,plant-A,line6,machine7,UP,lot2,pass,pass,,0,197
2026-10-29,plant-B,line1,machine6,UP,lot3,category 3,a1,code9,8,8
2026-10-29,plant-B,line4,machine8,DN,lot7,category 1,a2,code9,18,18
2026-10-29,plant-B,line8,machine2,UP,lot7,category 2,b4,code1,11,11
2026-10-29,plant-B,line2,machine6,DN,lot3,category 1,a4,code6,5,5
2026-10-29,plant-A,line3,machine7,DN,lot9,category 1,a2,code5,17,17
2026-10-29,plant-B,line1,machine1,DN,lot7,pass,pass,,0,481
2026-10-29,plant-B,line2,machine3,UP,lot8,category 1,a4,code6,11,11
2026-10-29,plant-A,line8,machine2,UP,lot4,pass,pass,,0,297
2026-10-29,plant-A,line7,machine1,UP,lot8,category 2,b4,code9,16,16
2026-10-29,plant-B,line1,machine6,DN,lot5,pass,pass,,0,208
2026-10-29,plant-A,line8,machine2,UP,lot4,category 1,a3,code7,19,19
2026-10-29,plant-A,line9,machine8,DN,lot2,category 3,b4,code10,9,9
2026-10-29,plant-A,line1,machine6,UP,lot7,pass,pass,,0,354
2026-10-29,plant-B,line4,machine4,DN,lot1,category 1,a3,code4,14,14
2026-10-29,plant-A,line7,machine8,UP,lot9,pass,pass,,0,437
2026-10-29,plant-A,line6,machine8,UP,lot6,category 2,b1,code7,14,14
2026-10-29,plant-A,line9,machine4,DN,lot1,pass,pass,,0,331
2026-10-29,plant-B,line3,machine6,UP,lot7,category 2,b2,code5,13,13
2026-10-29,plant-B,line4,machine9,UP,lot5,category 1,a3,code7,6,6
2026-10-29,plant-B,line4,machine8,UP,lot3,category 2,b1,code1,1,1
2026-10-29,plant-A,line7,machine8,UP,lot9,pass,pass,,0,262
2026-10-29,plant-B,line9,machine1,DN,lot3,category 2,b1,code9,17,17
2026-10-29,plant-B,line4,machine1,UP,lot5,category 1,a3,code3,19,19
2026-10-29,plant-B,line7,machine9,UP,lot1,category 3,b4,code10,12,12
2026-10-29,plant-A,line6,machine6,UP,lot7,category 3,b4,code7,1,1
2026-10-29,plant-B,line4,machine4,UP,lot9,category 2,b3,code9,3,3
2026-10-29,plant-B,line6,machine7,UP,lot4,category 1,a1,code1,13,13
2026-10-29,plant-A,line7,machine9,UP,lot6,pass,pass,,0,293
2026-10-29,plant-A,line7,machine5,UP,lot6,category 2,b4,code7,10,10
2026-10-29,plant-B,line7,machine3,UP,lot7,pass,pass,,0,225
2026-10-29,plant-B,line5,machine8,DN,lot7,category 1,a3,code2,16,16
2026-10-29,plant-A,line7,machine3,DN,lot8,category 1,a3,code4,10,10
2026-10-29,plant-B,line5,machine2,DN,lot9,category 1,a2,code8,1,1
2026-10-29,plant-B,line8,machine1,DN,lot5,category 2,b3,code3,9,9
2026-10-29,plant-B,line9,machine1,DN,lot4,category 3,a2,code7,16,16
2026-10-29,plant-B,line7,machine9,UP,lot3,category 2,b3,code7,5,5
2026-10-29,plant-B,line4,machine6,DN,lot7,category 3,a2,code6,9,9
2026-10-29,plant-A,line8,machine1,UP,lot8,category 2,b4,code5,1,1
2026-10-29,plant-B,line9,machine9,DN,lot2,category 2,b1,code3,6,6
2026-10-29,plant-A,line1,machine2,UP,lot5,category 2,b2,code6,14,14
2026-10-29,plant-B,line1,machine7,UP,lot3,pass,pass,,0,229
2026-10-29,plant-B,line4,machine9,UP,lot7,category 3,b4,code6,12,12
2026-10-29,plant-B,line4,machine9,DN,lot7,pass,pass,,0,206
2026-10-29,plant-A,line7,machine4,DN,lot3,category 2,b2,code3,7,7
2026-10-29,plant-A,line6,machine7,UP,lot6,category 2,b2,code2,6,6
2026-10-29,plant-A,line9,machine4,UP,lot5,category 3,a2,code1,8,8
2026-10-29,plant-A,line4,machine6,UP,lot1,category 1,a3,code7,8,8
2026-10-29,plant-B,line5,machine9,UP,lot2,category 2,b4,code10,16,16
2026-10-29,plant-B,line7,machine5,UP,lot8,category 2,b3,code3,18,18
2026-10-29,plant-B,line4,machine2,UP,lot3,pass,pass,,0,319
2026-10-29,plant-A,line4,machine6,UP,lot9,category 2,b2,code8,15,15
2026-10-29,plant-A,line3,machine8,UP,lot4,category 1,a3,code8,10,10
2026-10-29,plant-B,line6,machine1,UP,lot9,category 2,b2,code7,9,9
2026-10-29,plant-A,line6,machine2,UP,lot7,category 1,a1,code6,6,6
2026-10-29,plant-B,line2,machine4,DN,lot4,category 3,b3,code2,18,18
2026-10-29,plant-B,line7,machine4,UP,lot7,category 1,a4,code3,8,8
2026-10-29,plant-B,line2,machine3,DN,lot3,category 1,a2,code9,10,10
2026-10-29,plant-A,line1,machine4,DN,lot5,pass,pass,,0,405
2026-10-29,plant-B,line3,machine4,UP,lot8,category 2,b2,code2,11,11
2026-10-29,plant-B,line6,machine4,DN,lot2,category 1,a1,code6,5,5
2026-10-29,plant-B,line6,machine1,UP,lot3,category 2,b4,code5,3,3
2026-10-29,plant-B,line8,machine1,UP,lot3,category 3,a2,code10,3,3
2026-10-29,plant-A,line6,machine5,DN,lot1,pass,pass,,0,439
2026-10-29,plant-A,line6,machine3,DN,lot5,category 2,b2,code5,3,3
2026-10-29,plant-B,line4,machine4,DN,lot3,category 3,b4,code4,11,11
2026-10-29,plant-A,line2,machine8,DN,lot2,category 3,b3,code10,4,4
2026-10-29,plant-B,line9,machine5,UP,lot9,pass,pass,,0,227
2026-10-29,plant-B,line3,machine5,DN,lot9,category 1,a2,code6,6,6
2026-10-29,plant-A,line9,machine8,DN,lot5,category 2,b1,code6,4,4
2026-10-29,plant-A,line9,machine2,UP,lot2,category 1,a1,code3,10,10
2026-10-29,plant-B,line5,machine2,UP,lot8,category 3,a2,code5,4,4
2026-10-29,plant-A,line6,machine5,UP,lot6,category 3,b3,code3,7,7
2026-10-29,plant-B,line2,machine2,UP,lot2,category 3,b3,code1,9,9
2026-10-29,plant-A,line8,machine8,DN,lot3,category 1,a4,code7,5,5
2026-10-29,plant-B,line5,machine2,DN,lot1,pass,pass,,0,291
2026-10-29,plant-B,line7,machine2,UP,lot1,category 1,a2,code1,7,7
2026-10-29,plant-A,line4,machine9,UP,lot8,category 1,a4,code2,11,11
2026-10-29,plant-A,line8,machine5,DN,lot5,category 2,b4,code10,14,14
2026-10-29,plant-B,line2,machine5,DN,lot9,pass,pass,,0,398
2026-10-29,plant-A,line9,machine9,UP,lot6,pass,pass,,0,268
2026-10-29,plant-A,line5,machine1,DN,lot8,category 2,b4,code6,19,19
2026-10-29,plant-A,line7,machine9,UP,lot6,category 2,b3,code1,12,12
2026-10-29,plant-B,line6,machine4,UP,lot3,category 2,b2,code3,5,5
2026-10-29,plant-A,line4,machine1,UP,lot3,category 2,b2,code5,1,1
2026-10-29,plant-A,line1,machine8,DN,lot7,pass,pass,,0,271
2026-10-29,plant-B,line7,machine2,DN,lot5,category 2,b1,code8,17,17
2026-10-29,plant-B,line6,machine6,UP,lot8,category 1,a1,code4,15,15
2026-10-29,plant-B,line4,machine1,UP,lot6,pass,pass,,0,475
2026-10-29,plant-A,line1,machine7,DN,lot3,category 3,a2,code8,5,5
2026-10-30,,line5,machine1,DN,lot5,,,,4,4
2026-10-30,,line5,machine8,UP,lot1,,,,4,4
2026-10-30,,line3,machine4,UP,lot9,,,,1,1
2026-10-30,plant-B,line4,machine8,UP,lot5,pass,pass,,0,494
2026-10-30,plant-B,line1,machine2,UP,lot9,category 2,b2,code5,16,16
2026-10-30,plant-A,line4,machine9,DN,lot2,category 1,a3,code3,15,15
2026-10-30,plant-A,line8,machine1,DN,lot5,category 1,a3,code7,10,10
2026-10-30,plant-B,line4,machine1,DN,lot1,category 3,a1,code4,9,9
2026-10-30,plant-B,line7,machine6,DN,lot2,pass,pass,,0,488
2026-10-30,plant-B,line8,machine4,UP,lot8,pass,pass,,0,165
2026-10-30,plant-B,line3,machine2,DN,lot9,pass,pass,,0,236
2026-10-30,plant-A,line1,machine7,DN,lot1,category 1,a2,code9,15,15
2026-10-30,plant-A,line9,machine4,DN,lot5,category 2,b2,code7,6,6
2026-10-30,plant-A,line8,machine2,DN,lot2,category 2,b3,code4,14,14
2026-10-30,plant-B,line8,machine5,UP,lot8,category 2,b2,code2,14,14
2026-10-30,plant-B,line1,machine6,UP,lot6,pass,pass,,0,189
2026-10-30,plant-B,line8,machine5,DN,lot5,category 1,a2,code9,1,1
2026-10-30,plant-B,line5,machine1,UP,lot9,category 3,a1,code10,6,6
2026-10-30,plant-B,line7,machine2,DN,lot4,category 3,a2,code7,11,11
2026-10-30,plant-A,line7,machine6,UP,lot4,category 2,b2,code3,12,12
2026-10-30,plant-B,line7,machine4,UP,lot3,category 2,b2,code2,9,9
2026-10-30,plant-A,line5,machine2,DN,lot3,pass,pass,,0,163
2026-10-30,plant-A,line3,machine6,UP,lot9,category 2,b1,code9,18,18
2026-10-30,plant-A,line2,machine1,UP,lot8,pass,pass,,0,376
2026-10-30,plant-B,line1,machine7,UP,lot4,category 2,b2,code10,2,2
2026-10-30,plant-B,line5,machine6,UP,lot2,category 1,a4,code10,6,6
2026-10-30,plant-A,line7,machine4,UP,lot6,pass,pass,,0,260
2026-10-30,plant-B,line4,machine8,UP,lot4,category 2,b3,code6,17,17
2026-10-30,plant-B,line6,machine3,UP,lot7,category 2,b1,code3,19,19
2026-10-30,plant-A,line4,machine8,UP,lot7,category 2,b3,code5,14,14
2026-10-30,plant-A,line2,machine1,UP,lot7,pass,pass,,0,274
2026-10-30,plant-A,line9,machine6,UP,lot7,pass,pass,,0,384
2026-10-30,plant-B,line6,machine7,DN,lot4,category 1,a1,code4,1,1
2026-10-30,plant-B,line2,machine5,UP,lot3,category 3,b4,code4,18,18
2026-10-30,plant-A,line3,machine2,UP,lot3,category 1,a2,code10,2,2
2026-10-30,plant-B,line1,machine9,UP,lot1,pass,pass,,0,438
2026-10-30,plant-A,line8,machine3,DN,lot2,category 2,b1,code6,7,7
2026-10-30,plant-A,line3,machine7,UP,lot4,category 2,b1,code9,3,3
2026-10-30,plant-A,line9,machine4,UP,lot1,category 2,b4,code9,5,5
2026-10-30,plant-A,line3,machine3,DN,lot7,pass,pass,,0,363
2026-10-30,plant-A,line8,machine8,DN,lot3,category 2,b1,code1,6,6
2026-10-30,plant-B,line1,machine7,DN,lot2,category 2,b3,code4,13,13
2026-10-30,plant-A,line7,machine3,UP,lot2,category 1,a1,code7,11,11
2026-10-30,plant-A,line8,machine3,UP,lot1,category 2,b3,code6,17,17
2026-10-30,plant-B,line7,machine7,UP,lot6,category 2,b3,code5,8,8
2026-10-30,plant-B,line9,machine4,DN,lot3,category 1,a2,code8,14,14
2026-10-30,plant-B,line6,machine6,DN,lot6,pass,pass,,0,196
2026-10-30,plant-A,line3,machine9,DN,lot5,category 2,b2,code10,13,13
2026-10-30,plant-B,line7,machine3,UP,lot3,category 2,b2,code3,10,10
2026-10-30,plant-B,line1,machine9,DN,lot2,category 1,a2,code10,6,6
2026-10-30,plant-B,line7,machine2,UP,lot8,pass,pass,,0,174
2026-10-30,plant-A,line4,machine7,DN,lot9,pass,pass,,0,332
2026-10-30,plant-A,line4,machine3,UP,lot7,category 1,a2,code6,2,2
2026-10-30,plant-B,line5,machine9,UP,lot2,category 3,b3,code6,14,14
2026-10-30,plant-B,line6,machine4,DN,lot9,pass,pass,,0,289
2026-10-30,plant-A,line2,machine4,DN,lot6,pass,pass,,0,452
2026-10-30,plant-B,line5,machine3,UP,lot3,category 1,a3,code3,12,12
2026-10-30,plant-A,line3,machine4,UP,lot1,pass,pass,,0,329
2026-10-30,plant-A,line9,machine3,DN,lot7,category 1,a1,code6,5,5
2026-10-30,plant-B,line9,machine8,UP,lot8,category 1,a4,code5,14,14
2026-10-30,plant-A,line8,machine7,DN,lot7,category 3,a2,code2,7,7
2026-10-30,plant-A,line7,machine7,DN,lot4,category 2,b3,code1,7,7
2026-10-30,plant-B,line4,machine2,UP,lot7,pass,pass,,0,452
2026-10-30,plant-A,line4,machine1,UP,lot7,pass,pass,,0,396
2026-10-30,plant-B,line2,machine5,DN,lot5,pass,pass,,0,418
2026-10-30,plant-A,line7,machine3,DN,lot5,pass,pass,,0,217
2026-10-30,plant-B,line1,machine3,UP,lot4,category 1,a3,code5,11,11
2026-10-30,plant-A,line5,machine2,DN,lot3,category 1,a3,code4,12,12
2026-10-30,plant-B,line5,machine2,DN,lot6,category 3,b3,code10,10,10
2026-10-30,plant-A,line9,machine8,DN,lot2,pass,pass,,0,400
2026-10-30,plant-A,line9,machine7,UP,lot3,category 1,a3,code10,16,16
2026-10-30,plant-A,line8,machine2,UP,lot7,category 1,a1,code2,17,17
2026-10-30,plant-A,line1,machine9,UP,lot2,pass,pass,,0,417
2026-10-30,plant-B,line5,machine4,DN,lot9,pass,pass,,0,174
2026-10-30,plant-B,line7,machine8,UP,lot7,category 1,a4,code8,15,15
2026-10-30,plant-A,line1,machine6,UP,lot3,category 1,a3,code4,5,5
2026-10-30,plant-B,line6,machine2,UP,lot1,category 3,b4,code3,15,15
2026-10-30,plant-B,line7,machine9,UP,lot5,category 3,b4,code5,9,9
2026-10-30,plant-B,line2,machine9,UP,lot8,category 3,b3,code4,5,5
2026-10-30,plant-B,line1,machine9,DN,lot4,category 1,a2,code9,18,18
2026-10-30,plant-B,line5,machine6,UP,lot9,category 1,a2,code2,10,10
2026-10-30,plant-B,line6,machine6,UP,lot4,category 2,b4,code3,10,10
2026-10-30,plant-B,line3,machine2,UP,lot3,pass,pass,,0,172
2026-10-30,plant-B,line3,machine7,UP,lot8,category 1,a2,code7,13,13
2026-10-30,plant-B,line8,machine9,UP,lot9,pass,pass,,0,166
2026-10-30,plant-A,line7,machine8,DN,lot5,category 3,a1,code3,7,7
2026-10-30,plant-A,line4,machine9,UP,lot7,category 2,b3,code8,19,19
2026-10-30,plant-A,line5,machine8,UP,lot3,category 2,b3,code5,5,5
2026-10-30,plant-A,line5,machine7,DN,lot8,category 2,b4,code3,4,4
2026-10-30,plant-B,line1,machine7,UP,lot2,category 3,b4,code10,1,1
2026-10-30,plant-B,line5,machine6,UP,lot9,category 2,b3,code5,12,12
2026-10-30,plant-B,line5,machine3,UP,lot8,category 2,b2,code4,15,15
2026-10-30,plant-A,line6,machine1,UP,lot2,pass,pass,,0,172
2026-10-30,plant-A,line1,machine5,UP,lot8,category 3,b4,code10,18,18
2026-10-30,plant-A,line5,machine6,DN,lot7,pass,pass,,0,368
2026-10-30,plant-B,line3,machine9,DN,lot9,category 2,b1,code9,19,19
2026-10-30,plant-A,line2,machine8,UP,lot4,category 2,b3,code1,6,6
2026-10-30,plant-A,line7,machine3,DN,lot1,category 1,a1,code7,19,19
2026-10-30,plant-B,line3,machine4,UP,lot6,pass,pass,,0,347
2026-10-30,plant-B,line4,machine8,UP,lot5,pass,pass,,0,395
2026-10-30,plant-A,line8,machine5,UP,lot7,category 1,a3,code2,3,3
2026-10-30,plant-B,line6,machine3,DN,lot4,pass,pass,,0,334
2026-10-30,plant-B,line4,machine3,DN,lot1,category 2,b1,code8,16,16
2026-10-30,plant-A,line1,machine1,DN,lot9,category 2,b1,code3,2,2
2026-10-30,plant-B,line6,machine2,UP,lot1,category 3,a2,code1,12,12
2026-10-30,plant-A,line7,machine2,DN,lot6,category 1,a4,code6,10,10
2026-10-30,plant-B,line9,machine7,UP,lot9,category 2,b4,code3,18,18
2026-10-30,plant-A,line4,machine1,DN,lot9,category 2,b2,code1,19,19
2026-10-30,plant-B,line1,machine9,DN,lot2,category 2,b4,code2,6,6
2026-10-30,plant-A,line9,machine9,DN,lot9,pass,pass,,0,445
2026-10-30,plant-A,line7,machine4,UP,lot5,category 2,b1,code5,6,6
2026-10-30,plant-B,line9,machine7,DN,lot3,category 1,a4,code4,15,15
2026-10-30,plant-B,line4,machine9,UP,lot3,pass,pass,,0,368
2026-10-30,plant-A,line3,machine7,DN,lot1,pass,pass,,0,366
2026-10-30,plant-A,line4,machine6,DN,lot8,category 3,b4,code4,9,9
2026-10-30,plant-B,line2,machine7,UP,lot7,pass,pass,,0,150
2026-10-30,plant-A,line1,machine1,UP,lot3,category 2,b1,code7,11,11
2026-10-30,plant-A,line9,machine5,DN,lot3,category 1,a1,code1,14,14
2026-10-30,plant-A,line3,machine7,UP,lot6,category 2,b4,code9,10,10
2026-10-30,plant-A,line5,machine9,UP,lot8,category 1,a1,code7,13,13
2026-10-30,plant-B,line6,machine5,UP,lot7,category 1,a3,code3,11,11
2026-10-30,plant-B,line9,machine2,DN,lot2,category 1,a1,code6,2,2
2026-10-30,plant-B,line3,machine4,DN,lot1,pass,pass,,0,197
2026-10-30,plant-B,line9,machine3,DN,lot2,category 2,b1,code2,17,17
2026-10-30,plant-B,line9,machine1,DN,lot5,pass,pass,,0,321
2026-10-30,plant-B,line9,machine8,DN,lot1,category 2,b2,code10,14,14
2026-10-30,plant-B,line1,machine3,UP,lot4,pass,pass,,0,312
2026-10-30,plant-A,line7,machine5,UP,lot5,pass,pass,,0,150
2026-10-30,plant-A,line1,machine8,DN,lot9,category 2,b4,code10,2,2
2026-10-30,plant-B,line4,machine7,UP,lot3,pass,pass,,0,227
2026-10-30,plant-A,line1,machine3,UP,lot9,category 3,a1,code5,11,11
2026-10-30,plant-A,line4,machine9,DN,lot5,category 2,b3,code8,2,2
2026-10-30,plant-B,line7,machine7,DN,lot8,category 3,a1,code10,5,5
2026-10-30,plant-A,line6,machine1,DN,lot9,category 1,a2,code9,3,3
2026-10-30,plant-B,line7,machine7,DN,lot8,category 2,b3,code2,1,1
2026-10-30,plant-A,line6,machine8,UP,lot6,pass,pass,,0,269
2026-10-30,plant-A,line4,machine3,UP,lot1,pass,pass,,0,428
2026-10-30,plant-A,line2,machine1,DN,lot5,category 2,b1,code7,6,6
2026-10-30,plant-A,line7,machine8,UP,lot1,pass,pass,,0,236
2026-10-30,plant-A,line7,machine7,UP,lot5,category 3,a2,code10,12,12
2026-10-30,plant-A,line7,machine7,DN,lot4,pass,pass,,0,400
2026-10-30,plant-B,line6,machine4,DN,lot8,pass,pass,,0,362
2026-10-30,plant-B,line1,machine7,UP,lot7,pass,pass,,0,170
2026-10-30,plant-A,line3,machine1,UP,lot5,category 3,b4,code4,6,6
2026-10-30,plant-A,line9,machine6,DN,lot9,category 2,b1,code3,5,5
2026-10-30,plant-A,line8,machine7,DN,lot2,category 3,b3,code10,12,12
2026-10-30,plant-A,line4,machine7,UP,lot1,pass,pass,,0,367
2026-10-30,plant-A,line9,machine5,DN,lot7,category 1,a1,code1,9,9
2026-10-30,plant-B,line3,machine3,UP,lot2,category 3,a1,code4,7,7
2026-10-30,plant-B,line8,machine4,UP,lot2,pass,pass,,0,488
2026-10-30,plant-A,line6,machine7,DN,lot4,category 2,b1,code8,3,3
2026-10-30,plant-B,line7,machine6,DN,lot7,category 2,b2,code4,1,1
2026-10-30,plant-B,line3,machine2,UP,lot4,category 2,b2,code10,8,8
2026-10-30,plant-B,line4,machine7,DN,lot6,pass,pass,,0,226
2026-10-30,plant-A,line8,machine9,DN,lot1,category 2,b4,code2,3,3
2026-10-30,plant-A,line7,machine7,UP,lot8,category 2,b4,code5,3,3
2026-10-30,plant-A,line2,machine4,DN,lot1,category 1,a2,code1,18,18
2026-10-30,plant-B,line3,machine2,DN,lot4,category 2,b1,code3,12,12
2026-10-30,plant-B,line3,machine5,UP,lot3,category 2,b4,code6,14,14
2026-10-30,plant-A,line9,machine1,UP,lot4,category 1,a2,code4,13,13
2026-10-30,plant-B,line3,machine6,UP,lot5,category 1,a2,code5,11,11
2026-10-30,plant-B,line4,machine9,UP,lot8,category 3,b4,code3,1,1
2026-10-30,plant-A,line4,machine1,DN,lot2,category 1,a2,code8,6,6
2026-10-30,plant-A,line7,machine6,UP,lot8,pass,pass,,0,305
2026-10-30,plant-A,line8,machine8,DN,lot5,category 3,a2,code9,10,10
2026-10-30,plant-B,line2,machine5,UP,lot3,category 3,a2,code4,19,19
2026-10-30,plant-B,line8,machine5,DN,lot2,pass,pass,,0,358
2026-10-30,plant-A,line4,machine6,UP,lot7,pass,pass,,0,391
2026-10-30,plant-B,line6,machine2,UP,lot2,pass,pass,,0,466
2026-10-30,plant-A,line9,machine6,DN,lot9,category 3,a2,code9,5,5
2026-10-30,plant-A,line6,machine4,UP,lot6,category 1,a3,code1,3,3
2026-10-30,plant-B,line9,machine7,UP,lot6,pass,pass,,0,399
2026-10-30,plant-A,line6,machine6,DN,lot4,pass,pass,,0,466
2026-10-30,plant-B,line8,machine1,DN,lot2,category 1,a3,code7,4,4
2026-10-30,plant-A,line5,machine4,DN,lot3,pass,pass,,0,339
2026-10-30,plant-A,line8,machine2,DN,lot3,category 2,b4,code2,19,19
2026-10-30,plant-A,line6,machine3,UP,lot8,category 1,a3,code9,9,9
2026-10-30,plant-B,line1,machine7,DN,lot3,category 3,a2,code9,12,12
2026-10-30,plant-A,line8,machine2,DN,lot5,category 2,b1,code10,7,7
2026-10-30,plant-A,line9,machine9,DN,lot1,pass,pass,,0,498
2026-10-30,plant-A,line8,machine3,DN,lot1,pass,pass,,0,263
2026-10-30,plant-A,line5,machine5,UP,lot7,category 2,b2,code7,19,19
2026-10-30,plant-B,line8,machine9,UP,lot7,category 1,a4,code3,16,16
2026-10-30,plant-B,line4,machine6,UP,lot7,pass,pass,,0,336
2026-10-30,plant-A,line1,machine9,DN,lot7,category 1,a3,code7,19,19
2026-10-30,plant-B,line3,machine4,DN,lot2,category 3,a1,code3,2,2
2026-10-30,plant-B,line4,machine6,DN,lot5,pass,pass,,0,377
2026-10-30,plant-A,line4,machine7,DN,lot6,pass,pass,,0,167
2026-10-30,plant-A,line1,machine3,UP,lot7,category 2,b2,code10,6,6
2026-10-30,plant-B,line4,machine2,UP,lot8,pass,pass,,0,453
2026-10-30,plant-A,line8,machine9,UP,lot8,category 3,a1,code5,7,7
2026-10-30,plant-A,line1,machine6,DN,lot3,category 2,b4,code8,6,6
2026-10-30,plant-A,line4,machine4,DN,lot7,category 1,a2,code2,15,15
2026-10-30,plant-B,line5,machine6,DN,lot7,category 1,a3,code3,13,13
2026-10-30,plant-B,line8,machine8,UP,lot2,category 3,b3,code4,13,13
2026-10-30,plant-A,line6,machine8,DN,lot7,category 3,b3,code10,2,2
2026-10-30,plant-B,line2,machine3,UP,lot9,category 3,a2,code7,5,5
2026-10-30,plant-B,line1,machine3,UP,lot9,pass,pass,,0,351
2026-10-30,plant-A,line5,machine9,UP,lot1,pass,pass,,0,368
2026-10-30,plant-A,line3,machine1,UP,lot5,category 1,a2,code1,17,17
2026-10-31,,line3,machine2,DN,lot8,,,,4,4
2026-10-31,,line6,machine1,DN,lot7,,,,0,100
2026-10-31,,line4,machine7,DN,lot7,,,,1,1
2026-10-31,plant-B,line5,machine2,DN,lot5,category 2,b2,code6,13,13
2026-10-31,plant-A,line1,machine5,UP,lot7,pass,pass,,0,259
2026-10-31,plant-A,line5,machine2,UP,lot7,category 1,a2,code4,15,15
2026-10-31,plant-A,line2,machine9,UP,lot9,pass,pass,,0,223
2026-10-31,plant-B,line6,machine9,DN,lot9,category 2,b3,code10,16,16
2026-10-31,plant-B,line5,machine9,DN,lot6,category 1,a1,code10,2,2
2026-10-31,plant-B,line3,machine4,UP,lot7,category 2,b1,code6,13,13
2026-10-31,plant-B,line5,machine7,UP,lot5,category 2,b3,code1,19,19
2026-10-31,plant-A,line3,machine2,DN,lot6,pass,pass,,0,426
2026-10-31,plant-A,line3,machine5,DN,lot4,category 2,b2,code5,15,15
2026-10-31,plant-A,line7,machine7,UP,lot9,category 1,a1,code2,17,17
2026-10-31,plant-B,line8,machine9,DN,lot7,category 2,b4,code4,3,3
2026-10-31,plant-B,line3,machine9,DN,lot2,category 1,a3,code10,1,1
2026-10-31,plant-B,line4,machine3,UP,lot9,category 2,b1,code4,16,16
2026-10-31,plant-B,line7,machine6,UP,lot6,category 3,b3,code6,16,16
2026-10-31,plant-B,line5,machine9,DN,lot9,category 1,a4,code5,1,1
2026-10-31,plant-B,line3,machine1,UP,lot2,category 2,b4,code4,13,13
2026-10-31,plant-A,line7,machine3,DN,lot9,category 3,a1,code8,8,8
2026-10-31,plant-B,line6,machine7,DN,lot4,category 2,b4,code5,4,4
2026-10-31,plant-A,line3,machine3,DN,lot8,category 1,a3,code4,9,9
2026-10-31,plant-B,line6,machine4,UP,lot5,pass,pass,,0,170
2026-10-31,plant-B,line9,machine5,UP,lot5,category 2,b4,code6,8,8
2026-10-31,plant-A,line1,machine8,UP,lot5,category 1,a1,code1,3,3
2026-10-31,plant-A,line6,machine2,DN,lot5,category 1,a3,code10,15,15
2026-10-31,plant-A,line4,machine2,UP,lot3,pass,pass,,0,481
2026-10-31,plant-B,line7,machine7,DN,lot8,pass,pass,,0,400
2026-10-31,plant-A,line5,machine3,DN,lot5,pass,pass,,0,424
2026-10-31,plant-A,line3,machine4,UP,lot6,pass,pass,,0,200
2026-10-31,plant-B,line5,machine9,UP,lot2,category 2,b1,code7,10,10
2026-10-31,plant-B,line7,machine8,UP,lot2,category 1,a1,code7,17,17
2026-10-31,plant-B,line2,machine7,UP,lot3,category 1,a4,code9,18,18
2026-10-31,plant-A,line7,machine6,UP,lot4,category 3,b3,code9,17,17
2026-10-31,plant-A,line1,machine1,DN,lot6,category 2,b3,code6,18,18
2026-10-31,plant-A,line6,machine2,UP,lot6,pass,pass,,0,355
2026-10-31,plant-B,line7,machine4,DN,lot5,category 2,b1,code3,16,16
2026-10-31,plant-A,line3,machine2,DN,lot6,category 3,a2,code6,5,5
2026-10-31,plant-A,line1,machine2,DN,lot3,category 2,b1,code4,16,16
2026-10-31,plant-B,line2,machine8,DN,lot5,pass,pass,,0,431
2026-10-31,plant-A,line2,machine1,UP,lot1,pass,pass,,0,317
2026-10-31,plant-A,line2,machine4,UP,lot2,category 3,a1,code4,15,15
2026-10-31,plant-B,line5,machine2,DN,lot5,category 3,a2,code8,13,13
2026-10-31,plant-A,line7,machine8,DN,lot7,pass,pass,,0,223
2026-10-31,plant-B,line8,machine1,DN,lot1,category 3,a1,code10,7,7
2026-10-31,plant-B,line4,machine7,DN,lot7,pass,pass,,0,463
2026-10-31,plant-A,line2,machine1,UP,lot1,pass,pass,,0,235
2026-10-31,plant-B,line3,machine5,DN,lot9,category 1,a1,code4,18,18
2026-10-31,plant-A,line4,machine2,DN,lot6,category 3,a1,code8,11,11
2026-10-31,plant-B,line1,machine7,DN,lot7,pass,pass,,0,354
2026-10-31,plant-A,line1,machine9,UP,lot5,category 2,b1,code8,7,7
2026-10-31,plant-A,line9,machine4,UP,lot5,pass,pass,,0,358
2026-10-31,plant-B,line7,machine1,UP,lot7,category 2,b1,code7,8,8
2026-10-31,plant-A,line1,machine8,UP,lot9,category 2,b2,code4,2,2
2026-10-31,plant-A,line7,machine9,DN,lot2,category 3,b3,code8,4,4
2026-10-31,plant-A,line1,machine6,UP,lot8,category 1,a1,code5,1,1
2026-10-31,plant-B,line2,machine9,DN,lot2,category 2,b3,code9,11,11
2026-10-31,plant-A,line3,machine3,DN,lot3,category 3,b4,code5,7,7
2026-10-31,plant-B,line3,machine9,UP,lot5,pass,pass,,0,152
2026-10-31,plant-B,line5,machine5,DN,lot6,category 2,b1,code2,14,14
2026-10-31,plant-A,line7,machine1,UP,lot6,category 3,b4,code1,13,13
2026-10-31,plant-A,line1,machine9,UP,lot7,pass,pass,,0,257
2026-10-31,plant-A,line8,machine9,DN,lot6,category 3,a2,code5,14,14
2026-10-31,plant-B,line2,machine3,UP,lot9,pass,pass,,0,228
2026-10-31,plant-A,line1,machine4,UP,lot4,category 2,b3,code10,5,5
2026-10-31,plant-B,line8,machine2,UP,lot5,pass,pass,,0,372
2026-10-31,plant-B,line3,machine2,DN,lot2,category 2,b4,code2,8,8
2026-10-31,plant-A,line5,machine1,DN,lot3,category 2,b2,code10,15,15
2026-10-31,plant-A,line4,machine9,DN,lot8,category 3,b3,code9,1,1
2026-10-31,plant-A,line7,machine7,UP,lot2,category 1,a3,code7,15,15
2026-10-31,plant-B,line9,machine3,DN,lot4,pass,pass,,0,371
2026-10-31,plant-A,line7,machine3,DN,lot3,category 3,a2,code10,13,13
2026-10-31,plant-A,line7,machine8,UP,lot9,category 1,a2,code10,9,9
2026-10-31,plant-A,line2,machine5,DN,lot5,pass,pass,,0,291
2026-10-31,plant-B,line1,machine2,UP,lot4,pass,pass,,0,230
2026-10-31,plant-B,line8,machine9,UP,lot8,pass,pass,,0,395
2026-10-31,plant-B,line2,machine3,DN,lot6,pass,pass,,0,189
2026-10-31,plant-A,line6,machine2,DN,lot4,category 2,b1,code5,17,17
2026-10-31,plant-B,line9,machine8,DN,lot3,category 2,b4,code9,6,6
2026-10-31,plant-A,line6,machine2,DN,lot7,category 3,b4,code7,4,4
2026-10-31,plant-A,line1,machine4,UP,lot4,category 3,a2,code3,4,4
2026-10-31,plant-B,line2,machine7,DN,lot9,category 3,b3,code1,7,7
2026-10-31,plant-B,line2,machine6,DN,lot4,category 3,b4,code6,9,9
2026-10-31,plant-A,line8,machine6,DN,lot6,category 1,a4,code8,18,18
2026-10-31,plant-B,line6,machine6,DN,lot6,pass,pass,,0,194
2026-10-31,plant-B,line1,machine1,DN,lot9,pass,pass,,0,232
2026-10-31,plant-B,line2,machine2,DN,lot2,category 2,b1,code10,12,12
2026-10-31,plant-B,line2,machine7,DN,lot5,category 3,a1,code4,8,8
2026-10-31,plant-B,line1,machine1,DN,lot5,category 2,b2,code9,5,5
2026-10-31,plant-A,line9,machine5,DN,lot1,pass,pass,,0,299
2026-10-31,plant-B,line1,machine6,DN,lot3,pass,pass,,0,230
2026-10-31,plant-A,line5,machine2,UP,lot1,category 1,a3,code4,16,16
2026-10-31,plant-B,line7,machine7,DN,lot5,pass,pass,,0,240
2026-10-31,plant-A,line7,machine8,DN,lot7,category 2,b2,code9,6,6
2026-10-31,plant-B,line4,machine6,DN,lot5,category 2,b3,code6,16,16
2026-10-31,plant-A,line6,machine1,UP,lot5,pass,pass,,0,157
2026-10-31,plant-B,line2,machine4,DN,lot8,category 2,b3,code1,9,9
2026-10-31,plant-B,line2,machine1,DN,lot8,category 1,a3,code1,17,17
2026-10-31,plant-B,line4,machine1,UP,lot3,pass,pass,,0,250
2026-10-31,plant-A,line9,machine9,DN,lot9,pass,pass,,0,365
2026-10-31,plant-B,line8,machine5,DN,lot3,pass,pass,,0,473
2026-10-31,plant-A,line7,machine8,DN,lot3,category 1,a4,code4,17,17
2026-10-31,plant-A,line5,machine7,DN,lot4,pass,pass,,0,458
2026-10-31,plant-B,line5,machine1,DN,lot4,category 3,a1,code2,6,6
2026-10-31,plant-A,line5,machine9,UP,lot2,category 3,b3,code7,19,19
2026-10-31,plant-A,line5,machine9,UP,lot1,category 1,a4,code1,13,13
2026-10-31,plant-B,line8,machine2,DN,lot8,category 3,b3,code5,17,17
2026-10-31,plant-B,line5,machine9,DN,lot3,pass,pass,,0,250
2026-10-31,plant-B,line4,machine1,DN,lot3,category 1,a2,code10,17,17
2026-10-31,plant-A,line3,machine2,UP,lot3,category 1,a2,code10,2,2
2026-10-31,plant-B,line8,machine2,DN,lot9,category 2,b1,code4,19,19
2026-10-31,plant-B,line4,machine3,DN,lot8,category 1,a1,code5,3,3
2026-10-31,plant-B,line4,machine7,DN,lot6,category 1,a1,code7,12,12
2026-10-31,plant-B,line6,machine7,DN,lot8,category 2,b2,code9,3,3
2026-10-31,plant-A,line3,machine5,DN,lot3,category 1,a3,code8,14,14
2026-10-31,plant-B,line3,machine9,DN,lot6,category 1,a3,code8,11,11
2026-10-31,plant-B,line8,machine2,UP,lot2,category 1,a3,code3,19,19
2026-10-31,plant-B,line7,machine1,DN,lot2,category 1,a1,code8,13,13
2026-10-31,plant-A,line1,machine8,UP,lot3,category 3,b4,code3,2,2
2026-10-31,plant-B,line3,machine9,DN,lot2,category 3,b3,code5,19,19
2026-10-31,plant-A,line3,machine2,DN,lot2,pass,pass,,0,286
2026-10-31,plant-B,line3,machine3,DN,lot6,pass,pass,,0,340
2026-10-31,plant-B,line9,machine4,DN,lot1,category 3,b4,code8,11,11
2026-10-31,plant-A,line7,machine5,DN,lot3,pass,pass,,0,243
2026-10-31,plant-A,line3,machine1,DN,lot9,category 1,a4,code6,6,6
2026-10-31,plant-A,line3,machine2,DN,lot4,category 2,b2,code9,7,7
2026-10-31,plant-A,line3,machine2,UP,lot6,pass,pass,,0,185
2026-10-31,plant-B,line6,machine7,DN,lot5,category 2,b3,code8,10,10
2026-10-31,plant-B,line1,machine4,DN,lot8,category 3,a2,code5,10,10
2026-10-31,plant-B,line5,machine5,DN,lot8,category 3,a2,code10,5,5
2026-10-31,plant-A,line1,machine1,DN,lot2,pass,pass,,0,301
2026-10-31,plant-A,line5,machine6,DN,lot3,category 3,b3,code4,9,9
2026-10-31,plant-B,line8,machine1,UP,lot6,pass,pass,,0,371
2026-10-31,plant-A,line6,machine1,UP,lot7,pass,pass,,0,396
2026-10-31,plant-B,line8,machine9,DN,lot2,category 2,b1,code2,4,4
2026-10-31,plant-B,line4,machine3,UP,lot8,pass,pass,,0,434
2026-10-31,plant-B,line4,machine9,UP,lot5,category 3,b4,code8,6,6
2026-10-31,plant-A,line5,machine6,UP,lot3,category 3,b4,code4,17,17
2026-10-31,plant-B,line9,machine7,DN,lot8,category 3,b4,code3,15,15
2026-10-31,plant-A,line2,machine5,DN,lot5,category 2,b2,code7,11,11
2026-10-31,plant-B,line8,machine2,DN,lot7,category 3,a2,code8,5,5
2026-10-31,plant-B,line8,machine5,DN,lot3,category 1,a3,code6,11,11
2026-10-31,plant-B,line5,machine1,UP,lot5,category 3,a1,code6,17,17
2026-10-31,plant-B,line7,machine7,UP,lot9,category 1,a2,code3,6,6
2026-10-31,plant-B,line2,machine4,UP,lot4,category 2,b2,code9,5,5
2026-10-31,plant-B,line2,machine5,UP,lot9,category 3,a2,code7,15,15
2026-10-31,plant-A,line6,machine7,UP,lot8,category 2,b1,code4,7,7
2026-10-31,plant-A,line9,machine7,UP,lot3,category 1,a1,code7,19,19
2026-10-31,plant-B,line7,machine9,UP,lot4,category 3,b4,code3,13,13
2026-10-31,plant-A,line1,machine3,DN,lot7,category 2,b2,code1,19,19
2026-10-31,plant-B,line7,machine3,DN,lot7,pass,pass,,0,265
2026-10-31,plant-A,line2,machine1,DN,lot3,pass,pass,,0,460
2026-10-31,plant-A,line9,machine6,DN,lot6,pass,pass,,0,418
2026-10-31,plant-A,line2,machine3,DN,lot4,category 1,a4,code1,13,13
2026-10-31,plant-A,line5,machine9,DN,lot6,category 3,a2,code8,9,9
2026-10-31,plant-A,line6,machine2,UP,lot5,pass,pass,,0,219
2026-10-31,plant-B,line6,machine6,DN,lot8,category 2,b2,code1,18,18
2026-10-31,plant-A,line8,machine3,UP,lot7,category 2,b4,code6,2,2
2026-10-31,plant-B,line5,machine6,DN,lot7,pass,pass,,0,286
2026-10-31,plant-A,line1,machine5,DN,lot4,category 1,a1,code8,7,7
2026-10-31,plant-B,line6,machine8,UP,lot5,pass,pass,,0,495
2026-10-31,plant-A,line7,machine8,DN,lot2,pass,pass,,0,444
2026-10-31,plant-B,line5,machine7,DN,lot4,pass,pass,,0,168
2026-10-31,plant-A,line1,machine5,DN,lot4,pass,pass,,0,188
2026-10-31,plant-B,line9,machine1,DN,lot4,pass,pass,,0,394
2026-10-31,plant-A,line1,machine6,UP,lot4,pass,pass,,0,341
2026-10-31,plant-A,line7,machine3,DN,lot9,category 1,a4,code3,13,13
2026-10-31,plant-B,line4,machine3,UP,lot2,category 2,b4,code7,17,17
2026-10-31,plant-B,line8,machine7,UP,lot7,pass,pass,,0,250
2026-10-31,plant-B,line5,machine1,UP,lot6,pass,pass,,0,356
2026-10-31,plant-B,line1,machine1,DN,lot5,category 2,b2,code5,17,17
2026-10-31,plant-A,line3,machine4,DN,lot5,pass,pass,,0,402
2026-10-31,plant-A,line1,machine2,DN,lot2,category 3,a2,code1,10,10
2026-10-31,plant-A,line8,machine1,DN,lot3,category 3,a1,code8,2,2
2026-10-31,plant-B,line9,machine7,UP,lot8,category 3,a2,code1,16,16
2026-10-31,plant-B,line4,machine4,DN,lot2,pass,pass,,0,345
2026-10-31,plant-B,line8,machine2,UP,lot9,category 3,b4,code6,12,12
2026-10-31,plant-A,line8,machine8,UP,lot3,pass,pass,,0,250
2026-10-31,plant-B,line7,machine7,UP,lot3,category 1,a4,code9,3,3
2026-10-31,plant-B,line6,machine5,DN,lot6,category 3,a2,code6,14,14
2026-10-31,plant-A,line3,machine7,DN,lot9,category 3,b4,code1,9,9
2026-10-31,plant-A,line3,machine8,DN,lot9,pass,pass,,0,461
2026-10-31,plant-B,line8,machine1,DN,lot7,category 1,a4,code7,8,8
2026-10-31,plant-B,line8,machine1,UP,lot9,category 2,b2,code9,6,6
2026-10-31,plant-B,line3,machine2,DN,lot9,category 2,b3,code3,13,13
2026-10-31,plant-A,line1,machine9,UP,lot7,category 2,b3,code4,7,7
2026-10-31,plant-B,line8,machine1,DN,lot6,pass,pass,,0,314
2026-10-31,plant-A,line4,machine7,DN,lot5,category 1,a4,code2,19,19
2026-10-31,plant-A,line6,machine8,DN,lot2,category 1,a4,code4,4,4
2026-10-31,plant-A,line9,machine7,DN,lot4,category 3,a1,code7,6,6
2026-10-31,plant-A,line4,machine9,UP,lot5,pass,pass,,0,321
2026-10-31,plant-B,line1,machine8,UP,lot3,pass,pass,,0,492
2026-10-31,plant-B,line7,machine8,DN,lot4,category 2,b2,code8,14,14
2026-10-31,plant-A,line3,machine3,UP,lot4,category 1,a4,code2,19,19
2026-10-31,plant-A,line6,machine3,DN,lot9,pass,pass,,0,410
2026-10-31,plant-B,line4,machine3,UP,lot9,pass,pass,,0,217
2026-10-31,plant-A,line8,machine8,DN,lot6,pass,pass,,0,410
2026-10-31,plant-A,line8,machine5,DN,lot6,category 2,b4,code1,15,15
2026-10-31,plant-B,line5,machine7,DN,lot7,category 3,b3,code7,17,17
2026-11-01,,line2,machine3,UP,lot3,,,,4,4
2026-11-01,,line7,machine3,UP,lot5,,,,0,100
2026-11-01,,line8,machine8,DN,lot6,,,,3,3
2026-11-01,plant-A,line5,machine1,DN,lot6,category 3,b3,code9,13,13
2026-11-01,plant-B,line5,machine9,DN,lot6,pass,pass,,0,391
2026-11-01,plant-A,line8,machine8,DN,lot5,category 1,a1,code1,7,7
2026-11-01,plant-B,line5,machine8,DN,lot9,category 2,b1,code1,4,4
2026-11-01,plant-B,line8,machine5,UP,lot5,category 2,b1,code9,3,3
2026-11-01,plant-B,line6,machine7,UP,lot4,category 3,b4,code2,18,18
2026-11-01,plant-B,line2,machine7,DN,lot5,category 2,b1,code3,2,2
2026-11-01,plant-A,line6,machine4,UP,lot2,category 2,b2,code6,14,14
2026-11-01,plant-A,line9,machine6,DN,lot4,category 2,b3,code1,16,16
2026-11-01,plant-A,line6,machine1,DN,lot3,category 2,b3,code7,9,9
2026-11-01,plant-A,line1,machine9,UP,lot5,category 2,b2,code3,11,11
2026-11-01,plant-A,line3,machine8,DN,lot6,pass,pass,,0,289
2026-11-01,plant-B,line6,machine6,UP,lot3,category 3,b4,code3,16,16
2026-11-01,plant-A,line6,machine1,DN,lot2,category 1,a3,code9,13,13
2026-11-01,plant-B,line4,machine3,DN,lot2,category 3,a2,code3,16,16
2026-11-01,plant-A,line1,machine5,UP,lot5,pass,pass,,0,408
2026-11-01,plant-B,line1,machine1,DN,lot3,category 3,b3,code7,5,5
2026-11-01,plant-B,line7,machine7,UP,lot6,pass,pass,,0,374
2026-11-01,plant-A,line3,machine4,UP,lot8,category 1,a4,code7,11,11
2026-11-01,plant-A,line6,machine2,UP,lot9,category 2,b4,code10,6,6
2026-11-01,plant-B,line7,machine1,UP,lot7,category 2,b4,code1,14,14
2026-11-01,plant-A,line1,machine1,DN,lot4,pass,pass,,0,428
2026-11-01,plant-A,line2,machine4,DN,lot8,category 2,b2,code10,9,9
2026-11-01,plant-B,line7,machine3,DN,lot1,category 2,b1,code6,12,12
2026-11-01,plant-B,line7,machine4,UP,lot4,category 3,a2,code9,2,2
2026-11-01,plant-B,line6,machine8,DN,lot1,category 2,b2,code9,19,19
2026-11-01,plant-A,line8,machine5,UP,lot7,category 3,b3,code10,14,14
2026-11-01,plant-B,line8,machine2,UP,lot4,pass,pass,,0,235
2026-11-01,plant-B,line1,machine1,DN,lot2,pass,pass,,0,398
2026-11-01,plant-A,line1,machine1,UP,lot4,pass,pass,,0,226
2026-11-01,plant-B,line3,machine4,UP,lot6,category 2,b1,code3,9,9
2026-11-01,plant-B,line1,machine1,DN,lot2,category 2,b2,code3,5,5
2026-11-01,plant-A,line2,machine5,UP,lot7,pass,pass,,0,311
2026-11-01,plant-B,line6,machine3,UP,lot2,pass,pass,,0,483
2026-11-01,plant-A,line5,machine7,DN,lot8,category 3,b4,code3,6,6
2026-11-01,plant-A,line4,machine6,DN,lot8,category 2,b1,code1,12,12
2026-11-01,plant-A,line1,machine3,DN,lot4,category 3,a2,code2,9,9
2026-11-01,plant-A,line4,machine1,UP,lot5,category 2,b2,code1,5,5
2026-11-01,plant-B,line2,machine8,UP,lot5,pass,pass,,0,436
2026-11-01,plant-A,line2,machine2,UP,lot1,category 2,b3,code5,6,6
2026-11-01,plant-B,line5,machine8,DN,lot1,category 3,a1,code6,2,2
2026-11-01,plant-B,line1,machine9,UP,lot9,category 2,b2,code8,13,13
2026-11-01,plant-A,line9,machine5,UP,lot2,category 3,b3,code4,3,3
2026-11-01,plant-A,line8,machine5,DN,lot9,category 2,b2,code1,12,12
2026-11-01,plant-B,line1,machine4,DN,lot8,pass,pass,,0,334
2026-11-01,plant-B,line9,machine9,UP,lot5,category 1,a3,code3,6,6
2026-11-01,plant-B,line2,machine3,UP,lot5,pass,pass,,0,313
2026-11-01,plant-A,line3,machine2,UP,lot5,category 1,a2,code7,8,8
2026-11-01,plant-A,line2,machine2,DN,lot5,pass,pass,,0,243
2026-11-01,plant-A,line7,machine8,DN,lot5,category 1,a3,code3,12,12
2026-11-01,plant-A,line3,machine2,DN,lot6,category 2,b1,code1,2,2
2026-11-01,plant-A,line7,machine6,DN,lot8,pass,pass,,0,461
2026-11-01,plant-B,line9,machine9,UP,lot5,category 3,a2,code1,3,3
2026-11-01,plant-A,line1,machine6,DN,lot4,pass,pass,,0,454
2026-11-01,plant-B,line5,machine2,UP,lot7,category 1,a4,code5,3,3
2026-11-01,plant-B,line6,machine6,DN,lot9,category 2,b4,code1,7,7
2026-11-01,plant-B,line6,machine3,DN,lot7,category 3,b4,code8,8,8
2026-11-01,plant-A,line8,machine5,UP,lot2,category 1,a2,code2,19,19
2026-11-01,plant-B,line9,machine9,UP,lot4,pass,pass,,0,435
2026-11-01,plant-B,line2,machine7,UP,lot4,category 3,b3,code4,13,13
2026-11-01,plant-A,line7,machine3,DN,lot2,category 2,b3,code9,11,11
2026-11-01,plant-A,line2,machine7,UP,lot6,pass,pass,,0,230
2026-11-01,plant-A,line2,machine8,UP,lot5,category 3,b4,code9,19,19
2026-11-01,plant-B,line8,machine3,UP,lot1,category 1,a4,code2,7,7
2026-11-01,plant-A,line7,machine4,UP,lot8,category 3,a1,code7,10,10
2026-11-01,plant-A,line2,machine5,UP,lot8,category 1,a2,code6,1,1
2026-11-01,plant-A,line6,machine5,UP,lot7,pass,pass,,0,414
2026-11-01,plant-B,line8,machine9,DN,lot4,category 3,a2,code7,14,14
2026-11-01,plant-A,line8,machine6,DN,lot6,category 1,a1,code6,15,15
2026-11-01,plant-B,line8,machine4,UP,lot6,pass,pass,,0,251
2026-11-01,plant-B,line1,machine7,DN,lot6,category 1,a3,code7,4,4
2026-11-01,plant-A,line1,machine2,UP,lot5,category 2,b3,code10,5,5
2026-11-01,plant-A,line4,machine8,DN,lot6,category 1,a3,code1,18,18
2026-11-01,plant-A,line5,machine2,DN,lot3,category 1,a1,code6,19,19
2026-11-01,plant-A,line4,machine5,UP,lot4,category 1,a4,code8,1,1
2026-11-01,plant-A,line1,machine5,UP,lot5,category 1,a3,code9,13,13
2026-11-01,plant-B,line2,machine6,UP,lot1,pass,pass,,0,307
2026-11-01,plant-B,line5,machine7,DN,lot6,category 3,b3,code6,4,4
2026-11-01,plant-A,line8,machine1,UP,lot8,category 2,b4,code10,16,16
2026-11-01,plant-A,line4,machine4,UP,lot7,category 2,b1,code6,14,14
2026-11-01,plant-A,line5,machine2,DN,lot3,pass,pass,,0,268
2026-11-01,plant-B,line6,machine9,UP,lot3,category 1,a3,code2,10,10
2026-11-01,plant-B,line1,machine8,UP,lot8,category 1,a4,code1,2,2
2026-11-01,plant-B,line9,machine2,UP,lot1,pass,pass,,0,471
2026-11-01,plant-A,line8,machine6,DN,lot1,category 2,b1,code1,11,11
2026-11-01,plant-A,line9,machine2,UP,lot9,pass,pass,,0,337
2026-11-01,plant-B,line7,machine4,DN,lot7,category 3,a2,code5,10,10
2026-11-01,plant-A,line8,machine1,DN,lot2,category 2,b2,code2,12,12
2026-11-01,plant-B,line7,machine2,UP,lot2,category 2,b1,code2,11,11
2026-11-01,plant-A,line6,machine7,UP,lot6,pass,pass,,0,341
2026-11-01,plant-B,line8,machine2,UP,lot7,category 1,a4,code3,19,19
2026-11-01,plant-B,line9,machine2,DN,lot5,category 3,b4,code1,6,6
2026-11-01,plant-B,line6,machine4,UP,lot3,pass,pass,,0,464
2026-11-01,plant-A,line6,machine3,UP,lot5,category 1,a1,code1,5,5
2026-11-01,plant-A,line4,machine7,UP,lot5,pass,pass,,0,364
2026-11-01,plant-A,line2,machine7,UP,lot7,category 1,a4,code6,3,3
2026-11-01,plant-A,line6,machine9,UP,lot7,pass,pass,,0,405
2026-11-01,plant-B,line4,machine1,UP,lot9,pass,pass,,0,195
2026-11-01,plant-A,line6,machine4,DN,lot6,category 3,b4,code6,5,5
2026-11-01,plant-B,line1,machine8,UP,lot6,category 2,b2,code5,1,1
2026-11-01,plant-B,line4,machine3,DN,lot1,category 1,a2,code4,4,4
2026-11-01,plant-B,line2,machine3,DN,lot2,pass,pass,,0,277
2026-11-01,plant-A,line2,machine2,DN,lot2,category 3,a1,code5,1,1
2026-11-01,plant-B,line5,machine7,UP,lot7,pass,pass,,0,372
2026-11-01,plant-B,line8,machine9,DN,lot5,pass,pass,,0,279
2026-11-01,plant-B,line5,machine4,UP,lot6,category 2,b1,code10,2,2
2026-11-01,plant-A,line8,machine7,UP,lot1,category 3,a1,code3,5,5
2026-11-01,plant-B,line8,machine6,UP,lot1,category 2,b2,code10,10,10
2026-11-01,plant-A,line7,machine4,UP,lot3,category 2,b4,code7,14,14
2026-11-01,plant-B,line8,machine2,DN,lot3,category 1,a3,code8,16,16
2026-11-01,plant-B,line1,machine2,DN,lot1,category 2,b3,code4,10,10
2026-11-01,plant-B,line7,machine8,DN,lot2,category 1,a4,code1,6,6
2026-11-01,plant-B,line9,machine1,UP,lot4,pass,pass,,0,222
2026-11-01,plant-B,line7,machine7,UP,lot5,category 2,b2,code7,8,8
2026-11-01,plant-A,line1,machine9,DN,lot6,pass,pass,,0,483
2026-11-01,plant-A,line7,machine3,DN,lot9,category 2,b4,code6,12,12
2026-11-01,plant-A,line3,machine2,DN,lot2,category 2,b1,code8,9,9
2026-11-01,plant-B,line9,machine1,UP,lot4,pass,pass,,0,269
2026-11-01,plant-A,line8,machine6,UP,lot2,category 1,a4,code5,1,1
2026-11-01,plant-B,line1,machine6,UP,lot9,pass,pass,,0,240
2026-11-01,plant-B,line9,machine1,DN,lot9,pass,pass,,0,411
2026-11-01,plant-A,line9,machine6,DN,lot6,category 1,a4,code10,16,16
2026-11-01,plant-A,line2,machine2,UP,lot6,pass,pass,,0,172
2026-11-01,plant-A,line3,machine1,DN,lot8,category 2,b4,code7,17,17
2026-11-01,plant-B,line5,machine3,UP,lot5,pass,pass,,0,374
2026-11-01,plant-B,line3,machine4,DN,lot1,category 2,b4,code9,17,17
2026-11-01,plant-A,line7,machine9,DN,lot3,pass,pass,,0,230
2026-11-01,plant-B,line1,machine2,UP,lot5,pass,pass,,0,328
2026-11-01,plant-A,line3,machine8,DN,lot1,pass,pass,,0,353
2026-11-01,plant-A,line2,machine3,UP,lot2,category 3,a1,code8,5,5
2026-11-01,plant-A,line9,machine2,UP,lot2,category 1,a1,code3,3,3
2026-11-01,plant-A,line1,machine6,DN,lot1,category 2,b1,code9,10,10
2026-11-01,plant-B,line4,machine2,DN,lot5,category 2,b4,code10,13,13
2026-11-01,plant-B,line7,machine2,DN,lot7,category 3,b4,code10,14,14
2026-11-01,plant-A,line6,machine6,UP,lot2,category 1,a1,code3,7,7
2026-11-01,plant-A,line9,machine1,DN,lot6,category 1,a3,code5,6,6
2026-11-01,plant-B,line2,machine2,UP,lot9,category 2,b4,code4,9,9
2026-11-01,plant-B,line5,machine8,UP,lot8,category 1,a3,code6,9,9
2026-11-01,plant-B,line3,machine7,DN,lot5,pass,pass,,0,252
2026-11-01,plant-B,line5,machine6,DN,lot1,category 1,a4,code10,15,15
2026-11-01,plant-B,line7,machine3,DN,lot2,category 1,a4,code6,15,15
2026-11-01,plant-B,line8,machine6,UP,lot9,pass,pass,,0,468
2026-11-01,plant-A,line8,machine3,DN,lot7,category 3,b3,code2,1,1
2026-11-01,plant-A,line5,machine3,DN,lot3,pass,pass,,0,288
2026-11-01,plant-A,line3,machine4,UP,lot2,category 3,a2,code6,5,5
2026-11-01,plant-A,line4,machine8,DN,lot9,category 2,b2,code7,14,14
2026-11-01,plant-A,line5,machine7,UP,lot5,category 1,a1,code5,13,13
2026-11-01,plant-A,line6,machine6,DN,lot5,pass,pass,,0,487
2026-11-01,plant-B,line1,machine5,DN,lot5,category 2,b4,code3,18,18
2026-11-01,plant-B,line3,machine6,UP,lot2,category 2,b3,code9,1,1
2026-11-01,plant-A,line8,machine7,UP,lot6,pass,pass,,0,470
2026-11-01,plant-B,line4,machine4,UP,lot7,category 2,b4,code6,7,7
2026-11-01,plant-A,line6,machine8,UP,lot5,category 3,b4,code7,19,19
2026-11-01,plant-A,line1,machine9,UP,lot6,category 3,b3,code9,8,8
2026-11-01,plant-A,line1,machine8,UP,lot7,category 1,a3,code2,5,5
2026-11-01,plant-B,line2,machine5,UP,lot1,category 1,a3,code1,19,19
2026-11-01,plant-A,line3,machine3,DN,lot3,category 1,a2,code1,3,3
2026-11-01,plant-A,line4,machine4,UP,lot4,category 2,b4,code8,2,2
2026-11-01,plant-B,line5,machine2,UP,lot3,category 3,b3,code7,16,16
2026-11-01,plant-B,line7,machine6,UP,lot2,category 1,a4,code7,6,6
2026-11-01,plant-B,line3,machine2,UP,lot1,category 1,a2,code10,10,10
2026-11-01,plant-A,line5,machine8,DN,lot7,category 3,a1,code8,4,4
2026-11-01,plant-A,line1,machine5,UP,lot3,category 3,b3,code3,8,8
2026-11-01,plant-A,line7,machine4,UP,lot3,pass,pass,,0,319
2026-11-01,plant-B,line1,machine5,DN,lot8,category 2,b3,code3,13,13
2026-11-01,plant-B,line7,machine1,DN,lot4,pass,pass,,0,451
2026-11-01,plant-B,line3,machine7,UP,lot5,category 1,a4,code10,10,10
2026-11-01,plant-B,line8,machine7,UP,lot2,category 1,a2,code5,3,3
2026-11-01,plant-A,line4,machine7,UP,lot7,category 1,a1,code7,7,7
2026-11-01,plant-A,line1,machine4,UP,lot1,pass,pass,,0,189
2026-11-01,plant-A,line4,machine2,DN,lot5,category 1,a1,code2,16,16
2026-11-01,plant-B,line1,machine1,DN,lot9,category 1,a3,code10,3,3
2026-11-01,plant-A,line6,machine1,DN,lot9,category 1,a1,code6,7,7
2026-11-01,plant-B,line8,machine2,DN,lot9,category 1,a3,code8,16,16
2026-11-01,plant-A,line5,machine2,UP,lot9,category 3,b3,code10,15,15
2026-11-01,plant-A,line3,machine1,DN,lot6,pass,pass,,0,202
2026-11-01,plant-A,line8,machine4,UP,lot8,pass,pass,,0,440
2026-11-01,plant-A,line9,machine7,UP,lot4,category 1,a3,code6,11,11
2026-11-01,plant-A,line9,machine7,DN,lot2,category 2,b4,code3,6,6
2026-11-01,plant-A,line8,machine8,UP,lot1,category 2,b3,code3,12,12
2026-11-01,plant-B,line2,machine8,DN,lot9,pass,pass,,0,152
2026-11-01,plant-A,line1,machine1,DN,lot3,category 3,b4,code5,8,8
2026-11-01,plant-B,line7,machine5,UP,lot8,category 2,b3,code8,6,6
2026-11-01,plant-A,line1,machine3,UP,lot9,pass,pass,,0,343
2026-11-01,plant-A,line4,machine8,UP,lot8,pass,pass,,0,385
2026-11-01,plant-A,line6,machine5,UP,lot2,category 3,b3,code1,6,6
2026-11-01,plant-B,line2,machine7,DN,lot4,category 2,b4,code4,5,5
2026-11-01,plant-A,line3,machine3,UP,lot2,category 2,b2,code4,15,15
2026-11-01,plant-A,line2,machine7,DN,lot6,category 2,b1,code5,8,8
2026-11-01,plant-A,line8,machine2,DN,lot7,category 3,a1,code9,15,15
2026-11-01,plant-A,line8,machine4,DN,lot8,category 2,b2,code5,4,4
2026-11-01,plant-A,line7,machine1,UP,lot2,pass,pass,,0,428
2026-11-01,plant-B,line3,machine6,DN,lot3,category 1,a4,code2,13,13
2026-11-01,plant-B,line8,machine7,DN,lot1,category 1,a1,code2,7,7
2026-11-01,plant-B,line3,machine8,DN,lot9,pass,pass,,0,416
2026-11-01,plant-A,line9,machine4,DN,lot4,category 3,b3,code2,18,18
2026-11-01,plant-A,line5,machine7,DN,lot4,category 2,b3,code3,6,6
2026-11-02,,line8,machine2,DN,lot8,,,,0,100
2026-11-02,,line4,machine9,DN,lot6,,,,4,4
2026-11-02,,line2,machine9,UP,lot7,,,,1,1
2026-11-02,plant-B,line6,machine5,UP,lot2,category 1,a1,code1,1,1
2026-11-02,plant-B,line9,machine9,UP,lot6,category 2,b2,code10,10,10
2026-11-02,plant-A,line6,machine8,UP,lot8,category 3,a2,code1,12,12
2026-11-02,plant-A,line8,machine7,UP,lot1,pass,pass,,0,477
2026-11-02,plant-B,line8,machine8,DN,lot3,category 1,a1,code3,8,8
2026-11-02,plant-A,line2,machine5,DN,lot8,pass,pass,,0,162
2026-11-02,plant-B,line9,machine1,DN,lot6,category 3,a2,code2,6,6
2026-11-02,plant-B,line8,machine5,UP,lot2,pass,pass,,0,359
2026-11-02,plant-B,line5,machine4,DN,lot2,category 1,a1,code7,11,11
2026-11-02,plant-A,line9,machine5,DN,lot6,category 1,a3,code8,4,4
2026-11-02,plant-B,line9,machine8,DN,lot1,pass,pass,,0,361
2026-11-02,plant-A,line2,machine5,DN,lot3,pass,pass,,0,239
2026-11-02,plant-B,line5,machine4,UP,lot4,category 1,a3,code7,5,5
2026-11-02,plant-B,line8,machine6,UP,lot6,category 1,a4,code2,9,9
2026-11-02,plant-B,line7,machine5,UP,lot6,category 1,a1,code8,18,18
2026-11-02,plant-B,line1,machine6,UP,lot9,category 2,b1,code9,10,10
2026-11-02,plant-B,line3,machine7,DN,lot6,category 2,b2,code2,6,6
2026-11-02,plant-A,line6,machine6,UP,lot6,category 2,b1,code7,11,11
2026-11-02,plant-B,line6,machine8,DN,lot3,category 3,b3,code9,12,12
2026-11-02,plant-A,line7,machine7,UP,lot8,category 2,b2,code3,1,1
2026-11-02,plant-B,line4,machine3,UP,lot1,category 2,b2,code2,6,6
2026-11-02,plant-A,line7,machine1,DN,lot6,category 3,a1,code8,8,8
2026-11-02,plant-B,line1,machine5,UP,lot5,pass,pass,,0,444
2026-11-02,plant-A,line7,machine1,UP,lot3,pass,pass,,0,223
2026-11-02,plant-A,line6,machine8,DN,lot2,category 3,a1,code7,18,18
2026-11-02,plant-B,line5,machine6,UP,lot6,category 1,a4,code7,8,8
2026-11-02,plant-B,line3,machine2,DN,lot5,category 1,a1,code6,4,4
2026-11-02,plant-A,line7,machine2,DN,lot9,category 3,b3,code4,17,17
2026-11-02,plant-B,line2,machine9,UP,lot3,category 1,a3,code1,19,19
2026-11-02,plant-B,line1,machine1,DN,lot7,pass,pass,,0,260
2026-11-02,plant-B,line5,machine3,UP,lot4,category 3,a2,code2,7,7
2026-11-02,plant-B,line8,machine4,UP,lot5,category 3,b3,code4,9,9
2026-11-02,plant-A,line7,machine2,DN,lot3,category 2,b3,code4,9,9
2026-11-02,plant-A,line2,machine5,DN,lot6,category 3,b3,code2,17,17
2026-11-02,plant-B,line8,machine8,DN,lot5,category 3,b4,code10,18,18
2026-11-02,plant-A,line5,machine1,UP,lot8,category 2,b4,code5,11,11
2026-11-02,plant-B,line4,machine7,UP,lot4,category 3,a1,code6,4,4
2026-11-02,plant-B,line2,machine8,DN,lot1,category 2,b1,code1,4,4
2026-11-02,plant-A,line5,machine1,DN,lot6,category 3,b3,code4,13,13
2026-11-02,plant-B,line9,machine2,UP,lot3,pass,pass,,0,405
2026-11-02,plant-B,line6,machine6,DN,lot1,pass,pass,,0,459
2026-11-02,plant-A,line6,machine3,UP,lot6,category 2,b2,code5,10,10
2026-11-02,plant-A,line3,machine2,DN,lot5,pass,pass,,0,427
2026-11-02,plant-A,line2,machine3,UP,lot6,pass,pass,,0,246
2026-11-02,plant-B,line4,machine7,UP,lot8,category 2,b2,code10,15,15
2026-11-02,plant-A,line6,machine1,DN,lot3,category 2,b4,code6,4,4
2026-11-02,plant-A,line1,machine8,DN,lot2,pass,pass,,0,197
2026-11-02,plant-A,line7,machine9,UP,lot8,pass,pass,,0,224
2026-11-02,plant-B,line8,machine7,UP,lot1,category 1,a4,code3,4,4
2026-11-02,plant-A,line3,machine9,DN,lot9,pass,pass,,0,491
2026-11-02,plant-B,line9,machine3,UP,lot2,category 3,a2,code2,6,6
2026-11-02,plant-B,line8,machine5,DN,lot6,category 1,a2,code8,2,2
2026-11-02,plant-B,line8,machine4,DN,lot9,category 1,a4,code4,6,6
2026-11-02,plant-A,line2,machine7,DN,lot3,category 2,b4,code8,19,19
2026-11-02,plant-A,line4,machine9,UP,lot4,pass,pass,,0,375
2026-11-02,plant-B,line4,machine6,DN,lot2,category 2,b1,code6,5,5
2026-11-02,plant-A,line1,machine7,DN,lot7,category 3,a1,code1,5,5
2026-11-02,plant-A,line2,machine9,UP,lot1,category 2,b2,code4,5,5
2026-11-02,plant-B,line2,machine4,DN,lot1,category 3,b4,code8,11,11
2026-11-02,plant-B,line4,machine2,DN,lot5,category 3,b4,code5,15,15
2026-11-02,plant-A,line1,machine2,UP,lot6,category 2,b3,code4,17,17
2026-11-02,plant-B,line4,machine4,DN,lot5,category 1,a4,code4,9,9
2026-11-02,plant-A,line8,machine4,UP,lot4,category 3,b3,code6,1,1
2026-11-02,plant-B,line2,machine5,DN,lot6,pass,pass,,0,399
2026-11-02,plant-A,line9,machine1,DN,lot2,category 2,b2,code6,1,1
2026-11-02,plant-A,line7,machine9,DN,lot2,pass,pass,,0,252
2026-11-02,plant-A,line8,machine7,UP,lot7,category 2,b2,code3,10,10
2026-11-02,plant-A,line9,machine8,DN,lot4,pass,pass,,0,216
2026-11-02,plant-A,line7,machine7,DN,lot7,category 2,b1,code2,8,8
2026-11-02,plant-B,line6,machine2,DN,lot5,pass,pass,,0,246
2026-11-02,plant-B,line8,machine5,UP,lot3,pass,pass,,0,315
2026-11-02,plant-A,line4,machine6,DN,lot2,category 2,b1,code10,10,10
2026-11-02,plant-B,line7,machine8,UP,lot6,category 2,b2,code6,8,8
2026-11-02,plant-B,line6,machine1,DN,lot6,pass,pass,,0,312
2026-11-02,plant-B,line4,machine1,DN,lot1,category 2,b2,code10,3,3
2026-11-02,plant-B,line9,machine6,UP,lot7,category 1,a3,code4,2,2
2026-11-02,plant-A,line6,machine4,UP,lot9,category 2,b1,code5,11,11
2026-11-02,plant-A,line1,machine6,DN,lot7,category 2,b4,code10,2,2
2026-11-02,plant-B,line9,machine2,DN,lot7,pass,pass,,0,323
2026-11-02,plant-B,line6,machine1,UP,lot8,category 3,a2,code7,7,7
2026-11-02,plant-A,line9,machine6,UP,lot2,pass,pass,,0,208
2026-11-02,plant-B,line5,machine7,DN,lot1,category 2,b2,code1,8,8
2026-11-02,plant-A,line3,machine2,DN,lot6,pass,pass,,0,340
2026-11-02,plant-A,line6,machine5,UP,lot9,category 1,a2,code6,5,5
2026-11-02,plant-A,line1,machine9,DN,lot7,category 3,b3,code1,2,2
2026-11-02,plant-B,line8,machine6,DN,lot2,category 3,a2,code10,7,7
2026-11-02,plant-B,line9,machine7,UP,lot3,category 3,a2,code3,2,2
2026-11-02,plant-A,line2,machine4,DN,lot3,category 3,a1,code5,7,7
2026-11-02,plant-B,line2,machine3,DN,lot5,category 2,b2,code4,12,12
2026-11-02,plant-B,line5,machine2,UP,lot1,pass,pass,,0,351
2026-11-02,plant-B,line7,machine8,UP,lot6,category 2,b2,code6,19,19
2026-11-02,plant-A,line6,machine1,UP,lot9,category 2,b3,code1,5,5
2026-11-02,plant-A,line3,machine1,DN,lot8,category 3,a2,code3,10,10
2026-11-02,plant-B,line9,machine8,UP,lot1,category 2,b1,code8,14,14
2026-11-02,plant-A,line7,machine9,UP,lot1,pass,pass,,0,296
2026-11-02,plant-B,line4,machine2,DN,lot6,category 1,a1,code6,12,12
2026-11-02,plant-B,line7,machine3,DN,lot7,pass,pass,,0,174
2026-11-02,plant-B,line2,machine8,UP,lot2,pass,pass,,0,399
2026-11-02,plant-A,line1,machine1,UP,lot7,category 1,a3,code7,5,5
2026-11-02,plant-B,line1,machine1,UP,lot6,category 1,a1,code8,14,14
2026-11-02,plant-B,line4,machine9,UP,lot8,category 3,b3,code4,3,3
2026-11-02,plant-A,line5,machine8,DN,lot5,category 2,b1,code5,8,8
2026-11-02,plant-A,line3,machine8,UP,lot5,category 2,b2,code1,2,2
2026-11-02,plant-B,line8,machine2,DN,lot2,category 2,b3,code3,17,17
2026-11-02,plant-A,line8,machine8,DN,lot4,category 3,a2,code8,7,7
2026-11-02,plant-A,line3,machine5,DN,lot1,category 3,a2,code4,4,4
2026-11-02,plant-B,line1,machine5,DN,lot8,category 1,a1,code2,13,13
2026-11-02,plant-B,line5,machine4,DN,lot5,pass,pass,,0,297
2026-11-02,plant-A,line1,machine9,DN,lot8,category 3,a1,code10,2,2
2026-11-02,plant-B,line5,machine4,UP,lot3,category 2,b2,code10,7,7
2026-11-02,plant-A,line5,machine8,UP,lot9,category 1,a4,code2,5,5
2026-11-02,plant-A,line1,machine2,UP,lot5,category 2,b2,code3,2,2
2026-11-02,plant-B,line3,machine2,UP,lot1,category 3,a1,code1,11,11
2026-11-02,plant-B,line7,machine8,DN,lot1,category 3,b4,code8,12,12
2026-11-02,plant-B,line5,machine8,DN,lot6,pass,pass,,0,169
2026-11-02,plant-A,line8,machine4,DN,lot9,pass,pass,,0,369
2026-11-02,plant-B,line1,machine4,UP,lot9,category 2,b4,code7,14,14
2026-11-02,plant-B,line9,machine9,DN,lot7,category 2,b4,code2,18,18
2026-11-02,plant-A,line8,machine3,DN,lot6,category 2,b2,code1,16,16
2026-11-02,plant-B,line1,machine4,UP,lot6,category 1,a3,code8,8,8
2026-11-02,plant-B,line6,machine8,UP,lot6,category 1,a4,code3,19,19
2026-11-02,plant-A,line1,machine2,UP,lot4,category 3,b4,code10,9,9
2026-11-02,plant-A,line7,machine6,DN,lot7,pass,pass,,0,475
2026-11-02,plant-B,line7,machine6,UP,lot2,pass,pass,,0,466
2026-11-02,plant-B,line5,machine4,DN,lot9,pass,pass,,0,222
2026-11-02,plant-A,line3,machine3,UP,lot5,category 1,a2,code6,19,19
2026-11-02,plant-B,line6,machine4,UP,lot2,category 3,b4,code2,3,3
2026-11-02,plant-A,line5,machine9,DN,lot5,category 2,b2,code9,1,1
2026-11-02,plant-A,line3,machine1,DN,lot2,category 3,a1,code2,16,16
2026-11-02,plant-B,line6,machine1,DN,lot3,category 3,b4,code3,17,17
2026-11-02,plant-B,line9,machine9,DN,lot5,category 2,b3,code5,15,15
2026-11-02,plant-A,line3,machine1,UP,lot1,category 3,a2,code2,12,12
2026-11-02,plant-A,line4,machine6,DN,lot1,pass,pass,,0,459
2026-11-02,plant-B,line3,machine4,DN,lot4,pass,pass,,0,340
2026-11-02,plant-B,line9,machine1,UP,lot9,category 1,a3,code4,15,15
2026-11-02,plant-A,line1,machine7,DN,lot3,category 2,b2,code4,13,13
2026-11-02,plant-B,line1,machine2,DN,lot6,pass,pass,,0,197
2026-11-02,plant-B,line6,machine6,UP,lot2,category 3,a2,code9,16,16
2026-11-02,plant-B,line5,machine7,UP,lot3,category 2,b1,code7,13,13
2026-11-02,plant-A,line7,machine9,DN,lot2,category 2,b1,code3,13,13
2026-11-02,plant-B,line2,machine2,DN,lot3,category 1,a3,code4,19,19
2026-11-02,plant-A,line8,machine4,UP,lot3,category 1,a1,code7,19,19
2026-11-02,plant-B,line9,machine3,DN,lot5,category 2,b1,code4,4,4
2026-11-02,plant-B,line6,machine4,DN,lot7,category 1,a3,code10,19,19
2026-11-02,plant-A,line6,machine2,UP,lot6,pass,pass,,0,494
2026-11-02,plant-A,line4,machine2,UP,lot5,category 1,a2,code5,2,2
2026-11-02,plant-A,line6,machine9,UP,lot9,category 2,b1,code5,15,15
2026-11-02,plant-B,line8,machine9,DN,lot3,category 3,a2,code2,2,2
2026-11-02,plant-B,line9,machine3,DN,lot9,pass,pass,,0,404
2026-11-02,plant-A,line9,machine3,DN,lot5,category 3,b4,code2,3,3
2026-11-02,plant-B,line5,machine6,UP,lot5,pass,pass,,0,232
2026-11-02,plant-B,line7,machine4,UP,lot3,pass,pass,,0,162
2026-11-02,plant-A,line6,machine9,DN,lot9,category 3,a2,code5,19,19
2026-11-02,plant-A,line1,machine6,DN,lot5,category 3,b3,code1,17,17
2026-11-02,plant-B,line6,machine6,DN,lot7,pass,pass,,0,289
2026-11-02,plant-B,line4,machine1,UP,lot9,category 3,b4,code4,17,17
2026-11-02,plant-B,line2,machine7,DN,lot4,category 1,a3,code7,18,18
2026-11-02,plant-A,line3,machine1,UP,lot8,pass,pass,,0,217
2026-11-02,plant-A,line7,machine9,DN,lot4,pass,pass,,0,371
2026-11-02,plant-B,line1,machine9,UP,lot9,pass,pass,,0,271
2026-11-02,plant-B,line1,machine7,UP,lot1,pass,pass,,0,198
2026-11-02,plant-A,line8,machine7,UP,lot8,category 2,b2,code6,4,4
2026-11-02,plant-B,line5,machine5,DN,lot7,category 2,b3,code8,11,11
2026-11-02,plant-B,line3,machine3,UP,lot2,category 2,b2,code7,12,12
2026-11-02,plant-B,line1,machine8,DN,lot1,category 2,b3,code6,14,14
2026-11-02,plant-A,line6,machine8,UP,lot3,category 2,b1,code9,10,10
2026-11-02,plant-A,line7,machine8,UP,lot5,category 3,a1,code6,15,15
2026-11-02,plant-A,line1,machine7,UP,lot6,pass,pass,,0,231
2026-11-02,plant-A,line9,machine5,UP,lot2,pass,pass,,0,427
2026-11-02,plant-A,line6,machine4,UP,lot4,pass,pass,,0,155
2026-11-02,plant-B,line3,machine7,UP,lot2,category 3,a1,code5,12,12
2026-11-02,plant-B,line9,machine8,DN,lot9,pass,pass,,0,439
2026-11-02,plant-B,line4,machine4,UP,lot6,category 3,b3,code8,2,2
2026-11-02,plant-B,line2,machine9,UP,lot5,category 3,a1,code6,3,3
2026-11-02,plant-A,line8,machine9,DN,lot5,category 2,b2,code8,16,16
2026-11-02,plant-A,line8,machine7,UP,lot7,category 2,b2,code10,19,19
2026-11-02,plant-A,line5,machine9,UP,lot6,category 1,a3,code9,13,13
2026-11-02,plant-A,line5,machine2,DN,lot3,category 3,a1,code6,8,8
2026-11-02,plant-B,line3,machine7,UP,lot6,pass,pass,,0,302
2026-11-02,plant-A,line4,machine5,DN,lot7,category 2,b4,code9,8,8
2026-11-02,plant-A,line9,machine5,DN,lot4,pass,pass,,0,178
2026-11-02,plant-A,line4,machine5,DN,lot6,category 1,a4,code10,13,13
2026-11-02,plant-A,line7,machine7,DN,lot5,category 2,b3,code3,10,10
2026-11-02,plant-A,line5,machine8,UP,lot2,category 3,a2,code2,12,12
2026-11-02,plant-B,line6,machine3,UP,lot7,pass,pass,,0,495
2026-11-02,plant-B,line2,machine5,DN,lot2,category 1,a1,code5,6,6
2026-11-02,plant-B,line4,machine5,DN,lot3,category 3,a1,code3,13,13
2026-11-02,plant-B,line4,machine1,UP,lot3,pass,pass,,0,371
2026-11-02,plant-A,line6,machine6,UP,lot1,category 1,a1,code4,7,7
2026-11-02,plant-B,line2,machine1,UP,lot5,category 2,b4,code8,16,16
2026-11-02,plant-A,line4,machine5,UP,lot3,category 1,a1,code1,10,10
2026-11-02,plant-B,line6,machine1,UP,lot3,category 2,b4,code5,8,8
2026-11-02,plant-B,line2,machine5,UP,lot3,category 3,b4,code10,1,1
2026-11-02,plant-A,line1,machine3,UP,lot6,category 1,a1,code9,17,17
2026-11-02,plant-B,line8,machine2,DN,lot8,pass,pass,,0,182
2026-11-02,plant-A,line1,machine9,DN,lot3,category 2,b4,code4,9,9
2026-11-02,plant-B,line5,machine1,DN,lot1,pass,pass,,0,216
2026-11-03,,line1,machine5,DN,lot3,,,,1,1
2026-11-03,,line5,machine5,UP,lot6,,,,2,2
2026-11-03,,line4,machine6,DN,lot8,,,,3,3
2026-11-03,plant-B,line5,machine8,UP,lot8,category 3,a2,code4,4,4
2026-11-03,plant-B,line8,machine9,DN,lot1,pass,pass,,0,163
2026-11-03,plant-B,line4,machine3,DN,lot9,category 2,b3,code10,3,3
2026-11-03,plant-A,line9,machine4,DN,lot4,pass,pass,,0,315
2026-11-03,plant-B,line1,machine8,UP,lot6,category 2,b1,code4,11,11
2026-11-03,plant-B,line2,machine8,UP,lot8,category 1,a1,code7,4,4
2026-11-03,plant-A,line6,machine9,UP,lot2,pass,pass,,0,388
2026-11-03,plant-B,line2,machine4,UP,lot5,category 2,b3,code6,1,1
2026-11-03,plant-B,line6,machine8,UP,lot6,category 3,a1,code6,1,1
2026-11-03,plant-B,line9,machine3,DN,lot9,category 3,b3,code10,5,5
2026-11-03,plant-A,line9,machine6,DN,lot9,pass,pass,,0,334
2026-11-03,plant-A,line8,machine2,DN,lot3,category 3,a1,code10,4,4
2026-11-03,plant-A,line7,machine8,UP,lot7,pass,pass,,0,388
2026-11-03,plant-A,line3,machine2,DN,lot4,category 1,a3,code9,9,9
2026-11-03,plant-B,line8,machine2,DN,lot1,category 1,a3,code3,13,13
2026-11-03,plant-A,line1,machine7,DN,lot3,pass,pass,,0,231
2026-11-03,plant-B,line4,machine7,UP,lot9,category 1,a3,code10,8,8
2026-11-03,plant-A,line6,machine6,DN,lot5,category 1,a2,code6,19,19
2026-11-03,plant-B,line9,machine7,UP,lot7,category 2,b2,code4,16,16
2026-11-03,plant-B,line8,machine8,UP,lot5,category 2,b2,code8,2,2
2026-11-03,plant-A,line9,machine6,DN,lot4,pass,pass,,0,274
2026-11-03,plant-B,line1,machine8,DN,lot9,pass,pass,,0,373
2026-11-03,plant-B,line8,machine9,UP,lot1,pass,pass,,0,267
2026-11-03,plant-B,line4,machine2,DN,lot4,category 1,a2,code4,10,10
2026-11-03,plant-A,line7,machine9,UP,lot6,category 1,a1,code9,4,4
2026-11-03,plant-A,line7,machine6,UP,lot4,category 3,a2,code9,10,10
2026-11-03,plant-B,line6,machine1,UP,lot9,category 1,a3,code3,13,13
2026-11-03,plant-A,line8,machine4,DN,lot5,pass,pass,,0,432
2026-11-03,plant-B,line1,machine4,UP,lot7,pass,pass,,0,162
2026-11-03,plant-B,line4,machine6,UP,lot3,category 3,b3,code10,10,10
2026-11-03,plant-B,line9,machine2,UP,lot7,pass,pass,,0,210
2026-11-03,plant-A,line2,machine7,UP,lot3,category 3,b4,code4,9,9
2026-11-03,plant-A,line4,machine5,DN,lot3,category 3,a1,code9,11,11
2026-11-03,plant-B,line6,machine2,DN,lot7,pass,pass,,0,297
2026-11-03,plant-A,line2,machine7,UP,lot2,pass,pass,,0,213
2026-11-03,plant-A,line1,machine7,UP,lot6,pass,pass,,0,331
2026-11-03,plant-B,line8,machine3,UP,lot1,pass,pass,,0,375
2026-11-03,plant-B,line5,machine9,DN,lot9,pass,pass,,0,187
2026-11-03,plant-B,line4,machine5,UP,lot9,category 2,b2,code2,19,19
2026-11-03,plant-A,line1,machine2,UP,lot1,category 2,b2,code9,19,19
2026-11-03,plant-A,line3,machine2,UP,lot3,pass,pass,,0,493
2026-11-03,plant-A,line1,machine8,DN,lot1,category 3,a2,code10,11,11
2026-11-03,plant-A,line8,machine8,DN,lot3,category 2,b2,code4,5,5
2026-11-03,plant-B,line8,machine8,UP,lot4,category 2,b4,code5,12,12
2026-11-03,plant-A,line9,machine9,UP,lot4,category 1,a1,code8,1,1
2026-11-03,plant-B,line4,machine1,DN,lot7,category 2,b1,code8,18,18
2026-11-03,plant-A,line8,machine2,DN,lot4,category 3,b4,code4,19,19
2026-11-03,plant-B,line4,machine6,DN,lot6,pass,pass,,0,487
2026-11-03,plant-B,line1,machine1,UP,lot2,category 1,a4,code8,3,3
2026-11-03,plant-A,line8,machine4,UP,lot8,category 2,b1,code8,9,9
2026-11-03,plant-A,line1,machine4,DN,lot4,category 3,b3,code5,5,5
2026-11-03,plant-A,line8,machine2,UP,lot8,category 1,a4,code9,8,8
2026-11-03,plant-B,line5,machine9,DN,lot1,category 1,a3,code8,16,16
2026-11-03,plant-B,line5,machine2,UP,lot6,category 2,b3,code3,11,11
2026-11-03,plant-A,line9,machine7,UP,lot3,category 1,a3,code5,13,13
2026-11-03,plant-B,line9,machine5,UP,lot9,category 3,b3,code6,6,6
2026-11-03,plant-B,line6,machine7,UP,lot3,category 2,b4,code6,13,13
2026-11-03,plant-B,line8,machine3,UP,lot2,pass,pass,,0,169
2026-11-03,plant-B,line4,machine9,UP,lot5,category 2,b2,code3,2,2
2026-11-03,plant-B,line7,machine5,UP,lot4,category 1,a1,code7,6,6
2026-11-03,plant-B,line2,machine3,UP,lot2,category 1,a2,code2,7,7
2026-11-03,plant-A,line9,machine5,UP,lot1,category 1,a4,code1,18,18
2026-11-03,plant-A,line3,machine5,UP,lot4,category 3,a2,code6,11,11
2026-11-03,plant-B,line6,machine4,UP,lot9,pass,pass,,0,163
2026-11-03,plant-B,line4,machine7,DN,lot4,pass,pass,,0,192
2026-11-03,plant-B,line2,machine7,UP,lot8,category 1,a2,code9,2,2
2026-11-03,plant-B,line7,machine8,UP,lot9,category 1,a4,code1,16,16
2026-11-03,plant-B,line8,machine5,DN,lot9,category 2,b2,code8,19,19
2026-11-03,plant-A,line4,machine8,DN,lot4,category 1,a4,code7,7,7
2026-11-03,plant-A,line7,machine8,UP,lot8,category 1,a2,code7,16,16
2026-11-03,plant-A,line9,machine8,UP,lot5,category 1,a1,code10,5,5
2026-11-03,plant-A,line8,machine5,DN,lot6,category 3,b4,code7,9,9
2026-11-03,plant-A,line8,machine8,UP,lot7,pass,pass,,0,171
2026-11-03,plant-A,line2,machine2,DN,lot7,pass,pass,,0,416
2026-11-03,plant-B,line5,machine1,UP,lot9,category 2,b1,code5,19,19
2026-11-03,plant-A,line1,machine5,UP,lot7,category 1,a3,code10,1,1
2026-11-03,plant-A,line9,machine3,DN,lot5,category 2,b1,code1,12,12
2026-11-03,plant-B,line8,machine3,UP,lot4,pass,pass,,0,438
2026-11-03,plant-B,line8,machine7,UP,lot8,pass,pass,,0,452
2026-11-03,plant-A,line4,machine5,DN,lot6,category 1,a1,code1,10,10
2026-11-03,plant-B,line2,machine9,DN,lot1,category 2,b3,code6,11,11
2026-11-03,plant-B,line2,machine6,DN,lot3,pass,pass,,0,453
2026-11-03,plant-B,line8,machine3,DN,lot2,category 2,b3,code10,8,8
2026-11-03,plant-B,line6,machine1,DN,lot2,category 2,b1,code2,16,16
2026-11-03,plant-A,line2,machine1,UP,lot2,category 3,b4,code10,10,10
2026-11-03,plant-A,line9,machine5,UP,lot4,category 3,b4,code2,3,3
2026-11-03,plant-A,line4,machine4,DN,lot9,category 1,a1,code6,6,6
2026-11-03,plant-A,line4,machine1,DN,lot8,category 1,a3,code1,14,14
2026-11-03,plant-A,line8,machine1,DN,lot3,pass,pass,,0,160
2026-11-03,plant-A,line5,machine4,DN,lot5,category 2,b4,code3,2,2
2026-11-03,plant-B,line7,machine8,DN,lot2,category 2,b3,code4,7,7
2026-11-03,plant-A,line4,machine3,UP,lot6,category 3,a1,code2,2,2
2026-11-03,plant-A,line6,machine5,DN,lot1,pass,pass,,0,434
2026-11-03,plant-B,line7,machine6,UP,lot2,pass,pass,,0,160
2026-11-03,plant-A,line1,machine1,DN,lot6,pass,pass,,0,298
2026-11-03,plant-A,line4,machine8,UP,lot6,pass,pass,,0,340
2026-11-03,plant-A,line9,machine5,DN,lot8,category 2,b3,code10,17,17
2026-11-03,plant-B,line9,machine9,UP,lot5,category 1,a4,code6,10,10
2026-11-03,plant-B,line5,machine8,UP,lot5,category 3,a1,code5,13,13
2026-11-03,plant-B,line9,machine5,DN,lot2,pass,pass,,0,275
2026-11-03,plant-B,line2,machine1,DN,lot3,category 1,a3,code4,5,5
2026-11-03,plant-A,line2,machine9,DN,lot5,pass,pass,,0,268
2026-11-03,plant-B,line3,machine8,DN,lot5,pass,pass,,0,205
2026-11-03,plant-B,line8,machine1,DN,lot3,category 3,a2,code5,2,2
2026-11-03,plant-B,line2,machine2,UP,lot5,category 1,a1,code6,13,13
2026-11-03,plant-B,line3,machine4,DN,lot9,category 1,a4,code10,6,6
2026-11-03,plant-B,line4,machine4,DN,lot2,category 3,a1,code10,6,6
2026-11-03,plant-A,line4,machine3,UP,lot5,pass,pass,,0,304
2026-11-03,plant-A,line2,machine7,DN,lot7,category 1,a1,code7,3,3
2026-11-03,plant-B,line3,machine8,DN,lot8,category 1,a3,code5,13,13
2026-11-03,plant-B,line8,machine2,DN,lot6,category 2,b2,code6,18,18
2026-11-03,plant-A,line1,machine9,DN,lot3,category 3,a1,code1,17,17
2026-11-03,plant-B,line7,machine5,UP,lot3,category 3,b3,code8,1,1
2026-11-03,plant-B,line1,machine3,DN,lot3,category 2,b4,code2,17,17
2026-11-03,plant-B,line7,machine3,UP,lot8,pass,pass,,0,430
2026-11-03,plant-A,line2,machine6,DN,lot2,category 1,a2,code7,9,9
2026-11-03,plant-B,line2,machine1,UP,lot7,category 3,a2,code10,13,13
2026-11-03,plant-A,line9,machine1,UP,lot5,category 1,a1,code6,2,2
2026-11-03,plant-A,line9,machine4,DN,lot3,category 2,b3,code9,16,16
2026-11-03,plant-B,line6,machine1,DN,lot5,category 2,b1,code9,8,8
2026-11-03,plant-A,line9,machine8,DN,lot1,pass,pass,,0,254
2026-11-03,plant-A,line8,machine2,DN,lot8,category 1,a2,code6,13,13
2026-11-03,plant-B,line5,machine8,DN,lot2,pass,pass,,0,442
2026-11-03,plant-A,line3,machine6,DN,lot1,pass,pass,,0,221
2026-11-03,plant-A,line7,machine7,UP,lot7,pass,pass,,0,477
2026-11-03,plant-B,line4,machine9,DN,lot4,category 2,b2,code9,16,16
2026-11-03,plant-B,line6,machine5,DN,lot7,category 3,a2,code8,11,11
2026-11-03,plant-B,line2,machine4,DN,lot6,pass,pass,,0,316
2026-11-03,plant-B,line4,machine4,DN,lot5,category 3,a1,code2,3,3
2026-11-03,plant-B,line3,machine7,DN,lot2,category 1,a4,code1,12,12
2026-11-03,plant-A,line6,machine1,DN,lot2,category 2,b4,code3,17,17
2026-11-03,plant-B,line7,machine8,UP,lot5,category 2,b1,code4,9,9
2026-11-03,plant-A,line2,machine1,UP,lot2,category 2,b1,code6,14,14
2026-11-03,plant-A,line4,machine1,DN,lot3,pass,pass,,0,291
2026-11-03,plant-A,line1,machine7,DN,lot9,category 1,a4,code3,11,11
2026-11-03,plant-A,line7,machine6,DN,lot8,category 3,b4,code9,14,14
2026-11-03,plant-B,line6,machine6,DN,lot9,category 1,a4,code5,3,3
2026-11-03,plant-A,line7,machine9,UP,lot7,category 2,b4,code8,14,14
2026-11-03,plant-A,line6,machine8,DN,lot7,pass,pass,,0,166
2026-11-03,plant-A,line9,machine6,UP,lot4,category 2,b2,code9,1,1
2026-11-03,plant-B,line4,machine5,UP,lot1,category 2,b3,code2,10,10
2026-11-03,plant-A,line7,machine5,UP,lot9,category 2,b2,code1,3,3
2026-11-03,plant-A,line9,machine2,DN,lot6,pass,pass,,0,247
2026-11-03,plant-A,line3,machine6,DN,lot4,category 1,a1,code7,18,18
2026-11-03,plant-A,line6,machine1,DN,lot8,pass,pass,,0,380
2026-11-03,plant-A,line4,machine9,UP,lot9,pass,pass,,0,388
2026-11-03,plant-B,line6,machine7,DN,lot4,pass,pass,,0,313
2026-11-03,plant-B,line1,machine4,DN,lot5,category 1,a4,code2,16,16
2026-11-03,plant-A,line9,machine4,UP,lot5,category 3,b3,code7,15,15
2026-11-03,plant-B,line7,machine4,UP,lot1,category 1,a3,code2,15,15
2026-11-03,plant-B,line5,machine7,UP,lot9,category 1,a2,code7,13,13
2026-11-03,plant-A,line6,machine8,UP,lot1,category 2,b1,code3,19,19
2026-11-03,plant-A,line2,machine5,DN,lot7,category 2,b4,code8,19,19
2026-11-03,plant-B,line7,machine8,DN,lot8,category 2,b3,code1,10,10
2026-11-03,plant-A,line3,machine4,DN,lot6,category 3,a2,code1,4,4
2026-11-03,plant-A,line5,machine2,DN,lot6,category 1,a1,code9,1,1
2026-11-03,plant-A,line4,machine8,DN,lot7,category 1,a2,code6,12,12
2026-11-03,plant-B,line6,machine6,UP,lot9,category 1,a3,code7,3,3
2026-11-03,plant-B,line8,machine6,DN,lot6,category 2,b4,code2,14,14
2026-11-03,plant-A,line3,machine8,UP,lot4,category 2,b2,code10,6,6
2026-11-03,plant-A,line3,machine4,DN,lot4,pass,pass,,0,303
2026-11-03,plant-A,line9,machine2,DN,lot3,pass,pass,,0,407
2026-11-03,plant-B,line4,machine5,DN,lot6,category 3,a1,code3,3,3
2026-11-03,plant-A,line3,machine4,DN,lot8,category 2,b3,code10,19,19
2026-11-03,plant-B,line9,machine3,DN,lot3,pass,pass,,0,485
2026-11-03,plant-A,line4,machine8,UP,lot9,pass,pass,,0,429
2026-11-03,plant-B,line4,machine8,DN,lot2,category 1,a3,code6,17,17
2026-11-03,plant-A,line5,machine5,UP,lot6,pass,pass,,0,388
2026-11-03,plant-A,line7,machine4,DN,lot2,category 3,b4,code5,18,18
2026-11-03,plant-A,line9,machine5,UP,lot6,category 2,b4,code10,6,6
2026-11-03,plant-A,line9,machine8,UP,lot5,category 1,a2,code7,18,18
2026-11-03,plant-B,line2,machine4,UP,lot9,category 1,a4,code3,10,10
2026-11-03,plant-A,line9,machine8,DN,lot4,category 1,a3,code7,13,13
2026-11-03,plant-A,line9,machine9,DN,lot6,category 3,a1,code8,14,14
2026-11-03,plant-A,line6,machine3,UP,lot4,category 2,b1,code8,4,4
2026-11-03,plant-B,line7,machine1,UP,lot1,category 2,b4,code10,15,15
2026-11-03,plant-A,line8,machine1,UP,lot5,category 2,b2,code8,15,15
2026-11-03,plant-B,line6,machine8,UP,lot3,pass,pass,,0,284
2026-11-03,plant-B,line5,machine4,UP,lot9,category 2,b3,code8,12,12
2026-11-03,plant-B,line1,machine5,DN,lot7,pass,pass,,0,458
2026-11-03,plant-B,line3,machine6,DN,lot2,category 3,a1,code6,5,5
2026-11-03,plant-B,line8,machine8,UP,lot4,category 2,b1,code2,11,11
2026-11-03,plant-B,line7,machine1,UP,lot8,category 2,b4,code5,11,11
2026-11-03,plant-A,line5,machine3,DN,lot3,pass,pass,,0,218
2026-11-03,plant-B,line1,machine5,DN,lot2,category 2,b3,code8,6,6
2026-11-03,plant-A,line1,machine3,UP,lot7,category 2,b4,code1,7,7
2026-11-03,plant-A,line5,machine2,DN,lot5,category 2,b4,code4,5,5
2026-11-03,plant-A,line8,machine9,DN,lot2,pass,pass,,0,468
2026-11-03,plant-A,line5,machine5,UP,lot9,category 1,a4,code2,2,2
2026-11-03,plant-B,line9,machine3,UP,lot5,pass,pass,,0,445
2026-11-03,plant-B,line7,machine8,DN,lot3,category 1,a3,code4,9,9
2026-11-03,plant-B,line9,machine5,UP,lot9,pass,pass,,0,232
2026-11-03,plant-A,line7,machine1,DN,lot4,category 2,b2,code3,4,4
2026-11-03,plant-B,line1,machine4,UP,lot9,category 3,b4,code9,19,19
2026-11-03,plant-A,line3,machine8,DN,lot4,pass,pass,,0,371
2026-11-03,plant-A,line8,machine9,DN,lot6,category 2,b2,code3,9,9
2026-11-03,plant-A,line8,machine7,UP,lot2,pass,pass,,0,234
2026-11-04,,line1,machine5,DN,lot7,,,,2,2
2026-11-04,,line8,machine6,UP,lot3,,,,2,2
2026-11-04,,line3,machine7,UP,lot1,,,,4,4
2026-11-04,plant-A,line6,machine8,UP,lot5,category 1,a4,code5,18,18
2026-11-04,plant-A,line3,machine2,DN,lot4,category 2,b1,code9,4,4
2026-11-04,plant-A,line5,machine3,UP,lot5,category 3,b4,code1,19,19
2026-11-04,plant-B,line2,machine3,DN,lot9,category 3,a1,code4,15,15
2026-11-04,plant-B,line1,machine6,DN,lot8,category 2,b3,code3,5,5
2026-11-04,plant-A,line8,machine9,UP,lot4,category 2,b4,code2,1,1
2026-11-04,plant-B,line8,machine5,DN,lot4,category 3,b4,code10,18,18
2026-11-04,plant-B,line2,machine1,DN,lot8,category 2,b3,code9,1,1
2026-11-04,plant-A,line7,machine3,UP,lot3,category 1,a2,code8,5,5
2026-11-04,plant-A,line2,machine7,DN,lot6,category 1,a2,code2,16,16
2026-11-04,plant-A,line8,machine1,DN,lot7,category 3,a2,code5,13,13
2026-11-04,plant-B,line8,machine1,UP,lot6,category 2,b4,code10,11,11
2026-11-04,plant-A,line8,machine5,DN,lot6,pass,pass,,0,190
2026-11-04,plant-B,line1,machine3,DN,lot8,category 1,a4,code5,12,12
2026-11-04,plant-B,line1,machine8,DN,lot1,pass,pass,,0,266
2026-11-04,plant-B,line9,machine6,UP,lot3,category 2,b2,code7,7,7
2026-11-04,plant-B,line4,machine3,UP,lot1,category 2,b1,code3,12,12
2026-11-04,plant-B,line4,machine9,DN,lot2,pass,pass,,0,391
2026-11-04,plant-A,line1,machine5,DN,lot2,category 2,b1,code10,16,16
2026-11-04,plant-B,line5,machine6,UP,lot9,category 2,b2,code1,10,10
2026-11-04,plant-B,line4,machine3,UP,lot7,category 2,b1,code8,5,5
2026-11-04,plant-A,line8,machine6,UP,lot5,category 2,b1,code8,19,19
2026-11-04,plant-B,line7,machine5,DN,lot7,pass,pass,,0,353
2026-11-04,plant-B,line5,machine5,UP,lot3,category 3,a2,code8,1,1
2026-11-04,plant-B,line3,machine6,DN,lot1,category 3,a1,code3,18,18
2026-11-04,plant-A,line5,machine5,DN,lot8,category 1,a2,code7,9,9
2026-11-04,plant-B,line1,machine8,UP,lot6,category 1,a1,code10,5,5
2026-11-04,plant-A,line3,machine9,UP,lot8,pass,pass,,0,444
2026-11-04,plant-B,line1,machine1,UP,lot7,category 3,b3,code3,4,4
2026-11-04,plant-A,line4,machine4,UP,lot8,category 1,a3,code4,8,8
2026-11-04,plant-A,line7,machine9,DN,lot4,pass,pass,,0,440
2026-11-04,plant-A,line7,machine9,UP,lot3,pass,pass,,0,213
2026-11-04,plant-A,line4,machine7,UP,lot9,pass,pass,,0,402
2026-11-04,plant-B,line5,machine4,DN,lot6,category 3,a2,code5,12,12
2026-11-04,plant-A,line8,machine4,UP,lot9,category 1,a4,code6,18,18
2026-11-04,plant-A,line6,machine5,UP,lot4,pass,pass,,0,271
2026-11-04,plant-A,line7,machine2,DN,lot3,pass,pass,,0,230
2026-11-04,plant-A,line1,machine2,DN,lot1,pass,pass,,0,398
2026-11-04,plant-B,line4,machine8,UP,lot5,category 2,b4,code4,2,2
2026-11-04,plant-B,line1,machine4,UP,lot4,category 3,a2,code2,18,18
2026-11-04,plant-B,line4,machine1,DN,lot1,category 3,a1,code8,17,17
2026-11-04,plant-B,line9,machine5,UP,lot9,pass,pass,,0,482
2026-11-04,plant-B,line8,machine7,UP,lot3,pass,pass,,0,481
2026-11-04,plant-A,line1,machine1,UP,lot9,category 1,a3,code1,15,15
2026-11-04,plant-A,line2,machine8,UP,lot3,category 1,a3,code7,9,9
2026-11-04,plant-A,line7,machine2,DN,lot1,category 1,a2,code6,12,12
2026-11-04,plant-B,line8,machine8,DN,lot2,category 1,a2,code9,10,10
2026-11-04,plant-A,line5,machine1,UP,lot1,category 3,b3,code9,3,3
2026-11-04,plant-B,line4,machine1,DN,lot6,category 1,a2,code4,2,2
2026-11-04,plant-A,line6,machine9,UP,lot4,category 2,b1,code9,17,17
2026-11-04,plant-B,line6,machine3,UP,lot8,category 3,b3,code7,17,17
2026-11-04,plant-A,line4,machine8,UP,lot1,category 3,a1,code4,4,4
2026-11-04,plant-B,line8,machine6,DN,lot1,category 2,b1,code6,9,9
2026-11-04,plant-A,line6,machine8,DN,lot5,category 3,b4,code1,8,8
2026-11-04,plant-B,line5,machine7,UP,lot5,category 1,a3,code1,15,15
2026-11-04,plant-A,line5,machine3,DN,lot8,pass,pass,,0,493
2026-11-04,plant-A,line8,machine2,DN,lot7,pass,pass,,0,169
2026-11-04,plant-B,line3,machine2,DN,lot2,category 2,b3,code4,16,16
2026-11-04,plant-B,line4,machine9,DN,lot5,category 1,a1,code3,6,6
2026-11-04,plant-B,line6,machine6,UP,lot5,category 1,a1,code3,15,15
2026-11-04,plant-A,line4,machine2,DN,lot3,category 3,b3,code3,3,3
2026-11-04,plant-B,line6,machine9,DN,lot7,category 3,b3,code2,2,2
2026-11-04,plant-A,line7,machine1,DN,lot7,pass,pass,,0,419
2026-11-04,plant-A,line9,machine1,DN,lot2,category 1,a2,code10,19,19
2026-11-04,plant-A,line3,machine7,UP,lot5,pass,pass,,0,204
2026-11-04,plant-A,line3,machine6,DN,lot9,category 2,b1,code5,7,7
2026-11-04,plant-B,line3,machine7,UP,lot1,category 1,a4,code3,5,5
2026-11-04,plant-A,line7,machine1,DN,lot2,category 2,b2,code10,3,3
2026-11-04,plant-B,line1,machine8,UP,lot6,category 2,b4,code1,15,15
2026-11-04,plant-A,line7,machine8,DN,lot3,pass,pass,,0,458
2026-11-04,plant-B,line2,machine1,DN,lot3,pass,pass,,0,441
2026-11-04,plant-A,line5,machine7,UP,lot9,category 2,b1,code9,9,9
2026-11-04,plant-B,line5,machine6,DN,lot4,category 3,a2,code5,15,15
2026-11-04,plant-B,line3,machine8,DN,lot3,category 3,b4,code7,9,9
2026-11-04,plant-B,line1,machine3,DN,lot4,pass,pass,,0,450
2026-11-04,plant-A,line5,machine3,UP,lot2,pass,pass,,0,271
2026-11-04,plant-A,line2,machine9,DN,lot3,category 2,b3,code10,16,16
2026-11-04,plant-A,line2,machine2,DN,lot5,pass,pass,,0,431
2026-11-04,plant-B,line8,machine4,DN,lot9,category 2,b4,code10,10,10
2026-11-04,plant-B,line9,machine4,UP,lot1,category 2,b1,code1,9,9
2026-11-04,plant-A,line9,machine5,DN,lot9,category 3,b4,code3,18,18
2026-11-04,plant-B,line8,machine1,DN,lot3,pass,pass,,0,171
2026-11-04,plant-B,line8,machine1,UP,lot6,pass,pass,,0,208
2026-11-04,plant-B,line7,machine4,UP,lot7,category 2,b3,code6,16,16
2026-11-04,plant-B,line6,machine2,UP,lot1,category 2,b2,code10,10,10
2026-11-04,plant-B,line9,machine4,UP,lot3,pass,pass,,0,351
2026-11-04,plant-B,line7,machine6,DN,lot4,category 1,a4,code7,8,8
2026-11-04,plant-A,line9,machine3,DN,lot3,pass,pass,,0,383
2026-11-04,plant-A,line8,machine2,UP,lot1,category 3,a1,code8,6,6
2026-11-04,plant-A,line9,machine4,UP,lot3,pass,pass,,0,232
2026-11-04,plant-A,line7,machine9,UP,lot3,category 2,b2,code2,2,2
2026-11-04,plant-A,line4,machine4,UP,lot3,pass,pass,,0,165
2026-11-04,plant-A,line3,machine9,UP,lot5,category 2,b4,code7,17,17
2026-11-04,plant-B,line6,machine8,DN,lot8,category 1,a1,code8,3,3
2026-11-04,plant-A,line5,machine7,UP,lot1,category 2,b2,code9,3,3
2026-11-04,plant-B,line4,machine2,DN,lot5,category 1,a4,code3,11,11
2026-11-04,plant-A,line3,machine7,UP,lot5,category 2,b4,code4,9,9
2026-11-04,plant-A,line1,machine1,UP,lot3,category 3,b3,code2,17,17
2026-11-04,plant-B,line9,machine5,UP,lot4,category 3,a2,code6,8,8
2026-11-04,plant-B,line3,machine7,UP,lot6,category 2,b1,code8,14,14
2026-11-04,plant-B,line6,machine4,DN,lot4,category 3,a2,code10,11,11
2026-11-04,plant-B,line1,machine6,UP,lot1,pass,pass,,0,453
2026-11-04,plant-A,line6,machine9,DN,lot5,pass,pass,,0,437
2026-11-04,plant-B,line2,machine3,DN,lot3,pass,pass,,0,425
2026-11-04,plant-A,line8,machine5,UP,lot6,category 3,a2,code6,1,1
2026-11-04,plant-A,line7,machine6,UP,lot9,category 1,a1,code4,3,3
2026-11-04,plant-B,line3,machine1,DN,lot6,category 1,a1,code8,8,8
2026-11-04,plant-A,line7,machine3,UP,lot8,category 2,b4,code8,8,8
2026-11-04,plant-B,line1,machine5,DN,lot9,pass,pass,,0,324
2026-11-04,plant-A,line3,machine7,DN,lot7,pass,pass,,0,274
2026-11-04,plant-A,line9,machine8,UP,lot5,category 3,a1,code4,10,10
2026-11-04,plant-A,line6,machine6,DN,lot7,category 3,a2,code8,7,7
2026-11-04,plant-A,line7,machine2,DN,lot2,category 1,a3,code2,7,7
2026-11-04,plant-A,line7,machine6,DN,lot9,pass,pass,,0,442
2026-11-04,plant-A,line2,machine8,UP,lot9,category 1,a4,code6,7,7
2026-11-04,plant-B,line7,machine9,DN,lot8,pass,pass,,0,202
2026-11-04,plant-A,line4,machine5,DN,lot6,category 1,a3,code5,18,18
2026-11-04,plant-A,line3,machine1,DN,lot6,category 1,a4,code7,8,8
2026-11-04,plant-A,line7,machine1,UP,lot9,pass,pass,,0,284
2026-11-04,plant-B,line2,machine6,UP,lot2,category 1,a2,code3,11,11
2026-11-04,plant-A,line3,machine1,UP,lot4,category 2,b2,code7,16,16
2026-11-04,plant-A,line9,machine3,DN,lot2,category 2,b1,code9,18,18
2026-11-04,plant-B,line6,machine6,UP,lot2,category 3,b4,code1,19,19
2026-11-04,plant-B,line9,machine1,UP,lot1,category 3,a2,code1,18,18
2026-11-04,plant-B,line6,machine2,UP,lot4,category 2,b3,code7,14,14
2026-11-04,plant-B,line9,machine4,UP,lot7,pass,pass,,0,443
2026-11-04,plant-A,line6,machine1,DN,lot9,category 3,a2,code5,18,18
2026-11-04,plant-A,line6,machine3,UP,lot2,category 1,a2,code4,17,17
2026-11-04,plant-B,line5,machine6,DN,lot9,category 2,b3,code4,2,2
2026-11-04,plant-A,line4,machine8,UP,lot9,category 1,a3,code2,4,4
2026-11-04,plant-A,line7,machine7,DN,lot8,category 2,b2,code10,12,12
2026-11-04,plant-A,line7,machine6,UP,lot3,category 2,b1,code3,15,15
2026-11-04,plant-A,line4,machine9,UP,lot8,category 2,b1,code2,14,14
2026-11-04,plant-B,line3,machine1,UP,lot2,category 1,a2,code6,15,15
2026-11-04,plant-A,line3,machine2,UP,lot8,category 3,a1,code7,15,15
2026-11-04,plant-A,line7,machine6,DN,lot6,category 1,a4,code8,1,1
2026-11-04,plant-B,line5,machine9,DN,lot9,category 3,a1,code6,12,12
2026-11-04,plant-B,line2,machine1,UP,lot5,category 2,b1,code1,13,13
2026-11-04,plant-B,line6,machine2,DN,lot9,pass,pass,,0,167
2026-11-04,plant-A,line7,machine4,UP,lot6,category 1,a1,code5,9,9
2026-11-04,plant-A,line4,machine9,UP,lot8,category 2,b1,code4,13,13
2026-11-04,plant-B,line3,machine8,DN,lot8,pass,pass,,0,247
2026-11-04,plant-A,line3,machine7,UP,lot8,category 1,a2,code8,12,12
2026-11-04,plant-A,line8,machine5,UP,lot9,category 2,b3,code10,19,19
2026-11-04,plant-B,line6,machine7,UP,lot6,pass,pass,,0,354
2026-11-04,plant-A,line6,machine4,DN,lot9,category 2,b4,code2,3,3
2026-11-04,plant-A,line3,machine1,DN,lot3,category 1,a4,code5,5,5
2026-11-04,plant-B,line7,machine3,DN,lot6,pass,pass,,0,492
2026-11-04,plant-B,line3,machine1,DN,lot1,category 1,a2,code2,15,15
2026-11-04,plant-B,line2,machine5,UP,lot2,category 1,a2,code9,7,7
2026-11-04,plant-B,line1,machine3,DN,lot6,category 3,a1,code2,11,11
2026-11-04,plant-A,line8,machine7,DN,lot9,category 2,b1,code6,13,13
2026-11-04,plant-B,line8,machine5,DN,lot1,pass,pass,,0,334
2026-11-04,plant-B,line1,machine9,DN,lot6,category 3,b3,code1,10,10
2026-11-04,plant-B,line5,machine2,UP,lot5,category 2,b1,code6,6,6
2026-11-04,plant-A,line5,machine2,DN,lot8,category 1,a1,code7,11,11
2026-11-04,plant-B,line9,machine7,DN,lot7,category 1,a4,code1,9,9
2026-11-04,plant-B,line1,machine8,DN,lot9,category 2,b1,code7,1,1
2026-11-04,plant-A,line4,machine8,DN,lot8,category 3,a2,code6,3,3
2026-11-04,plant-B,line2,machine5,DN,lot1,category 2,b4,code5,3,3
2026-11-04,plant-A,line5,machine5,UP,lot3,category 2,b2,code1,13,13
2026-11-04,plant-B,line9,machine8,UP,lot2,category 1,a1,code4,5,5
2026-11-04,plant-A,line8,machine5,DN,lot4,category 1,a3,code5,13,13
2026-11-04,plant-A,line1,machine8,UP,lot1,category 3,a1,code6,15,15
2026-11-04,plant-A,line4,machine2,DN,lot2,pass,pass,,0,486
2026-11-04,plant-B,line7,machine6,DN,lot2,category 1,a1,code1,18,18
2026-11-04,plant-B,line7,machine5,UP,lot6,category 1,a2,code5,17,17
2026-11-04,plant-A,line7,machine8,UP,lot5,category 3,b4,code1,2,2
2026-11-04,plant-A,line5,machine7,DN,lot4,pass,pass,,0,278
2026-11-04,plant-A,line9,machine1,DN,lot1,category 1,a3,code7,18,18
2026-11-04,plant-A,line5,machine7,UP,lot3,pass,pass,,0,232
2026-11-04,plant-B,line3,machine1,DN,lot2,category 1,a3,code3,4,4
2026-11-04,plant-B,line9,machine4,DN,lot9,pass,pass,,0,330
2026-11-04,plant-A,line9,machine9,DN,lot9,category 2,b3,code2,7,7
2026-11-04,plant-B,line6,machine3,DN,lot6,pass,pass,,0,340
2026-11-04,plant-B,line4,machine8,UP,lot6,category 3,a2,code1,5,5
2026-11-04,plant-A,line9,machine5,UP,lot7,category 2,b1,code9,10,10
2026-11-04,plant-B,line1,machine7,UP,lot5,pass,pass,,0,251
2026-11-04,plant-A,line8,machine1,DN,lot3,pass,pass,,0,395
2026-11-04,plant-B,line5,machine5,DN,lot9,category 3,b3,code2,7,7
2026-11-04,plant-B,line1,machine2,UP,lot8,category 1,a3,code6,15,15
2026-11-04,plant-A,line1,machine1,DN,lot7,category 3,a2,code1,14,14
2026-11-04,plant-A,line7,machine8,UP,lot6,category 3,b4,code5,9,9
2026-11-04,plant-B,line7,machine6,DN,lot2,pass,pass,,0,294
2026-11-04,plant-A,line7,machine9,DN,lot9,pass,pass,,0,227
2026-11-04,plant-B,line6,machine9,UP,lot1,pass,pass,,0,410
2026-11-04,plant-B,line8,machine2,DN,lot7,pass,pass,,0,475
2026-11-04,plant-B,line9,machine1,DN,lot9,category 2,b3,code4,3,3
2026-11-04,plant-B,line1,machine8,UP,lot6,category 3,a2,code6,6,6
2026-11-04,plant-B,line9,machine4,DN,lot8,category 2,b2,code10,1,1
2026-11-04,plant-A,line2,machine4,UP,lot8,pass,pass,,0,259
2026-11-04,plant-A,line1,machine1,DN,lot7,pass,pass,,0,372
2026-11-04,plant-B,line5,machine5,UP,lot4,pass,pass,,0,205
2026-11-04,plant-A,line6,machine4,DN,lot3,pass,pass,,0,175
2026-11-04,plant-A,line2,machine6,UP,lot1,category 3,a2,code8,16,16
2026-11-04,plant-B,line7,machine7,UP,lot6,category 1,a1,code2,16,16
2026-11-04,plant-A,line5,machine2,UP,lot1,pass,pass,,0,185
2026-11-05,,line3,machine3,DN,lot6,,,,3,3
2026-11-05,,line2,machine5,DN,lot6,,,,0,100
2026-11-05,,line5,machine9,DN,lot8,,,,0,100
2026-11-05,plant-A,line4,machine8,UP,lot9,pass,pass,,0,349
2026-11-05,plant-A,line9,machine1,UP,lot9,category 2,b3,code7,7,7
2026-11-05,plant-A,line5,machine7,DN,lot2,category 1,a3,code6,2,2
2026-11-05,plant-B,line1,machine6,DN,lot2,category 2,b1,code7,16,16
2026-11-05,plant-B,line1,machine3,UP,lot1,pass,pass,,0,247
2026-11-05,plant-B,line9,machine8,DN,lot2,pass,pass,,0,378
2026-11-05,plant-B,line9,machine6,UP,lot8,category 1,a4,code8,9,9
2026-11-05,plant-A,line2,machine7,DN,lot7,category 1,a3,code9,18,18
2026-11-05,plant-B,line1,machine3,UP,lot9,category 1,a1,code6,18,18
2026-11-05,plant-A,line1,machine5,DN,lot2,pass,pass,,0,406
2026-11-05,plant-B,line9,machine7,UP,lot1,category 2,b3,code3,3,3
2026-11-05,plant-B,line4,machine5,DN,lot4,category 2,b3,code4,11,11
2026-11-05,plant-A,line6,machine4,DN,lot1,category 3,b4,code10,13,13
2026-11-05,plant-B,line4,machine2,UP,lot9,pass,pass,,0,261
2026-11-05,plant-A,line1,machine9,UP,lot8,category 1,a1,code4,18,18
2026-11-05,plant-B,line8,machine3,UP,lot2,category 1,a4,code3,7,7
2026-11-05,plant-B,line3,machine4,DN,lot5,category 2,b3,code9,1,1
2026-11-05,plant-B,line6,machine1,DN,lot8,category 3,a2,code1,13,13
2026-11-05,plant-B,line7,machine2,UP,lot4,category 2,b3,code6,11,11
2026-11-05,plant-B,line6,machine2,UP,lot5,pass,pass,,0,352
2026-11-05,plant-A,line9,machine2,UP,lot9,category 1,a4,code4,6,6
2026-11-05,plant-B,line3,machine2,DN,lot9,category 1,a3,code4,3,3
2026-11-05,plant-B,line6,machine6,UP,lot5,category 2,b3,code1,2,2
2026-11-05,plant-B,line6,machine4,DN,lot7,category 1,a3,code6,14,14
2026-11-05,plant-B,line7,machine6,DN,lot7,pass,pass,,0,428
2026-11-05,plant-B,line4,machine4,UP,lot7,pass,pass,,0,352
2026-11-05,plant-A,line1,machine8,UP,lot7,category 2,b4,code7,11,11
2026-11-05,plant-A,line1,machine6,UP,lot1,pass,pass,,0,393
2026-11-05,plant-A,line7,machine7,UP,lot2,category 2,b2,code8,8,8
2026-11-05,plant-B,line8,machine2,DN,lot8,category 3,b3,code4,3,3
2026-11-05,plant-B,line1,machine9,UP,lot1,category 3,b4,code2,13,13
2026-11-05,plant-B,line8,machine6,UP,lot1,pass,pass,,0,206
2026-11-05,plant-A,line8,machine5,UP,lot1,category 2,b1,code2,7,7
2026-11-05,plant-B,line4,machine3,UP,lot2,category 1,a1,code3,9,9
2026-11-05,plant-A,line5,machine6,UP,lot3,category 2,b2,code10,13,13
2026-11-05,plant-A,line6,machine9,UP,lot7,category 1,a4,code5,12,12
2026-11-05,plant-B,line2,machine6,DN,lot3,pass,pass,,0,250
2026-11-05,plant-B,line4,machine1,UP,lot4,category 1,a1,code9,11,11
2026-11-05,plant-B,line7,machine4,DN,lot4,pass,pass,,0,225
2026-11-05,plant-B,line8,machine5,DN,lot6,category 1,a1,code1,5,5
2026-11-05,plant-B,line7,machine9,DN,lot5,pass,pass,,0,484
2026-11-05,plant-B,line1,machine3,DN,lot1,pass,pass,,0,315
2026-11-05,plant-B,line4,machine1,UP,lot8,category 1,a2,code3,14,14
2026-11-05,plant-A,line4,machine4,DN,lot4,category 2,b2,code7,6,6
2026-11-05,plant-B,line1,machine1,UP,lot5,category 1,a1,code7,17,17
2026-11-05,plant-B,line1,machine7,UP,lot3,category 3,b3,code9,5,5
2026-11-05,plant-B,line1,machine5,DN,lot6,pass,pass,,0,494
2026-11-05,plant-A,line8,machine9,DN,lot6,category 1,a1,code8,12,12
2026-11-05,plant-A,line1,machine2,UP,lot2,pass,pass,,0,408
2026-11-05,plant-A,line6,machine4,UP,lot5,category 3,a2,code9,18,18
2026-11-05,plant-A,line2,machine1,DN,lot9,category 3,b3,code3,13,13
2026-11-05,plant-B,line9,machine8,UP,lot3,pass,pass,,0,208
2026-11-05,plant-B,line9,machine3,DN,lot2,pass,pass,,0,232
2026-11-05,plant-B,line4,machine4,UP,lot8,category 1,a2,code6,16,16
2026-11-05,plant-A,line5,machine7,UP,lot4,pass,pass,,0,442
2026-11-05,plant-B,line9,machine7,UP,lot2,category 2,b1,code2,8,8
2026-11-05,plant-B,line7,machine5,DN,lot3,category 3,a2,code7,17,17
2026-11-05,plant-A,line4,machine8,UP,lot5,category 2,b3,code2,8,8
2026-11-05,plant-B,line3,machine8,UP,lot9,category 1,a2,code1,17,17
2026-11-05,plant-B,line7,machine1,DN,lot6,pass,pass,,0,463
2026-11-05,plant-A,line8,machine3,UP,lot5,category 1,a2,code2,1,1
2026-11-05,plant-B,line8,machine2,DN,lot5,category 2,b1,code8,18,18
2026-11-05,plant-A,line4,machine2,UP,lot3,pass,pass,,0,381
2026-11-05,plant-A,line8,machine1,DN,lot6,category 3,b3,code7,13,13
2026-11-05,plant-A,line7,machine6,UP,lot6,category 3,a1,code10,3,3
2026-11-05,plant-B,line5,machine8,DN,lot2,category 2,b3,code6,5,5
2026-11-05,plant-A,line8,machine5,UP,lot9,category 3,a2,code2,2,2
2026-11-05,plant-A,line6,machine4,DN,lot8,category 1,a2,code2,19,19
2026-11-05,plant-A,line1,machine7,DN,lot4,category 1,a3,code9,7,7
2026-11-05,plant-A,line6,machine8,DN,lot3,category 2,b1,code1,11,11
2026-11-05,plant-B,line2,machine6,DN,lot1,pass,pass,,0,446
2026-11-05,plant-B,line7,machine1,DN,lot9,category 1,a1,code9,11,11
2026-11-05,plant-A,line2,machine2,DN,lot8,category 3,a1,code4,18,18
2026-11-05,plant-A,line7,machine4,DN,lot9,category 2,b4,code4,19,19
2026-11-05,plant-B,line6,machine3,DN,lot6,category 3,b3,code7,11,11
2026-11-05,plant-A,line9,machine2,DN,lot6,pass,pass,,0,193
2026-11-05,plant-A,line6,machine1,UP,lot1,pass,pass,,0,322
2026-11-05,plant-A,line9,machine1,UP,lot7,category 1,a2,code5,11,11
2026-11-05,plant-A,line6,machine4,UP,lot2,category 1,a1,code9,3,3
2026-11-05,plant-B,line1,machine5,DN,lot4,pass,pass,,0,468
2026-11-05,plant-A,line1,machine1,UP,lot8,pass,pass,,0,264
2026-11-05,plant-A,line2,machine4,DN,lot4,category 2,b3,code2,9,9
2026-11-05,plant-A,line1,machine7,UP,lot6,pass,pass,,0,308
2026-11-05,plant-A,line3,machine3,UP,lot6,pass,pass,,0,391
2026-11-05,plant-B,line1,machine1,UP,lot9,category 1,a4,code8,13,13
2026-11-05,plant-B,line1,machine7,UP,lot2,category 1,a3,code4,15,15
2026-11-05,plant-B,line7,machine8,UP,lot9,category 2,b1,code2,2,2
2026-11-05,plant-B,line6,machine8,DN,lot5,category 1,a1,code3,9,9
2026-11-05,plant-B,line9,machine7,UP,lot6,category 2,b3,code7,8,8
2026-11-05,plant-A,line2,machine2,UP,lot4,category 1,a3,code8,3,3
2026-11-05,plant-A,line9,machine7,UP,lot9,pass,pass,,0,208
2026-11-05,plant-A,line4,machine6,DN,lot1,category 2,b4,code2,6,6
2026-11-05,plant-B,line2,machine3,DN,lot8,category 1,a1,code5,19,19
2026-11-05,plant-B,line4,machine4,DN,lot5,pass,pass,,0,467
2026-11-05,plant-A,line2,machine5,DN,lot2,category 2,b2,code10,12,12
2026-11-05,plant-A,line8,machine1,DN,lot1,category 2,b4,code7,4,4
2026-11-05,plant-A,line8,machine8,DN,lot4,category 2,b4,code2,4,4
2026-11-05,plant-A,line3,machine1,UP,lot5,category 1,a2,code6,18,18
2026-11-05,plant-B,line1,machine7,DN,lot2,category 3,b4,code8,12,12
2026-11-05,plant-B,line9,machine1,DN,lot7,category 1,a3,code10,19,19
2026-11-05,plant-A,line3,machine2,UP,lot6,category 1,a2,code7,9,9
2026-11-05,plant-B,line1,machine4,DN,lot8,pass,pass,,0,485
2026-11-05,plant-A,line7,machine9,UP,lot5,category 3,b3,code3,9,9
2026-11-05,plant-B,line4,machine6,UP,lot2,category 2,b3,code3,18,18
2026-11-05,plant-B,line3,machine5,DN,lot1,category 2,b1,code7,15,15
2026-11-05,plant-A,line2,machine7,UP,lot9,category 2,b3,code7,18,18
2026-11-05,plant-A,line4,machine8,UP,lot5,category 3,b3,code7,16,16
2026-11-05,plant-A,line1,machine4,DN,lot2,category 2,b2,code10,16,16
2026-11-05,plant-A,line3,machine5,UP,lot9,category 1,a3,code5,1,1
2026-11-05,plant-B,line7,machine7,DN,lot8,category 2,b2,code8,18,18
2026-11-05,plant-B,line3,machine2,DN,lot2,category 1,a2,code8,3,3
2026-11-05,plant-B,line8,machine9,UP,lot9,category 1,a4,code6,12,12
2026-11-05,plant-A,line3,machine9,UP,lot7,pass,pass,,0,368
2026-11-05,plant-B,line9,machine4,DN,lot6,category 2,b4,code2,7,7
2026-11-05,plant-A,line5,machine7,UP,lot1,category 3,a1,code2,1,1
2026-11-05,plant-A,line1,machine5,UP,lot1,pass,pass,,0,173
2026-11-05,plant-B,line8,machine7,UP,lot4,category 3,b3,code6,18,18
2026-11-05,plant-A,line2,machine9,DN,lot6,category 2,b3,code6,4,4
2026-11-05,plant-B,line3,machine5,UP,lot2,category 3,a2,code7,4,4
2026-11-05,plant-A,line8,machine6,DN,lot2,category 3,b4,code3,4,4
2026-11-05,plant-B,line1,machine9,UP,lot3,pass,pass,,0,492
2026-11-05,plant-A,line9,machine2,DN,lot3,category 1,a4,code8,6,6
2026-11-05,plant-B,line9,machine7,UP,lot8,category 2,b2,code4,6,6
2026-11-05,plant-A,line3,machine6,UP,lot2,pass,pass,,0,224
2026-11-05,plant-A,line8,machine7,DN,lot7,category 2,b3,code9,4,4
2026-11-05,plant-A,line3,machine4,UP,lot1,category 1,a4,code7,2,2
2026-11-05,plant-B,line3,machine6,DN,lot8,category 1,a4,code4,7,7
2026-11-05,plant-A,line2,machine6,DN,lot4,pass,pass,,0,386
2026-11-05,plant-A,line2,machine3,UP,lot5,category 2,b3,code6,14,14
2026-11-05,plant-A,line9,machine8,UP,lot9,pass,pass,,0,250
2026-11-05,plant-B,line9,machine9,DN,lot3,category 2,b4,code1,10,10
2026-11-05,plant-B,line5,machine7,UP,lot1,category 1,a4,code3,6,6
2026-11-05,plant-B,line3,machine1,UP,lot1,category 2,b1,code3,14,14
2026-11-05,plant-B,line7,machine2,DN,lot7,pass,pass,,0,401
2026-11-05,plant-A,line8,machine6,UP,lot6,category 2,b3,code10,9,9
2026-11-05,plant-A,line6,machine5,DN,lot2,category 1,a4,code7,19,19
2026-11-05,plant-B,line9,machine1,UP,lot9,category 2,b2,code7,12,12
2026-11-05,plant-B,line5,machine2,UP,lot4,category 2,b4,code10,5,5
2026-11-05,plant-A,line8,machine6,UP,lot3,category 3,a2,code10,8,8
2026-11-05,plant-A,line6,machine1,UP,lot4,category 3,a2,code3,7,7
2026-11-05,plant-A,line5,machine2,DN,lot9,category 1,a2,code6,9,9
2026-11-05,plant-A,line7,machine9,UP,lot6,category 2,b1,code10,6,6
2026-11-05,plant-A,line4,machine4,UP,lot8,category 2,b2,code7,16,16
2026-11-05,plant-A,line4,machine1,DN,lot4,category 3,b4,code9,19,19
2026-11-05,plant-B,line3,machine3,UP,lot9,category 3,b3,code9,1,1
2026-11-05,plant-B,line7,machine5,UP,lot3,category 2,b1,code4,6,6
2026-11-05,plant-B,line2,machine9,DN,lot2,category 2,b1,code8,8,8
2026-11-05,plant-A,line4,machine7,DN,lot8,category 3,a1,code10,2,2
2026-11-05,plant-A,line4,machine4,UP,lot9,category 2,b4,code4,8,8
2026-11-05,plant-B,line8,machine3,DN,lot4,category 1,a4,code7,8,8
2026-11-05,plant-A,line7,machine4,DN,lot8,pass,pass,,0,214
2026-11-05,plant-A,line2,machine9,UP,lot7,pass,pass,,0,469
2026-11-05,plant-A,line1,machine5,UP,lot9,category 2,b4,code4,15,15
2026-11-05,plant-A,line6,machine7,DN,lot9,pass,pass,,0,453
2026-11-05,plant-B,line1,machine8,UP,lot8,pass,pass,,0,378
2026-11-05,plant-B,line1,machine1,UP,lot1,pass,pass,,0,244
2026-11-05,plant-B,line6,machine5,DN,lot8,category 2,b3,code4,19,19
2026-11-05,plant-A,line5,machine6,UP,lot5,category 3,a1,code1,9,9
2026-11-05,plant-A,line3,machine3,DN,lot8,category 1,a1,code10,15,15
2026-11-05,plant-A,line8,machine3,UP,lot8,category 3,b3,code2,9,9
2026-11-05,plant-B,line7,machine1,DN,lot5,category 3,b4,code9,11,11
2026-11-05,plant-B,line2,machine9,UP,lot4,category 2,b3,code3,13,13
2026-11-05,plant-A,line5,machine2,UP,lot7,category 1,a3,code3,4,4
2026-11-05,plant-B,line3,machine3,UP,lot7,category 2,b4,code1,19,19
2026-11-05,plant-A,line5,machine3,DN,lot1,pass,pass,,0,450
2026-11-05,plant-B,line6,machine2,UP,lot9,pass,pass,,0,183
2026-11-05,plant-B,line1,machine7,UP,lot8,category 2,b4,code3,14,14
2026-11-05,plant-A,line5,machine3,UP,lot9,pass,pass,,0,438
2026-11-05,plant-B,line6,machine2,DN,lot6,pass,pass,,0,153
2026-11-05,plant-B,line9,machine7,UP,lot7,category 2,b4,code1,16,16
2026-11-05,plant-A,line3,machine2,UP,lot7,category 3,b4,code2,13,13
2026-11-05,plant-B,line2,machine7,DN,lot9,pass,pass,,0,321
2026-11-05,plant-A,line7,machine6,UP,lot9,pass,pass,,0,157
2026-11-05,plant-B,line5,machine8,UP,lot7,category 3,b4,code6,1,1
2026-11-05,plant-A,line1,machine3,DN,lot1,pass,pass,,0,428
2026-11-05,plant-A,line9,machine8,DN,lot9,category 3,a1,code6,19,19
2026-11-05,plant-A,line3,machine2,UP,lot5,category 3,b3,code8,12,12
2026-11-05,plant-B,line5,machine7,UP,lot9,category 2,b3,code10,3,3
2026-11-05,plant-A,line8,machine4,UP,lot6,pass,pass,,0,158
2026-11-05,plant-A,line4,machine7,UP,lot2,category 1,a1,code6,3,3
2026-11-05,plant-A,line2,machine3,UP,lot8,category 2,b4,code6,1,1
2026-11-05,plant-A,line4,machine4,UP,lot2,pass,pass,,0,373
2026-11-05,plant-A,line5,machine8,DN,lot3,pass,pass,,0,297
2026-11-05,plant-B,line5,machine5,DN,lot9,category 1,a3,code8,5,5
2026-11-05,plant-A,line2,machine5,UP,lot1,category 3,a1,code4,14,14
2026-11-05,plant-A,line2,machine5,UP,lot6,category 3,b3,code5,6,6
2026-11-05,plant-B,line7,machine6,DN,lot8,category 1,a1,code8,5,5
2026-11-05,plant-B,line7,machine1,UP,lot3,category 1,a1,code6,15,15
2026-11-05,plant-A,line2,machine5,UP,lot4,category 1,a4,code4,13,13
2026-11-05,plant-A,line6,machine1,DN,lot2,category 3,b3,code2,15,15
2026-11-05,plant-B,line1,machine8,DN,lot7,category 1,a4,code5,16,16
2026-11-05,plant-B,line7,machine4,DN,lot2,pass,pass,,0,446
2026-11-05,plant-A,line1,machine1,UP,lot8,category 1,a2,code10,13,13
2026-11-05,plant-B,line8,machine7,DN,lot5,pass,pass,,0,349
2026-11-05,plant-A,line3,machine3,DN,lot6,pass,pass,,0,347
2026-11-05,plant-A,line9,machine7,UP,lot2,category 2,b2,code10,1,1
2026-11-05,plant-A,line8,machine6,DN,lot3,pass,pass,,0,382
2026-11-06,,line5,machine3,UP,lot2,,,,1,1
2026-11-06,,line2,machine5,UP,lot4,,,,4,4
2026-11-06,,line9,machine9,UP,lot6,,,,3,3
2026-11-06,plant-A,line3,machine4,UP,lot3,category 2,b1,code8,6,6
2026-11-06,plant-B,line8,machine2,DN,lot3,category 2,b4,code9,12,12
2026-11-06,plant-B,line5,machine7,UP,lot5,category 1,a2,code7,16,16
2026-11-06,plant-B,line2,machine2,UP,lot8,category 2,b2,code1,1,1
2026-11-06,plant-A,line6,machine2,DN,lot1,category 2,b1,code4,4,4
2026-11-06,plant-A,line2,machine1,DN,lot6,pass,pass,,0,192
2026-11-06,plant-B,line2,machine1,UP,lot5,pass,pass,,0,195
2026-11-06,plant-A,line1,machine1,DN,lot2,pass,pass,,0,197
2026-11-06,plant-B,line1,machine2,DN,lot6,pass,pass,,0,402
2026-11-06,plant-A,line7,machine5,DN,lot9,category 1,a4,code9,2,2
2026-11-06,plant-B,line2,machine7,UP,lot4,category 2,b4,code8,1,1
2026-11-06,plant-A,line3,machine2,DN,lot9,category 3,a2,code6,7,7
2026-11-06,plant-B,line3,machine8,UP,lot7,pass,pass,,0,318
2026-11-06,plant-B,line1,machine8,DN,lot4,pass,pass,,0,444
2026-11-06,plant-A,line8,machine3,UP,lot5,category 3,a1,code5,17,17
2026-11-06,plant-B,line2,machine9,UP,lot5,category 3,b4,code2,13,13
2026-11-06,plant-A,line4,machine6,UP,lot9,category 1,a2,code10,11,11
2026-11-06,plant-A,line8,machine3,UP,lot5,category 1,a1,code8,5,5
2026-11-06,plant-A,line3,machine7,DN,lot7,pass,pass,,0,289
2026-11-06,plant-A,line5,machine9,UP,lot9,pass,pass,,0,469
2026-11-06,plant-A,line4,machine4,UP,lot4,category 3,b4,code5,12,12
2026-11-06,plant-A,line4,machine8,UP,lot1,pass,pass,,0,157
2026-11-06,plant-A,line7,machine5,UP,lot5,category 1,a2,code10,8,8
2026-11-06,plant-A,line7,machine9,DN,lot2,pass,pass,,0,265
2026-11-06,plant-B,line5,machine5,UP,lot2,category 1,a4,code6,5,5
2026-11-06,plant-A,line2,machine6,DN,lot9,category 2,b3,code6,1,1
2026-11-06,plant-A,line3,machine8,DN,lot3,pass,pass,,0,328
2026-11-06,plant-A,line3,machine6,DN,lot7,category 3,b4,code8,19,19
2026-11-06,plant-A,line8,machine4,UP,lot6,category 2,b1,code9,19,19
2026-11-06,plant-A,line4,machine4,DN,lot9,category 3,b4,code7,17,17
2026-11-06,plant-B,line6,machine1,DN,lot5,category 1,a2,code4,4,4
2026-11-06,plant-A,line5,machine7,UP,lot9,pass,pass,,0,205
2026-11-06,plant-B,line6,machine4,UP,lot8,pass,pass,,0,457
2026-11-06,plant-A,line9,machine3,UP,lot9,category 3,b4,code10,18,18
2026-11-06,plant-B,line3,machine1,DN,lot5,category 2,b1,code4,13,13
2026-11-06,plant-B,line5,machine9,UP,lot6,category 3,a1,code9,8,8
2026-11-06,plant-B,line2,machine3,UP,lot1,category 1,a1,code8,9,9
2026-11-06,plant-A,line9,machine9,UP,lot2,category 1,a1,code3,18,18
2026-11-06,plant-B,line3,machine9,DN,lot5,category 2,b4,code5,16,16
2026-11-06,plant-A,line2,machine2,UP,lot1,category 2,b1,code6,5,5
2026-11-06,plant-B,line9,machine2,DN,lot5,pass,pass,,0,251
2026-11-06,plant-A,line9,machine9,DN,lot2,category 1,a4,code4,5,5
2026-11-06,plant-B,line4,machine3,DN,lot6,category 2,b4,code1,3,3
2026-11-06,plant-A,line2,machine5,UP,lot1,pass,pass,,0,483
2026-11-06,plant-B,line8,machine2,DN,lot4,category 2,b3,code3,5,5
2026-11-06,plant-A,line7,machine5,UP,lot6,pass,pass,,0,336
2026-11-06,plant-B,line9,machine3,DN,lot3,pass,pass,,0,345
2026-11-06,plant-B,line7,machine3,UP,lot5,category 3,a1,code10,8,8
2026-11-06,plant-A,line4,machine7,UP,lot2,category 1,a2,code6,12,12
2026-11-06,plant-A,line6,machine6,UP,lot4,category 2,b2,code10,17,17
2026-11-06,plant-A,line5,machine8,DN,lot3,pass,pass,,0,243
2026-11-06,plant-A,line1,machine5,UP,lot4,pass,pass,,0,453
2026-11-06,plant-B,line4,machine7,DN,lot7,category 2,b2,code7,14,14
2026-11-06,plant-A,line6,machine2,DN,lot6,pass,pass,,0,235
2026-11-06,plant-B,line9,machine2,DN,lot5,category 3,b3,code2,7,7
2026-11-06,plant-B,line7,machine5,UP,lot7,category 1,a2,code7,2,2
2026-11-06,plant-A,line2,machine8,DN,lot3,category 3,b3,code6,10,10
2026-11-06,plant-A,line5,machine8,DN,lot7,pass,pass,,0,264
2026-11-06,plant-A,line3,machine7,DN,lot6,category 1,a2,code8,18,18
2026-11-06,plant-B,line6,machine1,UP,lot6,category 2,b2,code6,12,12
2026-11-06,plant-B,line3,machine8,UP,lot2,pass,pass,,0,212
2026-11-06,plant-B,line1,machine3,DN,lot6,pass,pass,,0,237
2026-11-06,plant-B,line1,machine1,UP,lot1,category 2,b3,code3,10,10
2026-11-06,plant-B,line8,machine7,DN,lot8,pass,pass,,0,249
2026-11-06,plant-A,line4,machine1,UP,lot8,category 3,a1,code9,10,10
2026-11-06,plant-A,line5,machine7,DN,lot8,pass,pass,,0,182
2026-11-06,plant-B,line1,machine2,UP,lot5,category 2,b1,code4,9,9
2026-11-06,plant-A,line2,machine1,UP,lot2,category 2,b3,code4,16,16
2026-11-06,plant-A,line7,machine8,UP,lot8,pass,pass,,0,471
2026-11-06,plant-B,line6,machine3,DN,lot8,pass,pass,,0,330
2026-11-06,plant-A,line9,machine2,UP,lot5,category 1,a2,code8,2,2
2026-11-06,plant-A,line4,machine4,DN,lot9,category 2,b3,code1,14,14
2026-11-06,plant-B,line4,machine9,DN,lot5,pass,pass,,0,264
2026-11-06,plant-A,line7,machine9,UP,lot3,category 3,a1,code5,6,6
2026-11-06,plant-A,line3,machine6,DN,lot7,pass,pass,,0,317
2026-11-06,plant-A,line7,machine7,UP,lot8,category 2,b3,code4,9,9
2026-11-06,plant-A,line1,machine2,UP,lot1,pass,pass,,0,377
2026-11-06,plant-A,line5,machine1,UP,lot7,pass,pass,,0,485
2026-11-06,plant-B,line4,machine1,DN,lot3,pass,pass,,0,463
2026-11-06,plant-B,line3,machine2,UP,lot4,category 3,a2,code4,16,16
2026-11-06,plant-B,line8,machine6,DN,lot9,pass,pass,,0,224
2026-11-06,plant-A,line3,machine1,DN,lot2,pass,pass,,0,465
2026-11-06,plant-A,line6,machine2,DN,lot7,category 2,b1,code10,11,11
2026-11-06,plant-B,line6,machine1,DN,lot7,category 2,b1,code7,16,16
2026-11-06,plant-A,line2,machine6,DN,lot6,category 3,a1,code8,8,8
2026-11-06,plant-A,line6,machine5,DN,lot4,category 1,a2,code9,8,8
2026-11-06,plant-B,line3,machine8,DN,lot9,pass,pass,,0,415
2026-11-06,plant-A,line6,machine1,DN,lot3,pass,pass,,0,231
2026-11-06,plant-B,line9,machine1,DN,lot3,category 2,b2,code1,8,8
2026-11-06,plant-B,line6,machine7,UP,lot7,category 2,b4,code10,19,19
2026-11-06,plant-A,line3,machine4,UP,lot1,pass,pass,,0,340
2026-11-06,plant-B,line5,machine3,DN,lot8,category 3,b4,code7,11,11
2026-11-06,plant-A,line1,machine4,DN,lot4,pass,pass,,0,218
2026-11-06,plant-A,line5,machine2,UP,lot4,category 2,b3,code10,13,13
2026-11-06,plant-A,line2,machine9,DN,lot9,category 3,b4,code8,14,14
2026-11-06,plant-B,line2,machine6,DN,lot1,pass,pass,,0,207
2026-11-06,plant-A,line6,machine3,DN,lot8,pass,pass,,0,263
2026-11-06,plant-A,line5,machine5,DN,lot4,category 1,a2,code7,6,6
2026-11-06,plant-B,line5,machine7,DN,lot2,category 3,b4,code7,7,7
2026-11-06,plant-B,line5,machine7,UP,lot6,category 3,b4,code8,2,2
2026-11-06,plant-A,line5,machine7,UP,lot7,category 2,b1,code7,13,13
2026-11-06,plant-B,line5,machine2,UP,lot9,category 2,b4,code3,11,11
2026-11-06,plant-A,line2,machine6,DN,lot5,category 2,b3,code8,4,4
2026-11-06,plant-B,line2,machine2,UP,lot7,pass,pass,,0,399
2026-11-06,plant-B,line6,machine1,UP,lot4,pass,pass,,0,466
2026-11-06,plant-B,line7,machine3,UP,lot6,category 1,a2,code3,3,3
2026-11-06,plant-B,line7,machine7,DN,lot1,pass,pass,,0,299
2026-11-06,plant-B,line7,machine1,DN,lot3,pass,pass,,0,177
2026-11-06,plant-A,line8,machine9,UP,lot9,category 3,b3,code2,7,7
2026-11-06,plant-A,line6,machine1,UP,lot4,category 3,a2,code5,3,3
2026-11-06,plant-B,line8,machine5,UP,lot1,category 3,a1,code3,8,8
2026-11-06,plant-B,line1,machine3,DN,lot4,category 2,b3,code4,11,11
2026-11-06,plant-A,line1,machine7,DN,lot9,category 3,b4,code10,18,18
2026-11-06,plant-B,line3,machine4,DN,lot9,category 3,b4,code6,2,2
2026-11-06,plant-B,line5,machine2,DN,lot4,category 2,b3,code10,11,11
2026-11-06,plant-B,line4,machine6,UP,lot5,category 3,a1,code4,2,2
2026-11-06,plant-A,line6,machine6,DN,lot8,category 2,b1,code10,8,8
2026-11-06,plant-A,line9,machine4,DN,lot2,pass,pass,,0,349
2026-11-06,plant-B,line3,machine3,DN,lot8,category 3,b4,code8,2,2
2026-11-06,plant-A,line1,machine3,UP,lot8,pass,pass,,0,237
2026-11-06,plant-B,line4,machine1,DN,lot3,category 2,b4,code8,12,12
2026-11-06,plant-A,line7,machine4,DN,lot7,category 3,a1,code5,14,14
2026-11-06,plant-A,line7,machine2,DN,lot9,pass,pass,,0,268
2026-11-06,plant-B,line7,machine9,UP,lot2,category 2,b2,code2,17,17
2026-11-06,plant-A,line3,machine3,DN,lot6,category 1,a3,code8,13,13
2026-11-06,plant-B,line7,machine5,DN,lot1,category 2,b1,code6,8,8
2026-11-06,plant-B,line7,machine3,UP,lot5,pass,pass,,0,188
2026-11-06,plant-A,line9,machine7,DN,lot6,category 1,a1,code4,3,3
2026-11-06,plant-B,line9,machine1,DN,lot4,category 1,a2,code9,7,7
2026-11-06,plant-B,line4,machine6,DN,lot9,pass,pass,,0,344
2026-11-06,plant-B,line5,machine4,DN,lot3,category 2,b3,code3,19,19
2026-11-06,plant-A,line7,machine7,DN,lot1,category 3,a1,code7,5,5
2026-11-06,plant-A,line6,machine8,DN,lot7,category 1,a4,code1,15,15
2026-11-06,plant-A,line4,machine3,DN,lot8,category 3,a2,code7,9,9
2026-11-06,plant-A,line9,machine5,UP,lot3,category 1,a1,code8,8,8
2026-11-06,plant-A,line9,machine2,UP,lot1,pass,pass,,0,367
2026-11-06,plant-B,line7,machine3,UP,lot4,pass,pass,,0,205
2026-11-06,plant-B,line9,machine8,UP,lot8,category 3,a1,code4,12,12
2026-11-06,plant-B,line1,machine4,DN,lot3,pass,pass,,0,197
2026-11-06,plant-B,line5,machine3,UP,lot8,category 2,b4,code10,5,5
2026-11-06,plant-A,line7,machine3,DN,lot6,category 2,b2,code1,7,7
2026-11-06,plant-A,line5,machine5,UP,lot7,pass,pass,,0,151
2026-11-06,plant-A,line5,machine7,UP,lot9,category 2,b3,code10,11,11
2026-11-06,plant-A,line8,machine6,UP,lot3,category 2,b2,code8,12,12
2026-11-06,plant-A,line9,machine3,UP,lot8,pass,pass,,0,178
2026-11-06,plant-B,line9,machine2,DN,lot2,category 1,a4,code2,19,19
2026-11-06,plant-A,line1,machine3,UP,lot6,pass,pass,,0,200
2026-11-06,plant-A,line3,machine5,UP,lot5,pass,pass,,0,318
2026-11-06,plant-B,line3,machine8,DN,lot3,category 1,a4,code4,17,17
2026-11-06,plant-A,line8,machine6,DN,lot1,category 2,b1,code9,3,3
2026-11-06,plant-B,line4,machine2,UP,lot1,category 1,a1,code8,17,17
2026-11-06,plant-B,line5,machine6,UP,lot3,category 3,b3,code10,6,6
2026-11-06,plant-A,line2,machine7,UP,lot4,category 1,a4,code8,9,9
2026-11-06,plant-A,line8,machine4,DN,lot1,pass,pass,,0,426
2026-11-06,plant-A,line5,machine5,UP,lot6,category 1,a3,code4,10,10
2026-11-06,plant-B,line6,machine9,DN,lot5,category 3,a2,code3,15,15
2026-11-06,plant-B,line4,machine8,UP,lot5,category 3,a2,code2,13,13
2026-11-06,plant-B,line2,machine6,UP,lot8,category 1,a2,code3,16,16
2026-11-06,plant-A,line7,machine7,DN,lot1,category 1,a3,code1,6,6
2026-11-06,plant-A,line8,machine8,UP,lot6,category 1,a3,code5,7,7
2026-11-06,plant-A,line7,machine4,DN,lot6,category 1,a1,code4,12,12
2026-11-06,plant-B,line8,machine9,DN,lot8,category 1,a3,code1,13,13
2026-11-06,plant-B,line9,machine5,DN,lot6,category 1,a3,code3,9,9
2026-11-06,plant-A,line2,machine4,DN,lot1,category 1,a4,code3,11,11
2026-11-06,plant-B,line9,machine9,DN,lot8,pass,pass,,0,461
2026-11-06,plant-B,line4,machine2,DN,lot7,category 2,b3,code1,14,14
2026-11-06,plant-A,line8,machine2,UP,lot2,category 2,b2,code6,15,15
2026-11-06,plant-B,line8,machine9,UP,lot5,category 1,a2,code7,12,12
2026-11-06,plant-A,line4,machine9,DN,lot5,category 3,a1,code5,6,6
2026-11-06,plant-B,line6,machine5,DN,lot5,category 2,b3,code10,19,19
2026-11-06,plant-A,line8,machine9,UP,lot2,category 1,a1,code6,6,6
2026-11-06,plant-B,line9,machine6,UP,lot1,category 1,a4,code5,3,3
2026-11-06,plant-B,line3,machine9,UP,lot1,pass,pass,,0,381
2026-11-06,plant-B,line9,machine4,DN,lot4,pass,pass,,0,234
2026-11-06,plant-B,line9,machine9,UP,lot9,category 2,b1,code8,12,12
2026-11-06,plant-A,line1,machine1,UP,lot1,pass,pass,,0,392
2026-11-06,plant-B,line2,machine9,DN,lot9,category 1,a2,code7,2,2
2026-11-06,plant-B,line9,machine4,UP,lot4,category 1,a1,code2,18,18
2026-11-06,plant-A,line1,machine5,DN,lot7,category 1,a3,code7,4,4
2026-11-06,plant-B,line1,machine5,UP,lot5,category 1,a4,code1,2,2
2026-11-06,plant-A,line7,machine7,DN,lot1,category 1,a4,code3,15,15
2026-11-06,plant-B,line2,machine7,DN,lot5,category 3,b3,code1,10,10
2026-11-06,plant-A,line6,machine3,DN,lot1,category 1,a4,code3,17,17
2026-11-06,plant-A,line7,machine6,DN,lot9,category 1,a2,code10,16,16
2026-11-06,plant-A,line9,machine1,DN,lot7,category 2,b1,code8,15,15
2026-11-06,plant-A,line1,machine3,DN,lot3,category 2,b3,code6,10,10
2026-11-06,plant-A,line4,machine1,DN,lot2,category 1,a4,code5,4,4
2026-11-06,plant-B,line3,machine4,UP,lot9,category 2,b1,code8,18,18
2026-11-06,plant-B,line4,machine8,DN,lot6,category 1,a3,code6,17,17
2026-11-06,plant-B,line9,machine4,DN,lot3,category 2,b1,code8,19,19
2026-11-06,plant-A,line4,machine5,DN,lot9,category 2,b4,code2,19,19
2026-11-06,plant-B,line2,machine4,UP,lot3,pass,pass,,0,259
2026-11-06,plant-A,line3,machine1,UP,lot4,category 1,a1,code4,11,11
2026-11-06,plant-B,line2,machine2,DN,lot7,pass,pass,,0,449
2026-11-06,plant-B,line1,machine4,DN,lot2,category 1,a4,code3,12,12
2026-11-06,plant-B,line4,machine6,DN,lot3,category 1,a3,code6,12,12
2026-11-06,plant-A,line8,machine5,UP,lot6,category 2,b4,code3,4,4
2026-11-07,,line8,machine8,DN,lot5,,,,4,4
2026-11-07,,line9,machine9,DN,lot3,,,,3,3
2026-11-07,,line7,machine9,DN,lot2,,,,4,4
2026-11-07,plant-A,line8,machine5,DN,lot3,pass,pass,,0,402
2026-11-07,plant-A,line3,machine4,UP,lot4,pass,pass,,0,245
2026-11-07,plant-B,line6,machine1,UP,lot4,category 3,a1,code7,11,11
2026-11-07,plant-B,line8,machine2,DN,lot2,category 2,b1,code9,3,3
2026-11-07,plant-A,line1,machine6,DN,lot6,category 1,a1,code10,3,3
2026-11-07,plant-B,line4,machine3,DN,lot8,category 1,a3,code7,5,5
2026-11-07,plant-A,line6,machine6,UP,lot5,category 3,a1,code7,9,9
2026-11-07,plant-B,line5,machine5,UP,lot4,category 2,b2,code7,7,7
2026-11-07,plant-A,line9,machine6,DN,lot2,category 2,b1,code6,4,4
2026-11-07,plant-B,line3,machine2,DN,lot7,category 2,b1,code3,16,16
2026-11-07,plant-B,line3,machine2,UP,lot9,category 1,a1,code8,19,19
2026-11-07,plant-B,line2,machine9,DN,lot5,category 1,a3,code9,1,1
2026-11-07,plant-A,line9,machine3,UP,lot4,category 1,a3,code7,4,4
2026-11-07,plant-B,line7,machine5,UP,lot9,category 1,a3,code4,11,11
2026-11-07,plant-A,line3,machine2,DN,lot9,pass,pass,,0,253
2026-11-07,plant-A,line7,machine2,UP,lot7,category 2,b4,code10,16,16
2026-11-07,plant-B,line8,machine5,DN,lot5,category 1,a3,code8,9,9
2026-11-07,plant-A,line3,machine4,UP,lot5,category 2,b3,code6,4,4
2026-11-07,plant-B,line6,machine6,UP,lot6,pass,pass,,0,455
2026-11-07,plant-A,line1,machine5,UP,lot3,category 2,b1,code2,2,2
2026-11-07,plant-B,line8,machine4,DN,lot2,pass,pass,,0,474
2026-11-07,plant-B,line3,machine5,UP,lot4,category 2,b1,code7,18,18
2026-11-07,plant-A,line3,machine5,DN,lot9,pass,pass,,0,291
2026-11-07,plant-A,line9,machine3,DN,lot7,category 2,b1,code7,19,19
2026-11-07,plant-A,line4,machine1,UP,lot4,pass,pass,,0,421
2026-11-07,plant-B,line3,machine3,DN,lot7,pass,pass,,0,437
2026-11-07,plant-A,line8,machine1,UP,lot9,pass,pass,,0,176
2026-11-07,plant-B,line2,machine2,UP,lot6,category 2,b2,code9,19,19
2026-11-07,plant-A,line5,machine4,UP,lot4,category 2,b1,code1,6,6
2026-11-07,plant-B,line5,machine8,DN,lot6,category 1,a4,code6,12,12
2026-11-07,plant-B,line3,machine5,UP,lot4,category 3,a1,code1,1,1
2026-11-07,plant-B,line2,machine8,DN,lot4,category 2,b2,code6,18,18
2026-11-07,plant-A,line4,machine2,UP,lot2,category 2,b1,code6,3,3
2026-11-07,plant-A,line6,machine5,UP,lot5,category 2,b1,code8,6,6
2026-11-07,plant-A,line8,machine6,DN,lot2,category 1,a3,code3,12,12
2026-11-07,plant-A,line5,machine4,DN,lot1,pass,pass,,0,433
2026-11-07,plant-B,line2,machine8,DN,lot7,category 3,b4,code3,7,7
2026-11-07,plant-A,line2,machine3,UP,lot2,category 3,b4,code4,17,17
2026-11-07,plant-B,line8,machine4,UP,lot7,category 3,b4,code5,9,9
2026-11-07,plant-A,line9,machine6,UP,lot8,category 1,a2,code5,3,3
2026-11-07,plant-A,line1,machine7,DN,lot1,category 2,b1,code4,16,16
2026-11-07,plant-A,line6,machine1,DN,lot1,category 2,b2,code5,16,16
2026-11-07,plant-B,line2,machine1,DN,lot2,pass,pass,,0,438
2026-11-07,plant-B,line9,machine4,UP,lot5,category 1,a3,code2,2,2
2026-11-07,plant-B,line3,machine6,DN,lot4,pass,pass,,0,250
2026-11-07,plant-B,line1,machine6,DN,lot2,pass,pass,,0,155
2026-11-07,plant-A,line7,machine9,UP,lot3,category 2,b4,code8,2,2
2026-11-07,plant-B,line3,machine6,DN,lot8,pass,pass,,0,356
2026-11-07,plant-A,line8,machine9,UP,lot5,pass,pass,,0,151
2026-11-07,plant-B,line6,machine6,DN,lot1,category 3,b3,code1,6,6
2026-11-07,plant-B,line9,machine6,DN,lot8,pass,pass,,0,317
2026-11-07,plant-A,line6,machine7,UP,lot8,category 3,a1,code4,17,17
2026-11-07,plant-A,line4,machine4,DN,lot8,category 2,b3,code6,19,19
2026-11-07,plant-B,line4,machine2,DN,lot3,category 3,a1,code10,15,15
2026-11-07,plant-B,line5,machine8,UP,lot1,pass,pass,,0,260
2026-11-07,plant-A,line7,machine3,DN,lot4,category 2,b4,code9,11,11
2026-11-07,plant-B,line5,machine6,UP,lot5,pass,pass,,0,156
2026-11-07,plant-B,line5,machine6,DN,lot9,category 2,b4,code5,19,19
2026-11-07,plant-B,line4,machine9,DN,lot4,category 2,b1,code9,8,8
2026-11-07,plant-B,line2,machine3,UP,lot4,category 1,a3,code6,17,17
2026-11-07,plant-B,line1,machine8,UP,lot7,pass,pass,,0,268
2026-11-07,plant-B,line7,machine3,UP,lot2,category 3,a1,code8,6,6
2026-11-07,plant-B,line9,machine5,UP,lot1,category 3,a1,code7,14,14
2026-11-07,plant-A,line5,machine3,UP,lot2,pass,pass,,0,289
2026-11-07,plant-A,line9,machine2,DN,lot4,category 2,b4,code3,4,4
2026-11-07,plant-A,line3,machine6,UP,lot3,category 1,a4,code5,4,4
2026-11-07,plant-B,line9,machine5,UP,lot5,pass,pass,,0,364
2026-11-07,plant-B,line6,machine1,UP,lot5,category 2,b1,code5,19,19
2026-11-07,plant-B,line2,machine9,DN,lot5,category 2,b1,code1,19,19
2026-11-07,plant-A,line6,machine6,UP,lot5,pass,pass,,0,201
2026-11-07,plant-A,line6,machine3,DN,lot7,category 2,b1,code10,1,1
2026-11-07,plant-B,line8,machine2,UP,lot9,category 2,b2,code7,7,7
2026-11-07,plant-A,line1,machine7,DN,lot4,category 2,b3,code5,19,19
2026-11-07,plant-A,line3,machine4,UP,lot6,category 1,a2,code9,19,19
2026-11-07,plant-B,line7,machine5,DN,lot3,category 2,b3,code2,11,11
2026-11-07,plant-A,line8,machine3,UP,lot4,category 3,b3,code5,4,4
2026-11-07,plant-B,line1,machine5,UP,lot3,pass,pass,,0,320
2026-11-07,plant-B,line4,machine1,DN,lot2,category 1,a1,code7,8,8
2026-11-07,plant-A,line4,machine4,UP,lot1,category 3,a1,code10,9,9
2026-11-07,plant-A,line1,machine1,DN,lot2,category 2,b2,code9,14,14
2026-11-07,plant-B,line9,machine5,UP,lot6,pass,pass,,0,405
2026-11-07,plant-B,line7,machine9,UP,lot8,pass,pass,,0,201
2026-11-07,plant-A,line3,machine3,UP,lot1,category 2,b2,code5,12,12
2026-11-07,plant-B,line8,machine4,DN,lot3,category 3,a1,code9,8,8
2026-11-07,plant-A,line9,machine7,DN,lot6,pass,pass,,0,290
2026-11-07,plant-B,line1,machine5,UP,lot3,category 1,a3,code10,16,16
2026-11-07,plant-B,line9,machine3,DN,lot9,pass,pass,,0,264
2026-11-07,plant-B,line6,machine4,UP,lot7,category 1,a1,code6,12,12
2026-11-07,plant-B,line3,machine2,DN,lot6,pass,pass,,0,182
2026-11-07,plant-B,line3,machine1,DN,lot3,category 2,b3,code2,13,13
2026-11-07,plant-A,line2,machine1,UP,lot4,category 3,b3,code6,5,5
2026-11-07,plant-A,line6,machine4,UP,lot7,category 1,a1,code6,14,14
2026-11-07,plant-A,line9,machine6,DN,lot6,category 1,a2,code4,10,10
2026-11-07,plant-A,line7,machine2,DN,lot9,category 1,a2,code3,4,4
2026-11-07,plant-B,line6,machine8,UP,lot3,category 3,a1,code6,8,8
2026-11-07,plant-B,line9,machine7,DN,lot5,category 1,a3,code9,15,15
2026-11-07,plant-B,line7,machine5,UP,lot4,category 2,b4,code3,12,12
2026-11-07,plant-B,line4,machine8,UP,lot9,category 1,a2,code8,7,7
2026-11-07,plant-B,line8,machine7,UP,lot1,category 3,a2,code3,1,1
2026-11-07,plant-B,line2,machine2,DN,lot1,pass,pass,,0,190
2026-11-07,plant-B,line5,machine5,DN,lot2,category 3,a1,code7,15,15
2026-11-07,plant-B,line7,machine4,DN,lot7,category 1,a3,code8,9,9
2026-11-07,plant-B,line8,machine3,UP,lot5,category 3,b4,code1,5,5
2026-11-07,plant-B,line9,machine8,UP,lot5,category 1,a4,code2,10,10
2026-11-07,plant-B,line4,machine1,UP,lot2,pass,pass,,0,228
2026-11-07,plant-B,line2,machine3,UP,lot2,category 2,b3,code1,13,13
2026-11-07,plant-B,line3,machine3,UP,lot2,category 2,b3,code7,3,3
2026-11-07,plant-A,line8,machine2,DN,lot5,category 1,a2,code9,2,2
2026-11-07,plant-B,line2,machine9,DN,lot1,category 2,b1,code8,5,5
2026-11-07,plant-A,line6,machine4,DN,lot6,category 1,a2,code5,10,10
2026-11-07,plant-B,line1,machine8,DN,lot3,category 2,b4,code1,13,13
2026-11-07,plant-B,line2,machine1,DN,lot6,category 1,a3,code7,17,17
2026-11-07,plant-B,line9,machine9,UP,lot8,category 1,a3,code7,16,16
2026-11-07,plant-B,line3,machine7,DN,lot1,pass,pass,,0,163
2026-11-07,plant-B,line4,machine8,DN,lot5,category 3,b3,code2,9,9
2026-11-07,plant-A,line6,machine9,UP,lot3,pass,pass,,0,240
2026-11-07,plant-B,line5,machine9,DN,lot6,category 1,a1,code8,3,3
2026-11-07,plant-B,line7,machine2,UP,lot7,pass,pass,,0,175
2026-11-07,plant-B,line3,machine6,UP,lot1,category 3,b3,code2,19,19
2026-11-07,plant-B,line4,machine7,DN,lot2,category 3,b3,code2,13,13
2026-11-07,plant-B,line3,machine9,UP,lot2,category 3,b4,code7,12,12
2026-11-07,plant-B,line1,machine9,DN,lot1,category 3,a1,code9,15,15
2026-11-07,plant-A,line8,machine3,DN,lot7,category 3,b4,code5,15,15
2026-11-07,plant-B,line4,machine8,UP,lot9,category 1,a1,code2,8,8
2026-11-07,plant-A,line1,machine9,DN,lot4,category 1,a2,code9,16,16
2026-11-07,plant-B,line7,machine2,DN,lot7,category 2,b2,code9,2,2
2026-11-07,plant-B,line5,machine8,UP,lot6,category 1,a1,code3,8,8
2026-11-07,plant-B,line4,machine8,UP,lot3,category 2,b2,code10,8,8
2026-11-07,plant-A,line3,machine9,DN,lot6,category 2,b3,code5,18,18
2026-11-07,plant-B,line4,machine5,UP,lot6,category 1,a3,code4,14,14
2026-11-07,plant-B,line5,machine7,UP,lot4,pass,pass,,0,444
2026-11-07,plant-B,line4,machine4,DN,lot1,category 1,a4,code5,19,19
2026-11-07,plant-A,line4,machine7,DN,lot5,pass,pass,,0,388
2026-11-07,plant-A,line4,machine6,UP,lot1,pass,pass,,0,290
2026-11-07,plant-B,line7,machine7,UP,lot5,category 1,a2,code5,5,5
2026-11-07,plant-B,line2,machine7,DN,lot8,category 3,a1,code6,18,18
2026-11-07,plant-B,line3,machine3,UP,lot1,pass,pass,,0,220
2026-11-07,plant-A,line4,machine4,UP,lot5,category 2,b2,code10,5,5
2026-11-07,plant-A,line9,machine9,UP,lot5,category 1,a2,code4,15,15
2026-11-07,plant-A,line3,machine5,DN,lot6,pass,pass,,0,484
2026-11-07,plant-B,line6,machine2,UP,lot4,pass,pass,,0,219
2026-11-07,plant-B,line3,machine8,UP,lot6,pass,pass,,0,291
2026-11-07,plant-B,line6,machine2,DN,lot8,pass,pass,,0,362
2026-11-07,plant-B,line5,machine3,DN,lot3,category 2,b4,code1,3,3
2026-11-07,plant-A,line4,machine7,DN,lot4,category 1,a3,code3,15,15
2026-11-07,plant-B,line2,machine4,DN,lot7,pass,pass,,0,441
2026-11-07,plant-B,line4,machine5,DN,lot7,pass,pass,,0,330
2026-11-07,plant-B,line7,machine2,DN,lot3,category 2,b1,code2,3,3
2026-11-07,plant-B,line6,machine7,UP,lot5,category 1,a3,code8,1,1
2026-11-07,plant-B,line4,machine2,DN,lot6,category 1,a2,code10,4,4
2026-11-07,plant-B,line5,machine8,DN,lot6,pass,pass,,0,302
2026-11-07,plant-A,line9,machine5,DN,lot4,category 1,a3,code10,13,13
2026-11-07,plant-A,line6,machine4,DN,lot5,category 2,b3,code4,4,4
2026-11-07,plant-B,line2,machine1,UP,lot4,pass,pass,,0,303
2026-11-07,plant-A,line5,machine6,DN,lot6,category 1,a4,code5,19,19
2026-11-07,plant-B,line5,machine3,DN,lot2,category 3,a1,code2,16,16
2026-11-07,plant-B,line3,machine7,UP,lot6,category 3,b3,code2,17,17
2026-11-07,plant-A,line2,machine4,DN,lot3,category 2,b1,code1,3,3
2026-11-07,plant-B,line5,machine5,DN,lot7,category 3,b4,code5,3,3
2026-11-07,plant-B,line8,machine6,DN,lot7,pass,pass,,0,274
2026-11-07,plant-B,line8,machine2,UP,lot2,pass,pass,,0,435
2026-11-07,plant-B,line4,machine9,DN,lot9,category 3,b3,code3,6,6
2026-11-07,plant-A,line1,machine2,UP,lot2,category 1,a1,code4,4,4
2026-11-07,plant-B,line2,machine1,UP,lot5,category 2,b1,code5,18,18
2026-11-07,plant-B,line6,machine2,UP,lot5,category 2,b3,code1,8,8
2026-11-07,plant-B,line6,machine8,UP,lot5,category 1,a3,code6,16,16
2026-11-07,plant-A,line1,machine1,UP,lot2,category 1,a4,code1,4,4
2026-11-07,plant-A,line7,machine3,UP,lot2,category 1,a2,code7,14,14
2026-11-07,plant-A,line4,machine5,DN,lot3,category 2,b2,code2,4,4
2026-11-07,plant-B,line6,machine3,UP,lot4,category 2,b2,code5,11,11
2026-11-07,plant-B,line5,machine1,UP,lot2,pass,pass,,0,185
2026-11-07,plant-B,line2,machine9,UP,lot1,pass,pass,,0,225
2026-11-07,plant-B,line6,machine9,DN,lot2,pass,pass,,0,349
2026-11-07,plant-A,line3,machine6,DN,lot5,category 3,b4,code10,14,14
2026-11-07,plant-B,line5,machine8,UP,lot8,category 2,b2,code10,5,5
2026-11-07,plant-A,line1,machine1,DN,lot8,category 3,b3,code5,11,11
2026-11-07,plant-B,line6,machine1,DN,lot1,pass,pass,,0,186
2026-11-07,plant-B,line9,machine1,DN,lot3,pass,pass,,0,199
2026-11-07,plant-B,line3,machine3,UP,lot1,category 3,a1,code9,6,6
2026-11-07,plant-A,line3,machine1,DN,lot6,category 2,b4,code8,4,4
2026-11-07,plant-B,line1,machine7,DN,lot3,pass,pass,,0,248
2026-11-07,plant-B,line5,machine1,UP,lot9,category 1,a4,code2,15,15
2026-11-07,plant-B,line2,machine1,UP,lot1,pass,pass,,0,294
2026-11-07,plant-B,line1,machine6,DN,lot5,pass,pass,,0,211
2026-11-07,plant-B,line2,machine7,DN,lot7,category 2,b2,code10,1,1
2026-11-07,plant-A,line7,machine6,UP,lot2,category 1,a1,code10,16,16
2026-11-07,plant-A,line3,machine3,DN,lot1,pass,pass,,0,448
2026-11-07,plant-B,line4,machine1,DN,lot4,category 1,a1,code2,16,16
2026-11-07,plant-B,line1,machine4,DN,lot5,category 2,b4,code4,16,16
2026-11-07,plant-A,line5,machine2,DN,lot5,category 2,b4,code6,3,3
2026-11-07,plant-A,line9,machine1,UP,lot3,category 3,b4,code6,19,19
2026-11-07,plant-B,line3,machine4,UP,lot7,pass,pass,,0,233
2026-11-07,plant-A,line7,machine4,UP,lot7,category 2,b1,code6,17,17
2026-11-07,plant-B,line4,machine5,DN,lot3,category 2,b2,code4,5,5
2026-11-07,plant-B,line1,machine3,DN,lot2,pass,pass,,0,274
2026-11-07,plant-A,line5,machine5,UP,lot8,category 2,b1,code5,14,14
2026-11-07,plant-B,line2,machine5,DN,lot1,category 2,b1,code7,3,3
2026-11-08,,line5,machine4,UP,lot9,,,,4,4
2026-11-08,,line7,machine4,DN,lot1,,,,1,1
2026-11-08,,line5,machine8,DN,lot8,,,,4,4
2026-11-08,plant-A,line6,machine6,DN,lot5,category 2,b3,code2,1,1
2026-11-08,plant-A,line9,machine5,DN,lot2,category 1,a3,code1,11,11
2026-11-08,plant-B,line3,machine2,DN,lot7,category 1,a3,code9,11,11
2026-11-08,plant-B,line6,machine3,UP,lot3,pass,pass,,0,192
2026-11-08,plant-A,line5,machine8,UP,lot4,category 3,a1,code3,11,11
2026-11-08,plant-A,line3,machine4,UP,lot9,category 2,b3,code9,13,13
2026-11-08,plant-A,line1,machine9,UP,lot2,pass,pass,,0,398
2026-11-08,plant-A,line7,machine3,DN,lot4,category 3,a1,code10,8,8
2026-11-08,plant-A,line6,machine4,DN,lot7,category 1,a2,code4,8,8
2026-11-08,plant-B,line7,machine5,DN,lot2,category 1,a4,code3,5,5
2026-11-08,plant-A,line3,machine5,DN,lot5,pass,pass,,0,396
2026-11-08,plant-A,line1,machine6,UP,lot6,category 1,a4,code2,9,9
2026-11-08,plant-A,line7,machine6,DN,lot1,category 1,a2,code5,4,4
2026-11-08,plant-B,line7,machine8,UP,lot8,category 1,a4,code4,3,3
2026-11-08,plant-A,line4,machine6,UP,lot4,category 2,b2,code8,16,16
2026-11-08,plant-A,line6,machine3,UP,lot3,pass,pass,,0,280
2026-11-08,plant-A,line6,machine7,UP,lot3,category 3,a1,code5,19,19
2026-11-08,plant-B,line9,machine6,UP,lot4,pass,pass,,0,234
2026-11-08,plant-B,line7,machine7,UP,lot8,category 1,a3,code1,14,14
2026-11-08,plant-A,line6,machine1,UP,lot2,category 3,a2,code2,4,4
2026-11-08,plant-B,line7,machine9,DN,lot4,category 1,a3,code1,2,2
2026-11-08,plant-A,line8,machine5,DN,lot1,pass,pass,,0,178
2026-11-08,plant-B,line3,machine2,DN,lot9,category 2,b1,code1,11,11
2026-11-08,plant-A,line8,machine3,UP,lot9,pass,pass,,0,465
2026-11-08,plant-A,line2,machine6,UP,lot4,category 1,a3,code10,16,16
2026-11-08,plant-A,line8,machine9,DN,lot9,pass,pass,,0,151
2026-11-08,plant-A,line8,machine5,DN,lot9,category 2,b4,code4,12,12
2026-11-08,plant-A,line3,machine3,UP,lot7,category 2,b4,code5,2,2
2026-11-08,plant-A,line8,machine4,UP,lot3,pass,pass,,0,449
2026-11-08,plant-A,line2,machine8,DN,lot1,pass,pass,,0,449
2026-11-08,plant-B,line1,machine6,DN,lot8,category 2,b1,code5,17,17
2026-11-08,plant-A,line9,machine2,DN,lot3,pass,pass,,0,278
2026-11-08,plant-B,line2,machine1,DN,lot1,category 3,a2,code9,10,10
2026-11-08,plant-A,line3,machine1,UP,lot8,pass,pass,,0,441
2026-11-08,plant-A,line3,machine1,DN,lot7,category 1,a3,code2,16,16
2026-11-08,plant-B,line4,machine4,UP,lot6,pass,pass,,0,402
2026-11-08,plant-B,line1,machine4,DN,lot2,category 3,b4,code8,13,13
2026-11-08,plant-B,line5,machine2,UP,lot3,pass,pass,,0,428
2026-11-08,plant-B,line3,machine1,UP,lot7,category 3,b4,code2,15,15
2026-11-08,plant-A,line1,machine9,UP,lot6,pass,pass,,0,379
2026-11-08,plant-A,line4,machine4,UP,lot9,category 2,b3,code10,5,5
2026-11-08,plant-B,line7,machine4,UP,lot2,category 2,b2,code9,4,4
2026-11-08,plant-B,line4,machine1,UP,lot3,pass,pass,,0,438
2026-11-08,plant-B,line5,machine9,UP,lot2,category 2,b2,code3,4,4
2026-11-08,plant-B,line9,machine5,UP,lot9,category 3,a1,code9,7,7
2026-11-08,plant-B,line1,machine4,UP,lot1,pass,pass,,0,465
2026-11-08,plant-B,line9,machine6,DN,lot5,category 2,b1,code9,13,13
2026-11-08,plant-A,line8,machine4,DN,lot4,pass,pass,,0,177
2026-11-08,plant-B,line6,machine1,UP,lot2,pass,pass,,0,282
2026-11-08,plant-B,line6,machine6,UP,lot8,pass,pass,,0,244
2026-11-08,plant-B,line6,machine5,DN,lot9,category 1,a4,code7,15,15
2026-11-08,plant-A,line9,machine5,UP,lot6,category 2,b3,code9,15,15
2026-11-08,plant-B,line1,machine1,UP,lot2,pass,pass,,0,361
2026-11-08,plant-B,line7,machine4,UP,lot1,category 1,a4,code3,16,16
2026-11-08,plant-A,line8,machine3,UP,lot3,category 2,b4,code4,10,10
2026-11-08,plant-B,line7,machine1,DN,lot9,category 3,b3,code1,16,16
2026-11-08,plant-B,line7,machine6,UP,lot1,pass,pass,,0,321
2026-11-08,plant-B,line4,machine1,DN,lot8,pass,pass,,0,309
2026-11-08,plant-A,line2,machine4,DN,lot7,pass,pass,,0,177
2026-11-08,plant-A,line2,machine7,UP,lot3,category 3,b4,code6,3,3
2026-11-08,plant-B,line1,machine2,DN,lot1,category 3,a1,code7,8,8
2026-11-08,plant-B,line1,machine3,UP,lot8,category 1,a1,code1,2,2
2026-11-08,plant-B,line9,machine8,UP,lot2,category 3,b3,code3,17,17
2026-11-08,plant-B,line6,machine2,DN,lot4,pass,pass,,0,336
2026-11-08,plant-A,line1,machine9,DN,lot8,category 2,b2,code8,14,14
2026-11-08,plant-A,line1,machine1,DN,lot4,pass,pass,,0,205
2026-11-08,plant-A,line9,machine2,DN,lot4,category 1,a2,code4,10,10
2026-11-08,plant-A,line8,machine8,UP,lot6,pass,pass,,0,196
2026-11-08,plant-B,line4,machine3,UP,lot9,category 3,a1,code3,12,12
2026-11-08,plant-B,line3,machine4,DN,lot6,category 2,b4,code5,10,10
2026-11-08,plant-B,line2,machine2,DN,lot3,pass,pass,,0,466
2026-11-08,plant-B,line7,machine8,DN,lot7,category 2,b2,code6,18,18
2026-11-08,plant-A,line3,machine1,DN,lot3,category 1,a1,code4,12,12
2026-11-08,plant-B,line7,machine5,UP,lot5,pass,pass,,0,289
2026-11-08,plant-A,line5,machine8,UP,lot1,category 3,a2,code2,13,13
2026-11-08,plant-A,line5,machine5,DN,lot4,pass,pass,,0,374
2026-11-08,plant-B,line1,machine8,DN,lot4,category 3,b4,code1,8,8
2026-11-08,plant-B,line7,machine4,UP,lot4,pass,pass,,0,402
2026-11-08,plant-A,line2,machine2,UP,lot7,pass,pass,,0,358
2026-11-08,plant-B,line6,machine2,UP,lot2,pass,pass,,0,235
2026-11-08,plant-B,line1,machine3,UP,lot6,pass,pass,,0,392
2026-11-08,plant-B,line2,machine4,UP,lot6,category 1,a1,code3,9,9
2026-11-08,plant-B,line5,machine5,UP,lot8,category 2,b3,code3,9,9
2026-11-08,plant-A,line5,machine4,DN,lot4,category 3,a2,code7,9,9
2026-11-08,plant-A,line4,machine4,UP,lot5,pass,pass,,0,472
2026-11-08,plant-A,line7,machine1,UP,lot1,pass,pass,,0,280
2026-11-08,plant-A,line8,machine9,UP,lot7,category 1,a1,code10,8,8
2026-11-08,plant-A,line8,machine3,DN,lot3,category 3,a2,code7,6,6
2026-11-08,plant-B,line8,machine8,DN,lot2,category 2,b3,code10,15,15
2026-11-08,plant-A,line8,machine3,UP,lot5,category 3,a2,code10,10,10
2026-11-08,plant-A,line4,machine4,UP,lot9,category 1,a3,code1,13,13
2026-11-08,plant-B,line3,machine4,UP,lot3,category 1,a1,code1,9,9
2026-11-08,plant-A,line9,machine8,DN,lot6,category 3,a2,code6,17,17
2026-11-08,plant-B,line2,machine3,UP,lot8,category 1,a4,code8,1,1
2026-11-08,plant-A,line9,machine2,UP,lot7,pass,pass,,0,350
2026-11-08,plant-B,line5,machine6,UP,lot3,category 2,b4,code5,12,12
2026-11-08,plant-A,line3,machine9,DN,lot4,category 3,b4,code10,10,10
2026-11-08,plant-A,line7,machine6,UP,lot1,category 2,b4,code4,1,1
2026-11-08,plant-B,line1,machine5,DN,lot9,category 3,a2,code7,15,15
2026-11-08,plant-A,line8,machine8,DN,lot5,pass,pass,,0,428
2026-11-08,plant-B,line3,machine2,UP,lot3,pass,pass,,0,430
2026-11-08,plant-A,line7,machine6,DN,lot5,category 1,a2,code8,13,13
2026-11-08,plant-B,line3,machine5,UP,lot5,category 2,b1,code5,9,9
2026-11-08,plant-B,line5,machine3,DN,lot9,category 3,a1,code1,2,2
2026-11-08,plant-A,line6,machine8,DN,lot3,category 2,b2,code10,14,14
2026-11-08,plant-B,line9,machine9,DN,lot6,pass,pass,,0,308
2026-11-08,plant-A,line2,machine9,UP,lot7,category 2,b2,code9,5,5
2026-11-08,plant-B,line9,machine2,UP,lot8,pass,pass,,0,367
2026-11-08,plant-B,line5,machine5,UP,lot4,category 2,b1,code6,1,1
2026-11-08,plant-B,line8,machine4,UP,lot5,category 3,a2,code10,17,17
2026-11-08,plant-B,line6,machine9,DN,lot6,category 2,b4,code5,15,15
2026-11-08,plant-A,line9,machine2,UP,lot9,category 1,a1,code9,14,14
2026-11-08,plant-A,line7,machine6,UP,lot2,pass,pass,,0,429
2026-11-08,plant-A,line9,machine5,DN,lot9,category 3,b3,code6,18,18
2026-11-08,plant-B,line9,machine2,DN,lot4,category 1,a2,code10,16,16
2026-11-08,plant-B,line7,machine3,UP,lot9,category 3,b3,code3,3,3
2026-11-08,plant-B,line8,machine7,DN,lot1,category 3,a1,code5,5,5
2026-11-08,plant-B,line6,machine7,UP,lot7,pass,pass,,0,284
2026-11-08,plant-A,line9,machine1,UP,lot6,category 3,b4,code7,2,2
2026-11-08,plant-A,line6,machine9,UP,lot9,category 2,b1,code2,13,13
2026-11-08,plant-A,line9,machine1,DN,lot7,category 3,a2,code5,11,11
2026-11-08,plant-B,line8,machine9,UP,lot4,pass,pass,,0,406
2026-11-08,plant-A,line3,machine8,DN,lot9,pass,pass,,0,486
2026-11-08,plant-B,line8,machine2,DN,lot4,category 2,b1,code1,2,2
2026-11-08,plant-A,line7,machine7,UP,lot5,category 1,a3,code1,1,1
2026-11-08,plant-B,line3,machine8,DN,lot2,category 3,b4,code9,4,4
2026-11-08,plant-B,line7,machine4,DN,lot5,category 3,b4,code9,14,14
2026-11-08,plant-A,line3,machine7,UP,lot6,pass,pass,,0,376
2026-11-08,plant-B,line4,machine3,DN,lot5,category 3,a2,code2,15,15
2026-11-08,plant-A,line7,machine9,UP,lot1,pass,pass,,0,363
2026-11-08,plant-B,line4,machine1,UP,lot6,category 3,a1,code5,11,11
2026-11-08,plant-B,line2,machine3,DN,lot7,category 2,b4,code6,16,16
2026-11-08,plant-B,line6,machine1,DN,lot8,category 1,a4,code5,10,10
2026-11-08,plant-A,line8,machine3,DN,lot2,category 1,a3,code6,2,2
2026-11-08,plant-B,line9,machine3,UP,lot2,pass,pass,,0,303
2026-11-08,plant-B,line9,machine4,UP,lot8,category 2,b1,code6,18,18
2026-11-08,plant-A,line8,machine4,UP,lot8,category 3,b3,code5,15,15
2026-11-08,plant-A,line5,machine5,UP,lot1,category 3,a1,code1,14,14
2026-11-08,plant-A,line2,machine3,DN,lot8,pass,pass,,0,465
2026-11-08,plant-B,line9,machine6,UP,lot3,pass,pass,,0,170
2026-11-08,plant-A,line5,machine8,UP,lot4,category 3,b3,code3,2,2
2026-11-08,plant-B,line4,machine6,DN,lot6,category 1,a4,code6,4,4
2026-11-08,plant-A,line9,machine4,DN,lot1,category 3,a2,code2,7,7
2026-11-08,plant-B,line6,machine4,DN,lot9,pass,pass,,0,248
2026-11-08,plant-A,line8,machine8,UP,lot1,category 2,b1,code2,6,6
2026-11-08,plant-A,line6,machine7,UP,lot9,pass,pass,,0,346
2026-11-08,plant-A,line7,machine8,DN,lot5,category 1,a1,code8,7,7
2026-11-08,plant-B,line3,machine9,DN,lot1,pass,pass,,0,239
2026-11-08,plant-B,line8,machine8,DN,lot2,category 3,a2,code4,7,7
2026-11-08,plant-B,line6,machine5,DN,lot7,category 1,a2,code10,1,1
2026-11-08,plant-B,line3,machine6,UP,lot6,category 2,b1,code9,8,8
2026-11-08,plant-B,line8,machine9,UP,lot8,category 2,b2,code3,11,11
2026-11-08,plant-A,line3,machine1,UP,lot7,category 3,b4,code2,16,16
2026-11-08,plant-A,line9,machine6,UP,lot9,category 3,b4,code1,18,18
2026-11-08,plant-B,line6,machine7,DN,lot9,category 3,b3,code3,2,2
2026-11-08,plant-B,line9,machine1,DN,lot8,category 2,b3,code6,3,3
2026-11-08,plant-A,line1,machine9,DN,lot9,category 3,a1,code7,2,2
2026-11-08,plant-B,line3,machine5,DN,lot7,category 3,b3,code5,5,5
2026-11-08,plant-B,line7,machine1,DN,lot9,category 2,b1,code8,11,11
2026-11-08,plant-A,line1,machine7,UP,lot3,pass,pass,,0,462
2026-11-08,plant-A,line8,machine7,DN,lot6,category 2,b2,code7,2,2
2026-11-08,plant-A,line9,machine4,UP,lot2,category 3,a1,code3,2,2
2026-11-08,plant-B,line7,machine5,DN,lot4,pass,pass,,0,163
2026-11-08,plant-B,line3,machine8,DN,lot4,category 3,b3,code9,9,9
2026-11-08,plant-B,line9,machine4,UP,lot8,pass,pass,,0,175
2026-11-08,plant-A,line7,machine2,DN,lot4,pass,pass,,0,380
2026-11-08,plant-B,line5,machine3,UP,lot1,category 2,b3,code4,12,12
2026-11-08,plant-A,line5,machine4,DN,lot5,pass,pass,,0,447
2026-11-08,plant-A,line2,machine9,DN,lot4,category 2,b2,code5,2,2
2026-11-08,plant-A,line7,machine7,UP,lot9,pass,pass,,0,389
2026-11-08,plant-B,line2,machine7,DN,lot2,category 1,a2,code4,2,2
2026-11-08,plant-B,line1,machine9,DN,lot3,category 1,a3,code1,10,10
2026-11-08,plant-B,line2,machine4,DN,lot2,category 3,a1,code5,12,12
2026-11-08,plant-A,line7,machine8,DN,lot4,pass,pass,,0,224
2026-11-08,plant-B,line3,machine1,UP,lot5,category 2,b1,code2,10,10
2026-11-08,plant-B,line5,machine1,DN,lot8,category 2,b1,code5,15,15
2026-11-08,plant-A,line8,machine3,UP,lot4,category 3,b4,code10,9,9
2026-11-08,plant-B,line7,machine5,DN,lot4,category 1,a4,code4,11,11
2026-11-08,plant-A,line4,machine9,DN,lot7,pass,pass,,0,474
2026-11-08,plant-B,line3,machine9,DN,lot3,category 1,a1,code2,13,13
2026-11-08,plant-B,line5,machine8,UP,lot4,category 1,a3,code2,18,18
2026-11-08,plant-A,line4,machine6,DN,lot2,category 2,b1,code2,3,3
2026-11-08,plant-A,line7,machine8,DN,lot7,pass,pass,,0,340
2026-11-08,plant-A,line7,machine2,UP,lot6,category 2,b2,code1,10,10
2026-11-08,plant-B,line2,machine8,UP,lot5,pass,pass,,0,483
2026-11-08,plant-B,line6,machine3,DN,lot6,category 3,a2,code6,3,3
2026-11-08,plant-B,line1,machine4,UP,lot4,category 2,b4,code9,15,15
2026-11-08,plant-B,line3,machine8,DN,lot7,category 3,b4,code1,18,18
2026-11-08,plant-B,line5,machine9,UP,lot5,category 1,a3,code5,15,15
2026-11-08,plant-A,line1,machine5,DN,lot6,category 2,b2,code4,13,13
2026-11-08,plant-A,line5,machine7,DN,lot8,category 1,a2,code4,2,2
2026-11-08,plant-A,line1,machine7,UP,lot5,category 2,b1,code4,16,16
2026-11-08,plant-B,line8,machine8,UP,lot5,category 3,b4,code10,18,18
2026-11-08,plant-B,line4,machine6,UP,lot7,pass,pass,,0,412
2026-11-08,plant-A,line6,machine3,DN,lot1,category 2,b2,code8,5,5
2026-11-08,plant-B,line2,machine4,UP,lot8,category 1,a2,code1,13,13
2026-11-08,plant-B,line4,machine4,UP,lot3,category 3,b4,code10,5,5
2026-11-09,,line3,machine3,UP,lot2,,,,0,100
2026-11-09,,line1,machine8,UP,lot3,,,,0,100
2026-11-09,,line1,machine1,DN,lot3,,,,0,100
2026-11-09,plant-A,line1,machine4,DN,lot6,category 3,b3,code2,10,10
2026-11-09,plant-B,line4,machine8,DN,lot6,category 1,a3,code3,3,3
2026-11-09,plant-A,line5,machine8,DN,lot7,category 2,b1,code3,4,4
2026-11-09,plant-A,line3,machine1,DN,lot8,pass,pass,,0,396
2026-11-09,plant-A,line4,machine6,DN,lot4,category 2,b4,code8,9,9
2026-11-09,plant-A,line8,machine1,UP,lot7,category 3,a2,code7,13,13
2026-11-09,plant-A,line5,machine7,DN,lot9,pass,pass,,0,219
2026-11-09,plant-B,line7,machine6,DN,lot5,pass,pass,,0,408
2026-11-09,plant-B,line3,machine2,DN,lot4,category 2,b2,code2,9,9
2026-11-09,plant-A,line5,machine3,DN,lot1,pass,pass,,0,275
2026-11-09,plant-A,line1,machine8,DN,lot4,category 1,a2,code3,6,6
2026-11-09,plant-B,line6,machine1,DN,lot1,pass,pass,,0,328
2026-11-09,plant-A,line8,machine6,UP,lot6,category 1,a3,code5,8,8
2026-11-09,plant-A,line9,machine4,UP,lot1,pass,pass,,0,283
2026-11-09,plant-B,line2,machine1,UP,lot1,category 3,a1,code9,18,18
2026-11-09,plant-A,line8,machine9,UP,lot2,pass,pass,,0,380
2026-11-09,plant-A,line5,machine9,UP,lot1,category 2,b1,code10,18,18
2026-11-09,plant-B,line7,machine7,UP,lot8,category 2,b4,code1,2,2
2026-11-09,plant-A,line8,machine3,DN,lot2,category 3,a1,code5,9,9
2026-11-09,plant-B,line1,machine7,DN,lot7,pass,pass,,0,318
2026-11-09,plant-B,line2,machine8,DN,lot7,category 1,a2,code2,6,6
2026-11-09,plant-B,line4,machine9,DN,lot8,category 3,a2,code4,14,14
2026-11-09,plant-B,line3,machine3,UP,lot9,category 3,b3,code4,1,1
2026-11-09,plant-B,line7,machine8,DN,lot1,category 3,b3,code6,8,8
2026-11-09,plant-B,line8,machine9,DN,lot5,category 1,a1,code9,10,10
2026-11-09,plant-B,line7,machine7,UP,lot4,pass,pass,,0,397
2026-11-09,plant-A,line4,machine2,DN,lot4,category 3,a2,code1,14,14
2026-11-09,plant-A,line9,machine9,UP,lot7,pass,pass,,0,234
2026-11-09,plant-A,line1,machine5,DN,lot3,category 2,b2,code6,9,9
2026-11-09,plant-A,line4,machine8,DN,lot2,pass,pass,,0,435
2026-11-09,plant-B,line2,machine8,DN,lot3,pass,pass,,0,208
2026-11-09,plant-A,line7,machine6,UP,lot5,category 2,b4,code6,17,17
2026-11-09,plant-A,line9,machine8,DN,lot2,category 1,a2,code5,8,8
2026-11-09,plant-B,line6,machine4,UP,lot4,pass,pass,,0,244
2026-11-09,plant-A,line3,machine8,UP,lot1,category 1,a3,code8,15,15
2026-11-09,plant-A,line4,machine2,UP,lot8,category 2,b1,code1,5,5
2026-11-09,plant-A,line9,machine6,UP,lot9,category 2,b1,code1,4,4
2026-11-09,plant-B,line6,machine8,UP,lot6,category 3,a1,code8,6,6
2026-11-09,plant-A,line9,machine3,DN,lot8,category 2,b3,code2,3,3
2026-11-09,plant-B,line1,machine5,UP,lot3,pass,pass,,0,461
2026-11-09,plant-B,line6,machine9,UP,lot8,category 3,b4,code2,4,4
2026-11-09,plant-A,line6,machine8,DN,lot7,category 3,a1,code5,6,6
2026-11-09,plant-B,line3,machine7,DN,lot5,pass,pass,,0,395
2026-11-09,plant-B,line5,machine7,UP,lot1,category 1,a4,code10,12,12
2026-11-09,plant-A,line4,machine8,DN,lot8,category 2,b3,code8,2,2
2026-11-09,plant-A,line4,machine7,DN,lot3,pass,pass,,0,463
2026-11-09,plant-A,line8,machine3,UP,lot9,category 2,b2,code8,11,11
2026-11-09,plant-B,line3,machine9,DN,lot1,pass,pass,,0,356
2026-11-09,plant-B,line8,machine2,DN,lot5,pass,pass,,0,334
2026-11-09,plant-B,line5,machine8,UP,lot2,pass,pass,,0,161
2026-11-09,plant-A,line5,machine9,UP,lot5,category 3,a1,code1,1,1
2026-11-09,plant-A,line6,machine5,DN,lot7,category 2,b3,code3,6,6
2026-11-09,plant-A,line2,machine5,DN,lot4,category 2,b4,code4,13,13
2026-11-09,plant-A,line3,machine1,UP,lot5,category 2,b4,code10,12,12
2026-11-09,plant-A,line1,machine4,UP,lot6,category 1,a3,code2,5,5
2026-11-09,plant-A,line8,machine5,DN,lot9,category 3,a2,code1,4,4
2026-11-09,plant-A,line3,machine3,DN,lot7,category 1,a1,code2,8,8
2026-11-09,plant-A,line9,machine8,DN,lot8,category 3,b4,code5,11,11
2026-11-09,plant-B,line2,machine5,UP,lot7,pass,pass,,0,448
2026-11-09,plant-B,line5,machine9,UP,lot4,category 1,a4,code7,16,16
2026-11-09,plant-B,line4,machine6,DN,lot8,category 2,b3,code9,19,19
2026-11-09,plant-B,line9,machine8,DN,lot9,category 3,a2,code10,18,18
2026-11-09,plant-A,line4,machine8,UP,lot6,category 1,a1,code2,5,5
2026-11-09,plant-A,line4,machine9,DN,lot9,category 2,b1,code2,5,5
2026-11-09,plant-A,line4,machine8,DN,lot2,category 1,a4,code5,2,2
2026-11-09,plant-B,line6,machine5,DN,lot3,category 2,b3,code4,1,1
2026-11-09,plant-A,line6,machine2,UP,lot4,category 2,b3,code9,13,13
2026-11-09,plant-A,line3,machine5,DN,lot6,category 1,a3,code10,16,16
2026-11-09,plant-B,line9,machine5,UP,lot4,category 1,a4,code3,5,5
2026-11-09,plant-A,line6,machine1,UP,lot6,category 1,a4,code6,19,19
2026-11-09,plant-B,line1,machine7,DN,lot6,category 2,b4,code8,2,2
2026-11-09,plant-A,line7,machine2,UP,lot4,category 3,a1,code10,18,18
2026-11-09,plant-A,line2,machine1,DN,lot8,category 1,a2,code8,5,5
2026-11-09,plant-B,line9,machine8,DN,lot4,category 3,a1,code3,5,5
2026-11-09,plant-B,line4,machine8,DN,lot5,pass,pass,,0,295
2026-11-09,plant-A,line3,machine8,DN,lot7,category 1,a2,code9,14,14
2026-11-09,plant-B,line1,machine2,DN,lot4,pass,pass,,0,165
2026-11-09,plant-B,line2,machine8,UP,lot8,pass,pass,,0,446
2026-11-09,plant-A,line4,machine2,DN,lot2,category 3,b4,code5,10,10
2026-11-09,plant-A,line4,machine7,DN,lot5,pass,pass,,0,337
2026-11-09,plant-B,line9,machine4,DN,lot5,category 1,a3,code6,4,4
2026-11-09,plant-B,line4,machine1,DN,lot8,category 3,a1,code6,5,5
2026-11-09,plant-B,line1,machine7,UP,lot9,category 2,b4,code3,17,17
2026-11-09,plant-B,line5,machine6,DN,lot8,pass,pass,,0,286
2026-11-09,plant-A,line4,machine4,UP,lot7,category 3,a2,code8,8,8
2026-11-09,plant-A,line1,machine7,DN,lot8,category 1,a1,code6,7,7
2026-11-09,plant-B,line7,machine7,DN,lot5,category 2,b2,code8,17,17
2026-11-09,plant-B,line2,machine5,DN,lot2,category 2,b3,code4,16,16
2026-11-09,plant-A,line1,machine6,DN,lot4,category 1,a1,code4,19,19
2026-11-09,plant-A,line2,machine1,UP,lot1,pass,pass,,0,176
2026-11-09,plant-B,line5,machine4,DN,lot8,category 1,a3,code1,17,17
2026-11-09,plant-B,line2,machine9,UP,lot6,pass,pass,,0,391
2026-11-09,plant-A,line4,machine9,DN,lot9,pass,pass,,0,320
2026-11-09,plant-B,line5,machine6,DN,lot4,category 2,b1,code7,5,5
2026-11-09,plant-A,line9,machine8,DN,lot7,category 3,b3,code9,10,10
2026-11-09,plant-B,line9,machine6,DN,lot6,pass,pass,,0,387
2026-11-09,plant-B,line5,machine2,DN,lot6,pass,pass,,0,290
2026-11-09,plant-B,line5,machine9,DN,lot7,category 2,b4,code4,1,1
2026-11-09,plant-B,line5,machine4,UP,lot9,category 1,a1,code6,17,17
2026-11-09,plant-A,line6,machine9,DN,lot4,category 2,b2,code9,4,4
2026-11-09,plant-A,line1,machine2,UP,lot3,category 2,b1,code6,14,14
2026-11-09,plant-B,line6,machine8,UP,lot5,pass,pass,,0,440
2026-11-09,plant-B,line9,machine4,UP,lot7,category 3,b4,code6,17,17
2026-11-09,plant-A,line2,machine3,UP,lot1,category 3,b3,code5,4,4
2026-11-09,plant-B,line7,machine8,UP,lot8,category 2,b2,code6,5,5
2026-11-09,plant-B,line1,machine8,UP,lot8,category 3,b3,code10,1,1
2026-11-09,plant-A,line6,machine3,UP,lot5,category 2,b2,code4,10,10
2026-11-09,plant-A,line7,machine5,UP,lot5,category 2,b3,code6,15,15
2026-11-09,plant-B,line1,machine3,UP,lot2,pass,pass,,0,351
2026-11-09,plant-A,line8,machine3,DN,lot5,category 3,b3,code9,5,5
2026-11-09,plant-A,line2,machine4,DN,lot4,category 2,b1,code3,18,18
2026-11-09,plant-A,line9,machine1,DN,lot5,category 2,b4,code4,5,5
2026-11-09,plant-B,line2,machine6,DN,lot4,pass,pass,,0,259
2026-11-09,plant-B,line3,machine5,DN,lot5,category 2,b1,code3,15,15
2026-11-09,plant-A,line9,machine7,DN,lot4,pass,pass,,0,219
2026-11-09,plant-B,line9,machine4,UP,lot2,category 2,b1,code8,17,17
2026-11-09,plant-A,line7,machine1,UP,lot2,category 3,a2,code2,18,18
2026-11-09,plant-A,line5,machine8,UP,lot6,pass,pass,,0,350
2026-11-09,plant-B,line8,machine2,DN,lot4,category 3,b4,code7,2,2
2026-11-09,plant-A,line4,machine1,DN,lot8,pass,pass,,0,389
2026-11-09,plant-B,line3,machine9,DN,lot2,pass,pass,,0,457
2026-11-09,plant-B,line2,machine8,DN,lot8,category 2,b3,code1,11,11
2026-11-09,plant-B,line4,machine2,UP,lot1,category 3,b4,code4,10,10
2026-11-09,plant-B,line8,machine1,UP,lot7,pass,pass,,0,346
2026-11-09,plant-B,line5,machine9,DN,lot9,pass,pass,,0,291
2026-11-09,plant-A,line3,machine1,DN,lot6,category 2,b4,code4,11,11
2026-11-09,plant-A,line1,machine5,UP,lot3,category 2,b4,code2,2,2
2026-11-09,plant-A,line6,machine2,DN,lot1,category 1,a3,code6,5,5
2026-11-09,plant-B,line5,machine6,UP,lot7,category 3,b3,code10,10,10
2026-11-09,plant-B,line4,machine7,DN,lot8,category 1,a4,code10,1,1
2026-11-09,plant-B,line1,machine9,UP,lot4,category 1,a2,code3,4,4
2026-11-09,plant-B,line1,machine6,UP,lot1,category 3,a2,code3,16,16
2026-11-09,plant-B,line4,machine8,UP,lot8,category 2,b3,code5,15,15
2026-11-09,plant-B,line2,machine9,DN,lot5,category 3,a2,code2,2,2
2026-11-09,plant-A,line5,machine6,DN,lot2,category 2,b3,code3,16,16
2026-11-09,plant-B,line8,machine6,DN,lot8,category 3,b3,code7,5,5
2026-11-09,plant-B,line6,machine1,DN,lot4,pass,pass,,0,164
2026-11-09,plant-A,line4,machine6,UP,lot2,category 1,a2,code6,11,11
2026-11-09,plant-A,line3,machine2,DN,lot3,pass,pass,,0,305
2026-11-09,plant-B,line4,machine7,DN,lot6,category 2,b2,code10,3,3
2026-11-09,plant-A,line5,machine9,DN,lot6,pass,pass,,0,203
2026-11-09,plant-A,line5,machine3,UP,lot2,category 2,b2,code6,13,13
2026-11-09,plant-A,line7,machine2,UP,lot2,category 2,b1,code10,4,4
2026-11-09,plant-A,line4,machine3,UP,lot7,category 2,b4,code7,16,16
2026-11-09,plant-A,line2,machine4,UP,lot6,category 2,b2,code3,1,1
2026-11-09,plant-B,line1,machine3,DN,lot9,pass,pass,,0,440
2026-11-09,plant-B,line6,machine5,DN,lot8,pass,pass,,0,209
2026-11-09,plant-B,line2,machine7,DN,lot1,category 1,a4,code7,15,15
2026-11-09,plant-A,line6,machine6,UP,lot1,category 3,a1,code7,14,14
2026-11-09,plant-B,line9,machine6,UP,lot8,pass,pass,,0,244
2026-11-09,plant-A,line2,machine4,UP,lot7,category 3,a1,code8,10,10
2026-11-09,plant-A,line3,machine5,UP,lot7,category 3,a1,code1,14,14
2026-11-09,plant-A,line7,machine2,DN,lot9,category 2,b1,code5,3,3
2026-11-09,plant-B,line1,machine6,UP,lot3,pass,pass,,0,356
2026-11-09,plant-B,line7,machine7,DN,lot5,pass,pass,,0,409
2026-11-09,plant-B,line1,machine7,DN,lot7,category 1,a4,code6,18,18
2026-11-09,plant-B,line1,machine8,DN,lot8,pass,pass,,0,409
2026-11-09,plant-A,line1,machine5,UP,lot8,pass,pass,,0,380
2026-11-09,plant-A,line1,machine3,UP,lot2,category 2,b1,code1,4,4
2026-11-09,plant-B,line1,machine3,DN,lot5,pass,pass,,0,369
2026-11-09,plant-B,line7,machine6,UP,lot6,category 2,b1,code1,4,4
2026-11-09,plant-A,line6,machine5,DN,lot2,category 2,b3,code6,16,16
2026-11-09,plant-B,line1,machine4,DN,lot7,category 1,a1,code7,4,4
2026-11-09,plant-A,line4,machine2,UP,lot7,pass,pass,,0,251
2026-11-09,plant-B,line5,machine6,DN,lot9,category 1,a1,code5,11,11
2026-11-09,plant-A,line4,machine3,UP,lot6,category 3,b3,code1,17,17
2026-11-09,plant-B,line9,machine3,DN,lot7,category 3,b3,code9,2,2
2026-11-09,plant-B,line4,machine9,UP,lot8,category 2,b3,code10,19,19
2026-11-09,plant-B,line2,machine9,UP,lot1,pass,pass,,0,246
2026-11-09,plant-B,line7,machine4,DN,lot8,category 2,b1,code6,12,12
2026-11-09,plant-A,line5,machine6,DN,lot6,category 2,b4,code9,12,12
2026-11-09,plant-B,line8,machine7,DN,lot9,category 3,a2,code5,18,18
2026-11-09,plant-A,line5,machine9,DN,lot3,category 3,b4,code6,16,16
2026-11-09,plant-A,line4,machine1,UP,lot9,pass,pass,,0,422
2026-11-09,plant-B,line6,machine7,UP,lot4,pass,pass,,0,465
2026-11-09,plant-B,line1,machine1,DN,lot2,pass,pass,,0,481
2026-11-09,plant-A,line1,machine8,UP,lot4,category 2,b3,code4,19,19
2026-11-09,plant-B,line6,machine8,UP,lot3,category 3,a2,code6,16,16
2026-11-09,plant-A,line6,machine3,UP,lot7,pass,pass,,0,406
2026-11-09,plant-A,line7,machine3,UP,lot4,category 3,b3,code7,5,5
2026-11-09,plant-A,line5,machine4,UP,lot9,pass,pass,,0,319
2026-11-09,plant-A,line5,machine5,DN,lot1,category 3,b4,code7,15,15
2026-11-09,plant-A,line2,machine4,DN,lot2,category 1,a4,code2,16,16
2026-11-09,plant-A,line4,machine1,UP,lot7,category 1,a1,code7,9,9
2026-11-09,plant-B,line4,machine9,UP,lot2,category 3,a1,code8,6,6
2026-11-09,plant-B,line6,machine5,DN,lot1,category 1,a1,code10,16,16
2026-11-09,plant-B,line1,machine9,UP,lot7,category 2,b4,code8,13,13
2026-11-09,plant-A,line9,machine3,DN,lot4,category 2,b1,code3,19,19
2026-11-09,plant-A,line6,machine9,DN,lot7,category 2,b3,code1,15,15
2026-11-09,plant-B,line1,machine8,UP,lot5,category 1,a3,code10,2,2
2026-11-09,plant-B,line6,machine9,DN,lot1,category 2,b2,code10,17,17
2026-11-09,plant-B,line9,machine2,DN,lot5,category 1,a3,code4,13,13
2026-11-09,plant-B,line9,machine1,UP,lot5,category 2,b3,code9,9,9
2026-11-09,plant-B,line8,machine1,DN,lot1,category 2,b1,code9,10,10
2026-11-09,plant-A,line4,machine8,DN,lot3,category 3,b4,code3,4,4
2026-11-09,plant-A,line8,machine7,DN,lot5,category 3,a1,code3,5,5
2026-11-09,plant-A,line5,machine5,DN,lot9,category 1,a3,code6,16,16
2026-11-10,,line4,machine2,UP,lot4,,,,1,1
2026-11-10,,line6,machine9,UP,lot5,,,,0,100
2026-11-10,,line6,machine7,DN,lot9,,,,2,2
2026-11-10,plant-B,line9,machine1,UP,lot8,category 2,b4,code10,11,11
2026-11-10,plant-B,line8,machine1,DN,lot4,category 3,b4,code6,11,11
2026-11-10,plant-A,line2,machine1,UP,lot4,pass,pass,,0,290
2026-11-10,plant-B,line5,machine4,UP,lot2,category 1,a1,code8,19,19
2026-11-10,plant-A,line7,machine8,UP,lot4,category 2,b4,code8,10,10
2026-11-10,plant-A,line5,machine8,UP,lot2,category 1,a4,code10,15,15
2026-11-10,plant-B,line5,machine7,DN,lot3,category 3,a1,code6,14,14
2026-11-10,plant-B,line6,machine7,DN,lot3,pass,pass,,0,280
2026-11-10,plant-B,line2,machine6,UP,lot6,category 2,b4,code6,18,18
2026-11-10,plant-B,line8,machine6,UP,lot2,category 2,b2,code8,6,6
2026-11-10,plant-A,line2,machine5,UP,lot1,category 3,b3,code9,12,12
2026-11-10,plant-A,line3,machine4,DN,lot1,pass,pass,,0,214
2026-11-10,plant-A,line8,machine9,UP,lot7,pass,pass,,0,313
2026-11-10,plant-A,line7,machine1,UP,lot6,category 2,b1,code8,8,8
2026-11-10,plant-A,line6,machine4,UP,lot9,pass,pass,,0,337
2026-11-10,plant-B,line5,machine7,UP,lot8,category 2,b2,code4,19,19
2026-11-10,plant-A,line8,machine4,DN,lot6,category 3,b4,code2,17,17
2026-11-10,plant-A,line5,machine3,DN,lot3,category 3,a2,code10,2,2
2026-11-10,plant-A,line3,machine8,DN,lot4,pass,pass,,0,483
2026-11-10,plant-A,line7,machine6,UP,lot6,pass,pass,,0,151
2026-11-10,plant-A,line4,machine2,DN,lot5,category 1,a1,code1,12,12
2026-11-10,plant-A,line9,machine4,UP,lot6,pass,pass,,0,385
2026-11-10,plant-A,line4,machine4,DN,lot3,category 3,b3,code4,12,12
2026-11-10,plant-B,line1,machine6,UP,lot9,category 3,b4,code2,12,12
2026-11-10,plant-A,line6,machine1,DN,lot7,category 3,a2,code1,18,18
2026-11-10,plant-A,line9,machine2,DN,lot9,category 1,a1,code10,9,9
2026-11-10,plant-B,line9,machine3,DN,lot4,pass,pass,,0,473
2026-11-10,plant-B,line5,machine7,DN,lot6,category 1,a3,code8,6,6
2026-11-10,plant-B,line9,machine9,DN,lot2,category 2,b1,code6,14,14
2026-11-10,plant-A,line4,machine3,DN,lot4,pass,pass,,0,253
2026-11-10,plant-A,line8,machine8,DN,lot1,category 1,a4,code9,14,14
2026-11-10,plant-A,line3,machine9,UP,lot7,category 1,a1,code3,1,1
2026-11-10,plant-B,line9,machine7,UP,lot7,pass,pass,,0,336
2026-11-10,plant-A,line4,machine2,DN,lot7,category 2,b3,code7,8,8
2026-11-10,plant-B,line8,machine4,DN,lot1,category 2,b4,code8,5,5
2026-11-10,plant-A,line3,machine2,DN,lot2,category 1,a3,code10,13,13
2026-11-10,plant-B,line6,machine8,DN,lot4,pass,pass,,0,427
2026-11-10,plant-B,line8,machine6,UP,lot7,pass,pass,,0,296
2026-11-10,plant-B,line9,machine6,DN,lot5,pass,pass,,0,353
2026-11-10,plant-A,line8,machine8,DN,lot7,pass,pass,,0,320
2026-11-10,plant-B,line1,machine7,UP,lot8,category 1,a1,code1,13,13
2026-11-10,plant-B,line5,machine2,DN,lot4,category 3,b3,code7,7,7
2026-11-10,plant-A,line5,machine8,DN,lot4,category 3,a2,code1,6,6
2026-11-10,plant-B,line9,machine8,UP,lot9,category 3,a2,code3,12,12
2026-11-10,plant-A,line7,machine8,UP,lot3,pass,pass,,0,272
2026-11-10,plant-B,line9,machine7,UP,lot5,pass,pass,,0,251
2026-11-10,plant-B,line4,machine6,UP,lot7,category 3,b4,code2,8,8
2026-11-10,plant-B,line7,machine7,DN,lot5,pass,pass,,0,402
2026-11-10,plant-A,line3,machine5,UP,lot7,pass,pass,,0,258
2026-11-10,plant-B,line5,machine4,UP,lot7,pass,pass,,0,206
2026-11-10,plant-B,line3,machine5,DN,lot6,pass,pass,,0,366
2026-11-10,plant-B,line2,machine8,UP,lot3,pass,pass,,0,366
2026-11-10,plant-B,line2,machine1,UP,lot8,pass,pass,,0,274
2026-11-10,plant-A,line9,machine6,DN,lot7,category 3,b4,code10,10,10
2026-11-10,plant-A,line1,machine3,DN,lot2,category 1,a3,code7,10,10
2026-11-10,plant-A,line3,machine7,DN,lot3,category 1,a1,code10,8,8
2026-11-10,plant-B,line3,machine8,DN,lot3,category 2,b4,code8,5,5
2026-11-10,plant-B,line2,machine3,UP,lot1,category 3,b4,code9,10,10
2026-11-10,plant-B,line9,machine5,UP,lot1,pass,pass,,0,300
2026-11-10,plant-A,line1,machine3,DN,lot5,category 2,b4,code4,4,4
2026-11-10,plant-B,line7,machine3,UP,lot4,category 2,b3,code9,17,17
2026-11-10,plant-B,line4,machine7,UP,lot4,pass,pass,,0,461
2026-11-10,plant-A,line6,machine3,DN,lot7,category 2,b1,code2,16,16
2026-11-10,plant-B,line3,machine7,DN,lot3,category 1,a4,code5,5,5
2026-11-10,plant-A,line6,machine3,UP,lot7,category 2,b1,code1,4,4
2026-11-10,plant-A,line2,machine6,DN,lot1,pass,pass,,0,223
2026-11-10,plant-A,line2,machine1,UP,lot1,category 1,a2,code7,13,13
2026-11-10,plant-A,line5,machine6,DN,lot7,category 3,a1,code8,6,6
2026-11-10,plant-B,line1,machine4,UP,lot6,category 3,b4,code10,13,13
2026-11-10,plant-B,line8,machine5,DN,lot1,pass,pass,,0,343
2026-11-10,plant-B,line3,machine2,UP,lot2,category 2,b1,code6,8,8
2026-11-10,plant-B,line1,machine8,DN,lot7,category 3,a2,code7,14,14
2026-11-10,plant-B,line8,machine2,UP,lot2,pass,pass,,0,488
2026-11-10,plant-A,line3,machine6,UP,lot8,category 2,b2,code2,15,15
2026-11-10,plant-A,line9,machine6,DN,lot3,category 2,b1,code8,2,2
2026-11-10,plant-A,line1,machine9,DN,lot9,category 3,b3,code4,2,2
2026-11-10,plant-A,line1,machine8,UP,lot9,category 2,b3,code9,5,5
2026-11-10,plant-B,line4,machine2,DN,lot6,category 1,a1,code4,16,16
2026-11-10,plant-B,line4,machine6,UP,lot4,pass,pass,,0,498
2026-11-10,plant-A,line7,machine6,DN,lot3,category 3,b3,code4,13,13
2026-11-10,plant-B,line9,machine3,DN,lot4,category 2,b3,code8,7,7
2026-11-10,plant-B,line8,machine3,UP,lot3,category 3,b3,code6,17,17
2026-11-10,plant-B,line4,machine2,UP,lot7,pass,pass,,0,251
2026-11-10,plant-A,line2,machine3,UP,lot2,pass,pass,,0,168
2026-11-10,plant-A,line8,machine9,UP,lot1,pass,pass,,0,251
2026-11-10,plant-A,line5,machine6,DN,lot7,category 1,a1,code4,9,9
2026-11-10,plant-A,line2,machine7,UP,lot2,category 1,a4,code6,15,15
2026-11-10,plant-A,line5,machine8,UP,lot9,category 1,a2,code5,14,14
2026-11-10,plant-B,line1,machine5,DN,lot3,pass,pass,,0,273
2026-11-10,plant-B,line3,machine3,DN,lot6,pass,pass,,0,417
2026-11-10,plant-B,line3,machine4,DN,lot4,category 3,a1,code4,7,7
2026-11-10,plant-A,line1,machine8,UP,lot9,pass,pass,,0,457
2026-11-10,plant-A,line3,machine8,DN,lot2,category 3,b3,code10,3,3
2026-11-10,plant-B,line7,machine8,DN,lot3,category 3,b4,code10,13,13
2026-11-10,plant-A,line3,machine3,UP,lot4,pass,pass,,0,283
2026-11-10,plant-B,line3,machine4,DN,lot3,category 1,a4,code3,15,15
2026-11-10,plant-B,line2,machine1,DN,lot3,pass,pass,,0,360
2026-11-10,plant-A,line5,machine4,DN,lot2,category 2,b3,code1,10,10
2026-11-10,plant-A,line1,machine9,DN,lot1,pass,pass,,0,262
2026-11-10,plant-B,line6,machine9,UP,lot9,pass,pass,,0,222
2026-11-10,plant-B,line7,machine3,DN,lot3,pass,pass,,0,281
2026-11-10,plant-B,line3,machine8,DN,lot6,category 2,b2,code6,14,14
2026-11-10,plant-B,line3,machine8,UP,lot3,category 3,b3,code8,14,14
2026-11-10,plant-A,line7,machine4,UP,lot3,category 2,b2,code6,18,18
2026-11-10,plant-B,line3,machine9,UP,lot9,category 3,a2,code8,9,9
2026-11-10,plant-A,line2,machine3,DN,lot5,category 2,b2,code4,12,12
2026-11-10,plant-B,line7,machine5,UP,lot8,category 3,a2,code1,19,19
2026-11-10,plant-A,line6,machine6,DN,lot1,category 2,b3,code7,17,17
2026-11-10,plant-A,line8,machine4,DN,lot6,category 1,a4,code6,11,11
2026-11-10,plant-B,line5,machine6,DN,lot8,pass,pass,,0,207
2026-11-10,plant-B,line8,machine8,UP,lot1,pass,pass,,0,329
2026-11-10,plant-A,line2,machine3,UP,lot1,category 2,b3,code4,8,8
2026-11-10,plant-A,line8,machine2,DN,lot5,category 3,b4,code10,9,9
2026-11-10,plant-B,line2,machine5,UP,lot8,category 2,b4,code2,12,12
2026-11-10,plant-B,line2,machine7,DN,lot8,category 1,a1,code1,7,7
2026-11-10,plant-A,line6,machine2,DN,lot8,category 1,a4,code3,18,18
2026-11-10,plant-A,line4,machine5,DN,lot7,pass,pass,,0,321
2026-11-10,plant-B,line7,machine6,UP,lot3,category 2,b2,code1,11,11
2026-11-10,plant-A,line4,machine5,DN,lot5,category 1,a2,code6,5,5
2026-11-10,plant-A,line2,machine6,DN,lot1,category 1,a2,code7,3,3
2026-11-10,plant-B,line9,machine5,DN,lot5,category 2,b4,code7,1,1
2026-11-10,plant-A,line9,machine7,DN,lot8,category 2,b1,code8,5,5
2026-11-10,plant-B,line7,machine7,DN,lot4,category 2,b2,code7,19,19
2026-11-10,plant-B,line1,machine2,UP,lot7,category 1,a1,code10,19,19
2026-11-10,plant-B,line8,machine9,DN,lot9,category 1,a4,code4,5,5
2026-11-10,plant-A,line6,machine9,UP,lot9,category 2,b1,code3,13,13
2026-11-10,plant-B,line7,machine2,UP,lot6,category 2,b4,code7,8,8
2026-11-10,plant-A,line5,machine9,DN,lot2,category 2,b4,code8,12,12
2026-11-10,plant-A,line1,machine7,DN,lot2,pass,pass,,0,472
2026-11-10,plant-A,line6,machine3,UP,lot1,pass,pass,,0,363
2026-11-10,plant-B,line8,machine3,UP,lot1,category 2,b4,code2,8,8
2026-11-10,plant-B,line2,machine2,UP,lot7,pass,pass,,0,175
2026-11-10,plant-A,line9,machine4,DN,lot1,category 1,a1,code8,11,11
2026-11-10,plant-B,line6,machine7,DN,lot7,category 1,a3,code9,2,2
2026-11-10,plant-B,line2,machine3,UP,lot1,category 1,a2,code8,5,5
2026-11-10,plant-A,line9,machine9,DN,lot9,category 2,b2,code7,16,16
2026-11-10,plant-A,line6,machine7,UP,lot2,pass,pass,,0,319
2026-11-10,plant-A,line5,machine6,UP,lot6,category 1,a3,code4,7,7
2026-11-10,plant-B,line6,machine1,UP,lot5,category 1,a2,code7,8,8
2026-11-10,plant-B,line7,machine4,DN,lot7,category 3,a2,code1,3,3
2026-11-10,plant-B,line7,machine2,DN,lot5,pass,pass,,0,456
2026-11-10,plant-B,line5,machine8,DN,lot4,category 3,b4,code5,12,12
2026-11-10,plant-A,line6,machine4,UP,lot8,category 2,b3,code4,7,7
2026-11-10,plant-B,line9,machine4,DN,lot4,pass,pass,,0,282
2026-11-10,plant-A,line1,machine8,DN,lot2,category 2,b2,code9,15,15
2026-11-10,plant-B,line2,machine7,UP,lot4,pass,pass,,0,281
2026-11-10,plant-B,line6,machine8,DN,lot1,pass,pass,,0,489
2026-11-10,plant-A,line6,machine1,UP,lot5,category 2,b3,code4,12,12
2026-11-10,plant-A,line3,machine7,UP,lot6,category 1,a4,code4,17,17
2026-11-10,plant-A,line1,machine5,DN,lot4,category 1,a4,code2,10,10
2026-11-10,plant-B,line4,machine1,DN,lot3,pass,pass,,0,433
2026-11-10,plant-A,line6,machine2,UP,lot9,category 2,b1,code10,9,9
2026-11-10,plant-A,line3,machine1,UP,lot2,pass,pass,,0,301
2026-11-10,plant-A,line1,machine5,DN,lot8,category 3,b4,code3,7,7
2026-11-10,plant-A,line9,machine3,DN,lot2,pass,pass,,0,355
2026-11-10,plant-A,line1,machine6,UP,lot5,category 3,b3,code8,6,6
2026-11-10,plant-B,line5,machine1,UP,lot3,category 2,b2,code3,11,11
2026-11-10,plant-B,line6,machine3,DN,lot3,category 1,a3,code2,19,19
2026-11-10,plant-B,line3,machine3,DN,lot5,category 1,a4,code9,14,14
2026-11-10,plant-A,line1,machine4,UP,lot7,category 3,b4,code2,12,12
2026-11-10,plant-B,line2,machine6,DN,lot7,category 1,a4,code8,2,2
2026-11-10,plant-A,line2,machine9,UP,lot4,category 3,a2,code3,8,8
2026-11-10,plant-A,line7,machine4,UP,lot9,pass,pass,,0,188
2026-11-10,plant-A,line5,machine3,DN,lot3,category 2,b2,code7,9,9
2026-11-10,plant-B,line7,machine1,UP,lot7,pass,pass,,0,326
2026-11-10,plant-B,line1,machine9,DN,lot8,category 3,a1,code8,15,15
2026-11-10,plant-A,line5,machine9,UP,lot8,pass,pass,,0,486
2026-11-10,plant-A,line2,machine1,DN,lot9,pass,pass,,0,477
2026-11-10,plant-B,line6,machine2,DN,lot2,category 2,b1,code7,4,4
2026-11-10,plant-B,line5,machine4,DN,lot2,category 2,b2,code4,11,11
2026-11-10,plant-A,line7,machine1,DN,lot9,category 1,a1,code8,7,7
2026-11-10,plant-A,line9,machine4,DN,lot3,category 2,b4,code5,12,12
2026-11-10,plant-B,line4,machine7,DN,lot4,category 1,a1,code9,14,14
2026-11-10,plant-A,line2,machine5,UP,lot7,category 1,a4,code5,12,12
2026-11-10,plant-B,line8,machine9,UP,lot5,category 2,b1,code8,2,2
2026-11-10,plant-A,line5,machine1,DN,lot8,pass,pass,,0,355
2026-11-10,plant-B,line4,machine9,DN,lot8,category 2,b4,code4,11,11
2026-11-10,plant-B,line2,machine6,DN,lot3,category 1,a1,code7,14,14
2026-11-10,plant-A,line3,machine1,DN,lot2,category 2,b4,code7,14,14
2026-11-10,plant-B,line9,machine8,UP,lot6,category 3,a1,code8,7,7
2026-11-10,plant-B,line6,machine4,DN,lot5,pass,pass,,0,204
2026-11-10,plant-A,line9,machine9,DN,lot6,category 1,a1,code2,19,19
2026-11-10,plant-B,line7,machine5,UP,lot5,category 2,b2,code6,19,19
2026-11-10,plant-A,line9,machine5,UP,lot8,pass,pass,,0,414
2026-11-10,plant-A,line2,machine6,DN,lot4,category 1,a1,code7,6,6
2026-11-10,plant-A,line4,machine9,DN,lot2,category 1,a1,code8,1,1
2026-11-10,plant-A,line2,machine9,UP,lot8,category 1,a4,code9,2,2
2026-11-10,plant-A,line9,machine9,UP,lot7,category 1,a2,code8,14,14
2026-11-10,plant-B,line6,machine9,UP,lot4,category 1,a3,code3,15,15
2026-11-10,plant-B,line8,machine3,UP,lot4,category 3,a1,code9,13,13
2026-11-10,plant-B,line2,machine3,UP,lot8,category 1,a1,code6,15,15
2026-11-10,plant-B,line3,machine9,DN,lot9,pass,pass,,0,347
2026-11-10,plant-A,line5,machine3,DN,lot2,pass,pass,,0,170
2026-11-10,plant-B,line3,machine3,UP,lot5,pass,pass,,0,499
2026-11-10,plant-A,line8,machine7,UP,lot9,category 3,b4,code2,7,7
2026-11-10,plant-A,line4,machine2,UP,lot1,category 2,b3,code7,5,5
2026-11-10,plant-A,line8,machine1,DN,lot4,category 3,a1,code7,11,11
2026-11-11,,line4,machine7,DN,lot2,,,,0,100
2026-11-11,,line6,machine7,DN,lot8,,,,3,3
2026-11-11,,line1,machine3,DN,lot1,,,,0,100
2026-11-11,plant-A,line7,machine7,DN,lot7,pass,pass,,0,239
2026-11-11,plant-A,line5,machine3,DN,lot9,pass,pass,,0,399
2026-11-11,plant-A,line4,machine5,UP,lot5,pass,pass,,0,464
2026-11-11,plant-B,line6,machine2,DN,lot9,category 1,a4,code1,2,2
2026-11-11,plant-B,line3,machine3,DN,lot9,pass,pass,,0,151
2026-11-11,plant-B,line6,machine1,UP,lot3,pass,pass,,0,260
2026-11-11,plant-B,line3,machine5,UP,lot8,category 3,a2,code8,6,6
2026-11-11,plant-B,line7,machine1,UP,lot4,category 3,a1,code10,18,18
2026-11-11,plant-A,line8,machine8,DN,lot2,category 3,a2,code3,11,11
2026-11-11,plant-B,line2,machine4,DN,lot7,category 2,b4,code10,2,2
2026-11-11,plant-B,line2,machine5,DN,lot1,pass,pass,,0,440
2026-11-11,plant-A,line5,machine2,DN,lot8,pass,pass,,0,172
2026-11-11,plant-B,line6,machine3,DN,lot4,pass,pass,,0,326
2026-11-11,plant-A,line3,machine1,UP,lot1,category 1,a1,code10,13,13
2026-11-11,plant-B,line9,machine6,UP,lot1,category 3,a2,code5,7,7
2026-11-11,plant-A,line2,machine7,DN,lot9,pass,pass,,0,175
2026-11-11,plant-B,line9,machine6,DN,lot4,pass,pass,,0,344
2026-11-11,plant-A,line6,machine8,DN,lot2,pass,pass,,0,217
2026-11-11,plant-A,line3,machine2,UP,lot9,category 2,b2,code7,5,5
2026-11-11,plant-B,line4,machine8,UP,lot3,pass,pass,,0,486
2026-11-11,plant-A,line9,machine2,UP,lot4,pass,pass,,0,168
2026-11-11,plant-A,line2,machine5,DN,lot1,category 1,a4,code7,9,9
2026-11-11,plant-B,line1,machine9,UP,lot2,category 1,a1,code8,11,11
2026-11-11,plant-B,line7,machine6,UP,lot7,category 3,b4,code2,14,14
2026-11-11,plant-B,line6,machine8,DN,lot3,category 1,a4,code6,6,6
2026-11-11,plant-A,line9,machine4,UP,lot1,pass,pass,,0,258
2026-11-11,plant-B,line6,machine6,UP,lot6,category 2,b4,code8,7,7
2026-11-11,plant-B,line1,machine6,UP,lot5,pass,pass,,0,373
2026-11-11,plant-A,line8,machine8,UP,lot1,category 3,a1,code4,18,18
2026-11-11,plant-A,line6,machine6,UP,lot5,category 2,b2,code7,16,16
2026-11-11,plant-A,line9,machine9,UP,lot2,category 1,a4,code2,4,4
2026-11-11,plant-A,line4,machine9,UP,lot8,pass,pass,,0,433
2026-11-11,plant-B,line8,machine5,UP,lot8,category 1,a3,code3,3,3
2026-11-11,plant-A,line4,machine5,DN,lot7,category 2,b1,code8,11,11
2026-11-11,plant-A,line9,machine2,UP,lot7,category 3,a1,code5,16,16
2026-11-11,plant-B,line6,machine6,DN,lot2,category 1,a4,code10,13,13
2026-11-11,plant-B,line1,machine9,DN,lot7,category 2,b2,code1,2,2
2026-11-11,plant-A,line4,machine1,DN,lot9,category 3,a2,code9,5,5
2026-11-11,plant-B,line2,machine8,DN,lot9,category 2,b2,code1,18,18
2026-11-11,plant-A,line4,machine2,UP,lot3,category 2,b1,code3,17,17
2026-11-11,plant-A,line4,machine7,UP,lot7,category 3,a2,code6,7,7
2026-11-11,plant-A,line9,machine8,DN,lot9,category 2,b2,code10,18,18
2026-11-11,plant-A,line5,machine8,DN,lot4,pass,pass,,0,457
2026-11-11,plant-A,line9,machine5,UP,lot6,pass,pass,,0,379
2026-11-11,plant-A,line5,machine9,UP,lot3,category 2,b3,code7,7,7
2026-11-11,plant-A,line3,machine7,UP,lot6,category 1,a4,code8,6,6
2026-11-11,plant-A,line3,machine7,DN,lot2,category 3,a2,code7,11,11
2026-11-11,plant-A,line1,machine4,UP,lot9,category 3,b3,code4,6,6
2026-11-11,plant-B,line5,machine9,UP,lot1,category 3,b3,code4,1,1
2026-11-11,plant-A,line3,machine4,UP,lot4,pass,pass,,0,167
2026-11-11,plant-A,line7,machine1,UP,lot3,category 3,b3,code9,15,15
2026-11-11,plant-B,line6,machine9,UP,lot8,category 1,a2,code3,1,1
2026-11-11,plant-A,line2,machine2,UP,lot3,category 1,a2,code10,5,5
2026-11-11,plant-A,line5,machine4,DN,lot3,pass,pass,,0,351
2026-11-11,plant-B,line1,machine8,UP,lot2,category 1,a2,code1,8,8
2026-11-11,plant-A,line6,machine5,DN,lot7,pass,pass,,0,313
2026-11-11,plant-A,line2,machine3,UP,lot1,category 3,a2,code5,13,13
2026-11-11,plant-A,line7,machine7,DN,lot8,category 1,a3,code5,7,7
2026-11-11,plant-A,line3,machine2,DN,lot1,pass,pass,,0,297
2026-11-11,plant-A,line6,machine3,UP,lot4,category 2,b3,code6,9,9
2026-11-11,plant-A,line8,machine3,UP,lot9,category 1,a2,code9,10,10
2026-11-11,plant-B,line8,machine8,UP,lot5,pass,pass,,0,159
2026-11-11,plant-B,line1,machine2,DN,lot7,pass,pass,,0,219
2026-11-11,plant-A,line2,machine7,DN,lot5,category 2,b2,code9,13,13
2026-11-11,plant-A,line3,machine4,DN,lot3,category 3,a2,code3,15,15
2026-11-11,plant-B,line9,machine4,UP,lot6,category 1,a4,code10,4,4
2026-11-11,plant-B,line3,machine4,DN,lot8,category 3,a1,code8,1,1
2026-11-11,plant-A,line3,machine4,DN,lot7,pass,pass,,0,176
2026-11-11,plant-A,line6,machine4,UP,lot6,pass,pass,,0,222
2026-11-11,plant-A,line8,machine7,DN,lot1,category 1,a2,code4,19,19
2026-11-11,plant-A,line8,machine1,UP,lot7,category 2,b3,code10,4,4
2026-11-11,plant-A,line2,machine7,DN,lot1,category 3,a2,code4,3,3
2026-11-11,plant-B,line7,machine6,DN,lot3,category 3,b3,code3,14,14
2026-11-11,plant-A,line6,machine2,UP,lot5,category 1,a3,code7,13,13
2026-11-11,plant-B,line3,machine7,UP,lot4,category 3,b4,code6,18,18
2026-11-11,plant-A,line2,machine8,DN,lot7,category 2,b3,code3,13,13
2026-11-11,plant-B,line9,machine1,UP,lot6,category 1,a2,code3,5,5
2026-11-11,plant-B,line3,machine5,UP,lot1,category 1,a1,code1,2,2
2026-11-11,plant-A,line1,machine7,DN,lot5,category 2,b1,code1,4,4
2026-11-11,plant-B,line1,machine6,UP,lot6,pass,pass,,0,495
2026-11-11,plant-B,line1,machine8,UP,lot2,category 1,a2,code5,12,12
2026-11-11,plant-A,line9,machine3,DN,lot5,pass,pass,,0,383
2026-11-11,plant-B,line8,machine3,UP,lot3,category 1,a2,code6,12,12
2026-11-11,plant-A,line8,machine4,DN,lot5,pass,pass,,0,371
2026-11-11,plant-A,line2,machine3,UP,lot4,category 3,b4,code3,11,11
2026-11-11,plant-B,line9,machine2,UP,lot7,pass,pass,,0,424
2026-11-11,plant-B,line3,machine3,UP,lot3,category 2,b3,code3,10,10
2026-11-11,plant-B,line5,machine8,DN,lot9,category 1,a1,code6,13,13
2026-11-11,plant-A,line4,machine3,UP,lot3,category 3,a2,code8,8,8
2026-11-11,plant-A,line5,machine1,DN,lot2,category 2,b1,code9,16,16
2026-11-11,plant-B,line8,machine4,DN,lot1,category 2,b1,code4,2,2
2026-11-11,plant-A,line6,machine4,UP,lot2,category 3,b3,code3,2,2
2026-11-11,plant-A,line4,machine1,UP,lot9,category 2,b3,code9,11,11
2026-11-11,plant-A,line6,machine7,UP,lot3,pass,pass,,0,399
2026-11-11,plant-B,line1,machine9,UP,lot9,category 3,a2,code4,2,2
2026-11-11,plant-B,line7,machine6,DN,lot3,pass,pass,,0,407
2026-11-11,plant-A,line8,machine8,UP,lot7,category 2,b4,code2,19,19
2026-11-11,plant-B,line8,machine9,DN,lot3,pass,pass,,0,474
2026-11-11,plant-B,line2,machine4,UP,lot6,category 3,b4,code6,11,11
2026-11-11,plant-A,line7,machine5,UP,lot6,category 2,b2,code1,8,8
2026-11-11,plant-B,line6,machine6,DN,lot4,category 3,b3,code4,3,3
2026-11-11,plant-A,line5,machine8,DN,lot5,category 2,b1,code9,9,9
2026-11-11,plant-B,line3,machine9,DN,lot9,pass,pass,,0,182
2026-11-11,plant-A,line4,machine5,DN,lot5,category 2,b3,code9,17,17
2026-11-11,plant-B,line9,machine2,UP,lot8,category 1,a3,code8,13,13
2026-11-11,plant-A,line9,machine3,UP,lot1,pass,pass,,0,164
2026-11-11,plant-A,line4,machine5,DN,lot6,category 1,a2,code7,10,10
2026-11-11,plant-A,line2,machine9,DN,lot4,category 3,b3,code1,3,3
2026-11-11,plant-A,line2,machine4,DN,lot6,pass,pass,,0,384
2026-11-11,plant-A,line9,machine1,DN,lot2,category 2,b4,code2,5,5
2026-11-11,plant-B,line5,machine3,DN,lot2,pass,pass,,0,208
2026-11-11,plant-B,line1,machine8,UP,lot1,category 2,b2,code9,3,3
2026-11-11,plant-A,line2,machine7,DN,lot5,category 1,a1,code4,10,10
2026-11-11,plant-A,line7,machine4,UP,lot5,pass,pass,,0,412
2026-11-11,plant-B,line2,machine2,UP,lot3,category 1,a4,code4,15,15
2026-11-11,plant-A,line4,machine4,UP,lot2,category 2,b4,code4,13,13
2026-11-11,plant-B,line2,machine1,UP,lot6,pass,pass,,0,162
2026-11-11,plant-B,line2,machine4,DN,lot9,category 2,b4,code6,17,17
2026-11-11,plant-A,line8,machine3,UP,lot5,category 1,a2,code4,6,6
2026-11-11,plant-B,line6,machine9,DN,lot1,category 1,a1,code6,9,9
2026-11-11,plant-B,line6,machine9,DN,lot7,category 1,a2,code4,18,18
2026-11-11,plant-B,line1,machine2,UP,lot9,pass,pass,,0,206
2026-11-11,plant-A,line1,machine7,DN,lot7,category 1,a2,code9,9,9
2026-11-11,plant-B,line6,machine2,UP,lot6,category 1,a3,code6,11,11
2026-11-11,plant-A,line3,machine5,UP,lot3,category 2,b4,code1,11,11
2026-11-11,plant-B,line1,machine9,DN,lot7,category 2,b4,code10,14,14
2026-11-11,plant-A,line8,machine8,UP,lot8,category 2,b4,code7,5,5
2026-11-11,plant-A,line6,machine2,UP,lot5,category 1,a3,code8,2,2
2026-11-11,plant-B,line9,machine9,DN,lot9,category 1,a2,code3,4,4
2026-11-11,plant-B,line2,machine4,DN,lot4,category 1,a1,code6,1,1
2026-11-11,plant-B,line9,machine3,DN,lot8,category 1,a2,code8,4,4
2026-11-11,plant-A,line8,machine1,UP,lot7,pass,pass,,0,251
2026-11-11,plant-A,line6,machine5,DN,lot4,category 2,b4,code7,6,6
2026-11-11,plant-A,line9,machine2,UP,lot2,category 1,a3,code9,14,14
2026-11-11,plant-A,line5,machine7,UP,lot2,pass,pass,,0,379
2026-11-11,plant-B,line2,machine7,DN,lot2,category 2,b1,code10,13,13
2026-11-11,plant-A,line5,machine1,UP,lot9,category 2,b3,code2,15,15
2026-11-11,plant-A,line4,machine9,UP,lot6,pass,pass,,0,223
2026-11-11,plant-A,line1,machine2,UP,lot1,category 1,a1,code8,10,10
2026-11-11,plant-A,line5,machine1,UP,lot5,category 1,a4,code10,2,2
2026-11-11,plant-B,line3,machine6,DN,lot2,category 3,b4,code3,2,2
2026-11-11,plant-A,line5,machine4,UP,lot7,pass,pass,,0,427
2026-11-11,plant-B,line9,machine4,UP,lot8,category 1,a1,code2,14,14
2026-11-11,plant-A,line6,machine1,UP,lot5,category 2,b2,code3,19,19
2026-11-11,plant-A,line1,machine4,DN,lot8,category 1,a3,code4,4,4
2026-11-11,plant-B,line8,machine1,UP,lot2,pass,pass,,0,340
2026-11-11,plant-A,line4,machine3,DN,lot4,category 2,b4,code8,9,9
2026-11-11,plant-B,line8,machine5,UP,lot1,pass,pass,,0,173
2026-11-11,plant-A,line6,machine6,DN,lot4,category 3,a1,code3,8,8
2026-11-11,plant-B,line6,machine2,UP,lot5,category 3,a2,code4,18,18
2026-11-11,plant-B,line4,machine3,UP,lot7,category 2,b3,code2,10,10
2026-11-11,plant-A,line4,machine4,DN,lot7,category 1,a4,code1,6,6
2026-11-11,plant-A,line6,machine8,DN,lot6,pass,pass,,0,427
2026-11-11,plant-A,line7,machine8,DN,lot9,pass,pass,,0,405
2026-11-11,plant-B,line6,machine2,UP,lot8,pass,pass,,0,307
2026-11-11,plant-B,line7,machine8,DN,lot3,pass,pass,,0,191
2026-11-11,plant-B,line2,machine5,DN,lot1,category 3,a2,code7,2,2
2026-11-11,plant-B,line3,machine2,UP,lot2,category 2,b2,code2,8,8
2026-11-11,plant-A,line6,machine7,DN,lot9,category 2,b3,code3,19,19
2026-11-11,plant-B,line7,machine3,UP,lot5,category 3,b3,code3,2,2
2026-11-11,plant-B,line1,machine1,UP,lot3,category 3,a2,code6,10,10
2026-11-11,plant-A,line7,machine4,UP,lot1,category 2,b4,code4,15,15
2026-11-11,plant-B,line3,machine4,DN,lot3,category 2,b1,code5,15,15
2026-11-11,plant-B,line5,machine9,UP,lot9,pass,pass,,0,228
2026-11-11,plant-B,line4,machine9,UP,lot2,pass,pass,,0,392
2026-11-11,plant-A,line9,machine3,DN,lot1,category 1,a2,code6,5,5
2026-11-11,plant-A,line4,machine7,DN,lot7,category 3,b3,code10,19,19
2026-11-11,plant-A,line7,machine8,UP,lot8,pass,pass,,0,414
2026-11-11,plant-B,line9,machine9,DN,lot8,category 1,a2,code3,6,6
2026-11-11,plant-B,line4,machine3,DN,lot8,pass,pass,,0,239
2026-11-11,plant-B,line4,machine6,DN,lot6,category 1,a3,code8,15,15
2026-11-11,plant-A,line6,machine8,UP,lot6,category 1,a1,code9,16,16
2026-11-11,plant-B,line8,machine3,DN,lot5,pass,pass,,0,389
2026-11-11,plant-B,line5,machine8,DN,lot8,category 3,a2,code3,8,8
2026-11-11,plant-A,line2,machine3,DN,lot5,category 3,a2,code7,6,6
2026-11-11,plant-B,line1,machine5,UP,lot7,pass,pass,,0,389
2026-11-11,plant-A,line7,machine2,UP,lot6,category 3,b3,code3,8,8
2026-11-11,plant-B,line2,machine7,DN,lot1,pass,pass,,0,319
2026-11-11,plant-A,line3,machine2,DN,lot3,category 2,b3,code3,13,13
2026-11-11,plant-A,line9,machine8,UP,lot6,category 1,a3,code1,8,8
2026-11-11,plant-A,line2,machine4,DN,lot8,category 2,b3,code4,16,16
2026-11-11,plant-B,line9,machine1,DN,lot1,category 3,b4,code6,8,8
2026-11-11,plant-B,line8,machine3,DN,lot4,category 3,b4,code6,7,7
2026-11-11,plant-B,line2,machine7,UP,lot9,category 1,a4,code4,18,18
2026-11-11,plant-A,line8,machine9,UP,lot8,category 2,b2,code10,8,8
2026-11-11,plant-B,line1,machine2,DN,lot1,category 1,a1,code7,1,1
2026-11-11,plant-B,line1,machine1,DN,lot5,category 2,b4,code5,16,16
2026-11-11,plant-A,line9,machine7,DN,lot4,category 2,b3,code5,10,10
2026-11-11,plant-A,line2,machine4,DN,lot4,pass,pass,,0,499
2026-11-11,plant-A,line6,machine8,UP,lot8,category 2,b1,code7,18,18
2026-11-11,plant-A,line4,machine4,UP,lot6,category 2,b4,code8,3,3
2026-11-11,plant-B,line3,machine4,UP,lot4,category 2,b1,code10,17,17
2026-11-11,plant-A,line6,machine4,UP,lot5,category 1,a4,code5,4,4
2026-11-11,plant-B,line8,machine1,UP,lot6,category 2,b4,code4,13,13
2026-11-11,plant-B,line3,machine8,UP,lot9,pass,pass,,0,172
2026-11-11,plant-B,line7,machine6,UP,lot2,category 1,a3,code3,17,17
2026-11-11,plant-B,line7,machine9,UP,lot7,category 2,b1,code6,2,2
2026-11-12,,line6,machine1,UP,lot5,,,,3,3
2026-11-12,,line3,machine7,UP,lot2,,,,4,4
2026-11-12,,line5,machine9,UP,lot1,,,,2,2
2026-11-12,plant-B,line9,machine9,DN,lot1,pass,pass,,0,390
2026-11-12,plant-A,line6,machine7,DN,lot6,pass,pass,,0,319
2026-11-12,plant-B,line7,machine7,UP,lot2,pass,pass,,0,303
2026-11-12,plant-B,line7,machine6,UP,lot9,category 2,b2,code10,12,12
2026-11-12,plant-A,line4,machine8,UP,lot5,category 1,a1,code6,4,4
2026-11-12,plant-B,line5,machine6,DN,lot5,pass,pass,,0,231
2026-11-12,plant-A,line7,machine4,UP,lot6,category 3,a1,code10,7,7
2026-11-12,plant-B,line9,machine5,UP,lot8,category 3,b3,code5,5,5
2026-11-12,plant-B,line5,machine7,DN,lot3,pass,pass,,0,462
2026-11-12,plant-A,line3,machine1,DN,lot4,category 3,a2,code2,4,4
2026-11-12,plant-B,line7,machine1,DN,lot7,category 1,a4,code5,15,15
2026-11-12,plant-A,line6,machine9,DN,lot4,category 2,b3,code4,16,16
2026-11-12,plant-A,line2,machine9,UP,lot7,pass,pass,,0,434
2026-11-12,plant-A,line4,machine7,DN,lot3,category 2,b4,code2,12,12
2026-11-12,plant-B,line2,machine6,DN,lot8,category 2,b1,code9,12,12
2026-11-12,plant-B,line4,machine7,DN,lot9,category 2,b4,code1,9,9
2026-11-12,plant-A,line6,machine7,DN,lot2,category 3,a2,code3,1,1
2026-11-12,plant-A,line5,machine7,UP,lot4,category 1,a2,code8,12,12
2026-11-12,plant-A,line5,machine1,UP,lot8,category 1,a2,code5,19,19
2026-11-12,plant-A,line5,machine8,DN,lot5,pass,pass,,0,254
2026-11-12,plant-A,line1,machine4,UP,lot3,category 3,a1,code10,18,18
2026-11-12,plant-B,line3,machine6,UP,lot5,category 3,a2,code5,14,14
2026-11-12,plant-B,line9,machine5,UP,lot5,category 2,b3,code7,2,2
2026-11-12,plant-A,line7,machine2,UP,lot4,category 3,a1,code7,2,2
2026-11-12,plant-A,line1,machine2,DN,lot5,category 1,a2,code5,4,4
2026-11-12,plant-B,line8,machine1,DN,lot7,pass,pass,,0,225
2026-11-12,plant-A,line1,machine3,UP,lot1,pass,pass,,0,232
2026-11-12,plant-A,line7,machine6,DN,lot5,pass,pass,,0,210
2026-11-12,plant-A,line9,machine2,DN,lot5,category 2,b1,code8,5,5
2026-11-12,plant-A,line2,machine1,UP,lot7,pass,pass,,0,246
2026-11-12,plant-B,line5,machine3,UP,lot1,category 3,a1,code8,1,1
2026-11-12,plant-B,line2,machine1,UP,lot3,category 3,b3,code10,6,6
2026-11-12,plant-A,line4,machine7,UP,lot2,pass,pass,,0,327
2026-11-12,plant-A,line2,machine2,UP,lot2,category 3,a2,code10,7,7
2026-11-12,plant-A,line6,machine6,DN,lot9,pass,pass,,0,240
2026-11-12,plant-A,line7,machine1,DN,lot9,category 3,b4,code6,6,6
2026-11-12,plant-A,line2,machine9,DN,lot8,category 1,a2,code8,17,17
2026-11-12,plant-A,line5,machine1,DN,lot1,category 3,b3,code4,9,9
2026-11-12,plant-B,line4,machine5,UP,lot5,category 1,a2,code2,15,15
2026-11-12,plant-A,line4,machine3,DN,lot6,pass,pass,,0,304
2026-11-12,plant-A,line4,machine8,DN,lot9,category 2,b3,code5,10,10
2026-11-12,plant-A,line8,machine3,UP,lot6,pass,pass,,0,286
2026-11-12,plant-B,line9,machine9,DN,lot9,category 3,a2,code7,7,7
2026-11-12,plant-B,line1,machine7,DN,lot9,category 2,b1,code9,15,15
2026-11-12,plant-A,line7,machine8,DN,lot7,pass,pass,,0,285
2026-11-12,plant-B,line4,machine4,DN,lot2,category 2,b2,code10,7,7
2026-11-12,plant-A,line8,machine9,DN,lot5,category 2,b4,code5,12,12
2026-11-12,plant-A,line5,machine6,UP,lot9,category 3,a1,code10,12,12
2026-11-12,plant-B,line8,machine8,UP,lot1,category 1,a1,code5,11,11
2026-11-12,plant-A,line6,machine4,UP,lot9,pass,pass,,0,475
2026-11-12,plant-A,line4,machine3,UP,lot3,pass,pass,,0,231
2026-11-12,plant-A,line7,machine4,UP,lot8,category 3,a1,code10,17,17
2026-11-12,plant-A,line6,machine9,DN,lot5,category 2,b4,code2,8,8
2026-11-12,plant-B,line6,machine3,UP,lot3,category 2,b4,code4,13,13
2026-11-12,plant-A,line6,machine3,DN,lot2,category 2,b1,code4,11,11
2026-11-12,plant-A,line8,machine8,UP,lot8,category 1,a1,code9,6,6
2026-11-12,plant-A,line1,machine2,DN,lot2,category 1,a3,code9,16,16
2026-11-12,plant-B,line2,machine7,DN,lot1,category 2,b1,code10,3,3
2026-11-12,plant-B,line3,machine9,UP,lot9,pass,pass,,0,316
2026-11-12,plant-B,line3,machine7,DN,lot2,category 1,a2,code3,2,2
2026-11-12,plant-B,line3,machine8,UP,lot5,category 3,b4,code10,13,13
2026-11-12,plant-A,line5,machine5,UP,lot6,category 3,a2,code3,11,11
2026-11-12,plant-B,line8,machine7,DN,lot1,category 2,b1,code10,14,14
2026-11-12,plant-A,line9,machine2,UP,lot9,category 1,a2,code6,10,10
2026-11-12,plant-B,line3,machine3,UP,lot4,pass,pass,,0,228
2026-11-12,plant-B,line1,machine2,DN,lot5,category 3,a2,code4,9,9
2026-11-12,plant-A,line4,machine9,DN,lot2,pass,pass,,0,419
2026-11-12,plant-A,line9,machine7,UP,lot9,category 2,b2,code9,18,18
2026-11-12,plant-A,line5,machine7,DN,lot7,category 2,b3,code2,15,15
2026-11-12,plant-A,line5,machine9,UP,lot1,category 1,a2,code8,13,13
2026-11-12,plant-A,line7,machine8,DN,lot4,category 2,b4,code3,15,15
2026-11-12,plant-B,line3,machine8,DN,lot5,category 3,a2,code8,7,7
2026-11-12,plant-A,line7,machine7,UP,lot7,category 3,b3,code5,1,1
2026-11-12,plant-A,line4,machine7,UP,lot2,category 1,a2,code2,10,10
2026-11-12,plant-A,line9,machine3,DN,lot6,pass,pass,,0,219
2026-11-12,plant-B,line1,machine5,DN,lot5,pass,pass,,0,232
2026-11-12,plant-A,line2,machine6,DN,lot8,pass,pass,,0,237
2026-11-12,plant-A,line9,machine3,DN,lot1,category 1,a4,code9,13,13
2026-11-12,plant-A,line3,machine7,DN,lot8,pass,pass,,0,338
2026-11-12,plant-A,line6,machine5,DN,lot9,category 1,a2,code3,15,15
2026-11-12,plant-A,line7,machine1,UP,lot9,category 1,a2,code5,18,18
2026-11-12,plant-A,line4,machine1,UP,lot8,category 3,a2,code8,5,5
2026-11-12,plant-A,line1,machine3,DN,lot3,category 3,b4,code3,4,4
2026-11-12,plant-B,line1,machine8,UP,lot8,category 3,a2,code3,15,15
2026-11-12,plant-B,line8,machine7,DN,lot7,category 2,b2,code3,16,16
2026-11-12,plant-A,line6,machine1,UP,lot4,pass,pass,,0,320
2026-11-12,plant-A,line4,machine6,UP,lot9,category 1,a4,code3,16,16
2026-11-12,plant-A,line6,machine4,UP,lot2,category 2,b3,code5,3,3
2026-11-12,plant-B,line4,machine1,DN,lot7,category 3,a1,code10,13,13
2026-11-12,plant-A,line2,machine6,DN,lot5,pass,pass,,0,333
2026-11-12,plant-A,line7,machine8,UP,lot9,category 2,b1,code5,14,14
2026-11-12,plant-B,line1,machine5,DN,lot4,pass,pass,,0,313
2026-11-12,plant-B,line1,machine6,DN,lot2,category 1,a3,code4,1,1
2026-11-12,plant-A,line3,machine1,UP,lot6,category 3,b4,code5,17,17
2026-11-12,plant-B,line9,machine7,UP,lot9,category 1,a1,code2,8,8
2026-11-12,plant-A,line7,machine2,UP,lot4,category 3,b3,code6,2,2
2026-11-12,plant-B,line9,machine2,DN,lot5,category 3,b4,code2,17,17
2026-11-12,plant-A,line7,machine1,UP,lot9,pass,pass,,0,347
2026-11-12,plant-A,line9,machine2,UP,lot1,pass,pass,,0,434
2026-11-12,plant-B,line8,machine7,DN,lot2,category 2,b1,code7,1,1
2026-11-12,plant-B,line5,machine8,DN,lot1,pass,pass,,0,484
2026-11-12,plant-B,line6,machine4,UP,lot5,category 1,a3,code2,7,7
2026-11-12,plant-A,line2,machine8,UP,lot2,category 3,a1,code6,17,17
2026-11-12,plant-A,line9,machine3,DN,lot6,category 3,a2,code5,9,9
2026-11-12,plant-B,line3,machine7,DN,lot4,category 3,b4,code7,3,3
2026-11-12,plant-B,line3,machine4,UP,lot4,category 2,b3,code6,8,8
2026-11-12,plant-B,line6,machine6,DN,lot5,pass,pass,,0,341
2026-11-12,plant-B,line4,machine9,DN,lot6,pass,pass,,0,161
2026-11-12,plant-B,line6,machine4,DN,lot9,category 2,b2,code3,8,8
2026-11-12,plant-A,line8,machine6,UP,lot5,pass,pass,,0,163
2026-11-12,plant-B,line7,machine2,UP,lot3,pass,pass,,0,481
2026-11-12,plant-A,line8,machine1,UP,lot3,pass,pass,,0,260
2026-11-12,plant-A,line1,machine3,UP,lot1,pass,pass,,0,194
2026-11-12,plant-A,line5,machine5,UP,lot3,pass,pass,,0,366
2026-11-12,plant-A,line2,machine8,UP,lot5,category 2,b3,code7,8,8
2026-11-12,plant-A,line7,machine7,UP,lot2,category 1,a3,code8,19,19
2026-11-12,plant-B,line5,machine1,UP,lot6,pass,pass,,0,186
2026-11-12,plant-A,line9,machine5,UP,lot7,category 1,a2,code6,5,5
2026-11-12,plant-B,line8,machine2,DN,lot7,pass,pass,,0,447
2026-11-12,plant-B,line2,machine9,DN,lot2,pass,pass,,0,212
2026-11-12,plant-B,line2,machine7,UP,lot7,pass,pass,,0,376
2026-11-12,plant-B,line8,machine4,UP,lot7,category 1,a2,code4,18,18
2026-11-12,plant-B,line8,machine8,UP,lot6,pass,pass,,0,185
2026-11-12,plant-A,line4,machine6,DN,lot6,pass,pass,,0,413
2026-11-12,plant-B,line8,machine2,DN,lot2,category 3,a1,code6,9,9
2026-11-12,plant-B,line5,machine9,UP,lot2,pass,pass,,0,423
2026-11-12,plant-B,line5,machine5,DN,lot5,category 1,a2,code3,13,13
2026-11-12,plant-A,line6,machine6,DN,lot7,category 1,a1,code9,4,4
2026-11-12,plant-B,line5,machine3,DN,lot7,category 3,b3,code3,9,9
2026-11-12,plant-B,line1,machine5,UP,lot2,pass,pass,,0,290
2026-11-12,plant-B,line7,machine1,UP,lot1,pass,pass,,0,302
2026-11-12,plant-A,line5,machine7,UP,lot3,pass,pass,,0,362
2026-11-12,plant-B,line1,machine7,UP,lot8,pass,pass,,0,189
2026-11-12,plant-B,line1,machine6,DN,lot1,category 2,b2,code1,6,6
2026-11-12,plant-B,line5,machine4,DN,lot4,pass,pass,,0,297
2026-11-12,plant-B,line3,machine4,DN,lot1,category 2,b3,code2,6,6
2026-11-12,plant-B,line9,machine5,UP,lot8,category 2,b1,code9,17,17
2026-11-12,plant-A,line5,machine9,UP,lot3,category 2,b3,code9,13,13
2026-11-12,plant-B,line5,machine8,DN,lot9,category 1,a1,code4,12,12
2026-11-12,plant-B,line5,machine7,UP,lot4,pass,pass,,0,151
2026-11-12,plant-B,line2,machine2,DN,lot8,pass,pass,,0,364
2026-11-12,plant-A,line8,machine8,UP,lot5,category 1,a2,code10,8,8
2026-11-12,plant-B,line8,machine4,UP,lot6,category 1,a4,code5,3,3
2026-11-12,plant-A,line1,machine6,UP,lot2,pass,pass,,0,354
2026-11-12,plant-A,line2,machine3,UP,lot8,category 2,b1,code8,3,3
2026-11-12,plant-A,line4,machine2,DN,lot6,category 2,b4,code10,4,4
2026-11-12,plant-A,line3,machine5,UP,lot4,category 2,b4,code7,14,14
2026-11-12,plant-A,line9,machine4,DN,lot8,category 1,a4,code7,14,14
2026-11-12,plant-A,line9,machine2,DN,lot3,category 3,b4,code6,7,7
2026-11-12,plant-A,line8,machine5,DN,lot9,category 2,b4,code1,15,15
2026-11-12,plant-A,line9,machine3,UP,lot8,category 2,b2,code6,11,11
2026-11-12,plant-A,line8,machine8,UP,lot7,category 2,b3,code7,12,12
2026-11-12,plant-A,line9,machine5,UP,lot8,pass,pass,,0,472
2026-11-12,plant-B,line8,machine9,UP,lot7,category 1,a1,code6,19,19
2026-11-12,plant-B,line2,machine3,UP,lot6,category 1,a3,code2,17,17
2026-11-12,plant-B,line2,machine4,UP,lot3,category 1,a2,code5,7,7
2026-11-12,plant-A,line6,machine9,DN,lot8,category 2,b4,code4,2,2
2026-11-12,plant-B,line8,machine4,DN,lot5,category 3,a1,code9,7,7
2026-11-12,plant-A,line3,machine9,UP,lot1,category 2,b2,code5,17,17
2026-11-12,plant-B,line2,machine9,UP,lot8,category 2,b1,code1,11,11
2026-11-12,plant-A,line1,machine7,DN,lot2,category 3,b4,code2,13,13
2026-11-12,plant-A,line5,machine8,DN,lot1,pass,pass,,0,421
2026-11-12,plant-A,line7,machine5,UP,lot1,pass,pass,,0,231
2026-11-12,plant-A,line2,machine2,UP,lot8,category 1,a2,code4,16,16
2026-11-12,plant-A,line8,machine5,UP,lot7,pass,pass,,0,336
2026-11-12,plant-B,line4,machine6,DN,lot7,category 2,b4,code3,5,5
2026-11-12,plant-B,line3,machine2,UP,lot2,category 3,a2,code3,18,18
2026-11-12,plant-A,line9,machine8,DN,lot7,category 1,a4,code6,11,11
2026-11-12,plant-B,line7,machine7,UP,lot9,category 3,a2,code4,9,9
2026-11-12,plant-B,line4,machine4,UP,lot4,category 1,a1,code1,9,9
2026-11-12,plant-B,line1,machine9,DN,lot8,category 2,b1,code8,8,8
2026-11-12,plant-B,line1,machine1,UP,lot9,category 2,b3,code10,11,11
2026-11-12,plant-B,line8,machine9,UP,lot3,pass,pass,,0,330
2026-11-12,plant-B,line1,machine3,UP,lot2,pass,pass,,0,330
2026-11-12,plant-A,line8,machine5,UP,lot6,pass,pass,,0,253
2026-11-12,plant-A,line7,machine7,UP,lot9,pass,pass,,0,288
2026-11-12,plant-A,line4,machine5,DN,lot2,category 3,a1,code10,19,19
2026-11-12,plant-B,line2,machine8,DN,lot2,category 3,b3,code7,10,10
2026-11-12,plant-B,line4,machine2,DN,lot2,category 3,a1,code9,11,11
2026-11-12,plant-B,line5,machine5,DN,lot3,pass,pass,,0,253
2026-11-12,plant-B,line9,machine8,DN,lot5,category 2,b1,code7,9,9
2026-11-12,plant-A,line3,machine1,UP,lot4,category 1,a3,code9,10,10
2026-11-12,plant-A,line5,machine1,DN,lot1,category 1,a4,code9,19,19
2026-11-12,plant-B,line5,machine8,UP,lot4,pass,pass,,0,168
2026-11-12,plant-A,line3,machine3,DN,lot8,category 1,a2,code2,1,1
2026-11-12,plant-B,line2,machine9,DN,lot4,pass,pass,,0,218
2026-11-12,plant-B,line4,machine9,UP,lot8,category 2,b1,code10,11,11
2026-11-12,plant-A,line8,machine5,DN,lot3,category 1,a3,code7,2,2
2026-11-12,plant-B,line9,machine3,DN,lot6,pass,pass,,0,226
2026-11-12,plant-A,line3,machine7,DN,lot6,pass,pass,,0,422
2026-11-12,plant-B,line5,machine7,DN,lot6,pass,pass,,0,474
2026-11-12,plant-A,line6,machine9,DN,lot8,pass,pass,,0,329
2026-11-12,plant-B,line4,machine7,UP,lot5,category 3,b4,code3,19,19
2026-11-12,plant-A,line4,machine1,DN,lot5,category 2,b4,code7,2,2
2026-11-12,plant-B,line1,machine9,UP,lot2,pass,pass,,0,479
2026-11-12,plant-B,line7,machine3,DN,lot5,pass,pass,,0,212
2026-11-12,plant-B,line1,machine1,DN,lot4,category 3,a1,code9,18,18
2026-11-13,,line3,machine1,UP,lot4,,,,3,3
2026-11-13,,line3,machine9,DN,lot7,,,,0,100
2026-11-13,,line8,machine5,DN,lot7,,,,3,3
2026-11-13,plant-B,line6,machine7,UP,lot1,category 1,a2,code9,15,15
2026-11-13,plant-B,line4,machine3,DN,lot4,pass,pass,,0,225
2026-11-13,plant-B,line3,machine8,UP,lot6,pass,pass,,0,194
2026-11-13,plant-A,line1,machine4,DN,lot6,category 2,b3,code1,3,3
2026-11-13,plant-A,line6,machine7,UP,lot7,category 1,a4,code10,15,15
2026-11-13,plant-A,line1,machine7,DN,lot1,category 3,a2,code1,14,14
2026-11-13,plant-B,line4,machine5,UP,lot2,category 3,b3,code3,8,8
2026-11-13,plant-A,line3,machine3,UP,lot8,category 3,a2,code4,14,14
2026-11-13,plant-B,line4,machine8,UP,lot7,category 2,b2,code6,7,7
2026-11-13,plant-B,line8,machine6,UP,lot7,category 1,a1,code8,17,17
2026-11-13,plant-B,line7,machine3,UP,lot8,category 2,b3,code9,9,9
2026-11-13,plant-B,line2,machine8,UP,lot4,pass,pass,,0,209
2026-11-13,plant-B,line2,machine9,DN,lot6,pass,pass,,0,302
2026-11-13,plant-B,line9,machine4,DN,lot1,pass,pass,,0,201
2026-11-13,plant-A,line4,machine8,DN,lot7,category 3,b4,code6,10,10
2026-11-13,plant-B,line2,machine9,DN,lot5,category 2,b1,code5,2,2
2026-11-13,plant-B,line9,machine3,DN,lot8,category 3,a2,code10,3,3
2026-11-13,plant-A,line1,machine4,DN,lot1,category 1,a4,code7,18,18
2026-11-13,plant-B,line8,machine5,DN,lot2,category 2,b2,code4,10,10
2026-11-13,plant-A,line3,machine6,UP,lot6,category 2,b3,code2,18,18
2026-11-13,plant-A,line8,machine5,DN,lot1,category 1,a2,code9,13,13
2026-11-13,plant-B,line9,machine5,DN,lot8,category 3,a2,code10,12,12
2026-11-13,plant-A,line7,machine9,DN,lot5,category 1,a3,code1,18,18
2026-11-13,plant-A,line9,machine3,UP,lot1,category 3,b3,code3,2,2
2026-11-13,plant-B,line5,machine9,DN,lot9,category 3,b4,code7,13,13
2026-11-13,plant-B,line4,machine2,UP,lot2,category 2,b1,code2,11,11
2026-11-13,plant-B,line3,machine7,UP,lot9,category 3,b3,code3,17,17
2026-11-13,plant-B,line3,machine9,DN,lot5,category 1,a2,code10,11,11
2026-11-13,plant-B,line9,machine4,DN,lot6,category 3,b4,code7,11,11
2026-11-13,plant-B,line8,machine6,DN,lot6,pass,pass,,0,180
2026-11-13,plant-A,line7,machine8,DN,lot4,pass,pass,,0,269
2026-11-13,plant-A,line4,machine6,DN,lot7,category 2,b4,code3,10,10
2026-11-13,plant-A,line1,machine2,UP,lot1,pass,pass,,0,290
2026-11-13,plant-A,line2,machine5,UP,lot2,category 3,a2,code6,1,1
2026-11-13,plant-B,line4,machine5,DN,lot8,category 1,a2,code6,3,3
2026-11-13,plant-B,line1,machine8,DN,lot2,category 2,b3,code8,12,12
2026-11-13,plant-A,line6,machine4,UP,lot4,category 1,a4,code1,3,3
2026-11-13,plant-A,line7,machine1,UP,lot4,pass,pass,,0,153
2026-11-13,plant-B,line9,machine8,UP,lot6,category 2,b4,code4,6,6
2026-11-13,plant-B,line8,machine3,DN,lot4,pass,pass,,0,469
2026-11-13,plant-A,line9,machine7,DN,lot3,category 1,a3,code8,16,16
2026-11-13,plant-B,line8,machine3,UP,lot2,pass,pass,,0,218
2026-11-13,plant-A,line2,machine2,DN,lot7,category 1,a3,code4,15,15
2026-11-13,plant-B,line7,machine1,DN,lot6,category 3,b3,code9,17,17
2026-11-13,plant-A,line5,machine4,UP,lot6,category 1,a4,code7,18,18
2026-11-13,plant-A,line1,machine5,DN,lot1,pass,pass,,0,232
2026-11-13,plant-B,line4,machine8,DN,lot7,pass,pass,,0,339
2026-11-13,plant-A,line1,machine6,DN,lot1,category 3,a2,code3,11,11
2026-11-13,plant-B,line2,machine6,DN,lot5,pass,pass,,0,310
2026-11-13,plant-A,line4,machine6,DN,lot9,category 3,b4,code4,5,5
2026-11-13,plant-A,line7,machine9,DN,lot2,category 3,b3,code4,17,17
2026-11-13,plant-A,line6,machine7,DN,lot2,category 1,a4,code5,15,15
2026-11-13,plant-A,line3,machine2,DN,lot4,category 3,b4,code5,19,19
2026-11-13,plant-A,line4,machine1,UP,lot8,category 1,a3,code5,2,2
2026-11-13,plant-B,line5,machine8,DN,lot2,category 3,b4,code8,12,12
2026-11-13,plant-A,line8,machine3,UP,lot7,pass,pass,,0,489
2026-11-13,plant-B,line4,machine1,UP,lot8,category 3,b3,code9,19,19
2026-11-13,plant-A,line9,machine5,UP,lot3,pass,pass,,0,390
2026-11-13,plant-B,line1,machine6,DN,lot9,category 3,b4,code5,8,8
2026-11-13,plant-A,line7,machine7,DN,lot9,pass,pass,,0,177
2026-11-13,plant-B,line4,machine2,UP,lot6,pass,pass,,0,325
2026-11-13,plant-B,line1,machine2,DN,lot1,pass,pass,,0,337
2026-11-13,plant-B,line4,machine8,DN,lot1,pass,pass,,0,466
2026-11-13,plant-B,line4,machine3,UP,lot6,category 2,b4,code9,13,13
2026-11-13,plant-B,line6,machine2,DN,lot7,category 2,b2,code1,8,8
2026-11-13,plant-B,line6,machine6,DN,lot8,category 1,a3,code3,6,6
2026-11-13,plant-A,line9,machine2,UP,lot2,category 3,a2,code9,7,7
2026-11-13,plant-B,line2,machine3,DN,lot6,category 1,a1,code8,11,11
2026-11-13,plant-A,line9,machine5,DN,lot1,category 1,a1,code4,1,1
2026-11-13,plant-A,line5,machine2,DN,lot8,category 3,b3,code6,18,18
2026-11-13,plant-B,line5,machine9,UP,lot8,category 1,a3,code10,8,8
2026-11-13,plant-A,line7,machine1,UP,lot7,category 1,a1,code4,10,10
2026-11-13,plant-A,line8,machine7,DN,lot8,pass,pass,,0,250
2026-11-13,plant-B,line4,machine9,UP,lot4,category 3,b3,code5,13,13
2026-11-13,plant-B,line9,machine7,UP,lot6,pass,pass,,0,457
2026-11-13,plant-A,line2,machine8,DN,lot3,category 1,a1,code6,17,17
2026-11-13,plant-A,line7,machine2,DN,lot7,category 2,b4,code3,19,19
2026-11-13,plant-B,line4,machine9,DN,lot4,category 2,b2,code5,9,9
2026-11-13,plant-B,line2,machine1,DN,lot2,pass,pass,,0,352
2026-11-13,plant-B,line1,machine1,UP,lot1,category 2,b4,code10,10,10
2026-11-13,plant-B,line4,machine3,DN,lot5,category 2,b4,code3,3,3
2026-11-13,plant-B,line8,machine6,UP,lot8,category 2,b2,code1,16,16
2026-11-13,plant-A,line6,machine8,UP,lot4,pass,pass,,0,492
2026-11-13,plant-B,line8,machine1,DN,lot6,category 1,a3,code9,2,2
2026-11-13,plant-A,line9,machine3,UP,lot1,category 2,b3,code8,6,6
2026-11-13,plant-B,line6,machine4,UP,lot4,category 2,b1,code4,6,6
2026-11-13,plant-A,line9,machine2,UP,lot2,category 1,a4,code9,16,16
2026-11-13,plant-B,line2,machine1,UP,lot2,pass,pass,,0,347
2026-11-13,plant-B,line3,machine6,UP,lot6,category 1,a4,code6,11,11
2026-11-13,plant-A,line5,machine9,DN,lot6,pass,pass,,0,400
2026-11-13,plant-B,line8,machine9,DN,lot9,category 3,b3,code9,8,8
2026-11-13,plant-A,line7,machine1,UP,lot7,pass,pass,,0,383
2026-11-13,plant-B,line1,machine8,UP,lot2,pass,pass,,0,297
2026-11-13,plant-B,line1,machine8,DN,lot9,pass,pass,,0,418
2026-11-13,plant-B,line8,machine2,UP,lot9,category 3,a1,code7,13,13
2026-11-13,plant-A,line8,machine4,DN,lot5,pass,pass,,0,213
2026-11-13,plant-B,line9,machine6,DN,lot1,category 1,a1,code10,12,12
2026-11-13,plant-A,line7,machine7,UP,lot4,category 2,b4,code5,12,12
2026-11-13,plant-A,line2,machine4,DN,lot9,category 2,b2,code6,5,5
2026-11-13,plant-B,line7,machine5,UP,lot4,category 2,b1,code8,11,11
2026-11-13,plant-A,line5,machine8,DN,lot5,category 1,a4,code5,14,14
2026-11-13,plant-A,line6,machine1,DN,lot1,pass,pass,,0,340
2026-11-13,plant-B,line4,machine8,DN,lot2,category 1,a1,code3,14,14
2026-11-13,plant-A,line8,machine4,UP,lot5,category 1,a4,code1,8,8
2026-11-13,plant-A,line4,machine6,UP,lot2,category 1,a1,code5,18,18
2026-11-13,plant-A,line5,machine2,UP,lot7,pass,pass,,0,410
2026-11-13,plant-B,line6,machine7,DN,lot8,category 2,b3,code4,19,19
2026-11-13,plant-A,line5,machine2,DN,lot2,pass,pass,,0,435
2026-11-13,plant-A,line9,machine9,DN,lot6,category 2,b2,code5,7,7
2026-11-13,plant-B,line7,machine4,UP,lot4,category 1,a4,code3,1,1
2026-11-13,plant-B,line2,machine7,UP,lot6,pass,pass,,0,254
2026-11-13,plant-B,line6,machine6,DN,lot3,category 3,a2,code9,12,12
2026-11-13,plant-A,line8,machine3,DN,lot5,category 3,a1,code2,18,18
2026-11-13,plant-A,line7,machine4,DN,lot4,pass,pass,,0,434
2026-11-13,plant-B,line3,machine8,UP,lot7,category 2,b3,code3,6,6
2026-11-13,plant-A,line5,machine1,DN,lot1,pass,pass,,0,340
2026-11-13,plant-B,line6,machine2,DN,lot1,category 3,a2,code5,5,5
2026-11-13,plant-A,line7,machine4,DN,lot5,category 2,b3,code6,14,14
2026-11-13,plant-B,line7,machine9,UP,lot6,category 2,b4,code3,8,8
2026-11-13,plant-A,line4,machine9,UP,lot8,category 2,b2,code6,3,3
2026-11-13,plant-B,line3,machine1,UP,lot9,pass,pass,,0,304
2026-11-13,plant-B,line7,machine9,DN,lot5,category 3,b3,code7,15,15
2026-11-13,plant-A,line4,machine4,UP,lot7,category 3,a2,code7,14,14
2026-11-13,plant-B,line2,machine3,DN,lot2,category 3,a2,code4,6,6
2026-11-13,plant-A,line2,machine9,DN,lot7,category 1,a3,code3,9,9
2026-11-13,plant-B,line4,machine7,UP,lot1,pass,pass,,0,382
2026-11-13,plant-B,line6,machine2,UP,lot7,category 2,b3,code4,7,7
2026-11-13,plant-A,line1,machine3,UP,lot4,category 2,b4,code5,15,15
2026-11-13,plant-B,line8,machine1,DN,lot4,category 3,a2,code8,2,2
2026-11-13,plant-B,line3,machine8,UP,lot8,pass,pass,,0,227
2026-11-13,plant-B,line4,machine1,DN,lot3,pass,pass,,0,489
2026-11-13,plant-B,line3,machine7,UP,lot9,category 2,b4,code4,17,17
2026-11-13,plant-A,line6,machine6,UP,lot9,category 1,a2,code10,9,9
2026-11-13,plant-B,line2,machine1,DN,lot8,pass,pass,,0,168
2026-11-13,plant-A,line8,machine6,UP,lot7,category 2,b3,code9,2,2
2026-11-13,plant-B,line8,machine9,UP,lot1,category 3,b3,code3,2,2
2026-11-13,plant-B,line2,machine8,DN,lot6,category 2,b4,code2,15,15
2026-11-13,plant-B,line3,machine4,UP,lot7,pass,pass,,0,446
2026-11-13,plant-A,line7,machine6,DN,lot9,pass,pass,,0,333
2026-11-13,plant-A,line2,machine2,UP,lot5,pass,pass,,0,356
2026-11-13,plant-A,line3,machine6,DN,lot2,category 1,a3,code9,9,9
2026-11-13,plant-B,line9,machine1,UP,lot5,category 1,a3,code9,14,14
2026-11-13,plant-A,line8,machine7,UP,lot9,pass,pass,,0,322
2026-11-13,plant-B,line6,machine4,UP,lot5,pass,pass,,0,314
2026-11-13,plant-A,line4,machine3,DN,lot7,category 2,b1,code6,2,2
2026-11-13,plant-A,line6,machine3,DN,lot1,category 1,a4,code10,11,11
2026-11-13,plant-B,line1,machine3,DN,lot2,category 3,b4,code10,7,7
2026-11-13,plant-A,line7,machine3,DN,lot8,category 3,b4,code5,7,7
2026-11-13,plant-B,line9,machine7,UP,lot8,category 2,b1,code10,18,18
2026-11-13,plant-B,line4,machine9,DN,lot8,category 1,a3,code5,5,5
2026-11-13,plant-B,line6,machine5,DN,lot3,category 2,b1,code5,9,9
2026-11-13,plant-B,line2,machine5,UP,lot7,pass,pass,,0,265
2026-11-13,plant-A,line1,machine5,DN,lot2,pass,pass,,0,459
2026-11-13,plant-B,line6,machine7,UP,lot3,category 2,b4,code10,2,2
2026-11-13,plant-A,line7,machine4,UP,lot6,category 1,a2,code3,11,11
2026-11-13,plant-A,line2,machine5,DN,lot2,category 3,a2,code4,13,13
2026-11-13,plant-B,line4,machine7,DN,lot8,category 3,b4,code9,5,5
2026-11-13,plant-A,line8,machine1,UP,lot5,pass,pass,,0,214
2026-11-13,plant-A,line4,machine5,UP,lot1,category 1,a3,code6,11,11
2026-11-13,plant-B,line6,machine2,DN,lot6,category 1,a3,code3,16,16
2026-11-13,plant-B,line4,machine9,DN,lot8,category 2,b3,code5,18,18
2026-11-13,plant-B,line7,machine2,DN,lot6,category 1,a1,code6,4,4
2026-11-13,plant-A,line7,machine6,UP,lot5,category 2,b4,code7,6,6
2026-11-13,plant-A,line5,machine2,DN,lot2,category 2,b4,code6,7,7
2026-11-13,plant-B,line1,machine8,DN,lot3,category 1,a2,code10,18,18
2026-11-13,plant-B,line2,machine4,UP,lot8,category 1,a1,code6,11,11
2026-11-13,plant-B,line8,machine3,DN,lot4,category 1,a1,code2,19,19
2026-11-13,plant-B,line1,machine5,UP,lot9,pass,pass,,0,453
2026-11-13,plant-B,line7,machine7,UP,lot8,category 3,b4,code7,15,15
2026-11-13,plant-B,line7,machine8,DN,lot5,category 2,b1,code2,11,11
2026-11-13,plant-B,line9,machine2,DN,lot8,category 1,a1,code4,8,8
2026-11-13,plant-B,line6,machine6,DN,lot3,category 2,b3,code6,4,4
2026-11-13,plant-B,line3,machine1,DN,lot6,pass,pass,,0,215
2026-11-13,plant-B,line4,machine5,DN,lot8,category 2,b3,code9,9,9
2026-11-13,plant-B,line5,machine4,UP,lot9,category 2,b2,code7,17,17
2026-11-13,plant-B,line7,machine4,DN,lot5,category 2,b3,code2,19,19
2026-11-13,plant-A,line9,machine6,DN,lot4,category 2,b4,code6,18,18
2026-11-13,plant-A,line7,machine1,DN,lot7,category 1,a2,code7,10,10
2026-11-13,plant-B,line9,machine5,UP,lot7,category 1,a3,code9,18,18
2026-11-13,plant-A,line8,machine3,UP,lot4,category 1,a4,code2,12,12
2026-11-13,plant-B,line9,machine5,UP,lot6,category 1,a1,code6,1,1
2026-11-13,plant-B,line5,machine3,DN,lot4,pass,pass,,0,408
2026-11-13,plant-A,line6,machine3,DN,lot5,category 2,b3,code1,19,19
2026-11-13,plant-A,line8,machine7,DN,lot2,category 1,a1,code4,18,18
2026-11-13,plant-A,line6,machine4,DN,lot4,category 1,a1,code10,19,19
2026-11-13,plant-B,line1,machine3,UP,lot9,category 1,a1,code5,11,11
2026-11-13,plant-B,line4,machine2,UP,lot3,pass,pass,,0,374
2026-11-13,plant-B,line9,machine9,DN,lot7,category 1,a1,code6,10,10
2026-11-13,plant-B,line6,machine7,DN,lot9,pass,pass,,0,364
2026-11-13,plant-A,line8,machine5,DN,lot2,pass,pass,,0,351
2026-11-13,plant-A,line7,machine8,UP,lot8,category 2,b1,code10,13,13
2026-11-13,plant-A,line2,machine8,DN,lot8,pass,pass,,0,475
2026-11-13,plant-A,line3,machine8,UP,lot6,category 2,b3,code3,10,10
2026-11-13,plant-A,line2,machine6,DN,lot4,category 1,a2,code7,4,4
2026-11-13,plant-B,line9,machine4,UP,lot5,category 3,a1,code9,14,14
2026-11-13,plant-B,line7,machine4,UP,lot3,category 2,b2,code4,1,1
2026-11-13,plant-A,line4,machine2,UP,lot4,pass,pass,,0,268
2026-11-14,,line6,machine1,DN,lot3,,,,0,100
2026-11-14,,line8,machine1,DN,lot3,,,,1,1
2026-11-14,,line7,machine3,DN,lot1,,,,4,4
2026-11-14,plant-B,line2,machine3,UP,lot5,category 1,a2,code8,16,16
2026-11-14,plant-A,line8,machine8,DN,lot1,pass,pass,,0,324
2026-11-14,plant-B,line8,machine8,DN,lot4,category 2,b1,code3,5,5
2026-11-14,plant-B,line8,machine1,UP,lot4,category 2,b1,code9,14,14
2026-11-14,plant-B,line8,machine5,UP,lot8,category 2,b4,code4,6,6
2026-11-14,plant-A,line8,machine5,DN,lot9,category 1,a4,code4,19,19
2026-11-14,plant-A,line5,machine7,UP,lot9,category 2,b2,code6,14,14
2026-11-14,plant-A,line2,machine8,DN,lot7,category 2,b4,code4,8,8
2026-11-14,plant-B,line3,machine9,UP,lot5,pass,pass,,0,421
2026-11-14,plant-B,line5,machine4,DN,lot2,category 2,b2,code10,5,5
2026-11-14,plant-A,line3,machine7,UP,lot5,category 3,a2,code9,12,12
2026-11-14,plant-A,line7,machine6,DN,lot4,category 2,b3,code10,10,10
2026-11-14,plant-A,line9,machine2,DN,lot9,pass,pass,,0,498
2026-11-14,plant-A,line9,machine6,DN,lot8,category 2,b2,code3,10,10
2026-11-14,plant-A,line6,machine3,UP,lot5,category 3,a2,code10,10,10
2026-11-14,plant-A,line7,machine6,DN,lot1,category 1,a4,code10,17,17
2026-11-14,plant-B,line6,machine2,DN,lot6,category 2,b4,code4,8,8
2026-11-14,plant-A,line4,machine5,DN,lot4,category 1,a4,code9,8,8
2026-11-14,plant-B,line9,machine2,DN,lot6,category 3,a2,code6,6,6
2026-11-14,plant-A,line5,machine3,DN,lot2,category 2,b1,code4,14,14
2026-11-14,plant-A,line2,machine8,DN,lot5,category 2,b1,code3,14,14
2026-11-14,plant-A,line1,machine4,DN,lot4,category 2,b3,code3,4,4
2026-11-14,plant-A,line6,machine6,DN,lot7,pass,pass,,0,380
2026-11-14,plant-A,line5,machine1,DN,lot3,pass,pass,,0,414
2026-11-14,plant-B,line9,machine5,DN,lot9,category 1,a4,code4,9,9
2026-11-14,plant-A,line6,machine5,DN,lot4,category 2,b3,code7,5,5
2026-11-14,plant-A,line6,machine2,DN,lot6,category 1,a2,code8,15,15
2026-11-14,plant-A,line9,machine1,UP,lot4,category 2,b3,code10,16,16
2026-11-14,plant-A,line3,machine3,DN,lot3,pass,pass,,0,426
2026-11-14,plant-B,line2,machine8,DN,lot3,category 2,b2,code2,1,1
2026-11-14,plant-B,line2,machine5,DN,lot2,category 1,a2,code1,9,9
2026-11-14,plant-A,line5,machine3,DN,lot1,category 2,b3,code8,19,19
2026-11-14,plant-A,line4,machine8,UP,lot8,category 1,a2,code8,18,18
2026-11-14,plant-B,line1,machine7,UP,lot6,category 1,a3,code7,10,10
2026-11-14,plant-A,line6,machine6,UP,lot4,pass,pass,,0,183
2026-11-14,plant-B,line6,machine7,UP,lot5,pass,pass,,0,203
2026-11-14,plant-B,line9,machine5,DN,lot8,category 2,b4,code2,5,5
2026-11-14,plant-A,line9,machine9,UP,lot6,category 1,a4,code1,1,1
2026-11-14,plant-A,line2,machine4,DN,lot4,category 1,a2,code8,19,19
2026-11-14,plant-B,line2,machine9,DN,lot7,category 3,b3,code1,13,13
2026-11-14,plant-A,line9,machine3,UP,lot2,category 2,b3,code4,2,2
2026-11-14,plant-B,line7,machine9,DN,lot6,category 2,b3,code4,12,12
2026-11-14,plant-B,line1,machine2,DN,lot6,category 1,a4,code7,3,3
2026-11-14,plant-B,line6,machine4,DN,lot4,category 2,b1,code7,17,17
2026-11-14,plant-B,line4,machine2,UP,lot1,category 3,b4,code9,13,13
2026-11-14,plant-B,line8,machine7,UP,lot2,category 3,a1,code7,4,4
2026-11-14,plant-B,line2,machine2,UP,lot6,category 3,a2,code1,5,5
2026-11-14,plant-A,line7,machine5,UP,lot9,pass,pass,,0,304
2026-11-14,plant-A,line6,machine8,DN,lot2,pass,pass,,0,250
2026-11-14,plant-B,line3,machine2,DN,lot4,category 1,a1,code6,12,12
2026-11-14,plant-B,line5,machine4,DN,lot5,pass,pass,,0,276
2026-11-14,plant-A,line1,machine7,UP,lot5,category 2,b1,code9,13,13
2026-11-14,plant-B,line5,machine8,DN,lot7,category 3,a2,code2,6,6
2026-11-14,plant-A,line7,machine8,DN,lot7,category 1,a3,code1,5,5
2026-11-14,plant-A,line1,machine7,DN,lot5,category 1,a4,code9,19,19
2026-11-14,plant-B,line7,machine2,DN,lot2,category 2,b4,code2,4,4
2026-11-14,plant-A,line6,machine1,UP,lot7,pass,pass,,0,155
2026-11-14,plant-B,line5,machine9,DN,lot5,category 3,a2,code7,15,15
2026-11-14,plant-A,line3,machine9,UP,lot4,category 1,a4,code10,13,13
2026-11-14,plant-A,line7,machine3,DN,lot1,category 1,a3,code6,16,16
2026-11-14,plant-A,line2,machine3,DN,lot3,category 1,a4,code2,6,6
2026-11-14,plant-A,line4,machine8,UP,lot1,category 3,b3,code9,16,16
2026-11-14,plant-B,line1,machine2,UP,lot2,category 2,b3,code9,19,19
2026-11-14,plant-B,line7,machine7,UP,lot8,pass,pass,,0,150
2026-11-14,plant-B,line1,machine8,UP,lot6,category 3,a2,code2,2,2
2026-11-14,plant-B,line6,machine9,DN,lot6,pass,pass,,0,250
2026-11-14,plant-A,line6,machine2,UP,lot1,category 3,a2,code1,10,10
2026-11-14,plant-A,line4,machine4,DN,lot4,pass,pass,,0,333
2026-11-14,plant-A,line7,machine8,DN,lot8,category 2,b3,code7,13,13
2026-11-14,plant-A,line5,machine8,DN,lot8,pass,pass,,0,470
2026-11-14,plant-B,line3,machine4,UP,lot7,pass,pass,,0,239
2026-11-14,plant-A,line9,machine3,DN,lot8,category 1,a2,code3,13,13
2026-11-14,plant-A,line6,machine5,UP,lot6,category 3,b4,code6,7,7
2026-11-14,plant-B,line1,machine3,DN,lot3,category 1,a3,code2,1,1
2026-11-14,plant-B,line9,machine6,DN,lot3,pass,pass,,0,493
2026-11-14,plant-A,line7,machine2,DN,lot2,category 3,b3,code1,15,15
2026-11-14,plant-A,line9,machine2,UP,lot2,category 2,b3,code2,15,15
2026-11-14,plant-A,line5,machine5,DN,lot9,pass,pass,,0,278
2026-11-14,plant-A,line3,machine3,DN,lot2,category 1,a2,code7,15,15
2026-11-14,plant-B,line7,machine8,DN,lot5,pass,pass,,0,357
2026-11-14,plant-B,line7,machine1,DN,lot7,category 2,b3,code7,7,7
2026-11-14,plant-B,line9,machine7,UP,lot1,category 2,b2,code10,5,5
2026-11-14,plant-A,line5,machine2,DN,lot4,pass,pass,,0,307
2026-11-14,plant-A,line7,machine9,UP,lot2,category 2,b4,code8,11,11
2026-11-14,plant-B,line7,machine5,UP,lot7,category 1,a2,code10,7,7
2026-11-14,plant-B,line4,machine9,DN,lot2,category 1,a3,code6,4,4
2026-11-14,plant-A,line4,machine2,DN,lot6,pass,pass,,0,318
2026-11-14,plant-A,line9,machine3,UP,lot3,category 2,b1,code5,13,13
2026-11-14,plant-A,line8,machine8,DN,lot9,category 3,a2,code6,18,18
2026-11-14,plant-A,line5,machine7,DN,lot1,pass,pass,,0,484
2026-11-14,plant-B,line2,machine4,UP,lot2,category 2,b1,code8,4,4
2026-11-14,plant-B,line7,machine2,DN,lot9,category 3,a1,code6,10,10
2026-11-14,plant-B,line5,machine6,DN,lot1,category 2,b4,code5,5,5
2026-11-14,plant-B,line4,machine3,DN,lot2,category 2,b1,code10,6,6
2026-11-14,plant-B,line2,machine8,UP,lot3,pass,pass,,0,417
2026-11-14,plant-A,line7,machine7,DN,lot7,category 3,a1,code4,14,14
2026-11-14,plant-B,line3,machine1,UP,lot9,pass,pass,,0,288
2026-11-14,plant-B,line7,machine8,DN,lot3,category 1,a4,code1,14,14
2026-11-14,plant-B,line8,machine4,DN,lot9,category 1,a3,code9,4,4
2026-11-14,plant-B,line5,machine7,UP,lot6,category 3,b4,code10,13,13
2026-11-14,plant-A,line5,machine9,DN,lot6,category 1,a4,code6,16,16
2026-11-14,plant-B,line7,machine1,DN,lot7,category 2,b4,code10,1,1
2026-11-14,plant-B,line6,machine3,DN,lot4,category 2,b1,code4,6,6
2026-11-14,plant-A,line6,machine1,DN,lot9,category 1,a2,code10,6,6
2026-11-14,plant-A,line7,machine5,DN,lot4,pass,pass,,0,292
2026-11-14,plant-B,line2,machine4,UP,lot2,category 3,a1,code9,14,14
2026-11-14,plant-A,line1,machine6,UP,lot6,category 3,a1,code5,14,14
2026-11-14,plant-A,line6,machine1,DN,lot7,pass,pass,,0,498
2026-11-14,plant-B,line9,machine7,DN,lot5,category 2,b3,code7,8,8
2026-11-14,plant-B,line3,machine4,UP,lot6,category 2,b3,code10,7,7
2026-11-14,plant-A,line8,machine7,DN,lot1,category 2,b2,code5,14,14
2026-11-14,plant-A,line6,machine1,UP,lot2,category 1,a4,code3,17,17
2026-11-14,plant-A,line3,machine9,UP,lot4,category 2,b2,code7,9,9
2026-11-14,plant-A,line9,machine7,UP,lot4,category 3,a1,code3,1,1
2026-11-14,plant-A,line4,machine1,UP,lot8,category 2,b4,code7,15,15
2026-11-14,plant-A,line1,machine9,UP,lot2,pass,pass,,0,436
2026-11-14,plant-B,line2,machine1,DN,lot9,category 2,b4,code9,12,12
2026-11-14,plant-B,line6,machine1,DN,lot8,pass,pass,,0,240
2026-11-14,plant-A,line8,machine6,UP,lot1,category 2,b2,code7,2,2
2026-11-14,plant-B,line1,machine9,DN,lot9,category 2,b4,code10,7,7
2026-11-14,plant-A,line8,machine9,DN,lot9,category 2,b1,code3,4,4
2026-11-14,plant-B,line5,machine2,UP,lot5,pass,pass,,0,248
2026-11-14,plant-B,line4,machine3,DN,lot4,category 3,b3,code2,1,1
2026-11-14,plant-A,line1,machine8,UP,lot7,pass,pass,,0,483
2026-11-14,plant-A,line7,machine2,DN,lot4,category 1,a1,code10,5,5
2026-11-14,plant-A,line5,machine4,UP,lot9,category 2,b3,code3,3,3
2026-11-14,plant-A,line9,machine8,UP,lot8,category 1,a2,code10,13,13
2026-11-14,plant-B,line9,machine7,DN,lot2,category 2,b1,code3,2,2
2026-11-14,plant-A,line6,machine5,UP,lot3,pass,pass,,0,242
2026-11-14,plant-A,line6,machine6,UP,lot2,category 1,a1,code6,19,19
2026-11-14,plant-B,line4,machine9,UP,lot8,pass,pass,,0,243
2026-11-14,plant-A,line7,machine2,DN,lot2,pass,pass,,0,255
2026-11-14,plant-A,line2,machine1,UP,lot4,category 2,b1,code9,5,5
2026-11-14,plant-A,line3,machine5,UP,lot2,pass,pass,,0,456
2026-11-14,plant-B,line3,machine2,UP,lot5,category 3,a1,code8,6,6
2026-11-14,plant-B,line9,machine4,UP,lot4,pass,pass,,0,181
2026-11-14,plant-A,line8,machine7,UP,lot7,category 1,a4,code1,17,17
2026-11-14,plant-B,line6,machine5,UP,lot6,pass,pass,,0,492
2026-11-14,plant-B,line7,machine5,UP,lot9,pass,pass,,0,475
2026-11-14,plant-B,line4,machine3,UP,lot6,pass,pass,,0,461
2026-11-14,plant-A,line7,machine2,UP,lot8,pass,pass,,0,408
2026-11-14,plant-B,line9,machine4,DN,lot9,pass,pass,,0,399
2026-11-14,plant-B,line5,machine5,DN,lot5,category 3,b4,code4,3,3
2026-11-14,plant-B,line7,machine6,DN,lot2,category 2,b2,code1,14,14
2026-11-14,plant-B,line1,machine4,DN,lot5,category 2,b2,code10,8,8
2026-11-14,plant-B,line5,machine5,UP,lot9,category 2,b2,code8,5,5
2026-11-14,plant-A,line4,machine5,UP,lot2,category 3,a1,code8,12,12
2026-11-14,plant-B,line8,machine2,DN,lot3,pass,pass,,0,383
2026-11-14,plant-B,line6,machine3,DN,lot4,category 1,a4,code2,18,18
2026-11-14,plant-B,line9,machine4,DN,lot7,pass,pass,,0,454
2026-11-14,plant-B,line2,machine4,DN,lot7,pass,pass,,0,187
2026-11-14,plant-B,line6,machine9,UP,lot8,pass,pass,,0,250
2026-11-14,plant-B,line5,machine3,DN,lot4,category 2,b3,code2,6,6
2026-11-14,plant-B,line3,machine7,UP,lot5,pass,pass,,0,369
2026-11-14,plant-B,line1,machine1,UP,lot6,pass,pass,,0,290
2026-11-14,plant-A,line1,machine5,UP,lot3,pass,pass,,0,254
2026-11-14,plant-B,line2,machine3,DN,lot4,pass,pass,,0,337
2026-11-14,plant-A,line5,machine3,DN,lot4,pass,pass,,0,318
2026-11-14,plant-A,line7,machine9,DN,lot9,category 1,a3,code1,16,16
2026-11-14,plant-A,line4,machine2,UP,lot6,category 1,a1,code10,18,18
2026-11-14,plant-A,line1,machine9,UP,lot3,pass,pass,,0,256
2026-11-14,plant-A,line3,machine2,DN,lot7,category 3,a1,code4,8,8
2026-11-14,plant-B,line4,machine7,UP,lot1,pass,pass,,0,172
2026-11-14,plant-B,line8,machine4,UP,lot1,category 1,a4,code9,5,5
2026-11-14,plant-A,line7,machine3,UP,lot3,category 1,a1,code6,3,3
2026-11-14,plant-B,line5,machine5,UP,lot9,category 1,a2,code6,11,11
2026-11-14,plant-B,line3,machine5,DN,lot1,category 1,a3,code1,4,4
2026-11-14,plant-B,line2,machine4,UP,lot8,category 2,b3,code4,8,8
2026-11-14,plant-A,line2,machine3,UP,lot1,category 2,b4,code5,1,1
2026-11-14,plant-B,line5,machine3,UP,lot6,category 2,b4,code6,10,10
2026-11-14,plant-A,line1,machine4,DN,lot4,category 3,b3,code5,13,13
2026-11-14,plant-A,line8,machine6,UP,lot4,category 2,b2,code2,12,12
2026-11-14,plant-A,line3,machine9,DN,lot1,category 2,b4,code7,10,10
2026-11-14,plant-A,line9,machine5,DN,lot4,category 3,b3,code1,15,15
2026-11-14,plant-A,line2,machine2,UP,lot1,category 1,a4,code8,8,8
2026-11-14,plant-B,line7,machine7,DN,lot5,pass,pass,,0,205
2026-11-14,plant-B,line8,machine8,DN,lot9,category 1,a3,code2,8,8
2026-11-14,plant-B,line2,machine2,UP,lot8,category 2,b1,code6,8,8
2026-11-14,plant-B,line9,machine7,DN,lot3,pass,pass,,0,302
2026-11-14,plant-A,line9,machine8,DN,lot2,category 2,b4,code10,9,9
2026-11-14,plant-B,line6,machine9,DN,lot5,category 1,a2,code5,9,9
2026-11-14,plant-A,line1,machine8,DN,lot8,category 1,a2,code8,13,13
2026-11-14,plant-A,line6,machine7,UP,lot5,pass,pass,,0,261
2026-11-14,plant-B,line9,machine8,DN,lot5,category 2,b4,code10,3,3
2026-11-14,plant-A,line1,machine6,UP,lot3,category 2,b1,code7,1,1
2026-11-14,plant-A,line8,machine6,DN,lot5,pass,pass,,0,364
2026-11-14,plant-A,line1,machine1,UP,lot4,category 3,a1,code3,10,10
2026-11-14,plant-A,line3,machine7,DN,lot4,category 2,b4,code2,7,7
2026-11-14,plant-B,line2,machine9,UP,lot9,category 1,a3,code2,4,4
2026-11-14,plant-A,line3,machine5,UP,lot4,pass,pass,,0,474
2026-11-14,plant-B,line6,machine6,DN,lot4,category 2,b2,code10,7,7
2026-11-14,plant-A,line5,machine6,DN,lot9,category 3,b3,code3,18,18
2026-11-14,plant-A,line3,machine1,UP,lot7,pass,pass,,0,434
2026-11-14,plant-B,line2,machine9,UP,lot5,category 1,a1,code8,19,19
2026-11-14,plant-A,line5,machine3,UP,lot5,category 2,b1,code4,4,4
2026-11-14,plant-A,line4,machine8,UP,lot6,category 1,a2,code8,12,12
2026-11-14,plant-A,line4,machine3,DN,lot2,pass,pass,,0,484
2026-11-15,,line8,machine5,DN,lot6,,,,4,4
2026-11-15,,line3,machine4,DN,lot2,,,,4,4
2026-11-15,,line2,machine5,DN,lot1,,,,4,4
2026-11-15,plant-A,line8,machine3,DN,lot2,category 3,a1,code5,3,3
2026-11-15,plant-B,line7,machine1,UP,lot7,pass,pass,,0,292
2026-11-15,plant-A,line4,machine3,UP,lot4,pass,pass,,0,415
2026-11-15,plant-A,line5,machine4,UP,lot5,category 3,a2,code9,11,11
2026-11-15,plant-A,line7,machine4,DN,lot7,pass,pass,,0,202
2026-11-15,plant-B,line2,machine5,DN,lot7,category 2,b1,code3,11,11
2026-11-15,plant-A,line2,machine8,DN,lot1,category 2,b2,code4,13,13
2026-11-15,plant-B,line6,machine2,UP,lot9,category 2,b3,code4,10,10
2026-11-15,plant-A,line6,machine8,UP,lot9,category 2,b3,code4,6,6
2026-11-15,plant-B,line9,machine3,DN,lot9,category 2,b1,code5,9,9
2026-11-15,plant-B,line6,machine7,DN,lot2,category 2,b2,code9,16,16
2026-11-15,plant-B,line2,machine6,DN,lot5,category 2,b2,code7,15,15
2026-11-15,plant-A,line1,machine3,DN,lot6,category 3,b4,code9,19,19
2026-11-15,plant-B,line2,machine7,DN,lot6,pass,pass,,0,483
2026-11-15,plant-A,line2,machine6,UP,lot8,pass,pass,,0,194
2026-11-15,plant-A,line4,machine2,UP,lot3,category 1,a3,code9,4,4
2026-11-15,plant-B,line8,machine9,DN,lot2,category 1,a4,code5,19,19
2026-11-15,plant-B,line4,machine7,UP,lot7,category 2,b2,code1,14,14
2026-11-15,plant-A,line9,machine6,UP,lot8,pass,pass,,0,455
2026-11-15,plant-B,line7,machine8,DN,lot8,pass,pass,,0,328
2026-11-15,plant-B,line9,machine5,UP,lot4,pass,pass,,0,409
2026-11-15,plant-A,line1,machine1,DN,lot1,pass,pass,,0,473
2026-11-15,plant-A,line5,machine4,DN,lot7,pass,pass,,0,483
2026-11-15,plant-B,line2,machine6,UP,lot9,pass,pass,,0,427
2026-11-15,plant-B,line5,machine8,DN,lot9,category 1,a1,code6,16,16
2026-11-15,plant-B,line3,machine7,UP,lot4,pass,pass,,0,203
2026-11-15,plant-A,line9,machine5,UP,lot8,pass,pass,,0,169
2026-11-15,plant-B,line9,machine8,DN,lot9,category 1,a1,code10,8,8
2026-11-15,plant-A,line6,machine5,UP,lot2,category 2,b2,code10,2,2
2026-11-15,plant-B,line5,machine8,UP,lot4,pass,pass,,0,430
2026-11-15,plant-B,line2,machine8,DN,lot1,category 2,b4,code10,3,3
2026-11-15,plant-A,line5,machine1,DN,lot6,pass,pass,,0,361
2026-11-15,plant-A,line7,machine9,UP,lot6,category 3,a1,code8,12,12
2026-11-15,plant-B,line9,machine1,DN,lot2,category 1,a4,code5,13,13
2026-11-15,plant-B,line6,machine1,UP,lot2,pass,pass,,0,464
2026-11-15,plant-A,line2,machine9,DN,lot6,category 3,a1,code5,14,14
2026-11-15,plant-B,line8,machine2,UP,lot4,category 1,a3,code2,19,19
2026-11-15,plant-B,line9,machine6,DN,lot8,category 2,b1,code10,19,19
2026-11-15,plant-B,line6,machine4,DN,lot8,category 2,b3,code3,19,19
2026-11-15,plant-B,line3,machine1,UP,lot9,category 2,b2,code7,8,8
2026-11-15,plant-A,line4,machine2,DN,lot8,category 2,b3,code2,10,10
2026-11-15,plant-A,line3,machine2,UP,lot2,category 2,b3,code2,6,6
2026-11-15,plant-A,line3,machine4,DN,lot1,pass,pass,,0,244
2026-11-15,plant-B,line7,machine1,DN,lot2,pass,pass,,0,226
2026-11-15,plant-B,line1,machine9,DN,lot2,category 2,b2,code7,11,11
2026-11-15,plant-A,line3,machine2,DN,lot9,category 2,b1,code6,7,7
2026-11-15,plant-A,line1,machine9,DN,lot6,category 2,b3,code7,5,5
2026-11-15,plant-B,line2,machine9,DN,lot2,category 1,a2,code2,14,14
2026-11-15,plant-B,line9,machine6,DN,lot1,pass,pass,,0,374
2026-11-15,plant-A,line1,machine5,DN,lot5,category 1,a3,code4,17,17
2026-11-15,plant-A,line7,machine1,DN,lot4,category 1,a2,code9,6,6
2026-11-15,plant-B,line1,machine5,UP,lot8,category 2,b3,code7,2,2
2026-11-15,plant-A,line8,machine6,UP,lot8,category 3,b4,code6,5,5
2026-11-15,plant-A,line4,machine1,DN,lot9,category 3,b3,code9,5,5
2026-11-15,plant-B,line5,machine3,DN,lot1,pass,pass,,0,441
2026-11-15,plant-B,line9,machine2,DN,lot9,pass,pass,,0,467
2026-11-15,plant-A,line1,machine4,DN,lot6,pass,pass,,0,171
2026-11-15,plant-A,line2,machine7,UP,lot2,category 1,a2,code3,2,2
2026-11-15,plant-A,line3,machine5,DN,lot5,category 1,a2,code7,10,10
2026-11-15,plant-B,line7,machine6,DN,lot4,category 1,a3,code4,15,15
2026-11-15,plant-A,line3,machine6,UP,lot3,category 3,b3,code1,15,15
2026-11-15,plant-A,line2,machine2,UP,lot9,category 3,a2,code2,6,6
2026-11-15,plant-B,line1,machine9,DN,lot3,pass,pass,,0,236
2026-11-15,plant-B,line3,machine4,DN,lot6,category 2,b4,code5,3,3
2026-11-15,plant-A,line3,machine8,DN,lot2,category 1,a4,code5,14,14
2026-11-15,plant-A,line9,machine9,UP,lot8,category 2,b3,code6,11,11
2026-11-15,plant-B,line9,machine9,DN,lot9,category 3,b4,code9,2,2
2026-11-15,plant-B,line6,machine9,UP,lot3,pass,pass,,0,210
2026-11-15,plant-A,line6,machine5,DN,lot1,pass,pass,,0,249
2026-11-15,plant-A,line3,machine3,DN,lot5,category 3,a1,code6,2,2
2026-11-15,plant-B,line3,machine6,DN,lot5,category 1,a4,code9,3,3
2026-11-15,plant-A,line6,machine5,UP,lot1,pass,pass,,0,272
2026-11-15,plant-B,line4,machine4,UP,lot5,category 1,a4,code4,14,14
2026-11-15,plant-A,line1,machine8,DN,lot3,category 2,b4,code10,4,4
2026-11-15,plant-A,line4,machine8,UP,lot2,pass,pass,,0,483
2026-11-15,plant-B,line7,machine7,UP,lot2,category 1,a4,code3,12,12
2026-11-15,plant-B,line6,machine3,DN,lot8,category 2,b3,code9,19,19
2026-11-15,plant-A,line4,machine5,UP,lot4,pass,pass,,0,452
2026-11-15,plant-A,line3,machine6,DN,lot9,pass,pass,,0,472
2026-11-15,plant-A,line4,machine1,DN,lot1,category 3,b3,code6,8,8
2026-11-15,plant-A,line3,machine2,DN,lot8,category 1,a2,code4,9,9
2026-11-15,plant-A,line9,machine5,DN,lot8,category 3,b4,code4,14,14
2026-11-15,plant-B,line9,machine2,UP,lot3,category 1,a3,code3,19,19
2026-11-15,plant-A,line9,machine7,UP,lot7,category 3,a1,code7,18,18
2026-11-15,plant-B,line1,machine6,DN,lot3,pass,pass,,0,331
2026-11-15,plant-B,line2,machine6,UP,lot4,category 3,a1,code7,17,17
2026-11-15,plant-A,line8,machine4,UP,lot2,pass,pass,,0,282
2026-11-15,plant-B,line9,machine2,DN,lot4,pass,pass,,0,425
2026-11-15,plant-A,line4,machine4,DN,lot9,category 3,a1,code2,13,13
2026-11-15,plant-B,line1,machine9,UP,lot1,category 3,a2,code2,8,8
2026-11-15,plant-A,line1,machine5,UP,lot4,category 1,a3,code8,12,12
2026-11-15,plant-B,line3,machine5,DN,lot8,category 2,b4,code9,15,15
2026-11-15,plant-B,line6,machine5,DN,lot5,pass,pass,,0,261
2026-11-15,plant-A,line7,machine1,DN,lot3,category 2,b2,code10,17,17
2026-11-15,plant-B,line7,machine4,UP,lot5,category 3,a1,code4,13,13
2026-11-15,plant-A,line3,machine3,DN,lot5,pass,pass,,0,250
2026-11-15,plant-A,line9,machine3,UP,lot4,pass,pass,,0,356
2026-11-15,plant-A,line5,machine1,DN,lot6,category 2,b2,code6,12,12
2026-11-15,plant-B,line2,machine7,UP,lot7,category 1,a3,code7,3,3
2026-11-15,plant-A,line6,machine4,DN,lot3,pass,pass,,0,344
2026-11-15,plant-B,line3,machine7,DN,lot9,category 1,a1,code6,8,8
2026-11-15,plant-B,line8,machine3,DN,lot6,category 3,b3,code3,10,10
2026-11-15,plant-B,line5,machine2,DN,lot5,category 3,a2,code4,10,10
2026-11-15,plant-A,line4,machine9,DN,lot2,pass,pass,,0,371
2026-11-15,plant-B,line3,machine8,DN,lot2,pass,pass,,0,160
2026-11-15,plant-B,line6,machine1,DN,lot2,category 1,a4,code2,19,19
2026-11-15,plant-B,line7,machine5,UP,lot1,category 1,a1,code3,7,7
2026-11-15,plant-B,line6,machine7,DN,lot3,category 2,b3,code8,6,6
2026-11-15,plant-B,line9,machine7,DN,lot9,category 3,b4,code4,6,6
2026-11-15,plant-B,line3,machine5,DN,lot9,category 1,a1,code1,19,19
2026-11-15,plant-B,line1,machine7,UP,lot3,pass,pass,,0,356
2026-11-15,plant-B,line7,machine5,UP,lot8,category 2,b3,code8,11,11
2026-11-15,plant-A,line9,machine9,DN,lot1,category 1,a2,code9,8,8
2026-11-15,plant-A,line7,machine3,DN,lot4,category 1,a1,code2,17,17
2026-11-15,plant-A,line1,machine6,DN,lot5,category 2,b3,code8,3,3
2026-11-15,plant-B,line6,machine5,UP,lot1,pass,pass,,0,328
2026-11-15,plant-B,line6,machine4,UP,lot3,pass,pass,,0,226
2026-11-15,plant-A,line5,machine2,UP,lot8,category 1,a3,code8,17,17
2026-11-15,plant-A,line6,machine9,UP,lot8,category 2,b1,code4,8,8
2026-11-15,plant-A,line1,machine6,DN,lot2,category 3,b3,code3,5,5
2026-11-15,plant-A,line2,machine9,UP,lot4,pass,pass,,0,380
2026-11-15,plant-B,line5,machine9,UP,lot2,category 3,b3,code3,5,5
2026-11-15,plant-B,line7,machine3,UP,lot8,category 3,a1,code2,10,10
2026-11-15,plant-B,line8,machine1,DN,lot6,pass,pass,,0,357
2026-11-15,plant-A,line5,machine1,UP,lot8,pass,pass,,0,191
2026-11-15,plant-A,line4,machine8,UP,lot2,category 2,b1,code6,2,2
2026-11-15,plant-B,line4,machine2,DN,lot2,category 1,a2,code9,4,4
2026-11-15,plant-A,line5,machine1,UP,lot1,category 3,a2,code10,19,19
2026-11-15,plant-B,line1,machine4,UP,lot2,category 1,a2,code2,10,10
2026-11-15,plant-A,line2,machine5,UP,lot6,pass,pass,,0,363
2026-11-15,plant-A,line1,machine4,UP,lot3,pass,pass,,0,272
2026-11-15,plant-A,line2,machine2,DN,lot1,category 1,a4,code9,3,3
2026-11-15,plant-A,line6,machine5,DN,lot5,pass,pass,,0,229
2026-11-15,plant-B,line3,machine7,DN,lot5,category 2,b4,code2,5,5
2026-11-15,plant-B,line6,machine6,DN,lot8,category 1,a2,code1,1,1
2026-11-15,plant-A,line2,machine1,UP,lot3,pass,pass,,0,411
2026-11-15,plant-B,line7,machine9,DN,lot6,pass,pass,,0,297
2026-11-15,plant-B,line1,machine8,DN,lot8,pass,pass,,0,220
2026-11-15,plant-A,line1,machine9,UP,lot1,category 1,a4,code5,18,18
2026-11-15,plant-B,line6,machine5,UP,lot9,pass,pass,,0,403
2026-11-15,plant-A,line6,machine3,DN,lot8,category 3,b3,code5,19,19
2026-11-15,plant-B,line9,machine6,UP,lot4,pass,pass,,0,159
2026-11-15,plant-B,line3,machine4,DN,lot4,category 3,a1,code1,19,19
2026-11-15,plant-A,line9,machine4,DN,lot3,pass,pass,,0,280
2026-11-15,plant-A,line8,machine8,UP,lot1,pass,pass,,0,463
2026-11-15,plant-A,line9,machine7,UP,lot9,pass,pass,,0,291
2026-11-15,plant-A,line6,machine7,UP,lot9,category 1,a1,code8,18,18
2026-11-15,plant-A,line7,machine5,DN,lot7,category 1,a4,code2,9,9
2026-11-15,plant-B,line6,machine6,UP,lot7,pass,pass,,0,228
2026-11-15,plant-A,line1,machine1,UP,lot7,category 2,b4,code1,9,9
2026-11-15,plant-B,line2,machine6,UP,lot2,pass,pass,,0,186
2026-11-15,plant-B,line4,machine8,UP,lot7,category 1,a1,code6,6,6
2026-11-15,plant-A,line6,machine8,UP,lot9,category 2,b4,code4,2,2
2026-11-15,plant-B,line7,machine9,DN,lot3,category 2,b4,code9,1,1
2026-11-15,plant-A,line5,machine2,UP,lot1,category 2,b1,code4,15,15
2026-11-15,plant-B,line2,machine5,UP,lot5,category 3,b3,code4,11,11
2026-11-15,plant-A,line3,machine6,UP,lot7,category 3,b4,code2,12,12
2026-11-15,plant-A,line3,machine7,DN,lot1,category 2,b4,code8,6,6
2026-11-15,plant-B,line3,machine4,DN,lot1,category 2,b1,code2,1,1
2026-11-15,plant-B,line6,machine2,UP,lot5,category 1,a1,code6,12,12
2026-11-15,plant-B,line3,machine3,UP,lot9,category 3,b4,code4,7,7
2026-11-15,plant-B,line1,machine6,DN,lot2,category 3,a1,code7,14,14
2026-11-15,plant-A,line6,machine8,UP,lot8,category 2,b2,code8,16,16
2026-11-15,plant-B,line8,machine6,UP,lot3,category 3,a2,code1,9,9
2026-11-15,plant-A,line2,machine3,DN,lot4,category 1,a4,code9,19,19
2026-11-15,plant-A,line8,machine2,UP,lot8,pass,pass,,0,202
2026-11-15,plant-A,line7,machine8,UP,lot4,category 2,b2,code5,8,8
2026-11-15,plant-A,line2,machine8,DN,lot6,category 3,a2,code9,14,14
2026-11-15,plant-A,line5,machine6,UP,lot9,pass,pass,,0,478
2026-11-15,plant-A,line8,machine8,DN,lot8,category 2,b4,code10,18,18
2026-11-15,plant-A,line3,machine1,UP,lot5,category 3,b4,code4,9,9
2026-11-15,plant-A,line1,machine7,UP,lot9,category 2,b4,code1,16,16
2026-11-15,plant-A,line4,machine5,UP,lot5,category 2,b2,code1,1,1
2026-11-15,plant-A,line5,machine8,UP,lot9,category 2,b4,code7,13,13
2026-11-15,plant-B,line4,machine8,DN,lot4,pass,pass,,0,221
2026-11-15,plant-A,line5,machine3,UP,lot2,category 2,b4,code1,3,3
2026-11-15,plant-A,line8,machine8,UP,lot6,category 2,b3,code2,4,4
2026-11-15,plant-B,line2,machine6,UP,lot5,pass,pass,,0,154
2026-11-15,plant-A,line9,machine9,UP,lot4,pass,pass,,0,258
2026-11-15,plant-A,line2,machine9,DN,lot5,category 2,b3,code10,2,2
2026-11-15,plant-B,line4,machine9,UP,lot7,category 1,a4,code9,19,19
2026-11-15,plant-B,line3,machine7,DN,lot3,pass,pass,,0,379
2026-11-15,plant-B,line4,machine5,UP,lot6,category 3,b3,code2,6,6
2026-11-15,plant-B,line8,machine7,DN,lot2,pass,pass,,0,207
2026-11-15,plant-A,line7,machine3,DN,lot5,pass,pass,,0,285
2026-11-15,plant-A,line4,machine4,DN,lot7,category 2,b4,code7,4,4
2026-11-15,plant-B,line5,machine2,UP,lot9,category 2,b3,code9,17,17
2026-11-15,plant-B,line5,machine4,UP,lot7,category 1,a1,code1,4,4
2026-11-15,plant-B,line5,machine6,UP,lot1,category 2,b2,code9,13,13
2026-11-15,plant-B,line4,machine2,DN,lot2,category 1,a2,code6,5,5
2026-11-15,plant-A,line7,machine2,UP,lot8,category 1,a2,code2,4,4
2026-11-15,plant-A,line2,machine6,DN,lot5,category 2,b2,code5,4,4
2026-11-15,plant-B,line9,machine1,DN,lot7,pass,pass,,0,158
2026-11-15,plant-A,line9,machine9,UP,lot3,pass,pass,,0,313
2026-11-15,plant-B,line4,machine2,UP,lot5,category 1,a4,code10,2,2
2026-11-15,plant-A,line3,machine4,UP,lot8,category 3,b3,code5,12,12
2026-11-15,plant-A,line3,machine8,DN,lot6,category 1,a1,code7,15,15
2026-11-16,,line9,machine2,DN,lot8,,,,2,2
2026-11-16,,line6,machine3,DN,lot9,,,,1,1
2026-11-16,,line7,machine9,UP,lot5,,,,0,100
2026-11-16,plant-A,line1,machine9,DN,lot9,category 3,b4,code4,9,9
2026-11-16,plant-B,line4,machine8,UP,lot2,category 1,a4,code7,2,2
2026-11-16,plant-B,line4,machine8,UP,lot9,pass,pass,,0,215
2026-11-16,plant-A,line7,machine6,DN,lot7,category 2,b4,code6,8,8
2026-11-16,plant-A,line9,machine2,UP,lot9,category 1,a4,code7,4,4
2026-11-16,plant-B,line7,machine1,UP,lot7,category 1,a1,code1,15,15
2026-11-16,plant-B,line5,machine2,UP,lot3,category 3,b3,code1,16,16
2026-11-16,plant-A,line7,machine2,UP,lot8,category 1,a2,code8,7,7
2026-11-16,plant-B,line1,machine7,DN,lot4,category 2,b4,code9,8,8
2026-11-16,plant-B,line4,machine2,UP,lot1,category 2,b1,code9,13,13
2026-11-16,plant-B,line5,machine7,UP,lot2,pass,pass,,0,203
2026-11-16,plant-A,line7,machine6,DN,lot8,category 1,a4,code2,4,4
2026-11-16,plant-B,line7,machine3,DN,lot1,category 1,a4,code4,11,11
2026-11-16,plant-A,line1,machine7,DN,lot1,category 3,a1,code9,13,13
2026-11-16,plant-A,line3,machine8,DN,lot8,category 3,a2,code5,5,5
2026-11-16,plant-A,line9,machine7,DN,lot7,pass,pass,,0,424
2026-11-16,plant-B,line7,machine3,UP,lot4,category 3,b3,code2,11,11
2026-11-16,plant-A,line1,machine4,UP,lot7,category 3,b4,code5,6,6
2026-11-16,plant-B,line3,machine7,UP,lot7,pass,pass,,0,335
2026-11-16,plant-A,line4,machine8,DN,lot2,pass,pass,,0,365
2026-11-16,plant-A,line1,machine7,UP,lot3,category 1,a2,code7,4,4
2026-11-16,plant-B,line7,machine1,UP,lot9,pass,pass,,0,235
2026-11-16,plant-A,line1,machine5,DN,lot7,category 3,b4,code8,19,19
2026-11-16,plant-A,line4,machine2,DN,lot5,pass,pass,,0,217
2026-11-16,plant-B,line4,machine5,DN,lot3,category 1,a2,code9,8,8
2026-11-16,plant-B,line7,machine2,DN,lot5,category 1,a4,code8,16,16
2026-11-16,plant-B,line3,machine4,UP,lot7,category 3,b4,code5,19,19
2026-11-16,plant-A,line9,machine5,DN,lot5,category 2,b4,code6,15,15
2026-11-16,plant-B,line2,machine4,UP,lot9,category 2,b1,code1,6,6
2026-11-16,plant-B,line3,machine3,DN,lot7,category 1,a1,code5,12,12
2026-11-16,plant-B,line8,machine3,UP,lot8,category 2,b2,code3,18,18
2026-11-16,plant-B,line8,machine5,DN,lot3,pass,pass,,0,192
2026-11-16,plant-A,line8,machine4,DN,lot9,category 1,a4,code1,12,12
2026-11-16,plant-B,line8,machine3,DN,lot3,category 1,a4,code1,5,5
2026-11-16,plant-B,line2,machine2,DN,lot2,category 1,a1,code10,3,3
2026-11-16,plant-A,line9,machine4,UP,lot4,category 2,b3,code8,17,17
2026-11-16,plant-A,line3,machine4,UP,lot5,pass,pass,,0,232
2026-11-16,plant-B,line9,machine3,DN,lot9,category 1,a1,code10,5,5
2026-11-16,plant-A,line5,machine8,DN,lot7,pass,pass,,0,225
2026-11-16,plant-B,line2,machine2,UP,lot3,pass,pass,,0,376
2026-11-16,plant-A,line6,machine5,DN,lot6,category 1,a4,code1,11,11
2026-11-16,plant-A,line9,machine8,UP,lot3,category 2,b3,code9,13,13
2026-11-16,plant-A,line2,machine8,UP,lot1,category 2,b4,code9,10,10
2026-11-16,plant-B,line8,machine4,DN,lot7,pass,pass,,0,366
2026-11-16,plant-A,line2,machine8,DN,lot8,category 3,a2,code10,15,15
2026-11-16,plant-B,line4,machine5,UP,lot2,pass,pass,,0,181
2026-11-16,plant-A,line9,machine3,DN,lot8,category 1,a2,code10,1,1
2026-11-16,plant-B,line2,machine8,UP,lot7,pass,pass,,0,462
2026-11-16,plant-B,line7,machine3,UP,lot1,category 2,b4,code5,14,14
2026-11-16,plant-A,line2,machine6,UP,lot4,category 2,b1,code10,19,19
2026-11-16,plant-A,line8,machine2,DN,lot7,category 1,a1,code1,7,7
2026-11-16,plant-B,line1,machine4,DN,lot4,category 3,a1,code5,11,11
2026-11-16,plant-A,line1,machine3,UP,lot7,pass,pass,,0,463
2026-11-16,plant-A,line6,machine9,UP,lot5,category 2,b3,code10,13,13
2026-11-16,plant-A,line5,machine8,UP,lot6,pass,pass,,0,213
2026-11-16,plant-A,line3,machine1,UP,lot2,category 2,b2,code6,4,4
2026-11-16,plant-B,line3,machine8,UP,lot4,category 1,a4,code6,16,16
2026-11-16,plant-A,line4,machine9,DN,lot1,pass,pass,,0,460
2026-11-16,plant-B,line4,machine4,UP,lot1,pass,pass,,0,214
2026-11-16,plant-A,line5,machine2,DN,lot1,category 2,b3,code5,16,16
2026-11-16,plant-A,line7,machine5,DN,lot6,pass,pass,,0,274
2026-11-16,plant-B,line1,machine9,DN,lot9,category 2,b1,code9,16,16
2026-11-16,plant-B,line9,machine7,DN,lot7,pass,pass,,0,476
2026-11-16,plant-A,line6,machine2,DN,lot8,pass,pass,,0,269
2026-11-16,plant-B,line9,machine2,DN,lot4,category 3,a1,code6,11,11
2026-11-16,plant-B,line1,machine7,UP,lot9,pass,pass,,0,464
2026-11-16,plant-A,line3,machine5,DN,lot6,category 1,a3,code7,9,9
2026-11-16,plant-A,line4,machine2,UP,lot1,category 2,b2,code7,2,2
2026-11-16,plant-B,line3,machine8,DN,lot8,category 3,b3,code9,9,9
2026-11-16,plant-B,line3,machine8,DN,lot6,category 2,b1,code10,16,16
2026-11-16,plant-B,line9,machine1,DN,lot3,pass,pass,,0,277
2026-11-16,plant-A,line7,machine6,DN,lot5,category 1,a2,code8,5,5
2026-11-16,plant-A,line8,machine8,UP,lot8,category 1,a2,code9,18,18
2026-11-16,plant-A,line4,machine8,UP,lot7,category 2,b3,code1,15,15
2026-11-16,plant-B,line8,machine6,DN,lot9,category 2,b2,code1,12,12
2026-11-16,plant-B,line3,machine7,UP,lot9,category 3,a2,code7,9,9
2026-11-16,plant-B,line8,machine7,UP,lot2,pass,pass,,0,454
2026-11-16,plant-A,line4,machine5,UP,lot8,category 3,b4,code2,13,13
2026-11-16,plant-B,line6,machine8,DN,lot1,pass,pass,,0,428
2026-11-16,plant-B,line9,machine5,UP,lot7,pass,pass,,0,464
2026-11-16,plant-B,line6,machine8,DN,lot2,category 1,a3,code10,15,15
2026-11-16,plant-A,line8,machine5,UP,lot9,category 2,b3,code4,19,19
2026-11-16,plant-A,line9,machine5,DN,lot6,category 1,a1,code3,12,12
2026-11-16,plant-A,line5,machine9,DN,lot9,pass,pass,,0,354
2026-11-16,plant-A,line8,machine9,UP,lot5,category 2,b4,code10,17,17
2026-11-16,plant-A,line7,machine4,UP,lot9,pass,pass,,0,424
2026-11-16,plant-A,line4,machine3,DN,lot2,category 1,a1,code3,9,9
2026-11-16,plant-B,line5,machine5,DN,lot8,category 3,a2,code5,4,4
2026-11-16,plant-B,line7,machine6,DN,lot8,category 2,b3,code8,5,5
2026-11-16,plant-A,line4,machine7,UP,lot2,pass,pass,,0,284
2026-11-16,plant-B,line1,machine2,DN,lot5,category 2,b1,code8,3,3
2026-11-16,plant-B,line8,machine9,UP,lot3,pass,pass,,0,421
2026-11-16,plant-B,line7,machine9,DN,lot7,category 2,b2,code8,11,11
2026-11-16,plant-A,line4,machine2,DN,lot4,pass,pass,,0,153
2026-11-16,plant-A,line9,machine9,UP,lot6,pass,pass,,0,287
2026-11-16,plant-B,line7,machine1,UP,lot4,category 3,b3,code3,1,1
2026-11-16,plant-B,line3,machine7,DN,lot6,category 1,a3,code5,10,10
2026-11-16,plant-A,line9,machine5,UP,lot8,category 2,b3,code10,1,1
2026-11-16,plant-A,line2,machine2,DN,lot8,category 2,b2,code9,18,18
2026-11-16,plant-A,line3,machine3,DN,lot5,pass,pass,,0,287
2026-11-16,plant-A,line6,machine5,UP,lot7,category 3,b3,code7,7,7
2026-11-16,plant-A,line1,machine8,UP,lot2,category 1,a1,code6,7,7
2026-11-16,plant-B,line4,machine4,UP,lot4,category 1,a3,code7,11,11
2026-11-16,plant-B,line5,machine6,DN,lot7,category 3,a2,code3,16,16
2026-11-16,plant-A,line4,machine4,DN,lot8,category 1,a1,code10,9,9
2026-11-16,plant-B,line1,machine8,UP,lot4,pass,pass,,0,298
2026-11-16,plant-A,line3,machine4,UP,lot7,category 3,a2,code9,11,11
2026-11-16,plant-A,line9,machine8,UP,lot1,category 2,b1,code10,2,2
2026-11-16,plant-A,line6,machine2,DN,lot1,category 3,a1,code2,4,4
2026-11-16,plant-A,line8,machine6,DN,lot5,category 2,b2,code1,17,17
2026-11-16,plant-A,line6,machine6,UP,lot1,pass,pass,,0,315
2026-11-16,plant-A,line4,machine1,DN,lot6,category 1,a4,code7,1,1
2026-11-16,plant-B,line8,machine8,UP,lot1,category 2,b2,code4,2,2
2026-11-16,plant-A,line3,machine3,UP,lot1,pass,pass,,0,257
2026-11-16,plant-A,line6,machine4,DN,lot3,category 3,b3,code7,9,9
2026-11-16,plant-B,line5,machine2,DN,lot3,category 2,b1,code8,3,3
2026-11-16,plant-B,line8,machine1,UP,lot7,category 2,b3,code3,12,12
2026-11-16,plant-A,line1,machine2,UP,lot6,category 2,b2,code8,11,11
2026-11-16,plant-A,line1,machine2,DN,lot7,category 1,a4,code4,17,17
2026-11-16,plant-B,line8,machine1,DN,lot2,pass,pass,,0,400
2026-11-16,plant-B,line2,machine8,UP,lot9,category 2,b1,code10,8,8
2026-11-16,plant-A,line3,machine1,UP,lot3,category 2,b1,code5,13,13
2026-11-16,plant-B,line2,machine2,UP,lot6,pass,pass,,0,482
2026-11-16,plant-B,line9,machine3,DN,lot4,category 1,a1,code1,13,13
2026-11-16,plant-B,line8,machine3,DN,lot1,category 1,a4,code9,17,17
2026-11-16,plant-A,line2,machine1,UP,lot2,category 3,b4,code2,16,16
2026-11-16,plant-B,line2,machine4,UP,lot1,category 1,a1,code2,13,13
2026-11-16,plant-B,line6,machine9,DN,lot4,category 2,b4,code7,14,14
2026-11-16,plant-B,line5,machine1,DN,lot9,pass,pass,,0,204
2026-11-16,plant-A,line8,machine1,UP,lot6,pass,pass,,0,341
2026-11-16,plant-B,line8,machine5,UP,lot5,category 3,a2,code5,11,11
2026-11-16,plant-B,line9,machine8,DN,lot2,pass,pass,,0,307
2026-11-16,plant-B,line8,machine4,UP,lot9,pass,pass,,0,267
2026-11-16,plant-A,line5,machine6,UP,lot9,pass,pass,,0,447
2026-11-16,plant-B,line3,machine3,UP,lot3,pass,pass,,0,162
2026-11-16,plant-A,line5,machine6,UP,lot3,pass,pass,,0,489
2026-11-16,plant-A,line5,machine1,DN,lot3,pass,pass,,0,192
2026-11-16,plant-A,line2,machine1,UP,lot2,category 1,a1,code5,9,9
2026-11-16,plant-A,line3,machine3,DN,lot8,category 3,a1,code3,17,17
2026-11-16,plant-B,line2,machine7,UP,lot9,pass,pass,,0,293
2026-11-16,plant-B,line3,machine4,UP,lot8,category 3,b3,code5,5,5
2026-11-16,plant-B,line4,machine5,UP,lot9,category 2,b3,code1,19,19
2026-11-16,plant-A,line2,machine9,UP,lot6,category 2,b3,code7,13,13
2026-11-16,plant-B,line5,machine9,DN,lot1,category 1,a4,code8,15,15
2026-11-16,plant-B,line8,machine7,DN,lot2,category 2,b4,code7,12,12
2026-11-16,plant-A,line5,machine5,UP,lot8,pass,pass,,0,452
2026-11-16,plant-A,line6,machine5,DN,lot7,pass,pass,,0,211
2026-11-16,plant-A,line5,machine9,UP,lot7,category 2,b2,code7,9,9
2026-11-16,plant-B,line5,machine4,UP,lot1,pass,pass,,0,352
2026-11-16,plant-A,line1,machine1,DN,lot5,pass,pass,,0,446
2026-11-16,plant-A,line4,machine8,UP,lot1,category 2,b4,code10,2,2
2026-11-16,plant-B,line2,machine3,UP,lot3,pass,pass,,0,172
2026-11-16,plant-A,line1,machine7,UP,lot3,category 1,a2,code9,16,16
2026-11-16,plant-A,line2,machine2,DN,lot4,category 3,a2,code7,19,19
2026-11-16,plant-A,line4,machine1,UP,lot4,pass,pass,,0,261
2026-11-16,plant-B,line9,machine3,UP,lot7,category 2,b4,code1,15,15
2026-11-16,plant-A,line6,machine8,UP,lot8,category 3,a1,code6,2,2
2026-11-16,plant-A,line6,machine8,UP,lot2,pass,pass,,0,211
2026-11-16,plant-B,line5,machine3,UP,lot3,pass,pass,,0,172
2026-11-16,plant-A,line4,machine8,DN,lot4,category 2,b3,code5,3,3
2026-11-16,plant-B,line6,machine7,DN,lot7,category 2,b4,code5,13,13
2026-11-16,plant-A,line2,machine2,DN,lot5,pass,pass,,0,268
2026-11-16,plant-B,line2,machine1,UP,lot6,category 3,a1,code5,18,18
2026-11-16,plant-A,line4,machine8,DN,lot1,category 3,b4,code10,1,1
2026-11-16,plant-A,line9,machine4,DN,lot8,category 2,b3,code2,11,11
2026-11-16,plant-B,line5,machine1,DN,lot4,category 3,b3,code10,8,8
2026-11-16,plant-B,line4,machine5,UP,lot9,category 2,b3,code9,18,18
2026-11-16,plant-B,line4,machine8,DN,lot2,category 1,a1,code6,1,1
2026-11-16,plant-A,line8,machine9,DN,lot8,pass,pass,,0,357
2026-11-16,plant-A,line9,machine1,DN,lot4,category 1,a2,code7,7,7
2026-11-16,plant-B,line8,machine3,DN,lot9,category 1,a2,code7,4,4
2026-11-16,plant-A,line2,machine5,UP,lot5,category 1,a3,code10,4,4
2026-11-16,plant-A,line3,machine2,UP,lot4,pass,pass,,0,334
2026-11-16,plant-B,line2,machine2,DN,lot8,category 1,a1,code5,12,12
2026-11-16,plant-A,line7,machine1,DN,lot1,category 1,a3,code9,3,3
2026-11-16,plant-B,line7,machine1,UP,lot9,pass,pass,,0,329
2026-11-16,plant-A,line8,machine5,DN,lot7,category 2,b4,code3,1,1
2026-11-16,plant-B,line9,machine9,UP,lot4,category 2,b4,code6,12,12
2026-11-16,plant-B,line5,machine2,UP,lot9,pass,pass,,0,284
2026-11-16,plant-B,line1,machine1,UP,lot6,category 2,b1,code7,9,9
2026-11-16,plant-B,line4,machine7,DN,lot3,category 3,b4,code5,2,2
2026-11-16,plant-A,line9,machine7,DN,lot2,pass,pass,,0,360
2026-11-16,plant-B,line5,machine4,UP,lot4,category 3,b4,code1,7,7
2026-11-16,plant-A,line2,machine1,UP,lot1,category 1,a3,code5,6,6
2026-11-16,plant-B,line1,machine4,DN,lot9,category 2,b2,code2,13,13
2026-11-16,plant-A,line3,machine2,DN,lot3,category 3,a2,code3,2,2
2026-11-16,plant-B,line5,machine7,UP,lot7,pass,pass,,0,413
2026-11-16,plant-A,line4,machine7,UP,lot3,pass,pass,,0,479
2026-11-16,plant-B,line5,machine1,UP,lot8,pass,pass,,0,250
2026-11-16,plant-B,line8,machine2,DN,lot9,pass,pass,,0,335
2026-11-16,plant-A,line6,machine1,UP,lot9,category 1,a3,code10,19,19
2026-11-16,plant-A,line5,machine2,DN,lot1,category 3,a2,code1,6,6
2026-11-16,plant-B,line4,machine7,UP,lot8,category 1,a4,code3,14,14
2026-11-16,plant-B,line5,machine1,DN,lot7,category 2,b2,code10,8,8
2026-11-16,plant-A,line6,machine5,DN,lot4,pass,pass,,0,308
2026-11-16,plant-B,line4,machine5,UP,lot6,category 1,a3,code9,7,7
2026-11-16,plant-A,line1,machine4,DN,lot4,category 1,a2,code4,4,4
2026-11-17,,line3,machine5,UP,lot1,,,,1,1
2026-11-17,,line1,machine1,DN,lot2,,,,1,1
2026-11-17,,line9,machine3,UP,lot8,,,,1,1
2026-11-17,plant-A,line3,machine6,UP,lot8,category 1,a2,code2,14,14
2026-11-17,plant-B,line9,machine5,UP,lot7,pass,pass,,0,369
2026-11-17,plant-A,line7,machine6,DN,lot1,pass,pass,,0,249
2026-11-17,plant-A,line1,machine2,DN,lot1,category 2,b2,code1,17,17
2026-11-17,plant-A,line9,machine2,UP,lot5,category 1,a1,code10,8,8
2026-11-17,plant-B,line1,machine5,DN,lot1,pass,pass,,0,202
2026-11-17,plant-B,line3,machine8,UP,lot2,pass,pass,,0,239
2026-11-17,plant-A,line1,machine4,UP,lot3,category 1,a4,code2,1,1
2026-11-17,plant-B,line6,machine3,DN,lot4,category 3,b4,code10,5,5
2026-11-17,plant-B,line4,machine8,DN,lot5,pass,pass,,0,251
2026-11-17,plant-B,line7,machine4,UP,lot7,category 3,b3,code9,7,7
2026-11-17,plant-B,line2,machine9,DN,lot6,category 3,a1,code1,15,15
2026-11-17,plant-B,line4,machine2,DN,lot3,category 1,a4,code8,4,4
2026-11-17,plant-A,line1,machine6,UP,lot4,category 3,b4,code10,3,3
2026-11-17,plant-B,line1,machine6,UP,lot7,category 2,b3,code5,2,2
2026-11-17,plant-A,line9,machine7,DN,lot9,category 2,b3,code1,3,3
2026-11-17,plant-A,line7,machine6,DN,lot8,pass,pass,,0,187
2026-11-17,plant-B,line7,machine6,UP,lot5,category 1,a1,code2,16,16
2026-11-17,plant-B,line3,machine2,UP,lot7,category 1,a1,code1,6,6
2026-11-17,plant-B,line4,machine3,DN,lot8,pass,pass,,0,423
2026-11-17,plant-B,line5,machine9,DN,lot7,category 3,a2,code3,10,10
2026-11-17,plant-A,line3,machine6,UP,lot8,category 3,a2,code10,17,17
2026-11-17,plant-B,line4,machine1,DN,lot2,category 3,b4,code10,19,19
2026-11-17,plant-B,line8,machine6,UP,lot2,category 1,a2,code3,18,18
2026-11-17,plant-A,line1,machine3,UP,lot2,category 1,a1,code3,2,2
2026-11-17,plant-B,line4,machine5,UP,lot4,category 1,a1,code4,18,18
2026-11-17,plant-B,line9,machine4,DN,lot3,category 1,a3,code7,15,15
2026-11-17,plant-B,line5,machine4,UP,lot5,pass,pass,,0,478
2026-11-17,plant-B,line9,machine7,DN,lot7,category 1,a3,code4,17,17
2026-11-17,plant-B,line2,machine9,DN,lot8,category 3,b3,code7,19,19
2026-11-17,plant-B,line4,machine5,DN,lot9,category 3,b3,code9,18,18
2026-11-17,plant-A,line2,machine7,UP,lot6,category 1,a3,code3,3,3
2026-11-17,plant-A,line6,machine2,UP,lot7,category 2,b1,code5,14,14
2026-11-17,plant-B,line2,machine4,DN,lot6,pass,pass,,0,402
2026-11-17,plant-A,line2,machine6,DN,lot2,category 3,b3,code4,15,15
2026-11-17,plant-A,line8,machine1,UP,lot6,pass,pass,,0,472
2026-11-17,plant-A,line1,machine2,UP,lot3,category 2,b1,code10,5,5
2026-11-17,plant-A,line1,machine4,DN,lot8,pass,pass,,0,460
2026-11-17,plant-A,line3,machine4,DN,lot5,category 1,a1,code5,8,8
2026-11-17,plant-A,line4,machine1,DN,lot2,pass,pass,,0,377
2026-11-17,plant-B,line6,machine6,UP,lot1,pass,pass,,0,152
2026-11-17,plant-A,line1,machine9,UP,lot1,category 2,b1,code4,9,9
2026-11-17,plant-A,line3,machine4,DN,lot2,category 3,a2,code6,11,11
2026-11-17,plant-B,line5,machine9,UP,lot9,pass,pass,,0,422
2026-11-17,plant-A,line7,machine8,UP,lot9,pass,pass,,0,340
2026-11-17,plant-B,line6,machine7,DN,lot7,category 1,a4,code1,8,8
2026-11-17,plant-B,line1,machine9,UP,lot3,category 3,a1,code10,11,11
2026-11-17,plant-B,line1,machine7,UP,lot4,pass,pass,,0,336
2026-11-17,plant-A,line7,machine2,DN,lot9,category 3,a1,code5,14,14
2026-11-17,plant-B,line9,machine3,DN,lot8,category 1,a2,code9,4,4
2026-11-17,plant-A,line3,machine7,DN,lot7,category 3,a1,code10,11,11
2026-11-17,plant-B,line3,machine3,DN,lot5,category 3,a1,code1,17,17
2026-11-17,plant-B,line4,machine1,DN,lot6,pass,pass,,0,270
2026-11-17,plant-B,line9,machine9,UP,lot4,pass,pass,,0,198
2026-11-17,plant-A,line3,machine3,DN,lot5,pass,pass,,0,384
2026-11-17,plant-A,line7,machine6,DN,lot6,pass,pass,,0,498
2026-11-17,plant-A,line4,machine1,DN,lot5,pass,pass,,0,434
2026-11-17,plant-B,line4,machine9,UP,lot6,category 2,b2,code8,12,12
2026-11-17,plant-A,line3,machine7,DN,lot9,category 1,a1,code7,19,19
2026-11-17,plant-A,line9,machine3,UP,lot5,pass,pass,,0,422
2026-11-17,plant-A,line6,machine6,DN,lot7,category 3,b3,code8,10,10
2026-11-17,plant-A,line9,machine9,DN,lot1,category 1,a3,code10,8,8
2026-11-17,plant-B,line2,machine1,UP,lot8,pass,pass,,0,218
2026-11-17,plant-B,line6,machine9,DN,lot4,category 3,a1,code1,16,16
2026-11-17,plant-B,line3,machine2,DN,lot7,category 2,b4,code3,18,18
2026-11-17,plant-B,line4,machine9,DN,lot7,category 1,a1,code3,12,12
2026-11-17,plant-B,line9,machine7,UP,lot1,category 1,a2,code2,6,6
2026-11-17,plant-A,line3,machine4,UP,lot1,pass,pass,,0,201
2026-11-17,plant-B,line5,machine9,UP,lot9,category 1,a1,code7,15,15
2026-11-17,plant-A,line8,machine8,UP,lot5,category 3,a1,code8,7,7
2026-11-17,plant-B,line9,machine8,DN,lot3,category 3,a2,code6,2,2
2026-11-17,plant-B,line5,machine2,UP,lot3,category 2,b4,code2,16,16
2026-11-17,plant-B,line9,machine3,DN,lot4,category 2,b2,code4,4,4
2026-11-17,plant-A,line7,machine4,DN,lot1,category 1,a3,code2,2,2
2026-11-17,plant-A,line1,machine5,UP,lot1,pass,pass,,0,279
2026-11-17,plant-A,line1,machine2,DN,lot4,category 3,a1,code2,5,5
2026-11-17,plant-B,line1,machine3,DN,lot1,pass,pass,,0,383
2026-11-17,plant-B,line1,machine9,DN,lot1,category 1,a4,code7,13,13
2026-11-17,plant-B,line8,machine9,UP,lot2,category 2,b4,code10,15,15
2026-11-17,plant-B,line1,machine8,UP,lot1,pass,pass,,0,352
2026-11-17,plant-A,line5,machine9,DN,lot8,category 2,b1,code3,4,4
2026-11-17,plant-A,line8,machine9,DN,lot4,category 3,a1,code5,19,19
2026-11-17,plant-B,line5,machine7,UP,lot3,category 1,a1,code8,18,18
2026-11-17,plant-A,line9,machine6,DN,lot6,pass,pass,,0,306
2026-11-17,plant-A,line6,machine8,UP,lot8,category 3,b4,code1,11,11
2026-11-17,plant-A,line3,machine3,UP,lot8,category 1,a4,code8,12,12
2026-11-17,plant-A,line2,machine3,DN,lot5,category 1,a3,code4,7,7
2026-11-17,plant-A,line1,machine4,UP,lot6,category 3,b4,code5,6,6
2026-11-17,plant-A,line2,machine6,UP,lot9,category 3,b4,code8,10,10
2026-11-17,plant-B,line7,machine8,UP,lot1,category 1,a4,code4,15,15
2026-11-17,plant-A,line6,machine5,UP,lot9,pass,pass,,0,351
2026-11-17,plant-B,line5,machine4,DN,lot4,category 1,a3,code6,19,19
2026-11-17,plant-B,line2,machine9,DN,lot8,pass,pass,,0,259
2026-11-17,plant-B,line8,machine9,DN,lot3,pass,pass,,0,351
2026-11-17,plant-B,line3,machine3,DN,lot9,pass,pass,,0,403
2026-11-17,plant-A,line7,machine9,DN,lot2,pass,pass,,0,206
2026-11-17,plant-B,line4,machine8,UP,lot5,category 1,a2,code5,16,16
2026-11-17,plant-A,line3,machine7,UP,lot6,category 1,a2,code7,14,14
2026-11-17,plant-A,line3,machine9,DN,lot6,category 2,b4,code10,10,10
2026-11-17,plant-B,line3,machine6,DN,lot9,category 3,a1,code3,18,18
2026-11-17,plant-B,line8,machine4,DN,lot2,category 2,b1,code2,17,17
2026-11-17,plant-A,line7,machine6,DN,lot3,category 2,b4,code5,10,10
2026-11-17,plant-B,line4,machine8,UP,lot1,category 1,a1,code1,12,12
2026-11-17,plant-B,line3,machine2,DN,lot8,category 1,a2,code1,12,12
2026-11-17,plant-B,line1,machine6,UP,lot7,category 1,a1,code5,4,4
2026-11-17,plant-A,line9,machine4,UP,lot4,pass,pass,,0,478
2026-11-17,plant-A,line9,machine8,UP,lot8,pass,pass,,0,221
2026-11-17,plant-B,line2,machine3,UP,lot8,category 2,b4,code10,6,6
2026-11-17,plant-A,line8,machine8,UP,lot7,category 2,b1,code5,3,3
2026-11-17,plant-A,line3,machine4,UP,lot3,pass,pass,,0,391
2026-11-17,plant-B,line3,machine9,DN,lot5,category 3,a2,code6,17,17
2026-11-17,plant-A,line9,machine5,DN,lot5,category 3,a1,code6,15,15
2026-11-17,plant-A,line9,machine7,UP,lot3,category 3,a2,code7,3,3
2026-11-17,plant-A,line8,machine1,DN,lot1,category 1,a3,code1,17,17
2026-11-17,plant-B,line2,machine6,DN,lot8,category 1,a4,code4,11,11
2026-11-17,plant-A,line8,machine1,DN,lot1,category 1,a3,code4,7,7
2026-11-17,plant-A,line6,machine2,UP,lot9,pass,pass,,0,325
2026-11-17,plant-B,line1,machine6,UP,lot6,category 1,a4,code3,2,2
2026-11-17,plant-A,line1,machine8,UP,lot1,category 2,b2,code1,16,16
2026-11-17,plant-A,line7,machine6,UP,lot6,category 3,a2,code1,10,10
2026-11-17,plant-B,line3,machine9,UP,lot2,category 1,a4,code7,1,1
2026-11-17,plant-B,line5,machine8,DN,lot9,category 3,b3,code2,19,19
2026-11-17,plant-B,line4,machine8,UP,lot6,pass,pass,,0,269
2026-11-17,plant-B,line3,machine8,DN,lot5,pass,pass,,0,401
2026-11-17,plant-B,line9,machine5,DN,lot6,pass,pass,,0,334
2026-11-17,plant-A,line9,machine5,UP,lot2,category 1,a2,code4,19,19
2026-11-17,plant-A,line6,machine3,UP,lot6,pass,pass,,0,409
2026-11-17,plant-A,line2,machine3,DN,lot7,category 1,a3,code5,13,13
2026-11-17,plant-B,line9,machine9,DN,lot1,category 3,b4,code6,8,8
2026-11-17,plant-B,line6,machine4,UP,lot5,pass,pass,,0,208
2026-11-17,plant-B,line3,machine1,DN,lot2,category 3,b4,code10,1,1
2026-11-17,plant-A,line4,machine5,UP,lot8,category 1,a4,code2,10,10
2026-11-17,plant-B,line1,machine9,DN,lot7,category 2,b1,code7,11,11
2026-11-17,plant-B,line3,machine2,DN,lot7,category 1,a1,code8,10,10
2026-11-17,plant-A,line9,machine4,DN,lot7,pass,pass,,0,250
2026-11-17,plant-A,line1,machine7,UP,lot9,pass,pass,,0,464
2026-11-17,plant-B,line6,machine2,UP,lot8,pass,pass,,0,329
2026-11-17,plant-B,line8,machine6,DN,lot8,category 1,a4,code1,5,5
2026-11-17,plant-A,line1,machine3,DN,lot6,category 1,a4,code8,6,6
2026-11-17,plant-A,line5,machine6,DN,lot1,pass,pass,,0,297
2026-11-17,plant-B,line5,machine1,DN,lot7,category 1,a2,code10,5,5
2026-11-17,plant-B,line5,machine8,DN,lot6,pass,pass,,0,431
2026-11-17,plant-A,line3,machine3,UP,lot6,category 2,b4,code3,3,3
2026-11-17,plant-B,line7,machine3,DN,lot5,category 2,b4,code1,17,17
2026-11-17,plant-B,line7,machine5,UP,lot3,pass,pass,,0,261
2026-11-17,plant-A,line4,machine5,UP,lot8,pass,pass,,0,338
2026-11-17,plant-A,line7,machine3,DN,lot3,pass,pass,,0,217
2026-11-17,plant-A,line3,machine1,DN,lot3,category 1,a4,code10,17,17
2026-11-17,plant-A,line5,machine9,DN,lot3,category 1,a3,code8,16,16
2026-11-17,plant-A,line9,machine8,DN,lot7,category 3,b4,code9,8,8
2026-11-17,plant-A,line6,machine6,UP,lot4,category 1,a3,code9,17,17
2026-11-17,plant-A,line5,machine4,UP,lot1,category 3,a1,code3,16,16
2026-11-17,plant-B,line1,machine2,DN,lot2,category 2,b1,code8,5,5
2026-11-17,plant-B,line5,machine5,DN,lot8,pass,pass,,0,386
2026-11-17,plant-A,line9,machine2,DN,lot5,pass,pass,,0,176
2026-11-17,plant-A,line3,machine9,UP,lot9,category 2,b3,code8,4,4
2026-11-17,plant-B,line6,machine4,DN,lot8,pass,pass,,0,370
2026-11-17,plant-B,line1,machine8,UP,lot4,category 3,b3,code1,17,17
2026-11-17,plant-A,line7,machine2,DN,lot6,pass,pass,,0,351
2026-11-17,plant-B,line4,machine6,UP,lot1,category 3,a1,code8,7,7
2026-11-17,plant-A,line2,machine2,DN,lot5,category 2,b4,code6,6,6
2026-11-17,plant-A,line5,machine7,DN,lot1,pass,pass,,0,306
2026-11-17,plant-A,line1,machine1,UP,lot1,pass,pass,,0,386
2026-11-17,plant-B,line1,machine9,DN,lot8,pass,pass,,0,442
2026-11-17,plant-B,line1,machine9,UP,lot3,pass,pass,,0,219
2026-11-17,plant-A,line1,machine1,UP,lot6,category 2,b3,code9,7,7
2026-11-17,plant-B,line1,machine5,DN,lot3,category 3,a2,code4,17,17
2026-11-17,plant-B,line1,machine4,DN,lot1,pass,pass,,0,163
2026-11-17,plant-A,line8,machine2,UP,lot3,pass,pass,,0,299
2026-11-17,plant-B,line5,machine5,UP,lot2,category 3,b3,code4,1,1
2026-11-17,plant-B,line8,machine2,UP,lot3,category 3,a2,code7,13,13
2026-11-17,plant-B,line5,machine7,UP,lot8,category 2,b4,code4,11,11
2026-11-17,plant-A,line6,machine1,DN,lot9,category 1,a2,code9,4,4
2026-11-17,plant-A,line2,machine5,DN,lot2,category 3,a2,code9,10,10
2026-11-17,plant-A,line8,machine8,UP,lot4,pass,pass,,0,191
2026-11-17,plant-A,line5,machine8,UP,lot7,pass,pass,,0,334
2026-11-17,plant-B,line5,machine9,UP,lot8,pass,pass,,0,166
2026-11-17,plant-B,line5,machine1,UP,lot8,category 1,a3,code2,6,6
2026-11-17,plant-B,line5,machine4,DN,lot4,category 2,b1,code2,10,10
2026-11-17,plant-B,line9,machine4,DN,lot2,pass,pass,,0,486
2026-11-17,plant-B,line9,machine3,DN,lot3,category 3,b3,code7,8,8
2026-11-17,plant-B,line8,machine5,DN,lot1,category 2,b4,code4,15,15
2026-11-17,plant-A,line3,machine3,UP,lot1,category 2,b3,code6,8,8
2026-11-17,plant-B,line8,machine5,DN,lot3,category 3,b3,code9,2,2
2026-11-17,plant-A,line3,machine9,DN,lot6,category 1,a2,code8,15,15
2026-11-17,plant-B,line7,machine8,DN,lot6,pass,pass,,0,293
2026-11-17,plant-A,line4,machine9,UP,lot7,category 3,b4,code9,7,7
2026-11-17,plant-A,line2,machine4,UP,lot4,pass,pass,,0,339
2026-11-17,plant-B,line5,machine4,DN,lot7,category 3,a1,code9,4,4
2026-11-17,plant-A,line8,machine4,DN,lot3,pass,pass,,0,177
2026-11-17,plant-A,line1,machine1,DN,lot1,category 3,a1,code8,7,7
2026-11-17,plant-A,line3,machine5,DN,lot5,category 2,b1,code5,2,2
2026-11-17,plant-B,line6,machine1,DN,lot1,category 3,b3,code1,18,18
2026-11-17,plant-A,line5,machine5,DN,lot7,pass,pass,,0,336
2026-11-17,plant-B,line8,machine3,DN,lot4,category 3,b3,code7,9,9
2026-11-17,plant-B,line7,machine1,UP,lot2,category 2,b2,code1,17,17
2026-11-17,plant-A,line7,machine9,DN,lot5,pass,pass,,0,150
2026-11-18,,line6,machine8,UP,lot8,,,,1,1
2026-11-18,,line4,machine5,DN,lot6,,,,3,3
2026-11-18,,line8,machine3,UP,lot9,,,,0,100
2026-11-18,plant-A,line3,machine3,DN,lot6,category 2,b4,code7,5,5
2026-11-18,plant-A,line3,machine3,UP,lot2,category 1,a4,code1,16,16
2026-11-18,plant-B,line8,machine5,DN,lot6,category 3,b4,code10,7,7
2026-11-18,plant-B,line8,machine6,UP,lot3,category 2,b2,code9,10,10
2026-11-18,plant-A,line8,machine8,DN,lot2,category 1,a1,code3,11,11
2026-11-18,plant-B,line8,machine8,UP,lot7,category 1,a2,code10,12,12
2026-11-18,plant-A,line5,machine6,UP,lot2,category 3,b3,code1,16,16
2026-11-18,plant-A,line9,machine3,UP,lot5,pass,pass,,0,309
2026-11-18,plant-A,line2,machine3,DN,lot9,category 2,b3,code10,8,8
2026-11-18,plant-B,line6,machine3,UP,lot8,category 3,b4,code3,17,17
2026-11-18,plant-A,line1,machine7,DN,lot5,category 3,b4,code8,1,1
2026-11-18,plant-A,line2,machine4,UP,lot2,pass,pass,,0,498
2026-11-18,plant-B,line7,machine4,UP,lot7,pass,pass,,0,194
2026-11-18,plant-A,line2,machine3,UP,lot5,pass,pass,,0,205
2026-11-18,plant-B,line6,machine4,UP,lot9,category 2,b1,code2,17,17
2026-11-18,plant-B,line6,machine7,UP,lot4,category 3,b4,code5,9,9
2026-11-18,plant-A,line4,machine6,UP,lot7,category 1,a4,code6,7,7
2026-11-18,plant-B,line6,machine2,DN,lot5,category 3,b4,code4,17,17
2026-11-18,plant-B,line3,machine6,UP,lot1,category 1,a1,code2,7,7
2026-11-18,plant-A,line9,machine1,DN,lot9,category 1,a3,code3,11,11
2026-11-18,plant-A,line1,machine6,DN,lot2,category 2,b1,code7,1,1
2026-11-18,plant-A,line5,machine1,UP,lot9,category 1,a3,code3,10,10
2026-11-18,plant-B,line2,machine6,UP,lot8,category 3,a1,code1,1,1
2026-11-18,plant-A,line6,machine1,DN,lot4,pass,pass,,0,490
2026-11-18,plant-A,line6,machine2,DN,lot9,pass,pass,,0,276
2026-11-18,plant-A,line1,machine9,DN,lot5,category 1,a4,code10,17,17
2026-11-18,plant-B,line5,machine8,DN,lot4,category 1,a1,code8,17,17
2026-11-18,plant-B,line6,machine5,DN,lot9,category 3,b4,code2,9,9
2026-11-18,plant-A,line9,machine5,DN,lot2,category 1,a4,code6,17,17
2026-11-18,plant-B,line3,machine6,DN,lot4,category 1,a1,code8,9,9
2026-11-18,plant-B,line9,machine2,DN,lot7,pass,pass,,0,399
2026-11-18,plant-A,line9,machine5,DN,lot9,category 2,b1,code3,8,8
2026-11-18,plant-A,line7,machine8,UP,lot8,category 1,a3,code7,8,8
2026-11-18,plant-A,line4,machine7,DN,lot8,category 1,a1,code7,8,8
2026-11-18,plant-A,line2,machine4,UP,lot6,category 3,a1,code2,7,7
2026-11-18,plant-B,line9,machine6,UP,lot2,category 3,a2,code4,4,4
2026-11-18,plant-B,line5,machine9,DN,lot2,pass,pass,,0,306
2026-11-18,plant-B,line7,machine2,UP,lot4,pass,pass,,0,308
2026-11-18,plant-A,line7,machine7,DN,lot7,category 2,b1,code1,11,11
2026-11-18,plant-A,line6,machine4,DN,lot9,category 3,a1,code10,13,13
2026-11-18,plant-A,line9,machine1,UP,lot9,pass,pass,,0,394
2026-11-18,plant-B,line9,machine5,UP,lot6,category 2,b2,code1,11,11
2026-11-18,plant-A,line1,machine6,DN,lot5,category 3,b3,code6,15,15
2026-11-18,plant-B,line2,machine9,DN,lot3,category 1,a1,code6,14,14
2026-11-18,plant-A,line3,machine5,DN,lot5,category 2,b4,code6,18,18
2026-11-18,plant-B,line2,machine5,DN,lot5,category 2,b4,code9,15,15
2026-11-18,plant-A,line9,machine9,UP,lot2,pass,pass,,0,368
2026-11-18,plant-A,line7,machine4,UP,lot3,category 1,a2,code10,11,11
2026-11-18,plant-A,line5,machine7,UP,lot1,category 2,b1,code8,13,13
2026-11-18,plant-B,line1,machine6,DN,lot5,category 3,a1,code10,18,18
2026-11-18,plant-B,line6,machine6,UP,lot6,category 3,a1,code1,17,17
2026-11-18,plant-B,line3,machine2,DN,lot7,category 3,a2,code5,8,8
2026-11-18,plant-A,line7,machine4,DN,lot3,category 1,a1,code10,2,2
2026-11-18,plant-A,line5,machine3,UP,lot4,category 2,b4,code10,4,4
2026-11-18,plant-A,line1,machine9,DN,lot5,category 2,b2,code4,11,11
2026-11-18,plant-B,line4,machine6,DN,lot8,category 1,a2,code8,9,9
2026-11-18,plant-A,line5,machine1,DN,lot1,pass,pass,,0,277
2026-11-18,plant-A,line5,machine7,UP,lot4,category 1,a1,code6,17,17
2026-11-18,plant-A,line5,machine4,UP,lot4,pass,pass,,0,250
2026-11-18,plant-A,line9,machine5,DN,lot1,category 3,a1,code3,6,6
2026-11-18,plant-B,line4,machine4,DN,lot7,pass,pass,,0,439
2026-11-18,plant-B,line4,machine3,DN,lot7,pass,pass,,0,174
2026-11-18,plant-B,line6,machine8,UP,lot7,category 1,a1,code6,9,9
2026-11-18,plant-B,line8,machine5,UP,lot3,pass,pass,,0,363
2026-11-18,plant-B,line5,machine2,DN,lot7,category 3,b4,code7,10,10
2026-11-18,plant-B,line4,machine3,UP,lot1,category 2,b3,code1,8,8
2026-11-18,plant-B,line2,machine1,UP,lot6,category 1,a4,code8,10,10
2026-11-18,plant-B,line5,machine8,UP,lot7,category 1,a4,code2,11,11
2026-11-18,plant-B,line8,machine6,DN,lot5,category 2,b3,code7,16,16
2026-11-18,plant-B,line2,machine8,UP,lot5,category 3,a1,code10,15,15
2026-11-18,plant-A,line3,machine3,DN,lot5,category 1,a1,code5,15,15
2026-11-18,plant-A,line7,machine4,UP,lot5,pass,pass,,0,173
2026-11-18,plant-A,line3,machine8,DN,lot9,pass,pass,,0,299
2026-11-18,plant-B,line5,machine6,DN,lot3,pass,pass,,0,371
2026-11-18,plant-A,line5,machine3,UP,lot8,category 1,a2,code10,15,15
2026-11-18,plant-B,line3,machine6,UP,lot5,category 3,b3,code1,13,13
2026-11-18,plant-B,line4,machine2,UP,lot1,pass,pass,,0,262
2026-11-18,plant-B,line1,machine3,UP,lot9,category 2,b2,code8,9,9
2026-11-18,plant-A,line4,machine9,DN,lot9,pass,pass,,0,352
2026-11-18,plant-B,line3,machine5,DN,lot2,category 1,a2,code10,19,19
2026-11-18,plant-A,line6,machine6,DN,lot3,pass,pass,,0,440
2026-11-18,plant-B,line4,machine5,DN,lot8,pass,pass,,0,203
2026-11-18,plant-A,line1,machine7,DN,lot1,category 3,b3,code3,16,16
2026-11-18,plant-B,line9,machine7,DN,lot4,pass,pass,,0,338
2026-11-18,plant-B,line4,machine1,UP,lot5,category 2,b2,code7,7,7
2026-11-18,plant-B,line7,machine6,DN,lot9,category 2,b1,code2,8,8
2026-11-18,plant-A,line7,machine4,DN,lot2,category 1,a4,code1,8,8
2026-11-18,plant-B,line9,machine5,DN,lot2,category 2,b1,code10,9,9
2026-11-18,plant-B,line4,machine8,UP,lot3,category 1,a2,code8,4,4
2026-11-18,plant-B,line4,machine3,UP,lot6,category 1,a2,code3,1,1
2026-11-18,plant-B,line7,machine9,UP,lot2,category 1,a2,code4,2,2
2026-11-18,plant-B,line4,machine7,UP,lot2,pass,pass,,0,295
2026-11-18,plant-B,line1,machine6,UP,lot9,category 3,b3,code9,7,7
2026-11-18,plant-A,line7,machine6,DN,lot9,pass,pass,,0,379
2026-11-18,plant-A,line2,machine5,UP,lot4,category 1,a2,code6,10,10
2026-11-18,plant-A,line5,machine9,UP,lot7,category 3,b3,code3,10,10
2026-11-18,plant-A,line4,machine1,DN,lot5,category 3,b4,code2,13,13
2026-11-18,plant-A,line8,machine9,DN,lot3,category 1,a3,code4,6,6
2026-11-18,plant-B,line2,machine3,UP,lot3,category 2,b4,code6,5,5
2026-11-18,plant-B,line1,machine3,DN,lot8,category 1,a1,code2,14,14
2026-11-18,plant-B,line3,machine2,UP,lot9,category 3,a1,code9,12,12
2026-11-18,plant-A,line5,machine7,UP,lot8,category 3,a2,code10,19,19
2026-11-18,plant-A,line5,machine3,UP,lot7,pass,pass,,0,494
2026-11-18,plant-B,line9,machine4,UP,lot8,category 2,b4,code2,2,2
2026-11-18,plant-B,line8,machine5,UP,lot3,pass,pass,,0,431
2026-11-18,plant-A,line5,machine1,DN,lot4,category 1,a1,code2,5,5
2026-11-18,plant-A,line1,machine4,DN,lot9,category 2,b4,code1,2,2
2026-11-18,plant-A,line5,machine5,UP,lot7,category 2,b1,code4,11,11
2026-11-18,plant-A,line8,machine7,UP,lot6,category 2,b3,code9,19,19
2026-11-18,plant-A,line2,machine8,UP,lot6,pass,pass,,0,170
2026-11-18,plant-A,line6,machine5,DN,lot7,category 3,b3,code3,8,8
2026-11-18,plant-A,line9,machine1,UP,lot2,category 2,b2,code5,19,19
2026-11-18,plant-A,line2,machine3,DN,lot8,category 1,a3,code5,18,18
2026-11-18,plant-B,line2,machine4,UP,lot6,category 1,a1,code4,3,3
2026-11-18,plant-B,line1,machine7,UP,lot3,category 2,b1,code3,14,14
2026-11-18,plant-B,line4,machine6,DN,lot6,category 1,a3,code8,7,7
2026-11-18,plant-B,line6,machine5,UP,lot4,category 2,b4,code7,16,16
2026-11-18,plant-A,line5,machine1,UP,lot5,category 2,b2,code2,2,2
2026-11-18,plant-B,line2,machine5,UP,lot4,category 3,a2,code1,14,14
2026-11-18,plant-A,line2,machine8,DN,lot6,category 2,b1,code7,15,15
2026-11-18,plant-A,line7,machine1,UP,lot9,category 2,b1,code8,14,14
2026-11-18,plant-A,line6,machine4,DN,lot8,category 2,b3,code8,10,10
2026-11-18,plant-B,line5,machine4,UP,lot6,category 1,a3,code3,18,18
2026-11-18,plant-B,line5,machine4,DN,lot3,pass,pass,,0,404
2026-11-18,plant-B,line9,machine7,UP,lot2,pass,pass,,0,263
2026-11-18,plant-A,line9,machine2,DN,lot6,category 1,a3,code5,3,3
2026-11-18,plant-B,line3,machine6,UP,lot8,category 3,b3,code7,6,6
2026-11-18,plant-A,line6,machine6,DN,lot6,category 2,b2,code4,18,18
2026-11-18,plant-B,line5,machine3,UP,lot3,pass,pass,,0,263
2026-11-18,plant-B,line3,machine1,UP,lot5,category 2,b1,code4,5,5
2026-11-18,plant-B,line8,machine6,DN,lot4,category 2,b4,code4,15,15
2026-11-18,plant-B,line6,machine7,UP,lot4,pass,pass,,0,494
2026-11-18,plant-B,line2,machine5,DN,lot2,pass,pass,,0,150
2026-11-18,plant-B,line5,machine1,DN,lot3,pass,pass,,0,388
2026-11-18,plant-A,line9,machine8,DN,lot5,category 3,b4,code3,9,9
2026-11-18,plant-A,line5,machine9,UP,lot9,category 2,b2,code6,3,3
2026-11-18,plant-B,line7,machine3,DN,lot5,pass,pass,,0,154
2026-11-18,plant-B,line2,machine8,DN,lot4,category 3,b3,code9,15,15
2026-11-18,plant-B,line3,machine3,DN,lot4,category 3,b4,code8,18,18
2026-11-18,plant-B,line9,machine3,UP,lot7,category 3,a1,code8,6,6
2026-11-18,plant-A,line4,machine8,DN,lot5,category 2,b2,code3,19,19
2026-11-18,plant-B,line3,machine1,DN,lot8,category 1,a1,code1,13,13
2026-11-18,plant-A,line8,machine6,UP,lot4,category 3,b4,code8,13,13
2026-11-18,plant-A,line2,machine8,DN,lot9,pass,pass,,0,495
2026-11-18,plant-B,line9,machine2,DN,lot8,category 2,b2,code6,13,13
2026-11-18,plant-A,line7,machine5,UP,lot2,pass,pass,,0,482
2026-11-18,plant-B,line6,machine7,DN,lot7,pass,pass,,0,252
2026-11-18,plant-B,line4,machine9,UP,lot9,category 1,a4,code4,8,8
2026-11-18,plant-A,line8,machine1,UP,lot5,pass,pass,,0,478
2026-11-18,plant-A,line8,machine8,DN,lot1,category 3,b3,code9,4,4
2026-11-18,plant-B,line3,machine3,UP,lot7,category 1,a3,code6,17,17
2026-11-18,plant-B,line4,machine8,UP,lot1,pass,pass,,0,201
2026-11-18,plant-B,line2,machine8,DN,lot5,pass,pass,,0,339
2026-11-18,plant-B,line5,machine1,DN,lot4,category 2,b4,code8,1,1
2026-11-18,plant-B,line4,machine5,UP,lot5,category 1,a1,code3,7,7
2026-11-18,plant-A,line6,machine3,DN,lot9,category 2,b2,code3,18,18
2026-11-18,plant-A,line8,machine7,DN,lot9,pass,pass,,0,397
2026-11-18,plant-A,line9,machine8,UP,lot3,pass,pass,,0,253
2026-11-18,plant-B,line2,machine3,UP,lot6,pass,pass,,0,315
2026-11-18,plant-A,line6,machine6,DN,lot3,category 2,b4,code6,6,6
2026-11-18,plant-B,line2,machine8,DN,lot3,category 1,a1,code9,19,19
2026-11-18,plant-A,line1,machine7,DN,lot3,pass,pass,,0,330
2026-11-18,plant-B,line8,machine3,UP,lot1,pass,pass,,0,421
2026-11-18,plant-A,line4,machine8,UP,lot5,category 1,a4,code10,10,10
2026-11-18,plant-B,line1,machine3,DN,lot8,category 1,a1,code10,17,17
2026-11-18,plant-B,line9,machine1,DN,lot5,category 2,b1,code3,10,10
2026-11-18,plant-A,line9,machine7,DN,lot8,pass,pass,,0,391
2026-11-18,plant-B,line4,machine5,UP,lot8,pass,pass,,0,346
2026-11-18,plant-B,line7,machine6,UP,lot8,category 2,b3,code5,13,13
2026-11-18,plant-B,line4,machine6,DN,lot1,category 2,b4,code3,19,19
2026-11-18,plant-B,line9,machine8,DN,lot3,category 1,a4,code2,13,13
2026-11-18,plant-A,line5,machine7,DN,lot6,category 3,b3,code2,13,13
2026-11-18,plant-A,line4,machine2,UP,lot6,pass,pass,,0,318
2026-11-18,plant-B,line2,machine4,DN,lot3,pass,pass,,0,365
2026-11-18,plant-A,line8,machine2,DN,lot2,pass,pass,,0,184
2026-11-18,plant-A,line6,machine9,DN,lot6,category 2,b4,code10,12,12
2026-11-18,plant-A,line2,machine8,UP,lot9,category 2,b4,code1,5,5
2026-11-18,plant-A,line1,machine3,DN,lot8,category 1,a3,code2,6,6
2026-11-18,plant-A,line9,machine3,DN,lot4,pass,pass,,0,271
2026-11-18,plant-A,line2,machine5,UP,lot9,category 1,a3,code9,10,10
2026-11-18,plant-A,line1,machine1,DN,lot4,category 1,a3,code9,6,6
2026-11-18,plant-A,line2,machine8,UP,lot5,category 2,b3,code2,18,18
2026-11-18,plant-A,line5,machine9,UP,lot2,pass,pass,,0,452
2026-11-18,plant-A,line8,machine5,UP,lot4,category 3,b3,code7,9,9
2026-11-18,plant-B,line1,machine3,UP,lot5,category 1,a4,code6,12,12
2026-11-18,plant-A,line1,machine1,UP,lot5,category 1,a4,code2,5,5
2026-11-18,plant-A,line9,machine5,UP,lot2,category 3,a1,code2,16,16
2026-11-18,plant-A,line6,machine3,DN,lot9,category 1,a4,code6,18,18
2026-11-18,plant-B,line2,machine6,DN,lot7,category 3,b3,code1,12,12
2026-11-18,plant-B,line8,machine9,DN,lot1,category 1,a2,code6,2,2
2026-11-18,plant-A,line5,machine6,UP,lot7,category 3,b3,code4,9,9
2026-11-18,plant-A,line9,machine6,DN,lot8,category 2,b2,code8,16,16
2026-11-18,plant-A,line2,machine2,UP,lot6,category 2,b3,code6,5,5
2026-11-18,plant-A,line1,machine1,DN,lot7,category 1,a3,code6,6,6
2026-11-18,plant-B,line3,machine5,UP,lot1,category 2,b3,code3,10,10
2026-11-18,plant-B,line9,machine8,UP,lot7,category 1,a4,code4,14,14
2026-11-18,plant-B,line2,machine6,UP,lot6,category 2,b1,code3,10,10
2026-11-19,,line2,machine9,DN,lot3,,,,2,2
2026-11-19,,line7,machine1,UP,lot3,,,,0,100
2026-11-19,,line7,machine9,DN,lot7,,,,4,4
2026-11-19,plant-B,line6,machine2,UP,lot1,category 2,b1,code2,3,3
2026-11-19,plant-B,line1,machine3,DN,lot4,pass,pass,,0,186
2026-11-19,plant-A,line8,machine1,UP,lot7,category 3,b4,code2,8,8
2026-11-19,plant-A,line2,machine5,UP,lot4,category 3,b3,code8,10,10
2026-11-19,plant-B,line1,machine9,UP,lot7,category 2,b1,code1,18,18
2026-11-19,plant-A,line2,machine1,UP,lot9,pass,pass,,0,257
2026-11-19,plant-B,line6,machine6,UP,lot7,category 2,b2,code8,1,1
2026-11-19,plant-A,line1,machine9,DN,lot9,category 1,a4,code10,5,5
2026-11-19,plant-B,line6,machine1,UP,lot2,category 1,a3,code2,16,16
2026-11-19,plant-A,line7,machine8,DN,lot3,category 3,a1,code1,19,19
2026-11-19,plant-B,line1,machine8,DN,lot3,pass,pass,,0,411
2026-11-19,plant-A,line7,machine5,DN,lot6,category 2,b1,code8,12,12
2026-11-19,plant-B,line9,machine2,DN,lot2,pass,pass,,0,284
2026-11-19,plant-B,line1,machine6,DN,lot8,category 1,a4,code3,10,10
2026-11-19,plant-B,line2,machine5,DN,lot1,category 2,b1,code9,1,1
2026-11-19,plant-A,line9,machine4,UP,lot3,category 1,a4,code3,13,13
2026-11-19,plant-A,line3,machine5,UP,lot4,category 3,a2,code7,3,3
2026-11-19,plant-B,line2,machine9,UP,lot8,category 2,b3,code9,5,5
2026-11-19,plant-B,line6,machine2,DN,lot5,category 3,b3,code2,6,6
2026-11-19,plant-A,line6,machine3,DN,lot2,category 1,a1,code6,17,17
2026-11-19,plant-B,line6,machine3,UP,lot8,pass,pass,,0,493
2026-11-19,plant-B,line4,machine5,DN,lot7,category 3,b4,code9,6,6
2026-11-19,plant-A,line3,machine8,UP,lot9,pass,pass,,0,451
2026-11-19,plant-B,line7,machine3,DN,lot3,category 1,a1,code6,11,11
2026-11-19,plant-A,line8,machine2,DN,lot3,category 2,b4,code10,1,1
2026-11-19,plant-A,line2,machine1,DN,lot3,category 1,a2,code5,13,13
2026-11-19,plant-A,line2,machine3,UP,lot2,category 2,b1,code2,5,5
2026-11-19,plant-B,line3,machine7,DN,lot7,category 1,a4,code3,1,1
2026-11-19,plant-A,line9,machine1,DN,lot9,category 1,a2,code1,9,9
2026-11-19,plant-A,line5,machine1,DN,lot5,category 1,a4,code10,13,13
2026-11-19,plant-B,line6,machine9,UP,lot5,category 3,b3,code10,9,9
2026-11-19,plant-B,line8,machine1,UP,lot8,category 2,b2,code7,5,5
2026-11-19,plant-B,line8,machine3,DN,lot3,category 1,a3,code6,5,5
2026-11-19,plant-A,line1,machine1,UP,lot5,pass,pass,,0,397
2026-11-19,plant-A,line5,machine3,DN,lot6,pass,pass,,0,205
2026-11-19,plant-B,line4,machine9,DN,lot2,category 2,b1,code9,13,13
2026-11-19,plant-B,line2,machine2,UP,lot9,category 1,a2,code1,18,18
2026-11-19,plant-A,line1,machine4,DN,lot6,category 3,b4,code2,19,19
2026-11-19,plant-A,line7,machine1,DN,lot6,category 1,a2,code7,2,2
2026-11-19,plant-A,line9,machine5,DN,lot4,category 3,a1,code6,4,4
2026-11-19,plant-B,line7,machine3,UP,lot3,pass,pass,,0,260
2026-11-19,plant-A,line7,machine5,UP,lot1,category 1,a2,code2,10,10
2026-11-19,plant-B,line5,machine5,DN,lot8,pass,pass,,0,241
2026-11-19,plant-A,line9,machine1,DN,lot1,pass,pass,,0,344
2026-11-19,plant-B,line3,machine6,DN,lot4,category 2,b2,code9,7,7
2026-11-19,plant-A,line8,machine3,DN,lot5,pass,pass,,0,376
2026-11-19,plant-B,line3,machine3,DN,lot3,category 1,a4,code2,17,17
2026-11-19,plant-A,line1,machine1,UP,lot6,category 1,a1,code4,19,19
2026-11-19,plant-B,line3,machine1,DN,lot7,pass,pass,,0,443
2026-11-19,plant-B,line1,machine5,DN,lot6,category 1,a2,code2,1,1
2026-11-19,plant-B,line8,machine6,DN,lot3,pass,pass,,0,365
2026-11-19,plant-B,line1,machine9,DN,lot9,category 2,b4,code10,4,4
2026-11-19,plant-A,line5,machine6,DN,lot7,pass,pass,,0,286
2026-11-19,plant-A,line9,machine6,DN,lot9,category 1,a1,code5,16,16
2026-11-19,plant-B,line7,machine2,UP,lot9,category 1,a3,code10,2,2
2026-11-19,plant-A,line3,machine8,UP,lot8,pass,pass,,0,197
2026-11-19,plant-A,line7,machine5,UP,lot2,category 3,a1,code1,9,9
2026-11-19,plant-A,line5,machine8,DN,lot7,category 2,b3,code10,10,10
2026-11-19,plant-A,line4,machine4,DN,lot6,category 1,a2,code4,7,7
2026-11-19,plant-B,line8,machine5,DN,lot9,pass,pass,,0,265
2026-11-19,plant-A,line1,machine3,UP,lot4,category 2,b4,code9,8,8
2026-11-19,plant-A,line5,machine9,DN,lot4,category 1,a4,code5,7,7
2026-11-19,plant-A,line3,machine1,DN,lot9,pass,pass,,0,468
2026-11-19,plant-B,line6,machine3,UP,lot5,pass,pass,,0,214
2026-11-19,plant-A,line6,machine4,DN,lot3,pass,pass,,0,338
2026-11-19,plant-B,line8,machine1,UP,lot7,pass,pass,,0,205
2026-11-19,plant-B,line8,machine6,DN,lot4,category 1,a1,code8,16,16
2026-11-19,plant-A,line7,machine1,DN,lot2,category 2,b1,code1,7,7
2026-11-19,plant-A,line8,machine8,DN,lot3,category 2,b3,code6,13,13
2026-11-19,plant-A,line3,machine9,UP,lot2,category 2,b4,code7,1,1
2026-11-19,plant-A,line1,machine7,UP,lot7,category 1,a2,code2,13,13
2026-11-19,plant-B,line3,machine3,DN,lot5,category 1,a2,code2,18,18
2026-11-19,plant-B,line6,machine1,UP,lot8,category 3,a2,code3,7,7
2026-11-19,plant-A,line4,machine1,UP,lot9,pass,pass,,0,278
2026-11-19,plant-B,line6,machine6,DN,lot1,category 2,b1,code6,19,19
2026-11-19,plant-B,line4,machine5,DN,lot7,category 2,b3,code6,10,10
2026-11-19,plant-A,line9,machine3,UP,lot3,category 3,b4,code8,18,18
2026-11-19,plant-A,line8,machine1,UP,lot4,category 2,b2,code2,7,7
2026-11-19,plant-A,line8,machine2,UP,lot4,category 3,a2,code8,18,18
2026-11-19,plant-B,line6,machine4,DN,lot3,category 3,b4,code1,6,6
2026-11-19,plant-A,line1,machine2,UP,lot7,category 2,b1,code6,5,5
2026-11-19,plant-A,line6,machine4,DN,lot3,category 1,a1,code7,15,15
2026-11-19,plant-B,line8,machine5,UP,lot3,category 2,b1,code9,18,18
2026-11-19,plant-B,line7,machine6,DN,lot6,category 2,b2,code7,6,6
2026-11-19,plant-A,line1,machine1,UP,lot1,category 2,b4,code2,7,7
2026-11-19,plant-B,line6,machine3,DN,lot9,category 1,a2,code10,4,4
2026-11-19,plant-B,line2,machine4,UP,lot2,pass,pass,,0,357
2026-11-19,plant-B,line7,machine8,UP,lot1,pass,pass,,0,280
2026-11-19,plant-B,line2,machine2,UP,lot5,category 1,a1,code4,14,14
2026-11-19,plant-A,line8,machine2,UP,lot4,category 3,a2,code3,12,12
2026-11-19,plant-A,line4,machine3,DN,lot8,category 1,a4,code2,7,7
2026-11-19,plant-A,line4,machine9,DN,lot2,category 1,a1,code5,15,15
2026-11-19,plant-B,line1,machine9,DN,lot6,category 1,a3,code5,11,11
2026-11-19,plant-B,line4,machine6,DN,lot6,category 2,b1,code2,16,16
2026-11-19,plant-A,line5,machine2,UP,lot2,pass,pass,,0,269
2026-11-19,plant-B,line3,machine7,UP,lot6,category 2,b3,code2,2,2
2026-11-19,plant-B,line5,machine7,UP,lot9,category 2,b3,code4,15,15
2026-11-19,plant-B,line4,machine2,DN,lot5,category 2,b1,code8,8,8
2026-11-19,plant-B,line7,machine5,DN,lot3,category 1,a1,code10,12,12
2026-11-19,plant-A,line1,machine6,DN,lot4,pass,pass,,0,372
2026-11-19,plant-A,line2,machine5,UP,lot2,category 3,a2,code9,17,17
2026-11-19,plant-B,line5,machine4,UP,lot6,category 3,a1,code7,10,10
2026-11-19,plant-B,line9,machine2,UP,lot3,category 2,b2,code6,16,16
2026-11-19,plant-A,line5,machine9,UP,lot8,category 3,a2,code1,2,2
2026-11-19,plant-A,line1,machine7,DN,lot1,pass,pass,,0,416
2026-11-19,plant-A,line5,machine2,UP,lot9,category 2,b3,code10,4,4
2026-11-19,plant-A,line4,machine7,DN,lot7,pass,pass,,0,464
2026-11-19,plant-A,line9,machine4,DN,lot6,category 3,a1,code1,6,6
2026-11-19,plant-A,line8,machine9,UP,lot6,category 3,a1,code7,18,18
2026-11-19,plant-B,line1,machine9,DN,lot1,category 1,a3,code6,17,17
2026-11-19,plant-A,line3,machine2,DN,lot8,pass,pass,,0,484
2026-11-19,plant-A,line6,machine7,UP,lot1,category 3,a1,code6,14,14
2026-11-19,plant-A,line5,machine6,UP,lot4,category 2,b4,code7,16,16
2026-11-19,plant-A,line8,machine2,DN,lot4,pass,pass,,0,383
2026-11-19,plant-A,line4,machine3,DN,lot9,category 2,b2,code7,19,19
2026-11-19,plant-B,line5,machine6,UP,lot9,category 1,a2,code5,1,1
2026-11-19,plant-A,line6,machine6,DN,lot7,category 3,b3,code1,16,16
2026-11-19,plant-B,line6,machine4,DN,lot7,category 1,a2,code10,14,14
2026-11-19,plant-A,line8,machine3,UP,lot9,category 3,b4,code4,3,3
2026-11-19,plant-B,line2,machine6,UP,lot3,category 1,a3,code1,8,8
2026-11-19,plant-B,line5,machine4,UP,lot3,category 3,b4,code8,13,13
2026-11-19,plant-A,line3,machine8,UP,lot2,category 3,b4,code7,1,1
2026-11-19,plant-A,line9,machine1,UP,lot8,pass,pass,,0,251
2026-11-19,plant-A,line5,machine2,UP,lot9,category 3,a1,code8,19,19
2026-11-19,plant-A,line6,machine8,UP,lot4,category 3,b4,code10,15,15
2026-11-19,plant-A,line6,machine9,DN,lot3,pass,pass,,0,161
2026-11-19,plant-A,line3,machine9,UP,lot9,category 3,a1,code4,12,12
2026-11-19,plant-B,line9,machine6,DN,lot6,category 3,b3,code10,15,15
2026-11-19,plant-A,line2,machine4,UP,lot5,category 1,a3,code8,15,15
2026-11-19,plant-A,line9,machine6,DN,lot1,category 3,a1,code7,7,7
2026-11-19,plant-A,line1,machine2,UP,lot2,category 1,a2,code10,14,14
2026-11-19,plant-B,line3,machine5,UP,lot5,category 1,a1,code10,6,6
2026-11-19,plant-B,line2,machine3,DN,lot2,pass,pass,,0,383
2026-11-19,plant-B,line1,machine5,UP,lot1,category 1,a2,code2,3,3
2026-11-19,plant-B,line6,machine2,DN,lot3,category 3,a1,code4,6,6
2026-11-19,plant-B,line1,machine5,UP,lot6,category 1,a3,code5,15,15
2026-11-19,plant-B,line6,machine1,DN,lot5,category 2,b2,code6,19,19
2026-11-19,plant-B,line2,machine1,UP,lot5,category 3,a1,code5,1,1
2026-11-19,plant-B,line7,machine6,UP,lot1,category 3,a2,code9,12,12
2026-11-19,plant-A,line2,machine9,UP,lot3,category 3,b4,code6,6,6
2026-11-19,plant-A,line1,machine4,UP,lot2,category 2,b3,code7,5,5
2026-11-19,plant-B,line7,machine1,DN,lot4,category 2,b1,code1,13,13
2026-11-19,plant-A,line5,machine3,DN,lot8,category 1,a4,code5,15,15
2026-11-19,plant-B,line4,machine5,UP,lot6,pass,pass,,0,155
2026-11-19,plant-B,line6,machine9,DN,lot4,category 3,a2,code4,13,13
2026-11-19,plant-B,line4,machine3,UP,lot7,category 1,a1,code8,5,5
2026-11-19,plant-A,line4,machine2,DN,lot6,pass,pass,,0,400
2026-11-19,plant-B,line7,machine2,UP,lot9,pass,pass,,0,396
2026-11-19,plant-B,line7,machine4,UP,lot4,category 1,a1,code9,17,17
2026-11-19,plant-B,line1,machine4,DN,lot7,category 1,a1,code5,17,17
2026-11-19,plant-A,line7,machine3,DN,lot8,category 1,a4,code5,7,7
2026-11-19,plant-A,line9,machine4,DN,lot4,pass,pass,,0,240
2026-11-19,plant-A,line8,machine7,UP,lot6,category 3,b3,code6,10,10
2026-11-19,plant-B,line4,machine9,DN,lot3,pass,pass,,0,465
2026-11-19,plant-A,line6,machine5,DN,lot1,category 1,a3,code10,4,4
2026-11-19,plant-A,line5,machine4,UP,lot9,pass,pass,,0,188
2026-11-19,plant-A,line8,machine3,UP,lot8,pass,pass,,0,279
2026-11-19,plant-B,line1,machine6,UP,lot9,category 3,a1,code8,12,12
2026-11-19,plant-A,line9,machine8,DN,lot1,category 2,b4,code1,13,13
2026-11-19,plant-A,line3,machine9,UP,lot4,pass,pass,,0,421
2026-11-19,plant-A,line9,machine8,DN,lot1,category 1,a1,code8,14,14
2026-11-19,plant-A,line3,machine8,UP,lot2,pass,pass,,0,404
2026-11-19,plant-B,line1,machine5,DN,lot4,category 2,b1,code2,7,7
2026-11-19,plant-B,line5,machine7,UP,lot2,pass,pass,,0,171
2026-11-19,plant-A,line4,machine5,UP,lot8,category 3,a1,code2,14,14
2026-11-19,plant-A,line1,machine3,UP,lot3,category 3,b3,code7,11,11
2026-11-19,plant-A,line2,machine4,DN,lot9,category 3,a1,code6,7,7
2026-11-19,plant-B,line9,machine8,UP,lot8,category 3,a2,code8,11,11
2026-11-19,plant-B,line8,machine5,DN,lot9,category 3,b3,code9,3,3
2026-11-19,plant-B,line7,machine9,UP,lot2,pass,pass,,0,295
2026-11-19,plant-B,line1,machine7,DN,lot6,category 3,a1,code1,9,9
2026-11-19,plant-A,line5,machine3,UP,lot9,category 2,b3,code4,13,13
2026-11-19,plant-B,line6,machine1,UP,lot4,category 3,a1,code1,6,6
2026-11-19,plant-B,line7,machine6,UP,lot3,category 1,a1,code6,6,6
2026-11-19,plant-A,line1,machine3,UP,lot9,category 3,b4,code5,17,17
2026-11-19,plant-B,line1,machine2,DN,lot1,pass,pass,,0,262
2026-11-19,plant-B,line1,machine2,UP,lot7,category 1,a1,code10,18,18
2026-11-19,plant-A,line7,machine2,UP,lot6,category 2,b4,code1,8,8
2026-11-19,plant-B,line3,machine9,UP,lot6,category 2,b2,code10,18,18
2026-11-19,plant-A,line2,machine1,UP,lot2,category 2,b3,code5,16,16
2026-11-19,plant-A,line4,machine1,DN,lot1,category 1,a2,code3,18,18
2026-11-19,plant-B,line2,machine7,DN,lot9,category 2,b4,code1,7,7
2026-11-19,plant-B,line4,machine1,UP,lot3,category 1,a4,code1,16,16
2026-11-19,plant-A,line3,machine3,UP,lot3,category 2,b4,code4,17,17
2026-11-19,plant-B,line3,machine3,DN,lot1,category 1,a1,code4,5,5
2026-11-19,plant-B,line5,machine5,UP,lot7,category 1,a3,code6,2,2
2026-11-19,plant-A,line3,machine7,DN,lot9,pass,pass,,0,373
2026-11-19,plant-B,line6,machine5,UP,lot7,category 3,a1,code5,10,10
2026-11-19,plant-B,line4,machine3,DN,lot6,pass,pass,,0,185
2026-11-19,plant-A,line2,machine7,UP,lot9,pass,pass,,0,231
2026-11-19,plant-B,line6,machine1,DN,lot7,category 1,a3,code8,5,5
2026-11-19,plant-A,line3,machine2,DN,lot6,category 3,a1,code3,17,17
2026-11-19,plant-A,line1,machine2,DN,lot4,category 2,b3,code8,4,4
2026-11-19,plant-A,line5,machine4,DN,lot2,category 3,b3,code10,19,19
2026-11-19,plant-B,line2,machine2,UP,lot6,pass,pass,,0,325
2026-11-19,plant-A,line4,machine9,DN,lot4,category 2,b3,code10,9,9
2026-11-19,plant-A,line8,machine9,UP,lot5,category 2,b3,code5,7,7
2026-11-20,,line6,machine8,DN,lot5,,,,1,1
2026-11-20,,line8,machine8,UP,lot6,,,,3,3
2026-11-20,,line2,machine6,UP,lot8,,,,4,4
2026-11-20,plant-A,line2,machine9,DN,lot2,category 3,b3,code3,11,11
2026-11-20,plant-B,line8,machine6,UP,lot3,category 2,b3,code2,8,8
2026-11-20,plant-B,line5,machine5,DN,lot8,pass,pass,,0,433
2026-11-20,plant-A,line6,machine3,UP,lot2,category 1,a3,code9,9,9
2026-11-20,plant-B,line8,machine7,UP,lot2,category 3,a1,code2,16,16
2026-11-20,plant-B,line1,machine3,UP,lot3,category 2,b3,code8,9,9
2026-11-20,plant-A,line4,machine9,UP,lot5,category 1,a1,code1,16,16
2026-11-20,plant-B,line1,machine7,DN,lot5,category 2,b2,code8,18,18
2026-11-20,plant-B,line9,machine1,DN,lot2,pass,pass,,0,244
2026-11-20,plant-A,line5,machine5,DN,lot7,category 2,b1,code4,1,1
2026-11-20,plant-A,line1,machine9,DN,lot5,category 1,a2,code1,18,18
2026-11-20,plant-B,line6,machine7,DN,lot7,category 3,a2,code8,15,15
2026-11-20,plant-B,line5,machine8,UP,lot8,category 3,b4,code4,9,9
2026-11-20,plant-A,line6,machine2,DN,lot7,category 3,a1,code7,1,1
2026-11-20,plant-B,line5,machine7,UP,lot1,category 3,a1,code4,15,15
2026-11-20,plant-A,line3,machine8,DN,lot6,pass,pass,,0,349
2026-11-20,plant-B,line3,machine4,UP,lot4,category 2,b4,code6,5,5
2026-11-20,plant-B,line3,machine5,DN,lot3,pass,pass,,0,264
2026-11-20,plant-A,line5,machine9,UP,lot5,pass,pass,,0,413
2026-11-20,plant-A,line1,machine2,UP,lot7,category 1,a4,code9,12,12
2026-11-20,plant-B,line4,machine2,UP,lot1,category 1,a2,code10,9,9
2026-11-20,plant-B,line9,machine9,DN,lot8,category 1,a4,code2,4,4
2026-11-20,plant-B,line5,machine4,DN,lot6,category 1,a1,code6,5,5
2026-11-20,plant-B,line9,machine5,DN,lot2,category 3,a1,code3,7,7
2026-11-20,plant-B,line3,machine2,DN,lot2,pass,pass,,0,276
2026-11-20,plant-A,line6,machine1,UP,lot3,pass,pass,,0,273
2026-11-20,plant-A,line4,machine9,DN,lot7,category 2,b1,code4,14,14
2026-11-20,plant-B,line6,machine1,UP,lot1,category 2,b2,code7,15,15
2026-11-20,plant-B,line3,machine9,UP,lot1,pass,pass,,0,497
2026-11-20,plant-B,line5,machine2,DN,lot1,category 3,a1,code10,8,8
2026-11-20,plant-B,line5,machine7,UP,lot4,category 1,a3,code2,9,9
2026-11-20,plant-B,line1,machine1,DN,lot8,category 2,b3,code4,9,9
2026-11-20,plant-B,line8,machine4,DN,lot2,category 3,a2,code7,3,3
2026-11-20,plant-A,line4,machine8,UP,lot7,category 1,a2,code10,19,19
2026-11-20,plant-A,line4,machine7,DN,lot5,category 2,b3,code2,9,9
2026-11-20,plant-A,line5,machine7,DN,lot5,pass,pass,,0,321
2026-11-20,plant-B,line1,machine2,DN,lot1,category 1,a4,code6,18,18
2026-11-20,plant-A,line9,machine7,DN,lot4,category 3,a2,code7,14,14
2026-11-20,plant-B,line4,machine1,UP,lot6,category 3,a2,code8,18,18
2026-11-20,plant-A,line7,machine3,UP,lot8,category 2,b1,code1,8,8
2026-11-20,plant-B,line8,machine9,DN,lot6,category 2,b4,code7,13,13
2026-11-20,plant-B,line1,machine5,DN,lot6,category 3,a1,code8,1,1
2026-11-20,plant-A,line1,machine1,UP,lot8,category 1,a2,code5,12,12
2026-11-20,plant-B,line6,machine5,UP,lot3,category 2,b2,code9,17,17
2026-11-20,plant-B,line7,machine6,UP,lot2,pass,pass,,0,290
2026-11-20,plant-A,line1,machine6,UP,lot1,pass,pass,,0,186
2026-11-20,plant-B,line3,machine2,UP,lot1,category 3,b3,code2,16,16
2026-11-20,plant-A,line4,machine6,UP,lot8,category 2,b2,code6,1,1
2026-11-20,plant-B,line1,machine7,DN,lot6,category 1,a2,code2,16,16
2026-11-20,plant-B,line8,machine8,UP,lot7,category 2,b4,code7,7,7
2026-11-20,plant-B,line9,machine1,DN,lot5,category 3,b3,code10,14,14
2026-11-20,plant-A,line5,machine1,DN,lot1,category 2,b3,code3,1,1
2026-11-20,plant-B,line4,machine2,DN,lot8,pass,pass,,0,476
2026-11-20,plant-B,line6,machine7,UP,lot5,pass,pass,,0,348
2026-11-20,plant-A,line4,machine5,UP,lot8,pass,pass,,0,343
2026-11-20,plant-B,line5,machine4,DN,lot3,category 3,b3,code3,16,16
2026-11-20,plant-A,line5,machine6,DN,lot2,pass,pass,,0,227
2026-11-20,plant-B,line8,machine9,UP,lot1,pass,pass,,0,286
2026-11-20,plant-B,line2,machine3,UP,lot3,category 1,a1,code2,3,3
2026-11-20,plant-B,line9,machine5,DN,lot2,category 1,a4,code1,17,17
2026-11-20,plant-B,line7,machine9,DN,lot3,pass,pass,,0,365
2026-11-20,plant-A,line3,machine7,DN,lot4,category 1,a1,code7,18,18
2026-11-20,plant-B,line5,machine2,UP,lot9,pass,pass,,0,475
2026-11-20,plant-B,line9,machine8,UP,lot3,category 1,a2,code2,19,19
2026-11-20,plant-B,line2,machine5,UP,lot4,category 3,a1,code10,4,4
2026-11-20,plant-A,line6,machine2,UP,lot8,pass,pass,,0,166
2026-11-20,plant-A,line9,machine1,DN,lot2,category 2,b2,code4,12,12
2026-11-20,plant-B,line2,machine9,UP,lot6,pass,pass,,0,465
2026-11-20,plant-B,line3,machine7,DN,lot4,category 2,b3,code6,14,14
2026-11-20,plant-B,line1,machine7,DN,lot5,category 1,a2,code7,13,13
2026-11-20,plant-A,line3,machine9,UP,lot5,category 2,b1,code3,7,7
2026-11-20,plant-A,line8,machine8,UP,lot5,category 2,b1,code8,6,6
2026-11-20,plant-B,line7,machine6,DN,lot2,category 1,a3,code5,6,6
2026-11-20,plant-B,line6,machine5,UP,lot9,category 1,a3,code6,17,17
2026-11-20,plant-A,line2,machine2,UP,lot4,pass,pass,,0,435
2026-11-20,plant-B,line8,machine8,UP,lot2,category 3,a1,code9,9,9
2026-11-20,plant-A,line9,machine8,DN,lot8,pass,pass,,0,354
2026-11-20,plant-A,line8,machine2,DN,lot7,category 1,a3,code1,12,12
2026-11-20,plant-B,line2,machine6,DN,lot4,category 3,b3,code2,5,5
2026-11-20,plant-A,line3,machine9,UP,lot2,pass,pass,,0,384
2026-11-20,plant-A,line1,machine1,UP,lot3,pass,pass,,0,411
2026-11-20,plant-B,line3,machine4,UP,lot5,category 3,b4,code9,3,3
2026-11-20,plant-A,line2,machine1,DN,lot6,pass,pass,,0,444
2026-11-20,plant-A,line7,machine4,UP,lot6,category 1,a3,code4,5,5
2026-11-20,plant-A,line7,machine7,DN,lot4,category 2,b3,code3,1,1
2026-11-20,plant-B,line5,machine6,DN,lot9,category 1,a3,code5,15,15
2026-11-20,plant-B,line1,machine1,DN,lot1,category 2,b2,code4,3,3
2026-11-20,plant-B,line4,machine5,DN,lot5,category 2,b2,code6,5,5
2026-11-20,plant-A,line7,machine6,UP,lot7,category 2,b4,code4,5,5
2026-11-20,plant-A,line1,machine8,DN,lot7,pass,pass,,0,259
2026-11-20,plant-B,line3,machine5,DN,lot2,category 1,a3,code6,10,10
2026-11-20,plant-B,line5,machine6,DN,lot9,category 2,b4,code9,9,9
2026-11-20,plant-A,line4,machine7,UP,lot4,category 3,b3,code5,14,14
2026-11-20,plant-B,line3,machine3,DN,lot2,pass,pass,,0,289
2026-11-20,plant-A,line3,machine3,UP,lot6,pass,pass,,0,414
2026-11-20,plant-B,line7,machine1,DN,lot9,category 1,a4,code7,2,2
2026-11-20,plant-B,line3,machine3,UP,lot5,pass,pass,,0,207
2026-11-20,plant-A,line4,machine5,DN,lot8,category 1,a1,code2,15,15
2026-11-20,plant-A,line4,machine9,UP,lot5,category 2,b4,code6,15,15
2026-11-20,plant-B,line1,machine4,DN,lot5,pass,pass,,0,202
2026-11-20,plant-B,line6,machine2,DN,lot9,category 1,a2,code5,16,16
2026-11-20,plant-A,line7,machine5,DN,lot1,category 3,a1,code9,17,17
2026-11-20,plant-A,line8,machine2,UP,lot8,category 3,b3,code10,19,19
2026-11-20,plant-B,line2,machine4,UP,lot6,category 3,b3,code3,16,16
2026-11-20,plant-B,line7,machine7,DN,lot5,category 1,a4,code9,1,1
2026-11-20,plant-B,line2,machine1,DN,lot7,category 3,a2,code8,16,16
2026-11-20,plant-A,line4,machine7,UP,lot2,category 3,b3,code8,10,10
2026-11-20,plant-B,line8,machine7,UP,lot7,category 1,a4,code5,6,6
2026-11-20,plant-A,line8,machine6,DN,lot4,category 1,a2,code10,12,12
2026-11-20,plant-A,line1,machine1,DN,lot5,pass,pass,,0,314
2026-11-20,plant-A,line7,machine4,DN,lot2,category 3,b4,code2,1,1
2026-11-20,plant-B,line2,machine4,UP,lot7,category 3,a2,code8,3,3
2026-11-20,plant-A,line3,machine4,DN,lot1,category 1,a1,code1,12,12
2026-11-20,plant-B,line3,machine5,DN,lot9,category 1,a2,code5,1,1
2026-11-20,plant-A,line9,machine9,DN,lot8,category 3,a2,code3,6,6
2026-11-20,plant-A,line4,machine9,UP,lot2,category 3,b4,code5,13,13
2026-11-20,plant-B,line7,machine6,UP,lot7,category 2,b3,code10,17,17
2026-11-20,plant-B,line2,machine3,DN,lot2,category 1,a2,code7,10,10
2026-11-20,plant-A,line1,machine2,UP,lot3,pass,pass,,0,403
2026-11-20,plant-A,line5,machine6,UP,lot3,category 1,a1,code2,18,18
2026-11-20,plant-A,line7,machine9,UP,lot7,category 2,b3,code8,19,19
2026-11-20,plant-B,line4,machine8,DN,lot5,category 1,a1,code3,2,2
2026-11-20,plant-A,line7,machine7,UP,lot7,pass,pass,,0,202
2026-11-20,plant-A,line2,machine2,DN,lot2,pass,pass,,0,194
2026-11-20,plant-B,line6,machine3,UP,lot1,category 1,a3,code8,9,9
2026-11-20,plant-A,line5,machine7,DN,lot4,category 2,b3,code6,4,4
2026-11-20,plant-A,line4,machine5,UP,lot3,pass,pass,,0,410
2026-11-20,plant-B,line4,machine5,DN,lot7,category 2,b3,code8,13,13
2026-11-20,plant-B,line8,machine7,DN,lot4,pass,pass,,0,183
2026-11-20,plant-A,line3,machine3,UP,lot1,pass,pass,,0,442
2026-11-20,plant-A,line3,machine4,UP,lot5,category 1,a2,code8,12,12
2026-11-20,plant-A,line8,machine7,DN,lot9,category 3,a2,code5,3,3
2026-11-20,plant-A,line6,machine3,DN,lot5,category 3,b4,code8,17,17
2026-11-20,plant-A,line3,machine5,UP,lot6,category 1,a4,code9,18,18
2026-11-20,plant-A,line6,machine5,DN,lot9,category 3,a2,code1,6,6
2026-11-20,plant-B,line3,machine8,DN,lot3,category 2,b4,code3,4,4
2026-11-20,plant-B,line6,machine7,DN,lot3,category 1,a3,code7,10,10
2026-11-20,plant-A,line6,machine5,DN,lot9,category 3,b4,code1,7,7
2026-11-20,plant-B,line6,machine2,DN,lot9,category 1,a2,code3,15,15
2026-11-20,plant-B,line1,machine7,UP,lot6,pass,pass,,0,157
2026-11-20,plant-A,line4,machine6,DN,lot5,pass,pass,,0,466
2026-11-20,plant-A,line2,machine8,UP,lot5,category 1,a3,code6,15,15
2026-11-20,plant-B,line9,machine7,UP,lot4,category 2,b2,code3,14,14
2026-11-20,plant-A,line2,machine7,DN,lot8,category 3,b3,code2,11,11
2026-11-20,plant-A,line8,machine4,DN,lot4,pass,pass,,0,170
2026-11-20,plant-B,line4,machine1,DN,lot4,category 3,a1,code9,7,7
2026-11-20,plant-A,line7,machine2,DN,lot7,pass,pass,,0,233
2026-11-20,plant-B,line2,machine5,DN,lot2,category 2,b2,code6,7,7
2026-11-20,plant-B,line4,machine2,DN,lot8,pass,pass,,0,301
2026-11-20,plant-B,line6,machine2,DN,lot4,pass,pass,,0,419
2026-11-20,plant-A,line6,machine6,DN,lot6,category 1,a1,code1,9,9
2026-11-20,plant-A,line4,machine6,UP,lot6,pass,pass,,0,154
2026-11-20,plant-B,line1,machine6,UP,lot9,category 2,b3,code2,17,17
2026-11-20,plant-A,line5,machine4,UP,lot8,pass,pass,,0,310
2026-11-20,plant-B,line4,machine8,UP,lot9,category 1,a1,code7,4,4
2026-11-20,plant-A,line3,machine3,DN,lot9,pass,pass,,0,339
2026-11-20,plant-B,line6,machine4,UP,lot7,category 2,b3,code8,7,7
2026-11-20,plant-A,line3,machine6,DN,lot1,category 2,b3,code3,13,13
2026-11-20,plant-B,line1,machine1,DN,lot6,category 1,a1,code3,13,13
2026-11-20,plant-A,line9,machine9,DN,lot7,category 2,b4,code9,7,7
2026-11-20,plant-A,line6,machine6,UP,lot1,pass,pass,,0,396
2026-11-20,plant-B,line7,machine2,DN,lot8,category 2,b4,code5,8,8
2026-11-20,plant-B,line8,machine1,UP,lot8,pass,pass,,0,323
2026-11-20,plant-B,line3,machine3,DN,lot9,category 2,b4,code10,8,8
2026-11-20,plant-B,line8,machine6,DN,lot2,category 1,a3,code3,8,8
2026-11-20,plant-B,line1,machine2,UP,lot2,pass,pass,,0,327
2026-11-20,plant-B,line2,machine7,UP,lot2,pass,pass,,0,239
2026-11-20,plant-A,line9,machine8,DN,lot6,category 1,a4,code3,8,8
2026-11-20,plant-A,line3,machine9,UP,lot7,pass,pass,,0,424
2026-11-20,plant-B,line4,machine1,DN,lot8,category 2,b4,code6,1,1
2026-11-20,plant-A,line6,machine4,UP,lot9,pass,pass,,0,215
2026-11-20,plant-B,line5,machine5,DN,lot5,category 1,a4,code10,11,11
2026-11-20,plant-B,line4,machine7,DN,lot8,category 2,b1,code10,18,18
2026-11-20,plant-B,line3,machine6,UP,lot7,pass,pass,,0,184
2026-11-20,plant-B,line2,machine3,DN,lot8,category 1,a1,code2,7,7
2026-11-20,plant-A,line4,machine6,UP,lot3,pass,pass,,0,321
2026-11-20,plant-B,line9,machine2,DN,lot7,pass,pass,,0,424
2026-11-20,plant-B,line3,machine5,UP,lot4,category 2,b2,code2,13,13
2026-11-20,plant-A,line4,machine4,DN,lot5,category 3,a1,code9,9,9
2026-11-20,plant-A,line7,machine2,DN,lot8,category 3,a1,code2,11,11
2026-11-20,plant-A,line1,machine3,DN,lot3,pass,pass,,0,347
2026-11-20,plant-B,line8,machine2,UP,lot3,category 3,a1,code10,18,18
2026-11-20,plant-B,line3,machine3,UP,lot1,category 1,a1,code2,2,2
2026-11-20,plant-B,line5,machine8,UP,lot2,category 3,a2,code9,15,15
2026-11-20,plant-A,line1,machine2,UP,lot8,category 2,b1,code9,12,12
2026-11-20,plant-B,line4,machine3,UP,lot1,pass,pass,,0,367
2026-11-20,plant-A,line3,machine5,DN,lot5,pass,pass,,0,403
2026-11-20,plant-B,line3,machine4,DN,lot1,category 3,a2,code9,15,15
2026-11-20,plant-B,line8,machine9,UP,lot2,category 1,a4,code10,5,5
2026-11-20,plant-A,line6,machine6,DN,lot8,pass,pass,,0,459
2026-11-20,plant-B,line7,machine6,DN,lot3,category 2,b2,code7,11,11
2026-11-20,plant-B,line3,machine5,DN,lot3,category 3,a1,code7,2,2
2026-11-20,plant-B,line3,machine9,DN,lot7,category 3,b3,code3,11,11
2026-11-20,plant-B,line9,machine4,DN,lot2,category 2,b1,code5,3,3
2026-11-20,plant-B,line3,machine9,UP,lot2,pass,pass,,0,179
2026-11-20,plant-B,line8,machine1,UP,lot8,category 1,a4,code8,11,11
2026-11-20,plant-A,line1,machine5,DN,lot5,category 1,a1,code8,12,12
2026-11-21,,line6,machine4,DN,lot9,,,,0,100
2026-11-21,,line3,machine9,DN,lot2,,,,4,4
2026-11-21,,line1,machine9,UP,lot7,,,,3,3
2026-11-21,plant-B,line7,machine9,DN,lot7,category 2,b1,code2,16,16
2026-11-21,plant-B,line2,machine7,UP,lot9,category 1,a3,code3,11,11
2026-11-21,plant-B,line9,machine1,UP,lot7,category 2,b4,code6,1,1
2026-11-21,plant-B,line3,machine5,DN,lot5,category 3,a1,code2,2,2
2026-11-21,plant-A,line7,machine4,UP,lot9,pass,pass,,0,284
2026-11-21,plant-B,line5,machine9,DN,lot3,pass,pass,,0,452
2026-11-21,plant-A,line7,machine8,UP,lot4,category 2,b1,code3,19,19
2026-11-21,plant-A,line9,machine8,DN,lot3,category 1,a3,code5,8,8
2026-11-21,plant-B,line2,machine9,DN,lot1,pass,pass,,0,171
2026-11-21,plant-B,line7,machine7,UP,lot3,pass,pass,,0,159
2026-11-21,plant-B,line2,machine6,UP,lot8,category 2,b4,code8,15,15
2026-11-21,plant-B,line4,machine2,UP,lot7,pass,pass,,0,374
2026-11-21,plant-A,line7,machine5,UP,lot2,category 2,b1,code7,3,3
2026-11-21,plant-B,line3,machine8,UP,lot9,category 2,b2,code8,18,18
2026-11-21,plant-A,line5,machine2,UP,lot9,category 1,a3,code1,2,2
2026-11-21,plant-A,line7,machine9,DN,lot8,category 1,a2,code4,14,14
2026-11-21,plant-A,line2,machine7,UP,lot5,category 1,a3,code4,18,18
2026-11-21,plant-A,line6,machine4,DN,lot4,category 3,a2,code10,9,9
2026-11-21,plant-A,line8,machine9,UP,lot3,pass,pass,,0,216
2026-11-21,plant-B,line7,machine2,DN,lot6,pass,pass,,0,408
2026-11-21,plant-A,line9,machine1,DN,lot5,category 2,b1,code9,19,19
2026-11-21,plant-B,line5,machine3,DN,lot6,category 3,a2,code1,6,6
2026-11-21,plant-A,line7,machine3,UP,lot6,category 1,a3,code3,11,11
2026-11-21,plant-B,line4,machine5,DN,lot7,category 1,a4,code4,2,2
2026-11-21,plant-B,line8,machine4,DN,lot3,category 3,a1,code4,12,12
2026-11-21,plant-B,line1,machine8,UP,lot4,pass,pass,,0,277
2026-11-21,plant-A,line6,machine3,UP,lot3,category 3,a2,code7,11,11
2026-11-21,plant-B,line1,machine3,UP,lot2,pass,pass,,0,278
2026-11-21,plant-A,line7,machine6,UP,lot3,category 1,a1,code1,17,17
2026-11-21,plant-B,line1,machine4,DN,lot9,pass,pass,,0,283
2026-11-21,plant-A,line8,machine7,UP,lot9,category 3,a2,code5,2,2
2026-11-21,plant-A,line4,machine6,DN,lot1,category 1,a4,code4,6,6
2026-11-21,plant-B,line4,machine4,UP,lot8,category 3,a2,code4,13,13
2026-11-21,plant-B,line9,machine8,UP,lot2,category 3,b4,code6,14,14
2026-11-21,plant-A,line5,machine2,DN,lot5,category 2,b1,code2,1,1
2026-11-21,plant-B,line2,machine7,UP,lot7,category 1,a2,code3,2,2
2026-11-21,plant-B,line6,machine6,UP,lot5,category 1,a2,code8,13,13
2026-11-21,plant-B,line1,machine6,DN,lot2,category 1,a4,code4,16,16
2026-11-21,plant-B,line7,machine9,DN,lot1,pass,pass,,0,418
2026-11-21,plant-B,line8,machine4,DN,lot8,category 3,b3,code6,2,2
2026-11-21,plant-A,line1,machine5,UP,lot3,pass,pass,,0,191
2026-11-21,plant-B,line1,machine7,DN,lot7,category 1,a1,code1,16,16
2026-11-21,plant-A,line4,machine7,UP,lot9,category 1,a2,code8,8,8
2026-11-21,plant-A,line6,machine8,UP,lot8,category 3,a2,code3,4,4
2026-11-21,plant-A,line5,machine5,DN,lot2,pass,pass,,0,468
2026-11-21,plant-B,line7,machine3,UP,lot7,category 1,a4,code9,10,10
2026-11-21,plant-A,line2,machine9,UP,lot9,pass,pass,,0,256
2026-11-21,plant-B,line5,machine5,UP,lot9,category 2,b1,code8,1,1
2026-11-21,plant-B,line9,machine1,UP,lot3,category 2,b4,code7,13,13
2026-11-21,plant-A,line6,machine8,DN,lot1,pass,pass,,0,156
2026-11-21,plant-B,line7,machine2,UP,lot7,category 2,b4,code9,1,1
2026-11-21,plant-B,line5,machine7,UP,lot5,pass,pass,,0,271
2026-11-21,plant-A,line3,machine1,DN,lot4,category 1,a3,code7,15,15
2026-11-21,plant-A,line2,machine9,DN,lot9,category 3,b3,code3,4,4
2026-11-21,plant-B,line2,machine9,UP,lot6,category 3,a2,code6,1,1
2026-11-21,plant-A,line8,machine8,DN,lot9,category 3,a1,code8,4,4
2026-11-21,plant-B,line7,machine3,UP,lot7,pass,pass,,0,365
2026-11-21,plant-B,line2,machine3,DN,lot2,pass,pass,,0,171
2026-11-21,plant-A,line1,machine7,UP,lot3,category 2,b3,code5,6,6
2026-11-21,plant-A,line1,machine6,DN,lot2,pass,pass,,0,245
2026-11-21,plant-B,line6,machine9,DN,lot8,category 2,b1,code8,5,5
2026-11-21,plant-B,line7,machine5,DN,lot6,pass,pass,,0,380
2026-11-21,plant-B,line8,machine1,DN,lot8,category 1,a3,code6,10,10
2026-11-21,plant-A,line4,machine8,UP,lot5,pass,pass,,0,276
2026-11-21,plant-A,line6,machine6,DN,lot1,category 2,b1,code10,17,17
2026-11-21,plant-A,line8,machine3,UP,lot6,category 3,a1,code2,7,7
2026-11-21,plant-B,line7,machine4,UP,lot9,category 2,b2,code3,9,9
2026-11-21,plant-B,line8,machine7,DN,lot9,category 2,b3,code3,2,2
2026-11-21,plant-A,line6,machine3,DN,lot1,category 3,a2,code10,9,9
2026-11-21,plant-A,line9,machine1,UP,lot2,category 2,b3,code4,19,19
2026-11-21,plant-B,line4,machine1,DN,lot6,category 2,b2,code6,15,15
2026-11-21,plant-B,line7,machine8,UP,lot7,category 2,b3,code10,12,12
2026-11-21,plant-B,line9,machine5,DN,lot9,pass,pass,,0,217
2026-11-21,plant-A,line5,machine4,UP,lot9,category 1,a2,code1,9,9
2026-11-21,plant-A,line1,machine7,UP,lot5,category 2,b4,code5,9,9
2026-11-21,plant-A,line9,machine4,UP,lot5,pass,pass,,0,264
2026-11-21,plant-A,line1,machine7,DN,lot4,category 1,a4,code3,11,11
2026-11-21,plant-B,line2,machine7,DN,lot6,pass,pass,,0,288
2026-11-21,plant-B,line2,machine8,UP,lot3,category 2,b4,code4,14,14
2026-11-21,plant-A,line1,machine2,UP,lot9,category 3,b4,code5,2,2
2026-11-21,plant-B,line4,machine7,UP,lot8,category 3,a1,code3,16,16
2026-11-21,plant-A,line3,machine5,DN,lot9,category 2,b4,code5,4,4
2026-11-21,plant-B,line3,machine1,DN,lot8,category 2,b2,code8,19,19
2026-11-21,plant-A,line9,machine4,DN,lot5,category 3,b3,code5,4,4
2026-11-21,plant-B,line2,machine8,DN,lot4,category 1,a4,code9,6,6
2026-11-21,plant-B,line9,machine7,UP,lot3,category 3,b4,code7,13,13
2026-11-21,plant-A,line7,machine6,DN,lot6,category 2,b2,code8,17,17
2026-11-21,plant-B,line8,machine5,UP,lot3,category 3,b4,code6,4,4
2026-11-21,plant-B,line2,machine6,DN,lot3,category 1,a2,code8,2,2
2026-11-21,plant-B,line1,machine3,DN,lot6,category 1,a4,code10,5,5
2026-11-21,plant-A,line2,machine4,DN,lot9,category 1,a3,code3,1,1
2026-11-21,plant-B,line7,machine3,UP,lot5,category 2,b1,code2,7,7
2026-11-21,plant-B,line4,machine4,DN,lot5,category 3,b4,code7,14,14
2026-11-21,plant-A,line8,machine7,DN,lot3,category 2,b2,code9,8,8
2026-11-21,plant-B,line4,machine5,UP,lot8,category 1,a2,code4,7,7
2026-11-21,plant-B,line4,machine4,UP,lot3,category 1,a1,code8,16,16
2026-11-21,plant-A,line8,machine7,UP,lot5,category 3,b3,code2,9,9
2026-11-21,plant-B,line1,machine7,UP,lot8,category 1,a4,code3,19,19
2026-11-21,plant-B,line1,machine7,DN,lot3,pass,pass,,0,161
2026-11-21,plant-B,line3,machine8,DN,lot6,pass,pass,,0,160
2026-11-21,plant-B,line5,machine3,UP,lot4,pass,pass,,0,463
2026-11-21,plant-A,line9,machine4,UP,lot6,pass,pass,,0,423
2026-11-21,plant-B,line9,machine3,DN,lot9,category 2,b3,code9,18,18
2026-11-21,plant-B,line7,machine4,DN,lot1,category 1,a2,code3,4,4
2026-11-21,plant-A,line4,machine7,DN,lot6,pass,pass,,0,458
2026-11-21,plant-A,line8,machine9,DN,lot9,category 1,a2,code5,13,13
2026-11-21,plant-A,line1,machine1,DN,lot8,category 1,a3,code7,18,18
2026-11-21,plant-B,line9,machine8,DN,lot2,category 2,b3,code3,3,3
2026-11-21,plant-B,line9,machine5,DN,lot5,pass,pass,,0,466
2026-11-21,plant-B,line9,machine4,DN,lot7,category 2,b1,code7,1,1
2026-11-21,plant-A,line1,machine8,UP,lot6,category 1,a3,code1,15,15
2026-11-21,plant-A,line8,machine3,UP,lot8,category 2,b3,code6,17,17
2026-11-21,plant-A,line8,machine6,DN,lot3,category 2,b2,code3,1,1
2026-11-21,plant-B,line7,machine1,UP,lot2,pass,pass,,0,414
2026-11-21,plant-A,line8,machine6,UP,lot8,pass,pass,,0,227
2026-11-21,plant-B,line6,machine5,DN,lot1,pass,pass,,0,198
2026-11-21,plant-B,line3,machine7,UP,lot6,pass,pass,,0,325
2026-11-21,plant-A,line3,machine6,DN,lot3,category 1,a3,code2,14,14
2026-11-21,plant-A,line1,machine4,UP,lot8,category 1,a4,code7,6,6
2026-11-21,plant-A,line7,machine4,DN,lot4,category 3,a2,code8,14,14
2026-11-21,plant-B,line9,machine7,DN,lot6,category 1,a2,code6,17,17
2026-11-21,plant-B,line7,machine1,DN,lot4,category 2,b1,code8,4,4
2026-11-21,plant-B,line8,machine7,DN,lot9,category 3,a2,code4,19,19
2026-11-21,plant-B,line6,machine8,UP,lot8,category 1,a3,code8,9,9
2026-11-21,plant-A,line9,machine2,DN,lot4,category 3,a2,code6,9,9
2026-11-21,plant-B,line1,machine9,DN,lot1,pass,pass,,0,310
2026-11-21,plant-B,line6,machine9,UP,lot6,pass,pass,,0,355
2026-11-21,plant-B,line9,machine3,DN,lot5,category 2,b4,code5,19,19
2026-11-21,plant-B,line4,machine3,DN,lot1,pass,pass,,0,247
2026-11-21,plant-A,line2,machine2,UP,lot9,pass,pass,,0,216
2026-11-21,plant-B,line3,machine5,DN,lot7,category 1,a3,code7,12,12
2026-11-21,plant-A,line7,machine7,DN,lot9,pass,pass,,0,429
2026-11-21,plant-B,line9,machine1,UP,lot7,pass,pass,,0,370
2026-11-21,plant-B,line9,machine3,DN,lot7,category 1,a4,code3,4,4
2026-11-21,plant-B,line3,machine2,DN,lot6,pass,pass,,0,413
2026-11-21,plant-B,line9,machine3,UP,lot2,pass,pass,,0,416
2026-11-21,plant-B,line2,machine3,DN,lot6,category 3,a1,code9,10,10
2026-11-21,plant-B,line7,machine8,UP,lot4,category 3,b3,code9,17,17
2026-11-21,plant-A,line7,machine5,UP,lot1,category 2,b1,code8,7,7
2026-11-21,plant-B,line7,machine7,UP,lot6,category 3,a1,code6,13,13
2026-11-21,plant-A,line6,machine5,UP,lot9,pass,pass,,0,396
2026-11-21,plant-B,line5,machine3,DN,lot4,pass,pass,,0,332
2026-11-21,plant-B,line3,machine3,DN,lot6,pass,pass,,0,400
2026-11-21,plant-B,line1,machine9,UP,lot7,category 2,b1,code6,19,19
2026-11-21,plant-A,line6,machine6,UP,lot7,category 1,a1,code7,2,2
2026-11-21,plant-B,line7,machine8,DN,lot2,category 1,a1,code1,1,1
2026-11-21,plant-B,line1,machine1,UP,lot3,category 1,a1,code9,3,3
2026-11-21,plant-B,line6,machine4,DN,lot3,category 3,a1,code4,9,9
2026-11-21,plant-B,line1,machine1,DN,lot6,pass,pass,,0,159
2026-11-21,plant-B,line3,machine3,DN,lot7,category 2,b3,code6,19,19
2026-11-21,plant-A,line6,machine9,DN,lot2,category 1,a3,code6,14,14
2026-11-21,plant-A,line6,machine5,UP,lot3,pass,pass,,0,404
2026-11-21,plant-B,line3,machine7,DN,lot7,pass,pass,,0,231
2026-11-21,plant-B,line4,machine6,DN,lot9,pass,pass,,0,430
2026-11-21,plant-B,line6,machine3,UP,lot1,category 2,b4,code1,1,1
2026-11-21,plant-B,line8,machine3,UP,lot6,category 1,a3,code10,14,14
2026-11-21,plant-A,line8,machine4,DN,lot1,category 2,b3,code6,13,13
2026-11-21,plant-B,line8,machine3,DN,lot6,category 1,a1,code3,12,12
2026-11-21,plant-A,line1,machine4,UP,lot8,category 1,a4,code6,6,6
2026-11-21,plant-B,line2,machine3,DN,lot6,category 1,a2,code9,13,13
2026-11-21,plant-B,line6,machine1,DN,lot9,category 2,b1,code10,17,17
2026-11-21,plant-A,line7,machine9,DN,lot4,category 1,a2,code2,12,12
2026-11-21,plant-A,line2,machine2,DN,lot7,category 3,a1,code10,17,17
2026-11-21,plant-B,line8,machine2,DN,lot6,category 1,a3,code1,13,13
2026-11-21,plant-B,line8,machine5,DN,lot4,category 2,b4,code1,18,18
2026-11-21,plant-A,line5,machine5,UP,lot7,category 2,b2,code5,2,2
2026-11-21,plant-B,line7,machine9,UP,lot7,category 1,a1,code9,5,5
2026-11-21,plant-A,line7,machine1,UP,lot9,category 3,b4,code9,12,12
2026-11-21,plant-A,line9,machine2,UP,lot2,category 3,a2,code7,4,4
2026-11-21,plant-B,line9,machine2,UP,lot5,category 1,a2,code5,7,7
2026-11-21,plant-B,line3,machine3,UP,lot3,category 3,a1,code3,15,15
2026-11-21,plant-A,line3,machine8,UP,lot3,category 2,b4,code4,14,14
2026-11-21,plant-A,line4,machine8,DN,lot9,pass,pass,,0,405
2026-11-21,plant-B,line9,machine4,DN,lot3,category 1,a4,code7,13,13
2026-11-21,plant-A,line9,machine7,DN,lot8,category 2,b4,code8,18,18
2026-11-21,plant-A,line1,machine8,UP,lot8,pass,pass,,0,474
2026-11-21,plant-A,line7,machine7,UP,lot5,category 1,a2,code9,2,2
2026-11-21,plant-B,line2,machine5,DN,lot5,category 2,b4,code5,11,11
2026-11-21,plant-A,line4,machine3,UP,lot5,category 1,a4,code4,3,3
2026-11-21,plant-B,line2,machine6,UP,lot5,category 2,b1,code3,5,5
2026-11-21,plant-B,line7,machine9,DN,lot9,pass,pass,,0,384
2026-11-21,plant-B,line9,machine9,UP,lot4,category 2,b1,code2,8,8
2026-11-21,plant-A,line1,machine8,UP,lot3,pass,pass,,0,491
2026-11-21,plant-B,line1,machine9,DN,lot3,category 3,b4,code1,3,3
2026-11-21,plant-B,line5,machine5,UP,lot1,category 2,b1,code9,14,14
2026-11-21,plant-A,line9,machine4,UP,lot9,category 2,b4,code2,11,11
2026-11-21,plant-B,line9,machine8,DN,lot5,category 2,b4,code10,12,12
2026-11-21,plant-A,line7,machine4,UP,lot6,category 2,b2,code10,4,4
2026-11-21,plant-A,line2,machine1,DN,lot4,category 1,a4,code7,19,19
2026-11-21,plant-A,line7,machine4,UP,lot2,category 1,a3,code1,4,4
2026-11-21,plant-A,line5,machine1,DN,lot3,category 1,a1,code8,2,2
2026-11-21,plant-A,line7,machine3,UP,lot5,category 1,a3,code5,19,19
2026-11-21,plant-A,line5,machine3,UP,lot4,pass,pass,,0,309
2026-11-21,plant-B,line4,machine2,UP,lot9,category 1,a1,code8,12,12
2026-11-21,plant-A,line2,machine3,DN,lot1,category 3,a1,code6,12,12
2026-11-21,plant-B,line4,machine6,DN,lot6,category 2,b1,code9,1,1
2026-11-21,plant-A,line5,machine1,DN,lot5,category 1,a2,code7,19,19
2026-11-22,,line1,machine3,UP,lot1,,,,3,3
2026-11-22,,line3,machine7,DN,lot4,,,,0,100
2026-11-22,,line3,machine1,UP,lot4,,,,3,3
2026-11-22,plant-A,line5,machine2,UP,lot1,category 1,a1,code4,14,14
2026-11-22,plant-A,line7,machine6,DN,lot2,category 3,a2,code4,5,5
2026-11-22,plant-B,line2,machine3,DN,lot7,category 2,b2,code7,15,15
2026-11-22,plant-A,line3,machine3,UP,lot7,category 1,a4,code9,2,2
2026-11-22,plant-B,line8,machine8,UP,lot8,category 3,a2,code9,1,1
2026-11-22,plant-B,line8,machine8,UP,lot7,category 1,a3,code6,16,16
2026-11-22,plant-A,line8,machine4,UP,lot8,pass,pass,,0,470
2026-11-22,plant-B,line8,machine9,UP,lot6,category 1,a4,code10,13,13
2026-11-22,plant-A,line9,machine9,UP,lot9,category 3,a1,code9,13,13
2026-11-22,plant-B,line7,machine4,DN,lot8,category 1,a1,code4,19,19
2026-11-22,plant-B,line5,machine1,DN,lot9,category 2,b2,code3,11,11
2026-11-22,plant-A,line3,machine5,UP,lot6,category 3,a2,code2,12,12
2026-11-22,plant-A,line4,machine1,UP,lot3,category 3,a2,code1,17,17
2026-11-22,plant-A,line1,machine6,DN,lot6,category 2,b4,code5,11,11
2026-11-22,plant-A,line2,machine4,UP,lot4,category 2,b1,code2,13,13
2026-11-22,plant-A,line3,machine2,DN,lot9,category 2,b2,code9,4,4
2026-11-22,plant-A,line5,machine7,DN,lot4,category 2,b1,code10,10,10
2026-11-22,plant-A,line8,machine8,UP,lot1,category 3,a2,code5,5,5
2026-11-22,plant-A,line6,machine3,DN,lot9,category 2,b4,code6,5,5
2026-11-22,plant-A,line1,machine8,DN,lot1,pass,pass,,0,468
2026-11-22,plant-B,line2,machine3,DN,lot9,category 1,a2,code2,3,3
2026-11-22,plant-B,line3,machine3,UP,lot5,category 2,b3,code9,6,6
2026-11-22,plant-B,line8,machine1,DN,lot9,category 3,b3,code9,8,8
2026-11-22,plant-A,line2,machine2,UP,lot9,category 2,b4,code1,11,11
2026-11-22,plant-A,line1,machine6,UP,lot1,category 3,b4,code4,18,18
2026-11-22,plant-A,line2,machine7,DN,lot7,category 2,b1,code4,17,17
2026-11-22,plant-A,line6,machine5,UP,lot5,category 1,a4,code9,8,8
2026-11-22,plant-B,line7,machine5,DN,lot2,category 2,b4,code6,8,8
2026-11-22,plant-B,line6,machine4,DN,lot3,pass,pass,,0,349
2026-11-22,plant-A,line8,machine9,DN,lot3,category 2,b1,code7,7,7
2026-11-22,plant-B,line8,machine9,UP,lot4,category 2,b1,code9,6,6
2026-11-22,plant-B,line1,machine1,UP,lot6,category 1,a1,code8,15,15
2026-11-22,plant-A,line9,machine4,DN,lot8,pass,pass,,0,331
2026-11-22,plant-A,line5,machine5,UP,lot4,category 1,a2,code5,9,9
2026-11-22,plant-B,line9,machine1,UP,lot4,pass,pass,,0,294
2026-11-22,plant-A,line6,machine1,DN,lot7,category 3,b3,code6,10,10
2026-11-22,plant-B,line3,machine2,UP,lot3,pass,pass,,0,299
2026-11-22,plant-A,line9,machine1,UP,lot9,category 3,b3,code6,19,19
2026-11-22,plant-A,line4,machine1,UP,lot7,category 2,b2,code7,4,4
2026-11-22,plant-A,line7,machine3,DN,lot9,category 1,a4,code7,11,11
2026-11-22,plant-A,line2,machine9,UP,lot6,category 3,b3,code7,18,18
2026-11-22,plant-A,line9,machine8,DN,lot8,category 2,b3,code8,6,6
2026-11-22,plant-B,line8,machine5,DN,lot2,pass,pass,,0,289
2026-11-22,plant-A,line6,machine5,DN,lot6,category 3,b4,code4,7,7
2026-11-22,plant-A,line6,machine3,DN,lot8,category 2,b2,code8,4,4
2026-11-22,plant-B,line5,machine1,DN,lot7,pass,pass,,0,410
2026-11-22,plant-B,line2,machine8,UP,lot8,pass,pass,,0,220
2026-11-22,plant-B,line9,machine3,DN,lot8,category 1,a4,code5,18,18
2026-11-22,plant-B,line8,machine6,UP,lot3,category 3,a1,code9,6,6
2026-11-22,plant-A,line8,machine3,DN,lot7,category 1,a4,code4,7,7
2026-11-22,plant-A,line6,machine9,UP,lot5,category 3,b4,code10,10,10
2026-11-22,plant-B,line4,machine3,DN,lot5,category 3,a2,code3,8,8
2026-11-22,plant-A,line1,machine9,UP,lot5,pass,pass,,0,359
2026-11-22,plant-B,line5,machine4,DN,lot2,pass,pass,,0,378
2026-11-22,plant-B,line7,machine3,DN,lot4,category 2,b2,code2,13,13
2026-11-22,plant-A,line9,machine8,UP,lot5,category 3,b4,code4,4,4
2026-11-22,plant-A,line4,machine1,UP,lot8,category 1,a2,code10,7,7
2026-11-22,plant-B,line8,machine3,DN,lot3,category 1,a4,code8,10,10
2026-11-22,plant-B,line3,machine7,DN,lot9,pass,pass,,0,222
2026-11-22,plant-B,line2,machine1,DN,lot9,category 1,a1,code1,15,15
2026-11-22,plant-B,line6,machine4,DN,lot3,category 2,b2,code6,14,14
2026-11-22,plant-A,line5,machine1,DN,lot8,pass,pass,,0,155
2026-11-22,plant-A,line9,machine8,DN,lot7,pass,pass,,0,241
2026-11-22,plant-A,line5,machine3,UP,lot7,pass,pass,,0,472
2026-11-22,plant-A,line8,machine6,UP,lot2,category 1,a2,code4,1,1
2026-11-22,plant-A,line4,machine6,DN,lot6,category 3,a2,code4,13,13
2026-11-22,plant-B,line3,machine6,DN,lot1,category 3,a2,code6,15,15
2026-11-22,plant-B,line7,machine5,UP,lot9,category 3,b3,code7,16,16
2026-11-22,plant-B,line8,machine6,UP,lot4,category 2,b1,code6,9,9
2026-11-22,plant-A,line8,machine6,UP,lot5,pass,pass,,0,488
2026-11-22,plant-A,line4,machine7,DN,lot6,pass,pass,,0,378
2026-11-22,plant-B,line2,machine2,UP,lot4,category 2,b3,code1,12,12
2026-11-22,plant-B,line1,machine7,DN,lot1,category 3,b4,code2,17,17
2026-11-22,plant-A,line8,machine7,DN,lot1,category 2,b4,code2,8,8
2026-11-22,plant-A,line5,machine5,UP,lot1,category 2,b1,code1,17,17
2026-11-22,plant-B,line9,machine3,DN,lot8,category 1,a3,code7,14,14
2026-11-22,plant-A,line7,machine5,UP,lot7,category 3,b3,code1,1,1
2026-11-22,plant-B,line8,machine8,DN,lot9,category 1,a3,code4,16,16
2026-11-22,plant-B,line6,machine3,DN,lot8,category 3,a2,code4,13,13
2026-11-22,plant-A,line3,machine1,UP,lot4,category 3,b4,code7,16,16
2026-11-22,plant-A,line7,machine9,DN,lot4,pass,pass,,0,315
2026-11-22,plant-A,line2,machine5,UP,lot2,category 1,a2,code3,17,17
2026-11-22,plant-A,line1,machine5,DN,lot2,pass,pass,,0,186
2026-11-22,plant-B,line8,machine6,DN,lot7,category 1,a4,code6,7,7
2026-11-22,plant-B,line4,machine5,UP,lot7,category 1,a2,code2,17,17
2026-11-22,plant-B,line6,machine2,UP,lot2,category 2,b4,code10,18,18
2026-11-22,plant-A,line8,machine7,UP,lot7,pass,pass,,0,393
2026-11-22,plant-B,line1,machine4,UP,lot1,category 3,b3,code7,2,2
2026-11-22,plant-A,line9,machine7,UP,lot2,pass,pass,,0,413
2026-11-22,plant-A,line7,machine3,DN,lot1,category 3,b4,code9,4,4
2026-11-22,plant-A,line3,machine7,DN,lot7,category 3,a1,code9,11,11
2026-11-22,plant-B,line6,machine4,UP,lot6,category 3,b4,code9,11,11
2026-11-22,plant-A,line8,machine9,DN,lot4,category 2,b1,code2,19,19
2026-11-22,plant-B,line3,machine4,UP,lot9,pass,pass,,0,474
2026-11-22,plant-A,line9,machine9,DN,lot6,category 2,b4,code1,13,13
2026-11-22,plant-A,line3,machine1,UP,lot2,category 2,b3,code1,3,3
2026-11-22,plant-A,line8,machine6,DN,lot8,category 2,b3,code9,17,17
2026-11-22,plant-A,line7,machine5,UP,lot5,category 2,b2,code1,13,13
2026-11-22,plant-B,line5,machine1,DN,lot2,category 2,b1,code8,8,8
2026-11-22,plant-B,line1,machine4,DN,lot1,category 3,b4,code7,10,10
2026-11-22,plant-A,line6,machine6,UP,lot4,category 3,b3,code9,8,8
2026-11-22,plant-A,line9,machine1,DN,lot8,category 2,b3,code5,19,19
2026-11-22,plant-A,line5,machine4,UP,lot8,category 3,b3,code7,4,4
2026-11-22,plant-B,line4,machine5,DN,lot1,category 3,b3,code4,15,15
2026-11-22,plant-B,line7,machine1,UP,lot2,category 1,a4,code9,8,8
2026-11-22,plant-B,line4,machine5,DN,lot2,category 2,b2,code4,7,7
2026-11-22,plant-A,line8,machine5,DN,lot4,category 3,b3,code2,18,18
2026-11-22,plant-A,line7,machine6,UP,lot6,category 1,a3,code5,17,17
2026-11-22,plant-B,line3,machine2,UP,lot5,category 2,b1,code5,19,19
2026-11-22,plant-B,line6,machine7,DN,lot1,category 1,a4,code3,8,8
2026-11-22,plant-B,line5,machine5,UP,lot3,category 2,b1,code5,14,14
2026-11-22,plant-B,line3,machine6,UP,lot4,pass,pass,,0,173
2026-11-22,plant-B,line4,machine3,UP,lot3,category 2,b1,code10,14,14
2026-11-22,plant-A,line7,machine5,UP,lot3,category 3,a1,code6,4,4
2026-11-22,plant-B,line4,machine6,UP,lot6,category 1,a3,code1,10,10
2026-11-22,plant-B,line9,machine4,DN,lot9,category 1,a4,code7,7,7
2026-11-22,plant-A,line7,machine6,DN,lot8,category 1,a4,code7,3,3
2026-11-22,plant-A,line2,machine3,UP,lot1,category 1,a2,code1,6,6
2026-11-22,plant-A,line7,machine4,UP,lot1,category 2,b3,code3,16,16
2026-11-22,plant-B,line9,machine5,UP,lot5,category 2,b3,code1,7,7
2026-11-22,plant-A,line6,machine1,DN,lot6,pass,pass,,0,247
2026-11-22,plant-B,line3,machine1,DN,lot8,pass,pass,,0,253
2026-11-22,plant-A,line1,machine6,DN,lot1,category 3,b4,code9,6,6
2026-11-22,plant-B,line7,machine9,DN,lot7,category 2,b3,code4,13,13
2026-11-22,plant-B,line2,machine8,UP,lot2,category 3,a2,code4,1,1
2026-11-22,plant-A,line5,machine4,DN,lot1,category 1,a4,code1,18,18
2026-11-22,plant-A,line6,machine4,UP,lot5,category 3,a1,code9,4,4
2026-11-22,plant-A,line2,machine3,DN,lot2,pass,pass,,0,469
2026-11-22,plant-B,line8,machine8,UP,lot7,category 2,b3,code8,4,4
2026-11-22,plant-A,line3,machine5,UP,lot1,category 1,a1,code5,11,11
2026-11-22,plant-A,line1,machine6,DN,lot1,category 1,a2,code9,12,12
2026-11-22,plant-B,line4,machine5,DN,lot7,category 2,b4,code10,13,13
2026-11-22,plant-A,line1,machine6,UP,lot9,category 1,a3,code3,19,19
2026-11-22,plant-A,line9,machine3,DN,lot5,category 1,a3,code5,2,2
2026-11-22,plant-A,line5,machine9,UP,lot1,category 1,a2,code10,16,16
2026-11-22,plant-A,line7,machine5,UP,lot7,pass,pass,,0,311
2026-11-22,plant-A,line5,machine3,DN,lot8,pass,pass,,0,188
2026-11-22,plant-A,line3,machine6,UP,lot2,category 1,a4,code4,1,1
2026-11-22,plant-A,line2,machine7,UP,lot1,pass,pass,,0,491
2026-11-22,plant-B,line7,machine7,UP,lot9,category 2,b3,code8,18,18
2026-11-22,plant-A,line1,machine8,UP,lot9,pass,pass,,0,284
2026-11-22,plant-A,line8,machine3,DN,lot5,pass,pass,,0,236
2026-11-22,plant-A,line1,machine2,DN,lot4,category 1,a2,code3,10,10
2026-11-22,plant-B,line1,machine9,DN,lot2,category 2,b4,code9,17,17
2026-11-22,plant-A,line9,machine3,UP,lot6,category 2,b1,code7,12,12
2026-11-22,plant-A,line6,machine1,UP,lot7,category 3,b3,code6,2,2
2026-11-22,plant-A,line9,machine7,UP,lot2,pass,pass,,0,261
2026-11-22,plant-B,line5,machine7,DN,lot3,category 1,a4,code4,11,11
2026-11-22,plant-A,line7,machine8,UP,lot5,category 2,b1,code1,9,9
2026-11-22,plant-B,line4,machine4,UP,lot8,category 3,a2,code10,5,5
2026-11-22,plant-A,line1,machine4,DN,lot8,category 2,b2,code4,3,3
2026-11-22,plant-B,line3,machine9,DN,lot3,pass,pass,,0,229
2026-11-22,plant-A,line8,machine9,UP,lot4,category 1,a2,code10,8,8
2026-11-22,plant-B,line3,machine4,UP,lot1,category 3,b4,code5,2,2
2026-11-22,plant-A,line5,machine8,DN,lot8,category 2,b3,code9,13,13
2026-11-22,plant-B,line1,machine1,DN,lot8,category 3,b3,code5,4,4
2026-11-22,plant-A,line8,machine4,UP,lot8,category 3,b3,code5,15,15
2026-11-22,plant-A,line6,machine8,DN,lot2,category 2,b2,code9,13,13
2026-11-22,plant-A,line9,machine7,UP,lot4,category 2,b4,code10,5,5
2026-11-22,plant-B,line9,machine2,DN,lot6,category 3,b4,code1,7,7
2026-11-22,plant-B,line4,machine7,UP,lot2,category 2,b1,code6,4,4
2026-11-22,plant-A,line3,machine9,UP,lot2,category 2,b2,code5,7,7
2026-11-22,plant-B,line5,machine7,UP,lot6,category 2,b2,code7,8,8
2026-11-22,plant-B,line5,machine4,UP,lot5,pass,pass,,0,400
2026-11-22,plant-A,line2,machine2,UP,lot2,category 3,a2,code5,13,13
2026-11-22,plant-B,line6,machine4,DN,lot7,category 1,a1,code3,13,13
2026-11-22,plant-A,line7,machine1,UP,lot9,category 2,b2,code3,2,2
2026-11-22,plant-A,line5,machine8,DN,lot6,category 2,b1,code1,13,13
2026-11-22,plant-B,line8,machine2,UP,lot6,category 1,a3,code8,8,8
2026-11-22,plant-A,line3,machine8,DN,lot4,pass,pass,,0,403
2026-11-22,plant-B,line8,machine5,UP,lot2,category 3,b3,code4,10,10
2026-11-22,plant-A,line2,machine5,DN,lot3,category 2,b3,code1,14,14
2026-11-22,plant-A,line3,machine7,UP,lot3,pass,pass,,0,467
2026-11-22,plant-A,line4,machine3,UP,lot7,pass,pass,,0,462
2026-11-22,plant-B,line8,machine1,DN,lot8,pass,pass,,0,405
2026-11-22,plant-A,line1,machine2,DN,lot3,pass,pass,,0,277
2026-11-22,plant-A,line4,machine4,UP,lot3,category 3,b3,code9,5,5
2026-11-22,plant-A,line3,machine8,UP,lot5,category 1,a4,code6,2,2
2026-11-22,plant-A,line4,machine7,UP,lot1,category 2,b1,code6,4,4
2026-11-22,plant-A,line1,machine8,DN,lot4,category 2,b1,code8,13,13
2026-11-22,plant-A,line2,machine6,UP,lot9,pass,pass,,0,192
2026-11-22,plant-A,line4,machine5,DN,lot8,pass,pass,,0,405
2026-11-22,plant-A,line6,machine5,UP,lot1,category 2,b2,code10,12,12
2026-11-22,plant-A,line4,machine8,DN,lot2,pass,pass,,0,437
2026-11-22,plant-A,line8,machine3,UP,lot3,pass,pass,,0,169
2026-11-22,plant-B,line5,machine8,DN,lot4,category 3,a2,code9,10,10
2026-11-22,plant-B,line4,machine6,UP,lot6,category 2,b4,code2,19,19
2026-11-22,plant-A,line2,machine9,UP,lot1,pass,pass,,0,328
2026-11-22,plant-B,line8,machine2,DN,lot7,category 3,a1,code3,12,12
2026-11-22,plant-A,line2,machine2,DN,lot6,category 3,a1,code10,7,7
2026-11-22,plant-A,line9,machine8,UP,lot2,category 3,b3,code2,14,14
2026-11-22,plant-B,line3,machine7,UP,lot6,category 1,a3,code3,13,13
2026-11-22,plant-B,line4,machine8,UP,lot2,pass,pass,,0,327
2026-11-22,plant-B,line7,machine6,DN,lot1,category 2,b2,code4,14,14
2026-11-22,plant-B,line5,machine7,UP,lot8,category 1,a1,code5,12,12
2026-11-22,plant-B,line8,machine9,DN,lot1,category 3,b3,code7,11,11
2026-11-22,plant-B,line8,machine7,UP,lot4,category 1,a2,code3,4,4
2026-11-23,,line5,machine1,DN,lot5,,,,4,4
2026-11-23,,line3,machine9,DN,lot8,,,,0,100
2026-11-23,,line8,machine7,DN,lot2,,,,2,2
2026-11-23,plant-A,line7,machine5,UP,lot6,category 2,b2,code6,19,19
2026-11-23,plant-A,line6,machine5,UP,lot6,pass,pass,,0,287
2026-11-23,plant-A,line8,machine8,DN,lot1,category 2,b3,code1,7,7
2026-11-23,plant-A,line1,machine5,UP,lot8,pass,pass,,0,235
2026-11-23,plant-A,line2,machine2,UP,lot3,category 1,a2,code4,3,3
2026-11-23,plant-A,line4,machine7,DN,lot7,pass,pass,,0,245
2026-11-23,plant-B,line1,machine5,DN,lot8,category 1,a2,code6,18,18
2026-11-23,plant-A,line6,machine3,DN,lot7,category 3,a1,code8,12,12
2026-11-23,plant-A,line9,machine2,UP,lot2,category 2,b1,code1,6,6
2026-11-23,plant-B,line7,machine4,DN,lot9,category 1,a2,code9,16,16
2026-11-23,plant-A,line7,machine4,DN,lot1,category 2,b1,code9,13,13
2026-11-23,plant-A,line7,machine3,UP,lot5,category 1,a4,code9,1,1
2026-11-23,plant-B,line1,machine6,UP,lot6,category 2,b3,code4,19,19
2026-11-23,plant-B,line3,machine2,UP,lot6,category 2,b2,code1,9,9
2026-11-23,plant-B,line3,machine3,DN,lot6,category 1,a3,code6,6,6
2026-11-23,plant-B,line6,machine8,UP,lot3,category 2,b4,code2,12,12
2026-11-23,plant-A,line9,machine1,UP,lot1,category 2,b3,code1,11,11
2026-11-23,plant-B,line7,machine6,UP,lot3,pass,pass,,0,202
2026-11-23,plant-A,line1,machine5,UP,lot8,pass,pass,,0,372
2026-11-23,plant-A,line3,machine6,DN,lot5,pass,pass,,0,179
2026-11-23,plant-B,line1,machine4,UP,lot6,pass,pass,,0,387
2026-11-23,plant-B,line1,machine7,DN,lot9,category 2,b1,code5,12,12
2026-11-23,plant-A,line1,machine9,DN,lot8,pass,pass,,0,475
2026-11-23,plant-B,line5,machine1,UP,lot2,category 2,b1,code1,19,19
2026-11-23,plant-B,line8,machine2,DN,lot4,category 1,a4,code10,1,1
2026-11-23,plant-B,line8,machine2,UP,lot9,pass,pass,,0,351
2026-11-23,plant-A,line2,machine2,UP,lot6,category 3,b3,code5,3,3
2026-11-23,plant-A,line9,machine8,DN,lot3,category 3,b3,code9,14,14
2026-11-23,plant-A,line8,machine6,DN,lot8,pass,pass,,0,208
2026-11-23,plant-B,line1,machine2,DN,lot6,category 1,a2,code10,2,2
2026-11-23,plant-B,line9,machine2,DN,lot6,pass,pass,,0,451
2026-11-23,plant-A,line9,machine1,UP,lot5,category 3,a1,code9,11,11
2026-11-23,plant-B,line8,machine6,DN,lot8,category 3,a2,code1,13,13
2026-11-23,plant-B,line1,machine2,UP,lot3,category 1,a3,code9,6,6
2026-11-23,plant-B,line3,machine3,UP,lot1,pass,pass,,0,163
2026-11-23,plant-A,line2,machine7,UP,lot1,pass,pass,,0,412
2026-11-23,plant-B,line5,machine2,UP,lot5,category 1,a1,code10,5,5
2026-11-23,plant-A,line8,machine6,DN,lot2,category 2,b3,code6,16,16
2026-11-23,plant-A,line7,machine2,UP,lot1,category 2,b1,code4,15,15
2026-11-23,plant-B,line5,machine5,UP,lot6,category 1,a4,code8,16,16
2026-11-23,plant-A,line9,machine9,UP,lot1,category 1,a3,code3,7,7
2026-11-23,plant-B,line2,machine5,UP,lot4,category 2,b3,code9,18,18
2026-11-23,plant-B,line4,machine6,UP,lot6,category 3,a2,code1,5,5
2026-11-23,plant-B,line3,machine3,DN,lot5,category 1,a3,code6,6,6
2026-11-23,plant-A,line6,machine3,DN,lot7,category 2,b1,code6,12,12
2026-11-23,plant-B,line1,machine2,UP,lot3,pass,pass,,0,433
2026-11-23,plant-A,line8,machine9,UP,lot7,pass,pass,,0,440
2026-11-23,plant-A,line7,machine1,DN,lot1,pass,pass,,0,195
2026-11-23,plant-A,line7,machine3,UP,lot2,category 2,b4,code2,17,17
2026-11-23,plant-B,line2,machine2,DN,lot9,category 1,a3,code1,12,12
2026-11-23,plant-A,line2,machine4,UP,lot9,category 1,a3,code1,11,11
2026-11-23,plant-B,line1,machine1,DN,lot1,pass,pass,,0,416
2026-11-23,plant-A,line4,machine9,DN,lot8,category 1,a3,code1,19,19
2026-11-23,plant-B,line3,machine4,DN,lot6,category 3,b3,code8,19,19
2026-11-23,plant-A,line6,machine1,UP,lot5,category 1,a2,code7,1,1
2026-11-23,plant-B,line1,machine3,DN,lot2,category 2,b4,code10,12,12
2026-11-23,plant-B,line2,machine3,DN,lot9,category 3,b4,code7,6,6
2026-11-23,plant-B,line6,machine7,DN,lot2,category 1,a1,code5,1,1
2026-11-23,plant-B,line5,machine1,DN,lot7,pass,pass,,0,327
2026-11-23,plant-B,line4,machine8,DN,lot8,category 3,a2,code4,11,11
2026-11-23,plant-B,line1,machine5,DN,lot6,pass,pass,,0,361
2026-11-23,plant-B,line3,machine9,UP,lot4,category 2,b1,code10,13,13
2026-11-23,plant-A,line4,machine4,UP,lot6,category 2,b2,code6,6,6
2026-11-23,plant-B,line1,machine3,DN,lot1,category 3,a1,code2,19,19
2026-11-23,plant-B,line3,machine1,UP,lot1,pass,pass,,0,249
2026-11-23,plant-A,line7,machine4,DN,lot2,category 2,b2,code1,16,16
2026-11-23,plant-A,line3,machine1,DN,lot7,pass,pass,,0,261
2026-11-23,plant-A,line1,machine3,UP,lot9,category 2,b2,code1,1,1
2026-11-23,plant-B,line8,machine1,UP,lot8,category 1,a3,code2,1,1
2026-11-23,plant-A,line2,machine5,DN,lot6,category 3,b3,code9,9,9
2026-11-23,plant-B,line2,machine3,UP,lot8,category 1,a1,code1,17,17
2026-11-23,plant-A,line6,machine8,UP,lot1,category 2,b1,code2,11,11
2026-11-23,plant-A,line8,machine3,UP,lot9,category 2,b2,code4,19,19
2026-11-23,plant-A,line2,machine8,DN,lot7,pass,pass,,0,341
2026-11-23,plant-A,line5,machine2,UP,lot2,category 2,b4,code3,11,11
2026-11-23,plant-A,line6,machine6,DN,lot3,category 2,b1,code9,17,17
2026-11-23,plant-A,line6,machine7,DN,lot2,pass,pass,,0,194
2026-11-23,plant-A,line4,machine1,DN,lot2,pass,pass,,0,449
2026-11-23,plant-B,line2,machine5,UP,lot2,category 1,a4,code3,8,8
2026-11-23,plant-A,line4,machine4,UP,lot4,category 2,b1,code8,3,3
2026-11-23,plant-B,line7,machine8,UP,lot3,category 1,a4,code5,1,1
2026-11-23,plant-A,line3,machine5,DN,lot2,pass,pass,,0,488
2026-11-23,plant-B,line9,machine3,DN,lot7,category 3,b4,code5,4,4
2026-11-23,plant-B,line8,machine2,UP,lot1,category 2,b3,code6,13,13
2026-11-23,plant-A,line4,machine7,DN,lot4,pass,pass,,0,357
2026-11-23,plant-A,line2,machine8,UP,lot4,pass,pass,,0,221
2026-11-23,plant-A,line5,machine9,DN,lot1,category 3,a1,code10,15,15
2026-11-23,plant-B,line9,machine1,DN,lot3,category 3,a2,code5,8,8
2026-11-23,plant-B,line3,machine1,UP,lot4,category 2,b3,code8,8,8
2026-11-23,plant-B,line8,machine9,UP,lot1,pass,pass,,0,245
2026-11-23,plant-B,line7,machine2,DN,lot4,pass,pass,,0,234
2026-11-23,plant-B,line7,machine1,UP,lot3,category 3,a1,code1,16,16
2026-11-23,plant-A,line5,machine4,UP,lot2,category 1,a2,code10,1,1
2026-11-23,plant-B,line7,machine3,UP,lot3,category 2,b2,code8,18,18
2026-11-23,plant-A,line7,machine4,DN,lot1,category 2,b1,code2,11,11
2026-11-23,plant-B,line2,machine8,UP,lot4,pass,pass,,0,271
2026-11-23,plant-A,line7,machine2,UP,lot6,category 2,b4,code8,14,14
2026-11-23,plant-A,line3,machine5,DN,lot9,category 2,b1,code4,5,5
2026-11-23,plant-B,line1,machine3,DN,lot4,pass,pass,,0,421
2026-11-23,plant-B,line8,machine2,DN,lot1,category 3,a2,code7,2,2
2026-11-23,plant-A,line4,machine2,UP,lot7,category 3,b3,code7,2,2
2026-11-23,plant-B,line6,machine3,UP,lot8,category 1,a3,code9,16,16
2026-11-23,plant-A,line3,machine2,DN,lot6,category 2,b4,code3,14,14
2026-11-23,plant-A,line2,machine7,UP,lot2,category 1,a4,code2,5,5
2026-11-23,plant-A,line2,machine9,UP,lot8,category 3,a2,code4,5,5
2026-11-23,plant-B,line6,machine6,UP,lot6,category 2,b2,code1,1,1
2026-11-23,plant-B,line2,machine5,UP,lot6,pass,pass,,0,398
2026-11-23,plant-A,line1,machine2,DN,lot5,category 1,a1,code2,15,15
2026-11-23,plant-A,line4,machine6,DN,lot6,pass,pass,,0,414
2026-11-23,plant-B,line9,machine2,DN,lot2,category 3,b3,code8,3,3
2026-11-23,plant-B,line8,machine8,DN,lot5,category 3,b3,code7,10,10
2026-11-23,plant-B,line6,machine6,DN,lot9,pass,pass,,0,314
2026-11-23,plant-A,line1,machine7,DN,lot8,pass,pass,,0,207
2026-11-23,plant-A,line8,machine1,UP,lot9,category 2,b1,code10,17,17
2026-11-23,plant-A,line9,machine9,UP,lot9,category 1,a2,code7,4,4
2026-11-23,plant-B,line3,machine4,DN,lot3,category 1,a2,code5,11,11
2026-11-23,plant-B,line4,machine8,UP,lot5,category 2,b3,code6,5,5
2026-11-23,plant-A,line3,machine9,DN,lot7,category 3,a2,code1,1,1
2026-11-23,plant-A,line2,machine5,UP,lot9,pass,pass,,0,198
2026-11-23,plant-B,line3,machine2,DN,lot7,category 1,a4,code1,2,2
2026-11-23,plant-B,line3,machine2,UP,lot6,category 1,a2,code7,12,12
2026-11-23,plant-B,line6,machine8,DN,lot5,category 1,a4,code5,11,11
2026-11-23,plant-A,line7,machine3,UP,lot5,category 3,a2,code4,1,1
2026-11-23,plant-B,line9,machine4,UP,lot4,pass,pass,,0,448
2026-11-23,plant-A,line6,machine8,DN,lot7,category 1,a3,code8,7,7
2026-11-23,plant-A,line1,machine6,UP,lot9,pass,pass,,0,327
2026-11-23,plant-B,line1,machine2,UP,lot6,pass,pass,,0,365
2026-11-23,plant-A,line7,machine4,DN,lot9,pass,pass,,0,352
2026-11-23,plant-B,line4,machine2,UP,lot2,category 1,a1,code6,12,12
2026-11-23,plant-B,line3,machine7,UP,lot9,category 2,b3,code7,4,4
2026-11-23,plant-B,line3,machine5,UP,lot6,category 3,a2,code8,1,1
2026-11-23,plant-B,line4,machine6,DN,lot7,pass,pass,,0,408
2026-11-23,plant-B,line3,machine6,UP,lot9,pass,pass,,0,475
2026-11-23,plant-B,line5,machine4,DN,lot7,category 3,a1,code3,2,2
2026-11-23,plant-A,line5,machine9,DN,lot1,category 3,b3,code6,3,3
2026-11-23,plant-A,line9,machine9,DN,lot7,category 2,b2,code3,14,14
2026-11-23,plant-B,line4,machine8,UP,lot1,category 3,b3,code9,18,18
2026-11-23,plant-A,line9,machine9,UP,lot7,category 1,a3,code1,7,7
2026-11-23,plant-A,line5,machine7,UP,lot3,category 3,b4,code6,1,1
2026-11-23,plant-B,line2,machine1,UP,lot1,category 1,a3,code1,10,10
2026-11-23,plant-A,line3,machine7,DN,lot7,category 3,a2,code4,1,1
2026-11-23,plant-B,line1,machine4,DN,lot5,category 3,a1,code7,9,9
2026-11-23,plant-B,line4,machine1,DN,lot6,pass,pass,,0,242
2026-11-23,plant-A,line7,machine1,UP,lot3,category 1,a4,code4,14,14
2026-11-23,plant-B,line4,machine7,UP,lot8,category 1,a2,code2,17,17
2026-11-23,plant-B,line6,machine6,UP,lot6,category 1,a2,code1,1,1
2026-11-23,plant-A,line1,machine3,UP,lot6,pass,pass,,0,440
2026-11-23,plant-A,line6,machine1,DN,lot8,pass,pass,,0,346
2026-11-23,plant-A,line6,machine4,UP,lot6,category 3,b3,code5,9,9
2026-11-23,plant-B,line8,machine1,DN,lot8,category 3,a1,code3,13,13
2026-11-23,plant-B,line7,machine5,DN,lot8,category 3,a2,code6,9,9
2026-11-23,plant-B,line8,machine9,DN,lot2,category 1,a2,code9,18,18
2026-11-23,plant-B,line8,machine2,UP,lot7,category 3,a1,code10,15,15
2026-11-23,plant-A,line7,machine5,UP,lot5,pass,pass,,0,302
2026-11-23,plant-B,line9,machine7,UP,lot3,category 2,b1,code2,13,13
2026-11-23,plant-B,line4,machine9,UP,lot9,category 2,b3,code2,2,2
2026-11-23,plant-A,line8,machine5,UP,lot6,category 1,a3,code8,13,13
2026-11-23,plant-B,line2,machine3,DN,lot5,pass,pass,,0,313
2026-11-23,plant-B,line4,machine7,UP,lot5,category 1,a1,code7,4,4
2026-11-23,plant-B,line4,machine9,DN,lot2,category 1,a1,code9,2,2
2026-11-23,plant-A,line6,machine7,UP,lot6,pass,pass,,0,250
2026-11-23,plant-B,line6,machine3,DN,lot3,category 2,b1,code1,14,14
2026-11-23,plant-B,line4,machine6,UP,lot4,category 1,a2,code9,10,10
2026-11-23,plant-B,line4,machine3,UP,lot4,category 3,a2,code4,11,11
2026-11-23,plant-B,line2,machine8,UP,lot1,category 2,b3,code10,9,9
2026-11-23,plant-A,line5,machine6,DN,lot7,category 2,b4,code5,1,1
2026-11-23,plant-A,line2,machine2,UP,lot8,category 2,b4,code3,5,5
2026-11-23,plant-A,line3,machine7,UP,lot5,category 2,b1,code2,7,7
2026-11-23,plant-A,line9,machine3,DN,lot3,category 3,a1,code10,13,13
2026-11-23,plant-A,line7,machine3,UP,lot5,category 2,b1,code2,9,9
2026-11-23,plant-A,line8,machine1,DN,lot6,pass,pass,,0,365
2026-11-23,plant-B,line9,machine6,UP,lot1,category 3,a2,code4,14,14
2026-11-23,plant-A,line3,machine8,UP,lot9,pass,pass,,0,338
2026-11-23,plant-B,line1,machine4,DN,lot2,category 1,a3,code3,4,4
2026-11-23,plant-A,line1,machine5,UP,lot6,category 1,a3,code2,9,9
2026-11-23,plant-B,line7,machine9,DN,lot8,category 1,a1,code3,17,17
2026-11-23,plant-B,line1,machine1,DN,lot4,category 2,b4,code1,16,16
2026-11-23,plant-A,line9,machine6,DN,lot2,category 1,a1,code6,17,17
2026-11-23,plant-B,line6,machine7,UP,lot3,category 1,a3,code7,9,9
2026-11-23,plant-A,line3,machine6,UP,lot9,category 1,a2,code8,7,7
2026-11-23,plant-B,line5,machine5,UP,lot8,category 3,b3,code1,12,12
2026-11-23,plant-B,line1,machine5,UP,lot2,category 2,b2,code7,2,2
2026-11-23,plant-A,line6,machine5,UP,lot7,category 2,b2,code2,3,3
2026-11-23,plant-B,line8,machine2,UP,lot9,category 3,a1,code9,14,14
2026-11-23,plant-B,line5,machine2,UP,lot8,category 2,b3,code1,18,18
2026-11-23,plant-B,line1,machine8,DN,lot8,category 1,a4,code8,7,7
2026-11-23,plant-A,line7,machine3,UP,lot5,pass,pass,,0,207
2026-11-23,plant-B,line1,machine2,DN,lot2,pass,pass,,0,350
2026-11-23,plant-B,line4,machine9,UP,lot9,pass,pass,,0,431
2026-11-23,plant-A,line3,machine2,DN,lot4,category 1,a3,code3,11,11
2026-11-23,plant-A,line4,machine2,DN,lot3,category 2,b4,code6,18,18
2026-11-23,plant-A,line9,machine5,UP,lot2,category 2,b4,code5,18,18
2026-11-23,plant-A,line1,machine8,UP,lot6,category 1,a3,code2,15,15
2026-11-23,plant-A,line3,machine7,UP,lot1,pass,pass,,0,427
2026-11-23,plant-B,line5,machine6,UP,lot5,pass,pass,,0,248
2026-11-23,plant-A,line4,machine7,UP,lot3,pass,pass,,0,286
2026-11-23,plant-B,line7,machine1,DN,lot7,category 2,b1,code5,15,15
2026-11-24,,line3,machine9,UP,lot6,,,,1,1
2026-11-24,,line5,machine8,DN,lot8,,,,3,3
2026-11-24,,line6,machine6,UP,lot8,,,,0,100
2026-11-24,plant-A,line3,machine3,DN,lot3,category 1,a1,code7,4,4
2026-11-24,plant-B,line5,machine1,DN,lot5,pass,pass,,0,375
2026-11-24,plant-A,line9,machine3,UP,lot8,category 1,a2,code1,1,1
2026-11-24,plant-B,line8,machine4,DN,lot4,category 3,a1,code2,18,18
2026-11-24,plant-A,line6,machine6,DN,lot4,pass,pass,,0,374
2026-11-24,plant-B,line7,machine8,UP,lot6,category 1,a1,code2,5,5
2026-11-24,plant-A,line3,machine1,UP,lot1,category 1,a3,code9,18,18
2026-11-24,plant-A,line7,machine1,UP,lot8,category 2,b1,code1,15,15
2026-11-24,plant-B,line2,machine7,DN,lot2,pass,pass,,0,422
2026-11-24,plant-B,line7,machine1,DN,lot6,pass,pass,,0,470
2026-11-24,plant-A,line6,machine9,UP,lot3,category 1,a4,code3,9,9
2026-11-24,plant-A,line8,machine8,DN,lot5,pass,pass,,0,181
2026-11-24,plant-B,line4,machine4,DN,lot9,category 2,b2,code1,9,9
2026-11-24,plant-B,line6,machine2,DN,lot3,category 3,b4,code5,12,12
2026-11-24,plant-B,line5,machine4,DN,lot5,category 2,b3,code9,18,18
2026-11-24,plant-B,line9,machine3,DN,lot5,category 2,b1,code8,16,16
2026-11-24,plant-B,line3,machine1,DN,lot1,category 1,a4,code6,15,15
2026-11-24,plant-B,line5,machine7,UP,lot6,pass,pass,,0,350
2026-11-24,plant-B,line5,machine7,DN,lot6,pass,pass,,0,439
2026-11-24,plant-B,line7,machine7,UP,lot2,pass,pass,,0,490
2026-11-24,plant-A,line4,machine8,DN,lot9,category 3,a1,code1,6,6
2026-11-24,plant-A,line5,machine7,UP,lot4,pass,pass,,0,345
2026-11-24,plant-A,line3,machine3,DN,lot3,category 3,b3,code8,10,10
2026-11-24,plant-A,line7,machine3,DN,lot5,pass,pass,,0,485
2026-11-24,plant-A,line2,machine2,DN,lot1,category 3,b4,code4,3,3
2026-11-24,plant-A,line9,machine2,DN,lot2,category 3,b3,code9,11,11
2026-11-24,plant-B,line7,machine4,UP,lot1,category 2,b3,code7,10,10
2026-11-24,plant-B,line7,machine2,UP,lot6,category 2,b4,code3,6,6
2026-11-24,plant-A,line2,machine7,DN,lot7,category 3,a1,code5,9,9
2026-11-24,plant-A,line8,machine7,DN,lot4,pass,pass,,0,341
2026-11-24,plant-B,line4,machine6,DN,lot7,category 2,b4,code10,13,13
2026-11-24,plant-A,line8,machine9,UP,lot2,category 1,a2,code5,14,14
2026-11-24,plant-B,line3,machine5,DN,lot6,pass,pass,,0,184
2026-11-24,plant-A,line8,machine3,DN,lot9,pass,pass,,0,210
2026-11-24,plant-B,line6,machine4,UP,lot8,category 3,b3,code6,9,9
2026-11-24,plant-A,line6,machine2,UP,lot7,category 2,b4,code2,12,12
2026-11-24,plant-A,line3,machine7,UP,lot5,category 1,a2,code5,9,9
2026-11-24,plant-A,line2,machine4,UP,lot4,pass,pass,,0,410
2026-11-24,plant-A,line2,machine9,DN,lot3,category 3,a2,code9,15,15
2026-11-24,plant-A,line9,machine6,DN,lot3,category 3,b3,code2,12,12
2026-11-24,plant-A,line8,machine7,UP,lot4,pass,pass,,0,267
2026-11-24,plant-B,line5,machine2,DN,lot4,category 1,a3,code1,7,7
2026-11-24,plant-B,line1,machine2,DN,lot3,category 2,b2,code6,11,11
2026-11-24,plant-A,line1,machine3,DN,lot9,category 1,a4,code9,11,11
2026-11-24,plant-B,line9,machine3,DN,lot6,category 2,b2,code1,14,14
2026-11-24,plant-A,line7,machine3,DN,lot2,category 1,a3,code10,4,4
2026-11-24,plant-A,line2,machine8,DN,lot9,category 3,b4,code1,10,10
2026-11-24,plant-B,line9,machine6,UP,lot8,pass,pass,,0,202
2026-11-24,plant-B,line2,machine3,UP,lot3,pass,pass,,0,395
2026-11-24,plant-A,line1,machine7,DN,lot9,category 3,b4,code5,4,4
2026-11-24,plant-B,line9,machine5,UP,lot7,category 1,a3,code1,4,4
2026-11-24,plant-B,line6,machine1,UP,lot4,pass,pass,,0,269
2026-11-24,plant-A,line8,machine1,DN,lot3,category 1,a3,code3,18,18
2026-11-24,plant-A,line3,machine7,DN,lot3,category 1,a4,code3,7,7
2026-11-24,plant-B,line7,machine3,DN,lot9,category 1,a2,code3,6,6
2026-11-24,plant-B,line6,machine6,DN,lot8,category 2,b4,code6,8,8
2026-11-24,plant-A,line3,machine9,UP,lot9,category 1,a1,code9,1,1
2026-11-24,plant-B,line1,machine5,UP,lot5,pass,pass,,0,358
2026-11-24,plant-B,line3,machine7,DN,lot3,category 1,a2,code1,17,17
2026-11-24,plant-A,line4,machine6,UP,lot3,category 1,a4,code5,13,13
2026-11-24,plant-A,line1,machine9,UP,lot8,category 3,b4,code6,11,11
2026-11-24,plant-B,line6,machine8,UP,lot2,category 1,a2,code1,16,16
2026-11-24,plant-B,line9,machine6,DN,lot6,category 2,b1,code10,10,10
2026-11-24,plant-B,line5,machine3,UP,lot6,category 1,a3,code9,11,11
2026-11-24,plant-A,line8,machine5,UP,lot9,pass,pass,,0,444
2026-11-24,plant-A,line2,machine5,UP,lot9,category 3,b3,code10,10,10
2026-11-24,plant-A,line6,machine3,DN,lot1,pass,pass,,0,245
2026-11-24,plant-A,line8,machine1,DN,lot8,category 1,a3,code9,8,8
2026-11-24,plant-A,line1,machine1,UP,lot6,pass,pass,,0,446
2026-11-24,plant-B,line9,machine8,DN,lot5,pass,pass,,0,263
2026-11-24,plant-B,line6,machine5,DN,lot3,pass,pass,,0,207
2026-11-24,plant-A,line9,machine4,UP,lot2,category 3,a1,code1,6,6
2026-11-24,plant-B,line5,machine2,DN,lot6,category 1,a4,code5,19,19
2026-11-24,plant-A,line4,machine8,DN,lot5,category 1,a4,code7,1,1
2026-11-24,plant-A,line3,machine8,DN,lot8,category 1,a2,code6,14,14
2026-11-24,plant-B,line7,machine1,UP,lot6,category 3,a2,code7,2,2
2026-11-24,plant-A,line2,machine7,DN,lot9,category 3,a2,code1,17,17
2026-11-24,plant-A,line3,machine1,DN,lot6,pass,pass,,0,421
2026-11-24,plant-A,line9,machine8,DN,lot5,pass,pass,,0,277
2026-11-24,plant-B,line6,machine6,UP,lot9,category 3,b3,code4,19,19
2026-11-24,plant-A,line8,machine6,UP,lot5,category 2,b2,code8,16,16
2026-11-24,plant-A,line7,machine9,UP,lot6,category 3,a1,code10,2,2
2026-11-24,plant-B,line7,machine3,DN,lot8,pass,pass,,0,326
2026-11-24,plant-A,line5,machine7,UP,lot9,category 2,b1,code5,3,3
2026-11-24,plant-A,line1,machine2,UP,lot9,category 3,b4,code2,13,13
2026-11-24,plant-B,line9,machine4,DN,lot8,category 3,b4,code6,10,10
2026-11-24,plant-B,line3,machine6,DN,lot1,category 2,b1,code7,6,6
2026-11-24,plant-A,line3,machine2,DN,lot1,category 1,a2,code4,16,16
2026-11-24,plant-B,line3,machine1,DN,lot8,category 1,a3,code4,18,18
2026-11-24,plant-A,line3,machine5,UP,lot3,category 2,b1,code4,5,5
2026-11-24,plant-B,line9,machine7,DN,lot6,category 1,a3,code10,12,12
2026-11-24,plant-A,line2,machine2,DN,lot2,category 1,a3,code4,8,8
2026-11-24,plant-A,line8,machine1,DN,lot5,category 2,b4,code10,2,2
2026-11-24,plant-A,line2,machine6,UP,lot2,category 3,a2,code2,19,19
2026-11-24,plant-A,line9,machine3,UP,lot9,pass,pass,,0,462
2026-11-24,plant-B,line1,machine2,DN,lot7,category 2,b2,code10,1,1
2026-11-24,plant-A,line1,machine3,DN,lot7,pass,pass,,0,360
2026-11-24,plant-B,line5,machine1,DN,lot5,pass,pass,,0,378
2026-11-24,plant-B,line4,machine1,DN,lot9,category 1,a2,code8,13,13
2026-11-24,plant-A,line5,machine5,UP,lot1,pass,pass,,0,419
2026-11-24,plant-B,line9,machine9,DN,lot1,category 3,b3,code6,13,13
2026-11-24,plant-B,line4,machine7,UP,lot4,category 2,b2,code6,1,1
2026-11-24,plant-B,line3,machine9,DN,lot8,category 3,b3,code6,13,13
2026-11-24,plant-A,line7,machine8,DN,lot7,category 2,b3,code5,4,4
2026-11-24,plant-A,line7,machine2,UP,lot7,category 2,b1,code10,19,19
2026-11-24,plant-A,line4,machine8,DN,lot1,category 1,a3,code7,9,9
2026-11-24,plant-B,line2,machine5,DN,lot8,category 2,b2,code9,9,9
2026-11-24,plant-A,line2,machine4,UP,lot6,category 2,b1,code5,11,11
2026-11-24,plant-A,line7,machine3,DN,lot5,category 2,b4,code3,19,19
2026-11-24,plant-B,line2,machine8,DN,lot3,category 2,b4,code10,10,10
2026-11-24,plant-B,line9,machine6,UP,lot6,category 1,a2,code9,3,3
2026-11-24,plant-A,line7,machine3,DN,lot5,pass,pass,,0,408
2026-11-24,plant-B,line7,machine7,UP,lot4,pass,pass,,0,259
2026-11-24,plant-A,line8,machine2,DN,lot5,category 1,a4,code4,10,10
2026-11-24,plant-B,line1,machine4,DN,lot3,pass,pass,,0,405
2026-11-24,plant-B,line5,machine1,DN,lot5,category 1,a2,code4,14,14
2026-11-24,plant-B,line9,machine9,UP,lot9,category 2,b2,code7,2,2
2026-11-24,plant-A,line6,machine5,UP,lot3,category 3,b3,code6,19,19
2026-11-24,plant-B,line4,machine5,UP,lot4,category 2,b2,code8,5,5
2026-11-24,plant-A,line2,machine9,UP,lot6,pass,pass,,0,430
2026-11-24,plant-B,line9,machine4,UP,lot8,category 1,a2,code10,14,14
2026-11-24,plant-B,line5,machine2,DN,lot5,category 3,a2,code8,9,9
2026-11-24,plant-A,line1,machine3,DN,lot5,category 2,b2,code6,11,11
2026-11-24,plant-A,line4,machine5,DN,lot6,category 1,a2,code8,11,11
2026-11-24,plant-A,line1,machine3,UP,lot3,category 3,a2,code5,4,4
2026-11-24,plant-B,line8,machine3,UP,lot8,pass,pass,,0,154
2026-11-24,plant-A,line1,machine2,UP,lot7,category 2,b2,code10,3,3
2026-11-24,plant-A,line7,machine1,DN,lot4,category 3,b3,code2,19,19
2026-11-24,plant-B,line4,machine8,DN,lot6,category 2,b2,code8,11,11
2026-11-24,plant-A,line1,machine8,UP,lot3,category 3,b3,code2,10,10
2026-11-24,plant-A,line1,machine6,UP,lot4,pass,pass,,0,393
2026-11-24,plant-A,line7,machine9,DN,lot1,category 2,b4,code1,6,6
2026-11-24,plant-B,line4,machine4,DN,lot5,category 1,a2,code9,6,6
2026-11-24,plant-B,line5,machine4,UP,lot6,pass,pass,,0,255
2026-11-24,plant-A,line9,machine5,DN,lot8,category 1,a2,code6,12,12
2026-11-24,plant-A,line3,machine9,DN,lot2,category 2,b1,code8,11,11
2026-11-24,plant-A,line4,machine9,DN,lot2,pass,pass,,0,198
2026-11-24,plant-A,line7,machine7,UP,lot5,category 1,a1,code6,4,4
2026-11-24,plant-B,line3,machine2,UP,lot6,category 2,b1,code10,4,4
2026-11-24,plant-B,line6,machine9,UP,lot5,pass,pass,,0,398
2026-11-24,plant-A,line1,machine9,UP,lot1,category 3,b3,code1,14,14
2026-11-24,plant-A,line3,machine2,UP,lot2,category 2,b2,code8,18,18
2026-11-24,plant-B,line6,machine7,UP,lot1,pass,pass,,0,222
2026-11-24,plant-A,line2,machine5,UP,lot3,pass,pass,,0,321
2026-11-24,plant-A,line2,machine8,DN,lot9,category 1,a2,code6,14,14
2026-11-24,plant-A,line1,machine9,UP,lot7,pass,pass,,0,411
2026-11-24,plant-B,line4,machine6,UP,lot3,category 2,b3,code9,3,3
2026-11-24,plant-B,line8,machine4,UP,lot7,category 1,a1,code10,18,18
2026-11-24,plant-B,line3,machine4,UP,lot5,pass,pass,,0,246
2026-11-24,plant-A,line9,machine9,UP,lot9,category 2,b2,code9,1,1
2026-11-24,plant-A,line2,machine4,DN,lot9,category 1,a1,code2,1,1
2026-11-24,plant-A,line8,machine7,UP,lot1,pass,pass,,0,255
2026-11-24,plant-A,line6,machine5,DN,lot1,pass,pass,,0,238
2026-11-24,plant-B,line8,machine7,DN,lot5,category 3,a1,code3,9,9
2026-11-24,plant-B,line8,machine3,DN,lot9,category 2,b2,code9,2,2
2026-11-24,plant-B,line4,machine4,DN,lot6,pass,pass,,0,347
2026-11-24,plant-A,line3,machine2,DN,lot1,category 1,a1,code5,2,2
2026-11-24,plant-A,line4,machine4,DN,lot3,category 1,a2,code2,18,18
2026-11-24,plant-B,line2,machine3,DN,lot1,pass,pass,,0,471
2026-11-24,plant-B,line2,machine2,UP,lot1,category 3,a2,code3,12,12
2026-11-24,plant-B,line1,machine1,UP,lot9,pass,pass,,0,247
2026-11-24,plant-A,line8,machine5,UP,lot8,pass,pass,,0,335
2026-11-24,plant-B,line7,machine2,DN,lot3,category 2,b2,code10,2,2
2026-11-24,plant-B,line9,machine9,DN,lot8,category 1,a2,code8,8,8
2026-11-24,plant-A,line6,machine2,UP,lot9,category 2,b2,code8,2,2
2026-11-24,plant-A,line2,machine7,UP,lot2,category 3,b4,code6,2,2
2026-11-24,plant-B,line8,machine3,UP,lot5,category 1,a3,code3,17,17
2026-11-24,plant-A,line4,machine1,DN,lot9,pass,pass,,0,461
2026-11-24,plant-A,line9,machine8,DN,lot7,category 2,b3,code9,5,5
2026-11-24,plant-A,line8,machine8,UP,lot2,category 2,b4,code10,8,8
2026-11-24,plant-B,line9,machine6,UP,lot7,pass,pass,,0,296
2026-11-24,plant-B,line8,machine4,DN,lot3,category 3,b3,code7,19,19
2026-11-24,plant-A,line8,machine2,UP,lot8,pass,pass,,0,162
2026-11-24,plant-A,line9,machine1,DN,lot5,category 2,b1,code3,9,9
2026-11-24,plant-B,line3,machine7,UP,lot6,pass,pass,,0,413
2026-11-24,plant-B,line1,machine1,DN,lot6,category 3,a1,code8,1,1
2026-11-24,plant-B,line7,machine2,DN,lot4,category 1,a1,code4,18,18
2026-11-24,plant-B,line7,machine4,UP,lot4,category 1,a1,code5,13,13
2026-11-24,plant-B,line3,machine2,UP,lot6,pass,pass,,0,287
2026-11-24,plant-A,line1,machine6,UP,lot1,category 3,a2,code1,2,2
2026-11-24,plant-A,line4,machine4,UP,lot5,category 2,b4,code9,11,11
2026-11-24,plant-A,line2,machine8,DN,lot9,category 2,b4,code3,11,11
2026-11-24,plant-A,line5,machine1,DN,lot3,category 2,b4,code3,3,3
2026-11-24,plant-A,line8,machine4,UP,lot5,category 3,b4,code4,17,17
2026-11-24,plant-B,line8,machine4,UP,lot8,category 2,b2,code8,4,4
2026-11-24,plant-A,line7,machine1,DN,lot6,category 3,b3,code2,12,12
2026-11-24,plant-B,line2,machine2,UP,lot5,category 2,b4,code1,14,14
2026-11-24,plant-A,line9,machine2,DN,lot6,category 2,b1,code2,2,2
2026-11-24,plant-A,line1,machine1,UP,lot9,category 1,a3,code4,15,15
2026-11-24,plant-A,line1,machine6,DN,lot6,category 1,a1,code8,5,5
2026-11-24,plant-B,line5,machine1,UP,lot1,category 2,b2,code3,18,18
2026-11-24,plant-B,line1,machine7,DN,lot4,category 1,a1,code7,10,10
2026-11-24,plant-B,line1,machine2,UP,lot2,pass,pass,,0,333
2026-11-24,plant-A,line7,machine9,UP,lot1,category 3,b3,code6,18,18
2026-11-24,plant-A,line8,machine2,DN,lot5,category 2,b2,code1,19,19
2026-11-24,plant-A,line4,machine6,DN,lot1,category 3,a1,code1,8,8
2026-11-24,plant-A,line8,machine2,DN,lot1,pass,pass,,0,389
2026-11-25,,line4,machine9,UP,lot3,,,,3,3
2026-11-25,,line9,machine4,DN,lot3,,,,4,4
2026-11-25,,line7,machine5,UP,lot4,,,,0,100
2026-11-25,plant-B,line4,machine8,DN,lot5,pass,pass,,0,458
2026-11-25,plant-B,line8,machine8,UP,lot7,category 1,a3,code1,5,5
2026-11-25,plant-A,line7,machine1,UP,lot8,category 2,b3,code4,15,15
2026-11-25,plant-B,line9,machine5,UP,lot6,category 3,b3,code2,19,19
2026-11-25,plant-A,line7,machine6,UP,lot4,category 2,b2,code10,15,15
2026-11-25,plant-A,line8,machine8,DN,lot5,category 1,a3,code2,18,18
2026-11-25,plant-A,line5,machine4,DN,lot4,category 2,b4,code10,18,18
2026-11-25,plant-A,line7,machine8,DN,lot3,pass,pass,,0,327
2026-11-25,plant-B,line9,machine8,UP,lot8,pass,pass,,0,290
2026-11-25,plant-B,line4,machine7,DN,lot7,category 1,a3,code10,9,9
2026-11-25,plant-B,line8,machine3,UP,lot7,pass,pass,,0,299
2026-11-25,plant-A,line7,machine5,DN,lot8,pass,pass,,0,454
2026-11-25,plant-A,line4,machine6,DN,lot7,category 1,a3,code4,7,7
2026-11-25,plant-A,line3,machine8,DN,lot3,category 2,b3,code3,13,13
2026-11-25,plant-B,line8,machine9,DN,lot1,category 1,a3,code9,2,2
2026-11-25,plant-A,line8,machine5,UP,lot3,pass,pass,,0,208
2026-11-25,plant-B,line8,machine3,UP,lot8,category 2,b4,code3,6,6
2026-11-25,plant-B,line1,machine4,DN,lot6,pass,pass,,0,432
2026-11-25,plant-A,line3,machine1,UP,lot4,pass,pass,,0,391
2026-11-25,plant-A,line7,machine4,UP,lot9,category 3,a2,code2,11,11
2026-11-25,plant-A,line4,machine3,UP,lot1,category 3,b4,code6,7,7
2026-11-25,plant-A,line1,machine6,DN,lot6,category 2,b1,code1,19,19
2026-11-25,plant-B,line7,machine4,DN,lot9,category 2,b1,code7,5,5
2026-11-25,plant-B,line8,machine6,UP,lot8,category 2,b4,code1,3,3
2026-11-25,plant-A,line5,machine1,UP,lot2,category 3,a1,code10,10,10
2026-11-25,plant-B,line8,machine3,UP,lot3,category 1,a3,code7,11,11
2026-11-25,plant-A,line8,machine1,UP,lot8,category 1,a1,code2,7,7
2026-11-25,plant-A,line8,machine4,UP,lot3,pass,pass,,0,158
2026-11-25,plant-A,line5,machine4,DN,lot2,category 1,a4,code9,15,15
2026-11-25,plant-A,line3,machine7,DN,lot7,pass,pass,,0,414
2026-11-25,plant-A,line1,machine2,UP,lot7,pass,pass,,0,408
2026-11-25,plant-A,line8,machine3,DN,lot2,category 1,a3,code10,10,10
2026-11-25,plant-B,line5,machine3,DN,lot1,pass,pass,,0,407
2026-11-25,plant-B,line5,machine2,DN,lot7,category 3,b3,code1,17,17
2026-11-25,plant-B,line3,machine4,UP,lot8,pass,pass,,0,385
2026-11-25,plant-B,line5,machine4,DN,lot9,pass,pass,,0,390
2026-11-25,plant-A,line7,machine8,UP,lot3,category 1,a1,code1,16,16
2026-11-25,plant-B,line3,machine2,UP,lot2,category 2,b2,code2,6,6
2026-11-25,plant-B,line4,machine1,DN,lot2,category 3,a2,code3,12,12
2026-11-25,plant-B,line4,machine3,DN,lot1,category 2,b3,code1,16,16
2026-11-25,plant-A,line9,machine3,UP,lot8,category 3,b3,code1,9,9
2026-11-25,plant-A,line9,machine1,DN,lot5,pass,pass,,0,423
2026-11-25,plant-B,line9,machine2,UP,lot6,category 1,a1,code10,3,3
2026-11-25,plant-A,line1,machine4,DN,lot2,pass,pass,,0,449
2026-11-25,plant-B,line9,machine2,DN,lot9,category 1,a4,code1,11,11
2026-11-25,plant-A,line1,machine2,UP,lot1,category 2,b3,code8,11,11
2026-11-25,plant-A,line8,machine6,DN,lot1,pass,pass,,0,220
2026-11-25,plant-B,line1,machine8,DN,lot5,pass,pass,,0,290
2026-11-25,plant-B,line1,machine3,DN,lot5,pass,pass,,0,307
2026-11-25,plant-B,line7,machine1,DN,lot5,category 1,a2,code2,3,3
2026-11-25,plant-A,line1,machine4,UP,lot6,category 2,b1,code3,4,4
2026-11-25,plant-B,line9,machine9,DN,lot5,pass,pass,,0,498
2026-11-25,plant-A,line3,machine9,UP,lot5,category 1,a4,code10,10,10
2026-11-25,plant-B,line2,machine7,UP,lot1,category 1,a1,code4,3,3
2026-11-25,plant-B,line1,machine7,DN,lot7,category 1,a1,code5,18,18
2026-11-25,plant-B,line1,machine2,UP,lot8,pass,pass,,0,417
2026-11-25,plant-A,line9,machine9,DN,lot2,category 1,a1,code6,16,16
2026-11-25,plant-B,line2,machine2,DN,lot9,category 2,b2,code6,7,7
2026-11-25,plant-B,line3,machine2,DN,lot2,category 2,b1,code7,5,5
2026-11-25,plant-A,line2,machine3,UP,lot5,category 2,b4,code1,2,2
2026-11-25,plant-A,line1,machine7,UP,lot8,pass,pass,,0,310
2026-11-25,plant-B,line9,machine1,DN,lot3,category 3,a2,code9,5,5
2026-11-25,plant-B,line8,machine9,DN,lot8,category 1,a4,code1,12,12
2026-11-25,plant-B,line1,machine5,DN,lot5,category 1,a4,code10,8,8
2026-11-25,plant-A,line3,machine5,UP,lot5,pass,pass,,0,218
2026-11-25,plant-B,line7,machine8,DN,lot7,category 2,b3,code1,9,9
2026-11-25,plant-A,line1,machine2,UP,lot8,pass,pass,,0,466
2026-11-25,plant-A,line8,machine4,DN,lot7,category 2,b4,code9,6,6
2026-11-25,plant-B,line9,machine2,UP,lot5,category 3,a1,code5,11,11
2026-11-25,plant-B,line3,machine1,UP,lot7,category 2,b2,code2,1,1
2026-11-25,plant-B,line2,machine8,DN,lot4,category 2,b3,code2,14,14
2026-11-25,plant-A,line2,machine3,UP,lot2,category 1,a2,code10,17,17
2026-11-25,plant-A,line1,machine3,UP,lot9,category 3,a1,code4,8,8
2026-11-25,plant-A,line2,machine8,DN,lot7,pass,pass,,0,481
2026-11-25,plant-A,line5,machine7,DN,lot9,category 3,b4,code3,1,1
2026-11-25,plant-B,line4,machine3,UP,lot9,pass,pass,,0,482
2026-11-25,plant-A,line7,machine7,UP,lot2,category 3,a2,code3,1,1
2026-11-25,plant-B,line7,machine2,UP,lot4,pass,pass,,0,246
2026-11-25,plant-B,line1,machine6,UP,lot3,category 2,b4,code10,16,16
2026-11-25,plant-B,line4,machine6,UP,lot7,category 1,a1,code7,15,15
2026-11-25,plant-B,line5,machine2,DN,lot2,pass,pass,,0,210
2026-11-25,plant-A,line2,machine8,UP,lot3,category 1,a2,code6,7,7
2026-11-25,plant-A,line1,machine8,UP,lot3,category 3,b4,code1,9,9
2026-11-25,plant-A,line4,machine1,UP,lot7,category 3,a2,code4,14,14
2026-11-25,plant-A,line1,machine4,UP,lot6,category 2,b1,code5,10,10
2026-11-25,plant-A,line6,machine8,DN,lot9,pass,pass,,0,485
2026-11-25,plant-B,line1,machine4,DN,lot7,category 1,a4,code10,15,15
2026-11-25,plant-A,line3,machine4,UP,lot1,pass,pass,,0,448
2026-11-25,plant-B,line8,machine5,UP,lot5,category 3,a1,code8,2,2
2026-11-25,plant-A,line5,machine6,UP,lot9,category 3,b4,code6,4,4
2026-11-25,plant-A,line1,machine1,DN,lot2,category 2,b3,code3,17,17
2026-11-25,plant-A,line4,machine7,DN,lot6,category 2,b1,code7,10,10
2026-11-25,plant-B,line6,machine5,UP,lot4,category 1,a4,code8,8,8
2026-11-25,plant-B,line2,machine3,DN,lot9,category 3,b3,code6,6,6
2026-11-25,plant-B,line5,machine2,UP,lot7,category 1,a2,code6,10,10
2026-11-25,plant-B,line6,machine9,UP,lot3,category 2,b2,code8,1,1
2026-11-25,plant-A,line5,machine8,DN,lot7,category 1,a4,code9,7,7
2026-11-25,plant-A,line2,machine2,UP,lot7,category 1,a2,code4,15,15
2026-11-25,plant-A,line6,machine8,UP,lot2,category 3,b4,code1,9,9
2026-11-25,plant-A,line9,machine4,UP,lot9,pass,pass,,0,388
2026-11-25,plant-B,line8,machine1,UP,lot3,category 2,b1,code5,15,15
2026-11-25,plant-B,line4,machine8,UP,lot5,category 2,b3,code1,5,5
2026-11-25,plant-B,line8,machine5,DN,lot1,pass,pass,,0,403
2026-11-25,plant-A,line9,machine2,UP,lot7,category 3,b3,code3,2,2
2026-11-25,plant-A,line6,machine7,DN,lot6,pass,pass,,0,491
2026-11-25,plant-B,line9,machine2,UP,lot9,category 2,b2,code7,4,4
2026-11-25,plant-A,line9,machine4,UP,lot4,pass,pass,,0,361
2026-11-25,plant-A,line6,machine1,UP,lot7,category 3,a1,code1,6,6
2026-11-25,plant-B,line7,machine2,UP,lot6,category 3,a1,code4,18,18
2026-11-25,plant-B,line7,machine8,UP,lot3,category 1,a1,code6,7,7
2026-11-25,plant-A,line7,machine2,UP,lot9,category 3,a1,code9,10,10
2026-11-25,plant-B,line7,machine8,UP,lot8,category 3,a2,code7,6,6
2026-11-25,plant-A,line8,machine5,UP,lot3,category 2,b2,code2,6,6
2026-11-25,plant-B,line5,machine5,DN,lot7,category 1,a1,code10,13,13
2026-11-25,plant-A,line7,machine9,DN,lot7,pass,pass,,0,274
2026-11-25,plant-A,line5,machine5,UP,lot8,pass,pass,,0,457
2026-11-25,plant-B,line4,machine1,UP,lot3,category 2,b4,code6,15,15
2026-11-25,plant-A,line3,machine1,DN,lot8,pass,pass,,0,184
2026-11-25,plant-A,line7,machine8,UP,lot2,category 2,b4,code8,2,2
2026-11-25,plant-B,line6,machine3,UP,lot6,pass,pass,,0,346
2026-11-25,plant-A,line3,machine5,UP,lot2,category 1,a3,code2,18,18
2026-11-25,plant-B,line2,machine4,DN,lot9,category 1,a2,code3,12,12
2026-11-25,plant-B,line7,machine5,UP,lot3,category 1,a2,code3,17,17
2026-11-25,plant-A,line5,machine1,DN,lot8,category 1,a2,code7,3,3
2026-11-25,plant-B,line9,machine1,UP,lot7,category 3,b3,code4,1,1
2026-11-25,plant-A,line4,machine3,DN,lot1,category 2,b2,code1,17,17
2026-11-25,plant-A,line2,machine2,DN,lot5,category 3,b4,code3,8,8
2026-11-25,plant-A,line7,machine5,UP,lot8,category 2,b1,code3,11,11
2026-11-25,plant-B,line2,machine1,UP,lot7,category 2,b4,code9,9,9
2026-11-25,plant-A,line8,machine9,UP,lot5,category 2,b1,code9,19,19
2026-11-25,plant-A,line4,machine5,DN,lot1,pass,pass,,0,331
2026-11-25,plant-B,line9,machine8,UP,lot5,category 1,a3,code1,19,19
2026-11-25,plant-B,line1,machine3,DN,lot1,category 3,b3,code7,19,19
2026-11-25,plant-A,line9,machine1,UP,lot3,category 3,b4,code4,15,15
2026-11-25,plant-B,line9,machine9,UP,lot9,category 2,b4,code4,10,10
2026-11-25,plant-B,line7,machine2,UP,lot5,category 3,b4,code4,1,1
2026-11-25,plant-A,line9,machine7,DN,lot6,category 2,b1,code3,2,2
2026-11-25,plant-B,line3,machine4,UP,lot4,category 1,a2,code5,16,16
2026-11-25,plant-A,line6,machine2,UP,lot9,pass,pass,,0,163
2026-11-25,plant-A,line6,machine3,DN,lot4,category 3,b4,code4,7,7
2026-11-25,plant-A,line5,machine1,UP,lot5,category 3,a2,code2,11,11
2026-11-25,plant-B,line1,machine1,DN,lot1,pass,pass,,0,391
2026-11-25,plant-B,line5,machine7,UP,lot5,category 1,a4,code8,19,19
2026-11-25,plant-A,line7,machine3,DN,lot2,category 3,a2,code2,19,19
2026-11-25,plant-A,line8,machine1,UP,lot5,category 1,a2,code5,18,18
2026-11-25,plant-A,line6,machine7,UP,lot1,category 1,a3,code4,7,7
2026-11-25,plant-B,line3,machine3,DN,lot6,pass,pass,,0,387
2026-11-25,plant-A,line2,machine5,UP,lot6,category 2,b3,code6,1,1
2026-11-25,plant-B,line5,machine3,DN,lot5,category 3,a1,code1,10,10
2026-11-25,plant-A,line5,machine1,UP,lot7,category 2,b1,code10,10,10
2026-11-25,plant-A,line3,machine5,DN,lot6,category 1,a4,code1,5,5
2026-11-25,plant-A,line2,machine5,UP,lot4,category 2,b3,code2,11,11
2026-11-25,plant-B,line4,machine4,UP,lot7,pass,pass,,0,479
2026-11-25,plant-A,line1,machine4,DN,lot7,pass,pass,,0,192
2026-11-25,plant-A,line6,machine6,DN,lot7,category 3,a1,code6,9,9
2026-11-25,plant-A,line7,machine3,DN,lot4,category 2,b3,code6,19,19
2026-11-25,plant-A,line2,machine1,DN,lot2,category 2,b2,code9,19,19
2026-11-25,plant-A,line1,machine2,UP,lot6,category 1,a2,code2,12,12
2026-11-25,plant-B,line2,machine6,DN,lot2,category 3,a1,code5,8,8
2026-11-25,plant-A,line3,machine8,DN,lot3,category 2,b2,code10,8,8
2026-11-25,plant-A,line4,machine5,DN,lot5,category 1,a3,code1,5,5
2026-11-25,plant-A,line2,machine1,UP,lot4,category 2,b2,code3,12,12
2026-11-25,plant-B,line6,machine5,UP,lot6,category 1,a2,code1,9,9
2026-11-25,plant-B,line7,machine5,DN,lot4,pass,pass,,0,460
2026-11-25,plant-B,line8,machine6,UP,lot6,category 2,b1,code8,6,6
2026-11-25,plant-B,line6,machine6,DN,lot9,category 2,b2,code7,4,4
2026-11-25,plant-B,line8,machine5,DN,lot8,pass,pass,,0,234
2026-11-25,plant-A,line7,machine9,UP,lot4,category 1,a4,code7,1,1
2026-11-25,plant-A,line1,machine3,DN,lot8,pass,pass,,0,264
2026-11-25,plant-B,line8,machine9,UP,lot6,pass,pass,,0,355
2026-11-25,plant-A,line9,machine9,UP,lot3,category 3,a1,code3,16,16
2026-11-25,plant-A,line3,machine6,DN,lot9,pass,pass,,0,154
2026-11-25,plant-B,line6,machine1,UP,lot7,category 3,a1,code2,4,4
2026-11-25,plant-A,line5,machine6,UP,lot5,category 1,a2,code8,3,3
2026-11-25,plant-B,line3,machine5,DN,lot6,pass,pass,,0,291
2026-11-25,plant-A,line7,machine4,UP,lot2,category 3,b3,code2,2,2
2026-11-25,plant-B,line8,machine2,DN,lot4,category 1,a2,code1,4,4
2026-11-25,plant-A,line9,machine5,UP,lot9,pass,pass,,0,386
2026-11-25,plant-B,line5,machine9,DN,lot9,category 2,b1,code8,15,15
2026-11-25,plant-B,line1,machine7,DN,lot1,category 3,b3,code3,18,18
2026-11-25,plant-A,line9,machine6,UP,lot3,category 2,b2,code3,8,8
2026-11-25,plant-B,line3,machine2,DN,lot8,category 3,b4,code9,19,19
2026-11-25,plant-A,line7,machine7,UP,lot2,category 1,a1,code1,3,3
2026-11-25,plant-B,line9,machine7,DN,lot1,category 1,a2,code4,17,17
2026-11-25,plant-A,line5,machine4,UP,lot1,category 3,b4,code7,10,10
2026-11-25,plant-A,line4,machine9,UP,lot6,category 1,a2,code2,1,1
2026-11-25,plant-A,line6,machine5,UP,lot6,pass,pass,,0,212
2026-11-25,plant-B,line4,machine3,UP,lot9,pass,pass,,0,449
2026-11-25,plant-A,line7,machine3,DN,lot6,category 2,b3,code6,6,6
2026-11-25,plant-A,line3,machine5,DN,lot1,category 1,a2,code2,12,12
2026-11-25,plant-B,line2,machine6,DN,lot2,category 2,b4,code3,16,16
2026-11-25,plant-B,line2,machine7,DN,lot5,pass,pass,,0,317
2026-11-25,plant-A,line8,machine5,UP,lot9,category 1,a1,code7,3,3
2026-11-25,plant-B,line2,machine6,DN,lot9,category 1,a4,code3,8,8
2026-11-25,plant-B,line4,machine6,UP,lot2,pass,pass,,0,480
2026-11-25,plant-A,line7,machine9,DN,lot2,pass,pass,,0,211
2026-11-25,plant-B,line9,machine6,DN,lot9,pass,pass,,0,206
2026-11-26,,line4,machine4,DN,lot7,,,,3,3
2026-11-26,,line4,machine8,DN,lot4,,,,1,1
2026-11-26,,line6,machine1,UP,lot5,,,,1,1
2026-11-26,plant-B,line3,machine4,DN,lot4,category 1,a4,code9,4,4
2026-11-26,plant-B,line5,machine2,UP,lot1,category 2,b3,code3,13,13
2026-11-26,plant-B,line7,machine4,UP,lot1,category 1,a1,code2,7,7
2026-11-26,plant-B,line2,machine7,UP,lot3,category 1,a2,code2,2,2
2026-11-26,plant-A,line1,machine3,UP,lot8,category 3,b4,code8,13,13
2026-11-26,plant-B,line5,machine3,DN,lot5,pass,pass,,0,177
2026-11-26,plant-B,line8,machine8,DN,lot3,category 1,a2,code5,10,10
2026-11-26,plant-B,line5,machine3,UP,lot5,category 3,b4,code4,7,7
2026-11-26,plant-A,line6,machine4,UP,lot7,category 3,b3,code6,15,15
2026-11-26,plant-A,line3,machine3,UP,lot3,category 3,b3,code2,14,14
2026-11-26,plant-A,line2,machine9,DN,lot5,category 2,b2,code4,7,7
2026-11-26,plant-B,line2,machine4,DN,lot1,category 2,b4,code4,2,2
2026-11-26,plant-A,line1,machine2,DN,lot8,pass,pass,,0,289
2026-11-26,plant-B,line2,machine8,DN,lot4,pass,pass,,0,213
2026-11-26,plant-A,line1,machine8,DN,lot2,category 1,a3,code6,14,14
2026-11-26,plant-B,line4,machine8,UP,lot2,category 2,b2,code4,19,19
2026-11-26,plant-B,line9,machine9,DN,lot3,category 1,a3,code1,11,11
2026-11-26,plant-A,line9,machine9,UP,lot2,category 2,b4,code7,13,13
2026-11-26,plant-B,line4,machine4,UP,lot3,category 1,a3,code4,18,18
2026-11-26,plant-A,line5,machine2,UP,lot3,category 2,b1,code7,19,19
2026-11-26,plant-A,line8,machine2,UP,lot1,category 2,b4,code6,9,9
2026-11-26,plant-A,line5,machine8,DN,lot6,category 1,a4,code1,16,16
2026-11-26,plant-A,line5,machine3,DN,lot6,category 1,a1,code7,6,6
2026-11-26,plant-A,line3,machine7,UP,lot3,category 1,a1,code9,6,6
2026-11-26,plant-A,line3,machine1,UP,lot6,category 1,a3,code1,13,13
2026-11-26,plant-A,line8,machine8,UP,lot5,category 1,a1,code7,12,12
2026-11-26,plant-B,line2,machine6,DN,lot1,category 3,a2,code7,15,15
2026-11-26,plant-A,line8,machine3,DN,lot2,category 2,b1,code7,19,19
2026-11-26,plant-B,line7,machine9,UP,lot9,category 2,b4,code8,6,6
2026-11-26,plant-A,line6,machine7,DN,lot9,pass,pass,,0,378
2026-11-26,plant-B,line7,machine5,UP,lot2,category 2,b3,code1,11,11
2026-11-26,plant-A,line3,machine3,UP,lot4,category 3,b3,code1,10,10
2026-11-26,plant-B,line8,machine5,UP,lot1,category 3,a1,code2,3,3
2026-11-26,plant-B,line1,machine3,UP,lot8,category 1,a4,code8,15,15
2026-11-26,plant-B,line7,machine3,DN,lot2,category 3,a1,code10,1,1
2026-11-26,plant-B,line4,machine5,UP,lot8,category 3,b3,code1,5,5
2026-11-26,plant-B,line4,machine6,DN,lot5,category 1,a3,code10,3,3
2026-11-26,plant-A,line3,machine5,DN,lot8,category 1,a1,code4,1,1
2026-11-26,plant-B,line7,machine7,DN,lot8,category 3,b3,code1,15,15
2026-11-26,plant-A,line8,machine8,UP,lot1,category 2,b1,code9,7,7
2026-11-26,plant-A,line4,machine8,DN,lot4,pass,pass,,0,232
2026-11-26,plant-B,line4,machine4,DN,lot1,category 1,a3,code10,5,5
2026-11-26,plant-A,line9,machine2,DN,lot4,pass,pass,,0,400
2026-11-26,plant-B,line5,machine5,DN,lot3,pass,pass,,0,226
2026-11-26,plant-A,line9,machine2,DN,lot9,category 1,a4,code5,14,14
2026-11-26,plant-B,line4,machine8,UP,lot2,category 2,b4,code1,2,2
2026-11-26,plant-B,line1,machine1,DN,lot1,pass,pass,,0,440
2026-11-26,plant-B,line5,machine5,UP,lot1,category 2,b1,code1,13,13
2026-11-26,plant-A,line6,machine2,UP,lot7,category 3,a2,code4,16,16
2026-11-26,plant-A,line1,machine3,DN,lot6,pass,pass,,0,488
2026-11-26,plant-B,line3,machine7,UP,lot2,pass,pass,,0,216
2026-11-26,plant-A,line4,machine6,DN,lot6,pass,pass,,0,189
2026-11-26,plant-A,line1,machine7,DN,lot9,category 3,b3,code9,5,5
2026-11-26,plant-B,line6,machine5,DN,lot8,category 2,b3,code1,6,6
2026-11-26,plant-A,line9,machine3,DN,lot4,category 1,a4,code9,8,8
2026-11-26,plant-A,line5,machine2,UP,lot2,pass,pass,,0,191
2026-11-26,plant-B,line6,machine9,UP,lot3,category 1,a3,code1,3,3
2026-11-26,plant-A,line3,machine5,DN,lot8,category 1,a3,code10,6,6
2026-11-26,plant-A,line3,machine5,UP,lot9,pass,pass,,0,408
2026-11-26,plant-B,line9,machine4,UP,lot2,category 3,a2,code5,12,12
2026-11-26,plant-A,line9,machine7,DN,lot8,category 1,a3,code7,12,12
2026-11-26,plant-B,line5,machine4,DN,lot9,pass,pass,,0,302
2026-11-26,plant-A,line9,machine2,UP,lot7,pass,pass,,0,469
2026-11-26,plant-A,line8,machine3,UP,lot5,category 1,a1,code3,9,9
2026-11-26,plant-A,line1,machine5,UP,lot9,category 3,b3,code8,7,7
2026-11-26,plant-B,line7,machine2,DN,lot9,category 3,b4,code3,9,9
2026-11-26,plant-B,line5,machine2,DN,lot8,pass,pass,,0,333
2026-11-26,plant-B,line2,machine8,DN,lot5,category 2,b1,code2,19,19
2026-11-26,plant-A,line4,machine5,DN,lot9,category 2,b1,code9,4,4
2026-11-26,plant-A,line7,machine5,DN,lot5,category 3,a2,code6,18,18
2026-11-26,plant-A,line7,machine3,UP,lot8,category 3,a1,code9,7,7
2026-11-26,plant-A,line6,machine6,DN,lot4,category 3,a1,code9,17,17
2026-11-26,plant-A,line9,machine1,UP,lot6,category 3,a2,code9,9,9
2026-11-26,plant-A,line2,machine4,UP,lot2,pass,pass,,0,414
2026-11-26,plant-B,line8,machine3,UP,lot3,category 2,b1,code2,14,14
2026-11-26,plant-A,line2,machine5,DN,lot8,pass,pass,,0,210
2026-11-26,plant-A,line4,machine7,UP,lot3,pass,pass,,0,311
2026-11-26,plant-B,line3,machine5,UP,lot1,category 3,a1,code1,17,17
2026-11-26,plant-A,line5,machine2,DN,lot5,pass,pass,,0,154
2026-11-26,plant-A,line2,machine3,UP,lot6,pass,pass,,0,468
2026-11-26,plant-B,line5,machine2,DN,lot2,pass,pass,,0,184
2026-11-26,plant-B,line9,machine3,UP,lot3,category 2,b2,code9,12,12
2026-11-26,plant-B,line8,machine8,UP,lot7,category 1,a4,code5,13,13
2026-11-26,plant-A,line7,machine5,DN,lot4,category 2,b4,code5,1,1
2026-11-26,plant-B,line2,machine9,UP,lot9,category 1,a1,code10,3,3
2026-11-26,plant-B,line6,machine6,DN,lot8,category 3,b4,code3,11,11
2026-11-26,plant-A,line5,machine4,UP,lot5,category 3,b3,code1,7,7
2026-11-26,plant-A,line5,machine1,DN,lot3,category 2,b4,code6,14,14
2026-11-26,plant-A,line7,machine8,UP,lot3,category 1,a2,code6,16,16
2026-11-26,plant-B,line2,machine4,DN,lot9,category 1,a3,code3,2,2
2026-11-26,plant-A,line2,machine4,DN,lot7,category 2,b2,code6,13,13
2026-11-26,plant-B,line8,machine1,DN,lot1,category 1,a3,code6,11,11
2026-11-26,plant-A,line3,machine4,DN,lot5,pass,pass,,0,204
2026-11-26,plant-B,line2,machine9,UP,lot8,pass,pass,,0,202
2026-11-26,plant-B,line1,machine3,DN,lot6,pass,pass,,0,425
2026-11-26,plant-A,line8,machine6,DN,lot8,pass,pass,,0,156
2026-11-26,plant-A,line4,machine4,DN,lot9,category 2,b4,code4,6,6
2026-11-26,plant-B,line1,machine4,DN,lot2,category 1,a4,code5,14,14
2026-11-26,plant-B,line1,machine7,UP,lot2,category 3,b4,code8,9,9
2026-11-26,plant-B,line2,machine1,DN,lot6,category 1,a2,code6,17,17
2026-11-26,plant-A,line2,machine4,UP,lot2,category 3,a1,code3,2,2
2026-11-26,plant-A,line6,machine5,UP,lot3,pass,pass,,0,411
2026-11-26,plant-A,line4,machine7,DN,lot6,pass,pass,,0,303
2026-11-26,plant-A,line7,machine2,UP,lot6,category 2,b2,code5,15,15
2026-11-26,plant-B,line2,machine9,DN,lot1,category 3,b4,code9,10,10
2026-11-26,plant-B,line8,machine1,DN,lot9,pass,pass,,0,168
2026-11-26,plant-A,line6,machine7,DN,lot5,pass,pass,,0,182
2026-11-26,plant-A,line3,machine4,DN,lot9,category 1,a4,code5,15,15
2026-11-26,plant-B,line3,machine7,UP,lot2,pass,pass,,0,433
2026-11-26,plant-B,line2,machine5,DN,lot1,pass,pass,,0,343
2026-11-26,plant-B,line7,machine4,UP,lot6,pass,pass,,0,238
2026-11-26,plant-A,line7,machine7,DN,lot1,category 3,a2,code1,17,17
2026-11-26,plant-B,line8,machine5,UP,lot9,category 3,b3,code7,15,15
2026-11-26,plant-A,line4,machine8,DN,lot2,pass,pass,,0,253
2026-11-26,plant-B,line5,machine2,DN,lot6,pass,pass,,0,272
2026-11-26,plant-B,line9,machine8,UP,lot7,pass,pass,,0,465
2026-11-26,plant-A,line5,machine2,UP,lot5,category 2,b1,code6,14,14
2026-11-26,plant-A,line2,machine4,UP,lot7,category 2,b2,code8,18,18
2026-11-26,plant-A,line2,machine2,UP,lot5,pass,pass,,0,414
2026-11-26,plant-B,line6,machine9,DN,lot3,pass,pass,,0,309
2026-11-26,plant-B,line2,machine5,UP,lot2,pass,pass,,0,258
2026-11-26,plant-B,line3,machine6,DN,lot7,pass,pass,,0,172
2026-11-26,plant-A,line4,machine9,UP,lot6,category 1,a3,code5,4,4
2026-11-26,plant-B,line7,machine3,DN,lot1,category 1,a1,code3,13,13
2026-11-26,plant-A,line1,machine5,UP,lot5,category 1,a3,code5,17,17
2026-11-26,plant-B,line8,machine6,UP,lot4,pass,pass,,0,477
2026-11-26,plant-A,line5,machine2,DN,lot8,category 1,a1,code3,13,13
2026-11-26,plant-A,line5,machine4,DN,lot9,category 3,b3,code4,11,11
2026-11-26,plant-A,line3,machine5,DN,lot1,pass,pass,,0,206
2026-11-26,plant-A,line2,machine2,UP,lot5,category 1,a2,code5,12,12
2026-11-26,plant-A,line8,machine5,DN,lot3,pass,pass,,0,490
2026-11-26,plant-B,line8,machine1,UP,lot7,category 1,a2,code5,15,15
2026-11-26,plant-B,line9,machine5,UP,lot7,category 2,b2,code3,3,3
2026-11-26,plant-B,line6,machine1,UP,lot7,pass,pass,,0,229
2026-11-26,plant-B,line7,machine2,UP,lot9,category 2,b3,code7,7,7
2026-11-26,plant-B,line3,machine7,UP,lot6,pass,pass,,0,364
2026-11-26,plant-A,line1,machine5,DN,lot3,pass,pass,,0,177
2026-11-26,plant-A,line5,machine1,UP,lot8,category 3,b3,code9,8,8
2026-11-26,plant-A,line5,machine2,DN,lot8,category 3,a2,code7,18,18
2026-11-26,plant-B,line7,machine8,DN,lot6,category 3,a1,code7,11,11
2026-11-26,plant-A,line8,machine7,UP,lot6,category 2,b4,code10,19,19
2026-11-26,plant-B,line3,machine2,UP,lot1,pass,pass,,0,441
2026-11-26,plant-B,line4,machine6,UP,lot7,pass,pass,,0,475
2026-11-26,plant-B,line3,machine8,DN,lot4,category 2,b3,code8,13,13
2026-11-26,plant-A,line3,machine7,UP,lot4,category 2,b4,code3,17,17
2026-11-26,plant-B,line9,machine3,DN,lot8,category 2,b4,code10,16,16
2026-11-26,plant-A,line3,machine9,UP,lot6,category 2,b2,code7,7,7
2026-11-26,plant-B,line4,machine1,DN,lot5,category 2,b1,code3,12,12
2026-11-26,plant-B,line9,machine2,UP,lot3,category 1,a4,code2,12,12
2026-11-26,plant-A,line4,machine4,DN,lot7,category 1,a3,code9,4,4
2026-11-26,plant-A,line4,machine2,DN,lot7,category 1,a1,code10,15,15
2026-11-26,plant-B,line6,machine3,DN,lot5,pass,pass,,0,489
2026-11-26,plant-B,line4,machine6,DN,lot2,pass,pass,,0,339
2026-11-26,plant-B,line2,machine1,UP,lot8,category 2,b4,code9,15,15
2026-11-26,plant-B,line4,machine5,UP,lot5,category 2,b1,code5,11,11
2026-11-26,plant-B,line4,machine5,UP,lot9,pass,pass,,0,257
2026-11-26,plant-A,line1,machine3,UP,lot9,category 1,a1,code1,3,3
2026-11-26,plant-B,line9,machine2,UP,lot6,pass,pass,,0,375
2026-11-26,plant-B,line8,machine6,UP,lot8,category 3,a2,code4,3,3
2026-11-26,plant-A,line9,machine8,UP,lot9,category 2,b3,code4,16,16
2026-11-26,plant-A,line3,machine6,DN,lot4,category 2,b2,code1,8,8
2026-11-26,plant-A,line8,machine5,DN,lot1,pass,pass,,0,347
2026-11-26,plant-B,line9,machine3,UP,lot7,category 2,b4,code3,19,19
2026-11-26,plant-A,line6,machine1,DN,lot2,category 1,a3,code9,11,11
2026-11-26,plant-A,line7,machine6,UP,lot3,category 2,b4,code2,19,19
2026-11-26,plant-A,line7,machine3,UP,lot3,category 2,b2,code3,8,8
2026-11-26,plant-A,line1,machine1,UP,lot9,pass,pass,,0,161
2026-11-26,plant-B,line9,machine4,DN,lot9,category 3,b4,code8,7,7
2026-11-26,plant-B,line8,machine6,DN,lot5,category 3,b4,code4,1,1
2026-11-26,plant-B,line4,machine1,DN,lot8,category 2,b4,code2,14,14
2026-11-26,plant-A,line8,machine2,DN,lot4,category 1,a4,code9,9,9
2026-11-26,plant-A,line7,machine3,DN,lot2,pass,pass,,0,194
2026-11-26,plant-A,line9,machine7,UP,lot3,pass,pass,,0,469
2026-11-26,plant-B,line4,machine2,UP,lot8,category 2,b4,code1,6,6
2026-11-26,plant-B,line5,machine7,UP,lot4,pass,pass,,0,247
2026-11-26,plant-B,line7,machine8,DN,lot7,category 1,a1,code8,16,16
2026-11-26,plant-A,line1,machine2,UP,lot1,pass,pass,,0,473
2026-11-26,plant-B,line2,machine7,DN,lot7,pass,pass,,0,214
2026-11-26,plant-B,line2,machine6,DN,lot2,pass,pass,,0,252
2026-11-26,plant-B,line1,machine9,DN,lot4,category 1,a1,code8,9,9
2026-11-26,plant-A,line4,machine2,DN,lot3,category 2,b1,code6,6,6
2026-11-26,plant-B,line7,machine5,DN,lot4,category 2,b3,code6,9,9
2026-11-26,plant-A,line3,machine4,UP,lot1,pass,pass,,0,446
2026-11-26,plant-B,line5,machine1,UP,lot7,category 1,a2,code9,3,3
2026-11-26,plant-A,line3,machine1,DN,lot8,category 3,b3,code10,12,12
2026-11-26,plant-A,line9,machine6,DN,lot3,category 3,b3,code7,12,12
2026-11-26,plant-A,line1,machine4,DN,lot7,pass,pass,,0,396
2026-11-26,plant-A,line6,machine7,DN,lot6,category 1,a2,code5,10,10
2026-11-26,plant-A,line8,machine8,DN,lot3,category 2,b3,code7,3,3
2026-11-26,plant-A,line6,machine2,DN,lot5,pass,pass,,0,303
2026-11-26,plant-B,line7,machine1,UP,lot8,category 1,a3,code8,1,1
2026-11-26,plant-A,line2,machine8,DN,lot2,category 3,a2,code9,3,3
2026-11-26,plant-A,line4,machine2,UP,lot3,category 1,a1,code8,13,13
2026-11-26,plant-B,line2,machine7,DN,lot3,category 2,b3,code4,13,13
2026-11-26,plant-A,line1,machine6,UP,lot2,pass,pass,,0,180
2026-11-26,plant-A,line1,machine2,DN,lot9,pass,pass,,0,304
2026-11-26,plant-A,line4,machine9,DN,lot4,pass,pass,,0,364
2026-11-27,,line1,machine3,DN,lot4,,,,3,3
2026-11-27,,line1,machine3,UP,lot8,,,,4,4
2026-11-27,,line8,machine6,DN,lot7,,,,1,1
2026-11-27,plant-B,line6,machine6,DN,lot3,pass,pass,,0,375
2026-11-27,plant-B,line1,machine6,UP,lot7,pass,pass,,0,218
2026-11-27,plant-B,line1,machine3,DN,lot7,category 1,a1,code2,3,3
2026-11-27,plant-A,line7,machine6,DN,lot5,category 1,a1,code6,17,17
2026-11-27,plant-A,line2,machine9,UP,lot9,category 1,a3,code9,19,19
2026-11-27,plant-A,line9,machine3,UP,lot3,category 3,a1,code3,13,13
2026-11-27,plant-A,line1,machine2,UP,lot8,pass,pass,,0,391
2026-11-27,plant-B,line4,machine2,UP,lot4,category 2,b3,code6,14,14
2026-11-27,plant-B,line8,machine8,DN,lot1,pass,pass,,0,320
2026-11-27,plant-B,line8,machine3,DN,lot2,category 3,a1,code9,9,9
2026-11-27,plant-A,line1,machine6,DN,lot1,category 3,a2,code6,11,11
2026-11-27,plant-A,line8,machine9,DN,lot5,category 2,b2,code10,14,14
2026-11-27,plant-A,line9,machine7,DN,lot4,category 2,b2,code9,11,11
2026-11-27,plant-A,line3,machine8,DN,lot2,category 3,b3,code8,3,3
2026-11-27,plant-A,line6,machine7,DN,lot9,category 2,b1,code1,18,18
2026-11-27,plant-B,line5,machine3,UP,lot4,category 1,a4,code10,14,14
2026-11-27,plant-B,line1,machine7,DN,lot8,pass,pass,,0,249
2026-11-27,plant-A,line7,machine3,DN,lot3,pass,pass,,0,428
2026-11-27,plant-A,line8,machine8,UP,lot7,category 1,a4,code9,14,14
2026-11-27,plant-B,line8,machine3,DN,lot1,category 2,b4,code8,6,6
2026-11-27,plant-A,line6,machine5,UP,lot5,category 2,b1,code4,13,13
2026-11-27,plant-A,line8,machine2,DN,lot6,pass,pass,,0,392
2026-11-27,plant-B,line4,machine3,DN,lot2,pass,pass,,0,254
2026-11-27,plant-B,line9,machine6,UP,lot2,pass,pass,,0,382
2026-11-27,plant-B,line6,machine7,UP,lot6,category 2,b1,code1,18,18
2026-11-27,plant-B,line1,machine9,DN,lot2,category 1,a2,code3,13,13
2026-11-27,plant-A,line5,machine8,DN,lot6,category 2,b3,code8,4,4
2026-11-27,plant-A,line9,machine5,UP,lot1,category 1,a2,code1,14,14
2026-11-27,plant-A,line2,machine3,UP,lot3,category 2,b1,code3,14,14
2026-11-27,plant-A,line1,machine3,UP,lot5,category 2,b4,code3,19,19
2026-11-27,plant-A,line1,machine7,UP,lot8,pass,pass,,0,307
2026-11-27,plant-B,line6,machine8,DN,lot4,category 2,b1,code4,19,19
2026-11-27,plant-A,line8,machine8,DN,lot7,category 2,b1,code3,18,18
2026-11-27,plant-A,line2,machine3,DN,lot9,category 1,a2,code6,1,1
2026-11-27,plant-B,line3,machine7,DN,lot7,category 3,b3,code6,15,15
2026-11-27,plant-B,line9,machine8,UP,lot9,category 1,a2,code6,18,18
2026-11-27,plant-A,line9,machine4,UP,lot8,category 2,b3,code10,19,19
2026-11-27,plant-B,line9,machine5,DN,lot4,category 2,b2,code1,8,8
2026-11-27,plant-B,line5,machine2,DN,lot3,category 2,b1,code1,8,8
2026-11-27,plant-B,line9,machine3,UP,lot2,category 1,a1,code2,6,6
2026-11-27,plant-B,line7,machine5,UP,lot1,category 3,a2,code2,4,4
2026-11-27,plant-B,line4,machine3,DN,lot5,pass,pass,,0,162
2026-11-27,plant-A,line3,machine6,DN,lot2,pass,pass,,0,386
2026-11-27,plant-B,line7,machine5,DN,lot7,pass,pass,,0,330
2026-11-27,plant-A,line9,machine7,DN,lot7,category 2,b1,code3,4,4
2026-11-27,plant-B,line6,machine6,UP,lot7,category 2,b4,code8,9,9
2026-11-27,plant-A,line3,machine5,UP,lot9,category 2,b3,code8,3,3
2026-11-27,plant-B,line4,machine6,DN,lot8,pass,pass,,0,355
2026-11-27,plant-B,line1,machine1,UP,lot1,category 3,b3,code9,14,14
2026-11-27,plant-A,line5,machine7,DN,lot2,category 2,b3,code6,16,16
2026-11-27,plant-A,line4,machine2,UP,lot3,category 2,b2,code10,9,9
2026-11-27,plant-B,line9,machine9,UP,lot7,category 1,a3,code5,1,1
2026-11-27,plant-B,line9,machine5,DN,lot5,category 2,b2,code4,14,14
2026-11-27,plant-B,line8,machine5,UP,lot5,category 2,b1,code7,14,14
2026-11-27,plant-A,line8,machine4,DN,lot9,category 2,b4,code7,12,12
2026-11-27,plant-B,line1,machine9,UP,lot1,pass,pass,,0,159
2026-11-27,plant-A,line3,machine2,DN,lot7,category 1,a1,code5,14,14
2026-11-27,plant-B,line2,machine6,UP,lot5,category 1,a4,code10,8,8
2026-11-27,plant-B,line4,machine9,UP,lot5,pass,pass,,0,164
2026-11-27,plant-A,line6,machine1,DN,lot5,category 3,a2,code7,17,17
2026-11-27,plant-B,line2,machine6,UP,lot3,category 2,b3,code4,14,14
2026-11-27,plant-B,line8,machine2,DN,lot7,pass,pass,,0,351
2026-11-27,plant-B,line9,machine4,DN,lot9,category 1,a3,code2,10,10
2026-11-27,plant-A,line5,machine6,UP,lot9,category 1,a2,code1,17,17
2026-11-27,plant-A,line6,machine9,UP,lot1,category 2,b3,code4,9,9
2026-11-27,plant-A,line8,machine2,DN,lot6,category 2,b2,code7,6,6
2026-11-27,plant-B,line9,machine6,UP,lot8,category 2,b2,code6,10,10
2026-11-27,plant-A,line5,machine4,UP,lot2,pass,pass,,0,156
2026-11-27,plant-A,line7,machine8,DN,lot4,category 3,b4,code8,10,10
2026-11-27,plant-B,line2,machine3,UP,lot6,category 3,b3,code6,16,16
2026-11-27,plant-B,line9,machine1,UP,lot3,category 2,b1,code7,14,14
2026-11-27,plant-B,line5,machine1,UP,lot5,category 1,a1,code3,10,10
2026-11-27,plant-B,line6,machine6,UP,lot6,category 1,a4,code2,4,4
2026-11-27,plant-A,line3,machine3,UP,lot5,pass,pass,,0,151
2026-11-27,plant-B,line8,machine1,UP,lot3,category 2,b2,code8,11,11
2026-11-27,plant-B,line4,machine3,UP,lot1,category 1,a1,code8,14,14
2026-11-27,plant-B,line8,machine6,UP,lot7,category 3,a1,code2,7,7
2026-11-27,plant-A,line2,machine2,DN,lot7,category 2,b2,code4,10,10
2026-11-27,plant-B,line5,machine8,DN,lot8,pass,pass,,0,498
2026-11-27,plant-B,line9,machine7,DN,lot7,category 3,a1,code6,9,9
2026-11-27,plant-A,line2,machine9,DN,lot5,category 1,a3,code4,9,9
2026-11-27,plant-B,line8,machine1,UP,lot3,pass,pass,,0,391
2026-11-27,plant-B,line2,machine5,DN,lot7,pass,pass,,0,273
2026-11-27,plant-B,line5,machine6,UP,lot1,pass,pass,,0,392
2026-11-27,plant-B,line1,machine7,UP,lot3,category 1,a3,code1,10,10
2026-11-27,plant-B,line9,machine5,DN,lot7,pass,pass,,0,427
2026-11-27,plant-B,line6,machine6,UP,lot4,category 3,a2,code5,13,13
2026-11-27,plant-A,line9,machine7,UP,lot1,category 2,b2,code3,3,3
2026-11-27,plant-A,line2,machine1,DN,lot1,pass,pass,,0,363
2026-11-27,plant-A,line8,machine7,DN,lot7,pass,pass,,0,153
2026-11-27,plant-B,line8,machine4,UP,lot7,pass,pass,,0,211
2026-11-27,plant-B,line9,machine8,UP,lot7,category 3,a1,code4,4,4
2026-11-27,plant-B,line9,machine7,DN,lot5,category 2,b4,code4,10,10
2026-11-27,plant-A,line3,machine8,DN,lot4,category 3,a2,code1,16,16
2026-11-27,plant-A,line8,machine2,DN,lot1,category 3,b4,code5,1,1
2026-11-27,plant-B,line4,machine6,UP,lot5,pass,pass,,0,486
2026-11-27,plant-B,line2,machine9,UP,lot4,pass,pass,,0,185
2026-11-27,plant-B,line5,machine4,UP,lot1,category 2,b1,code4,3,3
2026-11-27,plant-A,line6,machine2,UP,lot1,category 1,a4,code4,9,9
2026-11-27,plant-A,line2,machine1,UP,lot2,pass,pass,,0,390
2026-11-27,plant-A,line3,machine2,UP,lot4,pass,pass,,0,427
2026-11-27,plant-B,line5,machine1,DN,lot7,category 3,b3,code5,18,18
2026-11-27,plant-B,line9,machine6,UP,lot2,category 1,a1,code2,13,13
2026-11-27,plant-A,line9,machine6,DN,lot8,category 3,a2,code5,11,11
2026-11-27,plant-A,line7,machine7,UP,lot3,category 2,b3,code2,9,9
2026-11-27,plant-B,line1,machine6,DN,lot6,category 2,b4,code7,14,14
2026-11-27,plant-A,line9,machine3,UP,lot7,category 1,a4,code6,13,13
2026-11-27,plant-A,line7,machine2,UP,lot7,category 1,a3,code7,10,10
2026-11-27,plant-A,line5,machine1,DN,lot5,category 2,b2,code3,7,7
2026-11-27,plant-B,line6,machine6,UP,lot4,category 3,b4,code1,19,19
2026-11-27,plant-A,line2,machine6,UP,lot3,category 3,a1,code2,17,17
2026-11-27,plant-A,line1,machine6,DN,lot8,category 3,b4,code1,8,8
2026-11-27,plant-A,line6,machine8,UP,lot5,category 3,b3,code9,15,15
2026-11-27,plant-A,line5,machine8,UP,lot5,pass,pass,,0,349
2026-11-27,plant-B,line7,machine3,UP,lot6,category 1,a2,code9,8,8
2026-11-27,plant-B,line6,machine8,DN,lot5,category 3,a1,code7,19,19
2026-11-27,plant-B,line5,machine5,DN,lot6,category 2,b1,code5,11,11
2026-11-27,plant-B,line7,machine7,UP,lot4,category 2,b3,code1,6,6
2026-11-27,plant-A,line8,machine6,UP,lot6,pass,pass,,0,317
2026-11-27,plant-B,line1,machine2,DN,lot1,category 2,b1,code5,2,2
2026-11-27,plant-B,line2,machine1,DN,lot6,category 3,b3,code10,4,4
2026-11-27,plant-A,line6,machine9,UP,lot4,category 2,b3,code10,12,12
2026-11-27,plant-A,line6,machine5,DN,lot5,category 3,a1,code3,13,13
2026-11-27,plant-A,line2,machine7,DN,lot1,pass,pass,,0,476
2026-11-27,plant-B,line5,machine9,UP,lot6,category 1,a4,code7,13,13
2026-11-27,plant-B,line1,machine4,DN,lot6,category 3,b3,code1,11,11
2026-11-27,plant-A,line7,machine9,DN,lot5,pass,pass,,0,240
2026-11-27,plant-A,line9,machine3,UP,lot2,category 2,b1,code6,1,1
2026-11-27,plant-B,line2,machine8,DN,lot2,category 2,b4,code4,1,1
2026-11-27,plant-B,line3,machine4,UP,lot8,pass,pass,,0,372
2026-11-27,plant-A,line9,machine6,UP,lot8,category 1,a4,code6,4,4
2026-11-27,plant-B,line9,machine7,UP,lot6,category 2,b4,code5,2,2
2026-11-27,plant-A,line1,machine5,DN,lot5,category 3,b4,code1,6,6
2026-11-27,plant-A,line9,machine2,DN,lot9,pass,pass,,0,185
2026-11-27,plant-A,line8,machine2,UP,lot5,category 2,b3,code5,10,10
2026-11-27,plant-B,line6,machine9,UP,lot9,category 1,a1,code3,3,3
2026-11-27,plant-A,line3,machine7,UP,lot8,category 3,b3,code5,13,13
2026-11-27,plant-B,line6,machine8,UP,lot7,pass,pass,,0,495
2026-11-27,plant-B,line6,machine5,UP,lot1,category 1,a3,code5,3,3
2026-11-27,plant-A,line8,machine9,UP,lot9,category 1,a1,code9,9,9
2026-11-27,plant-A,line8,machine5,DN,lot5,pass,pass,,0,375
2026-11-27,plant-A,line3,machine2,UP,lot1,category 2,b4,code3,8,8
2026-11-27,plant-A,line6,machine1,UP,lot2,category 3,b4,code7,11,11
2026-11-27,plant-A,line2,machine8,DN,lot9,category 3,a2,code3,6,6
2026-11-27,plant-B,line6,machine3,DN,lot8,pass,pass,,0,355
2026-11-27,plant-B,line1,machine1,UP,lot2,category 1,a4,code9,15,15
2026-11-27,plant-A,line8,machine9,UP,lot2,pass,pass,,0,253
2026-11-27,plant-B,line3,machine1,UP,lot4,category 3,b3,code9,15,15
2026-11-27,plant-B,line1,machine5,DN,lot5,pass,pass,,0,365
2026-11-27,plant-A,line7,machine6,UP,lot4,pass,pass,,0,182
2026-11-27,plant-B,line6,machine3,DN,lot8,category 1,a1,code10,10,10
2026-11-27,plant-B,line1,machine2,DN,lot8,category 1,a2,code6,15,15
2026-11-27,plant-B,line4,machine3,UP,lot6,category 1,a3,code4,10,10
2026-11-27,plant-B,line7,machine6,DN,lot9,category 1,a1,code3,17,17
2026-11-27,plant-A,line9,machine7,DN,lot6,pass,pass,,0,196
2026-11-27,plant-A,line4,machine5,UP,lot2,pass,pass,,0,226
2026-11-27,plant-A,line3,machine7,UP,lot8,pass,pass,,0,291
2026-11-27,plant-A,line6,machine5,DN,lot4,category 2,b3,code1,6,6
2026-11-27,plant-A,line6,machine2,DN,lot5,pass,pass,,0,416
2026-11-27,plant-B,line3,machine6,UP,lot2,pass,pass,,0,235
2026-11-27,plant-B,line1,machine4,UP,lot6,category 3,b3,code9,3,3
2026-11-27,plant-A,line8,machine2,DN,lot2,category 1,a3,code3,5,5
2026-11-27,plant-B,line2,machine3,UP,lot2,category 2,b4,code3,8,8
2026-11-27,plant-A,line3,machine9,UP,lot3,pass,pass,,0,465
2026-11-27,plant-A,line9,machine7,DN,lot6,pass,pass,,0,371
2026-11-27,plant-A,line8,machine9,DN,lot3,category 1,a3,code8,3,3
2026-11-27,plant-B,line2,machine4,UP,lot6,category 2,b4,code7,15,15
2026-11-27,plant-B,line1,machine2,DN,lot7,category 2,b4,code8,7,7
2026-11-27,plant-A,line9,machine5,DN,lot2,category 2,b3,code8,17,17
2026-11-27,plant-B,line4,machine7,UP,lot7,category 1,a2,code5,13,13
2026-11-27,plant-B,line8,machine2,DN,lot8,category 3,b3,code4,1,1
2026-11-27,plant-A,line2,machine3,UP,lot5,category 3,b3,code8,9,9
2026-11-27,plant-A,line8,machine9,DN,lot8,pass,pass,,0,266
2026-11-27,plant-B,line2,machine9,UP,lot6,category 1,a1,code1,3,3
2026-11-27,plant-B,line4,machine5,DN,lot4,category 1,a3,code2,8,8
2026-11-27,plant-B,line1,machine2,UP,lot4,pass,pass,,0,386
2026-11-27,plant-A,line8,machine7,UP,lot8,pass,pass,,0,402
2026-11-27,plant-A,line2,machine9,DN,lot5,category 1,a3,code6,12,12
2026-11-27,plant-B,line8,machine2,DN,lot1,category 3,b4,code10,16,16
2026-11-27,plant-B,line8,machine2,DN,lot3,category 3,a1,code2,11,11
2026-11-27,plant-B,line2,machine7,DN,lot1,category 3,a1,code3,18,18
2026-11-27,plant-B,line1,machine5,UP,lot9,category 1,a4,code6,9,9
2026-11-27,plant-B,line8,machine9,UP,lot1,category 2,b4,code10,15,15
2026-11-27,plant-A,line6,machine4,UP,lot3,category 2,b1,code2,5,5
2026-11-27,plant-B,line4,machine2,UP,lot9,category 1,a1,code8,5,5
2026-11-27,plant-B,line1,machine4,DN,lot7,pass,pass,,0,360
2026-11-27,plant-A,line2,machine1,UP,lot3,category 1,a3,code2,14,14
2026-11-27,plant-B,line4,machine8,UP,lot7,category 3,b3,code5,9,9
2026-11-27,plant-B,line5,machine3,DN,lot1,category 1,a4,code1,7,7
2026-11-27,plant-A,line9,machine7,DN,lot1,pass,pass,,0,192
2026-11-27,plant-B,line6,machine8,DN,lot7,category 1,a1,code6,12,12
2026-11-27,plant-A,line4,machine3,DN,lot7,category 1,a1,code6,12,12
2026-11-27,plant-A,line7,machine5,DN,lot5,pass,pass,,0,156
2026-11-27,plant-B,line7,machine3,UP,lot3,pass,pass,,0,249
2026-11-27,plant-A,line1,machine4,UP,lot6,pass,pass,,0,219
2026-11-27,plant-A,line1,machine3,UP,lot8,category 2,b4,code8,14,14
2026-11-27,plant-B,line4,machine3,DN,lot7,pass,pass,,0,435
2026-11-28,,line2,machine8,DN,lot8,,,,0,100
2026-11-28,,line1,machine8,UP,lot5,,,,1,1
2026-11-28,,line4,machine3,UP,lot5,,,,2,2
2026-11-28,plant-A,line8,machine5,DN,lot9,category 2,b4,code2,16,16
2026-11-28,plant-B,line2,machine8,DN,lot8,category 3,b4,code6,4,4
2026-11-28,plant-A,line2,machine7,DN,lot1,category 1,a1,code10,2,2
2026-11-28,plant-B,line3,machine1,UP,lot7,category 3,a1,code10,4,4
2026-11-28,plant-A,line1,machine8,UP,lot5,pass,pass,,0,463
2026-11-28,plant-B,line5,machine9,UP,lot2,category 3,a1,code3,5,5
2026-11-28,plant-B,line5,machine6,UP,lot4,pass,pass,,0,308
2026-11-28,plant-B,line6,machine3,DN,lot8,category 2,b1,code10,1,1
2026-11-28,plant-A,line3,machine2,DN,lot2,pass,pass,,0,284
2026-11-28,plant-B,line2,machine1,UP,lot9,category 3,a2,code10,10,10
2026-11-28,plant-B,line6,machine6,DN,lot6,category 1,a4,code2,11,11
2026-11-28,plant-A,line7,machine6,UP,lot3,category 2,b1,code5,4,4
2026-11-28,plant-B,line3,machine7,UP,lot9,category 3,b3,code9,1,1
2026-11-28,plant-A,line8,machine8,UP,lot6,pass,pass,,0,225
2026-11-28,plant-B,line2,machine6,DN,lot4,category 1,a4,code8,1,1
2026-11-28,plant-A,line9,machine4,UP,lot6,pass,pass,,0,196
2026-11-28,plant-B,line7,machine6,DN,lot1,category 3,a1,code8,11,11
2026-11-28,plant-A,line9,machine2,UP,lot2,category 1,a2,code7,19,19
2026-11-28,plant-B,line9,machine3,DN,lot6,category 2,b2,code5,5,5
2026-11-28,plant-B,line9,machine8,DN,lot3,pass,pass,,0,366
2026-11-28,plant-A,line9,machine5,DN,lot7,category 3,b4,code3,1,1
2026-11-28,plant-B,line9,machine4,UP,lot5,category 1,a3,code2,18,18
2026-11-28,plant-A,line4,machine1,DN,lot6,category 1,a4,code7,3,3
2026-11-28,plant-B,line5,machine3,UP,lot8,category 2,b1,code7,8,8
2026-11-28,plant-B,line4,machine2,UP,lot8,pass,pass,,0,325
2026-11-28,plant-A,line6,machine6,DN,lot8,category 3,b3,code6,16,16
2026-11-28,plant-A,line5,machine2,UP,lot2,category 1,a2,code7,7,7
2026-11-28,plant-B,line1,machine6,UP,lot1,category 2,b3,code10,13,13
2026-11-28,plant-B,line2,machine9,DN,lot6,category 2,b2,code2,12,12
2026-11-28,plant-A,line4,machine2,DN,lot1,category 3,b3,code10,7,7
2026-11-28,plant-B,line1,machine3,UP,lot4,category 2,b3,code5,9,9
2026-11-28,plant-A,line9,machine1,DN,lot5,category 3,a1,code9,10,10
2026-11-28,plant-B,line6,machine1,UP,lot7,category 1,a4,code10,3,3
2026-11-28,plant-A,line9,machine1,UP,lot2,category 2,b2,code4,9,9
2026-11-28,plant-A,line4,machine9,UP,lot2,category 2,b2,code6,16,16
2026-11-28,plant-B,line1,machine9,UP,lot2,category 1,a3,code1,1,1
2026-11-28,plant-B,line5,machine3,DN,lot1,pass,pass,,0,413
2026-11-28,plant-A,line4,machine4,DN,lot2,pass,pass,,0,168
2026-11-28,plant-B,line7,machine3,UP,lot5,pass,pass,,0,426
2026-11-28,plant-B,line9,machine3,DN,lot5,pass,pass,,0,395
2026-11-28,plant-B,line3,machine7,DN,lot5,category 2,b2,code5,18,18
2026-11-28,plant-A,line8,machine8,UP,lot2,pass,pass,,0,179
2026-11-28,plant-A,line8,machine9,UP,lot5,pass,pass,,0,363
2026-11-28,plant-A,line3,machine5,UP,lot1,pass,pass,,0,296
2026-11-28,plant-A,line1,machine6,DN,lot2,pass,pass,,0,388
2026-11-28,plant-A,line5,machine8,DN,lot1,category 3,a2,code1,11,11
2026-11-28,plant-B,line4,machine2,DN,lot7,pass,pass,,0,367
2026-11-28,plant-A,line7,machine3,DN,lot2,pass,pass,,0,473
2026-11-28,plant-B,line9,machine7,DN,lot5,pass,pass,,0,421
2026-11-28,plant-A,line3,machine4,DN,lot5,category 1,a1,code9,12,12
2026-11-28,plant-B,line8,machine1,UP,lot9,pass,pass,,0,409
2026-11-28,plant-B,line2,machine9,DN,lot9,category 1,a1,code3,9,9
2026-11-28,plant-A,line2,machine8,UP,lot7,category 1,a2,code3,19,19
2026-11-28,plant-B,line6,machine5,UP,lot9,category 3,a2,code6,13,13
2026-11-28,plant-A,line5,machine8,DN,lot1,pass,pass,,0,317
2026-11-28,plant-A,line3,machine3,DN,lot9,category 3,a1,code7,13,13
2026-11-28,plant-A,line7,machine8,DN,lot4,category 2,b1,code10,4,4
2026-11-28,plant-B,line2,machine8,DN,lot1,category 3,a1,code7,12,12
2026-11-28,plant-A,line4,machine1,UP,lot3,category 2,b1,code7,9,9
2026-11-28,plant-B,line4,machine4,DN,lot8,pass,pass,,0,157
2026-11-28,plant-B,line5,machine5,UP,lot6,category 2,b3,code4,3,3
2026-11-28,plant-B,line1,machine7,UP,lot3,pass,pass,,0,491
2026-11-28,plant-B,line1,machine7,UP,lot7,pass,pass,,0,478
2026-11-28,plant-B,line2,machine8,DN,lot5,category 1,a2,code6,8,8
2026-11-28,plant-B,line8,machine5,UP,lot7,category 2,b2,code7,5,5
2026-11-28,plant-A,line7,machine8,DN,lot4,category 3,a1,code10,12,12
2026-11-28,plant-B,line8,machine3,DN,lot9,pass,pass,,0,345
2026-11-28,plant-A,line6,machine1,DN,lot7,pass,pass,,0,341
2026-11-28,plant-B,line6,machine5,UP,lot1,category 1,a2,code3,6,6
2026-11-28,plant-A,line7,machine8,DN,lot7,category 2,b2,code9,1,1
2026-11-28,plant-B,line3,machine7,UP,lot6,category 1,a3,code2,12,12
2026-11-28,plant-B,line3,machine1,UP,lot7,category 2,b3,code4,14,14
2026-11-28,plant-A,line2,machine3,DN,lot8,pass,pass,,0,328
2026-11-28,plant-B,line4,machine2,UP,lot5,pass,pass,,0,270
2026-11-28,plant-A,line9,machine2,DN,lot1,category 2,b2,code2,12,12
2026-11-28,plant-A,line6,machine1,DN,lot4,category 1,a4,code7,8,8
2026-11-28,plant-B,line3,machine7,DN,lot2,category 3,b4,code3,16,16
2026-11-28,plant-B,line9,machine4,UP,lot8,category 1,a4,code1,18,18
2026-11-28,plant-A,line1,machine8,DN,lot5,category 3,a1,code8,12,12
2026-11-28,plant-B,line4,machine4,DN,lot4,category 1,a4,code8,8,8
2026-11-28,plant-A,line7,machine2,UP,lot5,category 1,a4,code1,1,1
2026-11-28,plant-A,line1,machine4,DN,lot7,pass,pass,,0,436
2026-11-28,plant-B,line3,machine9,DN,lot2,category 3,a1,code8,15,15
2026-11-28,plant-A,line2,machine7,UP,lot4,pass,pass,,0,194
2026-11-28,plant-A,line4,machine1,DN,lot5,pass,pass,,0,249
2026-11-28,plant-A,line3,machine4,UP,lot5,category 2,b2,code7,9,9
2026-11-28,plant-A,line3,machine8,UP,lot3,pass,pass,,0,421
2026-11-28,plant-B,line1,machine1,UP,lot5,category 1,a2,code1,16,16
2026-11-28,plant-B,line8,machine3,UP,lot2,category 2,b4,code5,18,18
2026-11-28,plant-A,line7,machine8,DN,lot6,category 1,a1,code5,4,4
2026-11-28,plant-A,line1,machine6,DN,lot6,category 3,a2,code6,11,11
2026-11-28,plant-A,line8,machine4,DN,lot7,category 3,a2,code6,7,7
2026-11-28,plant-A,line3,machine2,UP,lot6,pass,pass,,0,158
2026-11-28,plant-B,line4,machine1,DN,lot3,pass,pass,,0,463
2026-11-28,plant-B,line7,machine9,DN,lot4,category 1,a4,code10,14,14
2026-11-28,plant-B,line2,machine9,DN,lot3,pass,pass,,0,255
2026-11-28,plant-B,line4,machine1,DN,lot5,category 2,b4,code5,10,10
2026-11-28,plant-A,line7,machine4,UP,lot1,pass,pass,,0,282
2026-11-28,plant-A,line7,machine6,UP,lot2,pass,pass,,0,407
2026-11-28,plant-B,line5,machine5,DN,lot5,category 1,a2,code2,4,4
2026-11-28,plant-B,line8,machine2,UP,lot7,category 2,b4,code5,18,18
2026-11-28,plant-A,line3,machine1,DN,lot1,pass,pass,,0,466
2026-11-28,plant-B,line4,machine9,UP,lot7,category 2,b4,code9,5,5
2026-11-28,plant-A,line9,machine1,UP,lot9,category 3,b3,code1,19,19
2026-11-28,plant-A,line9,machine8,DN,lot4,category 2,b1,code3,7,7
2026-11-28,plant-A,line5,machine7,UP,lot5,pass,pass,,0,265
2026-11-28,plant-A,line6,machine7,DN,lot5,category 1,a4,code3,16,16
2026-11-28,plant-A,line7,machine9,UP,lot5,pass,pass,,0,202
2026-11-28,plant-A,line4,machine9,UP,lot7,category 1,a3,code4,2,2
2026-11-28,plant-B,line4,machine4,UP,lot3,pass,pass,,0,234
2026-11-28,plant-B,line8,machine2,DN,lot8,category 2,b1,code9,6,6
2026-11-28,plant-B,line1,machine1,UP,lot2,category 1,a1,code10,9,9
2026-11-28,plant-B,line2,machine2,UP,lot6,category 3,b3,code5,15,15
2026-11-28,plant-A,line5,machine1,UP,lot7,category 1,a3,code6,10,10
2026-11-28,plant-B,line7,machine3,DN,lot7,category 3,b4,code7,10,10
2026-11-28,plant-A,line5,machine3,UP,lot7,pass,pass,,0,441
2026-11-28,plant-A,line4,machine2,DN,lot6,category 1,a1,code1,2,2
2026-11-28,plant-B,line9,machine9,UP,lot5,pass,pass,,0,229
2026-11-28,plant-B,line9,machine8,DN,lot6,category 2,b2,code10,18,18
2026-11-28,plant-A,line9,machine5,UP,lot5,category 3,b3,code10,3,3
2026-11-28,plant-B,line3,machine6,UP,lot1,category 1,a4,code8,12,12
2026-11-28,plant-A,line6,machine4,DN,lot2,pass,pass,,0,285
2026-11-28,plant-B,line1,machine8,UP,lot3,category 3,b3,code1,6,6
2026-11-28,plant-A,line3,machine8,UP,lot5,category 2,b2,code8,12,12
2026-11-28,plant-A,line6,machine6,DN,lot7,category 3,b3,code9,10,10
2026-11-28,plant-A,line3,machine4,DN,lot4,category 1,a4,code2,18,18
2026-11-28,plant-A,line5,machine6,DN,lot4,category 3,b4,code3,18,18
2026-11-28,plant-B,line4,machine9,UP,lot9,category 3,a1,code9,9,9
2026-11-28,plant-B,line6,machine6,UP,lot1,category 1,a1,code1,17,17
2026-11-28,plant-A,line9,machine2,DN,lot9,pass,pass,,0,174
2026-11-28,plant-A,line2,machine4,UP,lot4,category 3,a1,code1,13,13
2026-11-28,plant-A,line9,machine5,DN,lot6,category 1,a2,code8,9,9
2026-11-28,plant-B,line4,machine7,UP,lot4,category 3,a2,code2,10,10
2026-11-28,plant-A,line7,machine9,UP,lot8,category 1,a1,code3,18,18
2026-11-28,plant-B,line9,machine4,UP,lot5,category 3,a1,code3,3,3
2026-11-28,plant-B,line5,machine3,UP,lot7,category 3,a1,code5,17,17
2026-11-28,plant-B,line1,machine8,UP,lot2,category 1,a4,code9,17,17
2026-11-28,plant-A,line8,machine1,DN,lot1,category 2,b4,code8,2,2
2026-11-28,plant-B,line6,machine8,UP,lot7,pass,pass,,0,268
2026-11-28,plant-A,line8,machine9,DN,lot9,category 3,a1,code3,17,17
2026-11-28,plant-B,line8,machine1,UP,lot7,category 2,b3,code7,6,6
2026-11-28,plant-B,line8,machine8,DN,lot3,category 3,a2,code6,9,9
2026-11-28,plant-A,line6,machine6,DN,lot2,category 2,b3,code3,19,19
2026-11-28,plant-B,line8,machine5,UP,lot3,category 2,b1,code8,7,7
2026-11-28,plant-A,line4,machine4,UP,lot4,category 1,a1,code5,5,5
2026-11-28,plant-A,line2,machine5,DN,lot9,category 3,b4,code8,2,2
2026-11-28,plant-B,line3,machine4,DN,lot2,category 2,b4,code3,1,1
2026-11-28,plant-B,line2,machine5,DN,lot8,pass,pass,,0,419
2026-11-28,plant-B,line5,machine9,DN,lot8,category 1,a2,code5,9,9
2026-11-28,plant-B,line7,machine6,DN,lot7,pass,pass,,0,279
2026-11-28,plant-A,line8,machine1,DN,lot5,category 2,b1,code8,17,17
2026-11-28,plant-A,line9,machine4,DN,lot6,category 2,b3,code4,14,14
2026-11-28,plant-B,line7,machine8,UP,lot6,pass,pass,,0,470
2026-11-28,plant-A,line8,machine7,DN,lot1,category 3,a2,code9,10,10
2026-11-28,plant-B,line1,machine6,UP,lot4,pass,pass,,0,447
2026-11-28,plant-B,line4,machine6,DN,lot5,pass,pass,,0,349
2026-11-28,plant-A,line9,machine4,UP,lot6,category 3,b4,code2,4,4
2026-11-28,plant-A,line3,machine2,DN,lot2,pass,pass,,0,262
2026-11-28,plant-B,line5,machine1,UP,lot7,category 2,b3,code3,2,2
2026-11-28,plant-B,line8,machine4,DN,lot8,pass,pass,,0,361
2026-11-28,plant-A,line9,machine3,UP,lot3,category 2,b3,code1,15,15
2026-11-28,plant-B,line3,machine8,UP,lot9,category 1,a4,code7,1,1
2026-11-28,plant-B,line1,machine1,DN,lot2,pass,pass,,0,171
2026-11-28,plant-B,line7,machine3,DN,lot9,category 3,b4,code9,9,9
2026-11-28,plant-A,line5,machine2,UP,lot5,category 1,a2,code8,5,5
2026-11-28,plant-A,line1,machine5,UP,lot6,category 2,b3,code5,5,5
2026-11-28,plant-A,line7,machine4,DN,lot5,category 2,b3,code8,19,19
2026-11-28,plant-A,line1,machine8,UP,lot3,category 2,b4,code7,6,6
2026-11-28,plant-A,line7,machine3,UP,lot5,category 3,a2,code2,9,9
2026-11-28,plant-B,line4,machine9,UP,lot6,category 2,b1,code3,1,1
2026-11-28,plant-A,line3,machine3,DN,lot3,pass,pass,,0,432
2026-11-28,plant-B,line3,machine2,UP,lot6,pass,pass,,0,491
2026-11-28,plant-B,line4,machine8,UP,lot7,category 2,b1,code8,14,14
2026-11-28,plant-B,line4,machine4,DN,lot2,category 3,a1,code2,11,11
2026-11-28,plant-A,line8,machine9,DN,lot3,category 2,b4,code4,7,7
2026-11-28,plant-B,line4,machine1,DN,lot9,pass,pass,,0,279
2026-11-28,plant-B,line6,machine1,UP,lot8,category 1,a1,code9,5,5
2026-11-28,plant-B,line4,machine4,DN,lot1,category 2,b3,code7,16,16
2026-11-28,plant-B,line3,machine7,DN,lot1,category 1,a4,code1,1,1
2026-11-28,plant-B,line3,machine4,UP,lot2,category 1,a4,code4,7,7
2026-11-28,plant-A,line8,machine4,DN,lot2,pass,pass,,0,449
2026-11-28,plant-A,line5,machine6,DN,lot5,category 3,a2,code7,11,11
2026-11-28,plant-A,line6,machine2,DN,lot4,pass,pass,,0,496
2026-11-28,plant-A,line7,machine1,DN,lot8,category 2,b1,code8,9,9
2026-11-28,plant-B,line1,machine1,DN,lot6,category 2,b2,code8,17,17
2026-11-28,plant-A,line3,machine1,DN,lot4,category 3,a2,code8,6,6
2026-11-28,plant-A,line6,machine1,DN,lot3,pass,pass,,0,407
2026-11-28,plant-A,line2,machine4,DN,lot9,category 2,b1,code1,12,12
2026-11-28,plant-B,line4,machine1,DN,lot9,category 2,b1,code2,18,18
2026-11-28,plant-B,line5,machine2,DN,lot4,pass,pass,,0,248
2026-11-28,plant-A,line5,machine2,UP,lot6,category 2,b4,code8,6,6
2026-11-28,plant-A,line4,machine5,DN,lot2,category 3,a2,code6,12,12
2026-11-28,plant-B,line6,machine8,DN,lot4,category 2,b2,code7,19,19
2026-11-28,plant-A,line3,machine5,DN,lot4,category 3,b3,code5,19,19
2026-11-28,plant-B,line4,machine1,DN,lot3,category 3,a1,code8,16,16
2026-11-28,plant-B,line5,machine6,DN,lot2,pass,pass,,0,256
2026-11-28,plant-A,line9,machine4,DN,lot4,pass,pass,,0,176
2026-11-29,,line5,machine7,UP,lot8,,,,2,2
2026-11-29,,line2,machine8,UP,lot6,,,,1,1
2026-11-29,,line7,machine4,DN,lot2,,,,1,1
2026-11-29,plant-B,line8,machine4,UP,lot7,category 2,b4,code10,15,15
2026-11-29,plant-A,line8,machine1,UP,lot2,pass,pass,,0,215
2026-11-29,plant-B,line3,machine8,UP,lot6,category 2,b3,code1,12,12
2026-11-29,plant-A,line7,machine8,DN,lot7,category 2,b1,code9,4,4
2026-11-29,plant-A,line2,machine5,UP,lot6,pass,pass,,0,300
2026-11-29,plant-A,line4,machine5,DN,lot6,category 1,a4,code6,16,16
2026-11-29,plant-B,line7,machine2,DN,lot4,category 3,b4,code9,8,8
2026-11-29,plant-A,line5,machine9,DN,lot6,category 3,b3,code9,2,2
2026-11-29,plant-A,line2,machine5,DN,lot8,category 2,b2,code8,1,1
2026-11-29,plant-B,line7,machine4,DN,lot7,category 3,b3,code5,5,5
2026-11-29,plant-B,line6,machine2,DN,lot9,category 3,a2,code4,7,7
2026-11-29,plant-B,line3,machine7,UP,lot7,category 2,b1,code4,12,12
2026-11-29,plant-B,line5,machine7,DN,lot7,pass,pass,,0,428
2026-11-29,plant-A,line6,machine1,UP,lot4,category 2,b2,code10,7,7
2026-11-29,plant-A,line6,machine9,DN,lot5,category 2,b1,code3,16,16
2026-11-29,plant-A,line2,machine9,UP,lot4,pass,pass,,0,368
2026-11-29,plant-A,line4,machine4,DN,lot1,category 3,a2,code3,19,19
2026-11-29,plant-A,line7,machine1,DN,lot9,category 2,b2,code9,10,10
2026-11-29,plant-B,line6,machine6,UP,lot8,category 1,a3,code10,5,5
2026-11-29,plant-A,line8,machine8,UP,lot3,pass,pass,,0,471
2026-11-29,plant-A,line2,machine3,DN,lot3,category 3,b3,code7,6,6
2026-11-29,plant-B,line3,machine7,UP,lot2,category 2,b1,code8,13,13
2026-11-29,plant-B,line2,machine8,UP,lot3,category 2,b3,code7,2,2
2026-11-29,plant-A,line7,machine4,UP,lot8,pass,pass,,0,414
2026-11-29,plant-B,line1,machine5,UP,lot8,category 2,b1,code10,19,19
2026-11-29,plant-B,line5,machine7,UP,lot6,category 3,a1,code2,7,7
2026-11-29,plant-B,line8,machine6,DN,lot2,category 3,b3,code7,16,16
2026-11-29,plant-A,line9,machine8,UP,lot1,category 1,a2,code9,17,17
2026-11-29,plant-B,line2,machine8,UP,lot1,pass,pass,,0,455
2026-11-29,plant-A,line6,machine5,DN,lot8,category 3,a2,code8,14,14
2026-11-29,plant-A,line4,machine6,UP,lot7,category 3,b3,code8,12,12
2026-11-29,plant-B,line1,machine1,DN,lot3,category 3,b4,code9,3,3
2026-11-29,plant-B,line1,machine3,DN,lot1,category 1,a2,code9,19,19
2026-11-29,plant-B,line5,machine7,DN,lot9,pass,pass,,0,290
2026-11-29,plant-B,line2,machine7,DN,lot1,category 1,a1,code10,10,10
2026-11-29,plant-B,line6,machine8,DN,lot3,category 3,b3,code4,16,16
2026-11-29,plant-A,line1,machine5,DN,lot6,category 1,a2,code10,16,16
2026-11-29,plant-B,line9,machine6,UP,lot3,pass,pass,,0,452
2026-11-29,plant-A,line3,machine1,DN,lot8,category 2,b3,code7,4,4
2026-11-29,plant-B,line3,machine9,UP,lot4,pass,pass,,0,414
2026-11-29,plant-B,line9,machine3,UP,lot4,category 3,b4,code10,16,16
2026-11-29,plant-B,line8,machine3,DN,lot2,pass,pass,,0,477
2026-11-29,plant-A,line7,machine2,UP,lot2,category 1,a4,code2,10,10
2026-11-29,plant-B,line3,machine3,DN,lot4,category 1,a1,code10,13,13
2026-11-29,plant-B,line3,machine9,DN,lot3,category 2,b1,code9,4,4
2026-11-29,plant-A,line7,machine1,DN,lot1,category 1,a4,code2,11,11
2026-11-29,plant-B,line4,machine1,DN,lot7,pass,pass,,0,315
2026-11-29,plant-A,line2,machine8,DN,lot6,pass,pass,,0,253
2026-11-29,plant-B,line1,machine1,UP,lot8,category 1,a4,code6,5,5
2026-11-29,plant-B,line7,machine7,DN,lot4,category 1,a1,code10,13,13
2026-11-29,plant-B,line2,machine7,DN,lot8,category 1,a3,code4,11,11
2026-11-29,plant-A,line6,machine9,DN,lot5,pass,pass,,0,170
2026-11-29,plant-B,line2,machine3,DN,lot9,pass,pass,,0,316
2026-11-29,plant-B,line9,machine3,UP,lot4,pass,pass,,0,329
2026-11-29,plant-A,line7,machine8,UP,lot4,category 2,b1,code1,5,5
2026-11-29,plant-A,line9,machine5,DN,lot9,pass,pass,,0,160
2026-11-29,plant-A,line3,machine5,UP,lot5,category 3,b3,code4,6,6
2026-11-29,plant-B,line3,machine4,UP,lot6,pass,pass,,0,252
2026-11-29,plant-A,line5,machine9,DN,lot3,pass,pass,,0,391
2026-11-29,plant-B,line3,machine9,DN,lot5,pass,pass,,0,159
2026-11-29,plant-A,line1,machine4,DN,lot6,category 3,a1,code3,1,1
2026-11-29,plant-A,line5,machine1,DN,lot6,category 2,b1,code10,6,6
2026-11-29,plant-B,line8,machine7,DN,lot4,category 2,b3,code3,19,19
2026-11-29,plant-A,line6,machine4,DN,lot1,pass,pass,,0,469
2026-11-29,plant-B,line1,machine3,UP,lot6,category 3,b4,code5,6,6
2026-11-29,plant-A,line2,machine7,UP,lot2,category 1,a1,code2,8,8
2026-11-29,plant-B,line7,machine9,UP,lot7,category 2,b2,code9,17,17
2026-11-29,plant-A,line2,machine1,UP,lot2,category 1,a2,code2,6,6
2026-11-29,plant-A,line6,machine9,DN,lot4,pass,pass,,0,457
2026-11-29,plant-B,line7,machine4,DN,lot5,pass,pass,,0,224
2026-11-29,plant-B,line3,machine5,DN,lot4,category 3,a1,code1,14,14
2026-11-29,plant-B,line7,machine8,UP,lot2,pass,pass,,0,487
2026-11-29,plant-B,line5,machine5,UP,lot9,category 1,a3,code3,17,17
2026-11-29,plant-B,line9,machine5,DN,lot8,category 3,b4,code9,9,9
2026-11-29,plant-A,line5,machine4,UP,lot6,category 2,b4,code4,16,16
2026-11-29,plant-A,line3,machine6,DN,lot8,category 1,a1,code4,10,10
2026-11-29,plant-B,line2,machine4,UP,lot8,category 3,a2,code2,10,10
2026-11-29,plant-B,line3,machine9,UP,lot9,pass,pass,,0,267
2026-11-29,plant-A,line3,machine8,UP,lot7,category 1,a4,code9,7,7
2026-11-29,plant-B,line5,machine4,UP,lot2,pass,pass,,0,447
2026-11-29,plant-B,line8,machine2,UP,lot9,pass,pass,,0,344
2026-11-29,plant-B,line6,machine2,UP,lot3,category 2,b3,code10,19,19
2026-11-29,plant-A,line4,machine1,DN,lot8,pass,pass,,0,429
2026-11-29,plant-A,line3,machine6,DN,lot6,pass,pass,,0,422
2026-11-29,plant-A,line2,machine8,DN,lot6,category 2,b1,code2,6,6
2026-11-29,plant-A,line3,machine5,DN,lot3,category 3,b4,code10,5,5
2026-11-29,plant-B,line4,machine4,DN,lot1,pass,pass,,0,371
2026-11-29,plant-B,line9,machine9,DN,lot1,category 3,a1,code7,17,17
2026-11-29,plant-A,line5,machine2,DN,lot6,category 2,b4,code6,1,1
2026-11-29,plant-B,line7,machine8,UP,lot2,pass,pass,,0,323
2026-11-29,plant-B,line5,machine8,DN,lot4,pass,pass,,0,342
2026-11-29,plant-B,line7,machine7,UP,lot4,category 3,b4,code1,15,15
2026-11-29,plant-A,line8,machine8,UP,lot9,category 2,b3,code1,7,7
2026-11-29,plant-A,line6,machine6,DN,lot8,category 3,b4,code9,15,15
2026-11-29,plant-B,line1,machine6,UP,lot3,category 1,a1,code10,9,9
2026-11-29,plant-A,line7,machine1,UP,lot4,pass,pass,,0,299
2026-11-29,plant-B,line4,machine9,DN,lot1,category 3,b3,code8,18,18
2026-11-29,plant-A,line9,machine5,UP,lot7,category 2,b4,code9,5,5
2026-11-29,plant-A,line7,machine6,DN,lot6,category 1,a4,code10,9,9
2026-11-29,plant-B,line4,machine1,DN,lot9,pass,pass,,0,315
2026-11-29,plant-B,line8,machine6,DN,lot3,pass,pass,,0,357
2026-11-29,plant-A,line3,machine5,UP,lot8,category 2,b2,code3,4,4
2026-11-29,plant-A,line7,machine9,UP,lot6,pass,pass,,0,334
2026-11-29,plant-A,line4,machine3,DN,lot5,category 1,a4,code7,10,10
2026-11-29,plant-A,line7,machine1,UP,lot6,pass,pass,,0,309
2026-11-29,plant-B,line2,machine8,DN,lot6,category 3,b3,code5,5,5
2026-11-29,plant-B,line2,machine4,UP,lot8,category 2,b4,code10,14,14
2026-11-29,plant-B,line3,machine7,DN,lot1,category 2,b3,code10,12,12
2026-11-29,plant-A,line5,machine9,UP,lot1,pass,pass,,0,189
2026-11-29,plant-A,line5,machine7,DN,lot2,category 1,a3,code9,11,11
2026-11-29,plant-A,line5,machine9,DN,lot2,category 3,a2,code10,14,14
2026-11-29,plant-B,line4,machine1,UP,lot4,category 1,a1,code6,7,7
2026-11-29,plant-B,line4,machine6,UP,lot1,category 2,b1,code6,4,4
2026-11-29,plant-B,line6,machine5,UP,lot9,category 2,b2,code9,11,11
2026-11-29,plant-B,line1,machine6,DN,lot1,category 2,b2,code3,1,1
2026-11-29,plant-B,line6,machine2,UP,lot7,category 1,a2,code9,13,13
2026-11-29,plant-B,line4,machine7,UP,lot4,pass,pass,,0,382
2026-11-29,plant-B,line3,machine2,UP,lot1,category 2,b2,code8,2,2
2026-11-29,plant-B,line3,machine8,DN,lot7,category 2,b4,code6,2,2
2026-11-29,plant-B,line7,machine6,UP,lot2,pass,pass,,0,390
2026-11-29,plant-B,line7,machine9,UP,lot4,pass,pass,,0,217
2026-11-29,plant-A,line8,machine7,DN,lot4,category 1,a2,code7,16,16
2026-11-29,plant-A,line3,machine9,UP,lot8,category 1,a3,code3,8,8
2026-11-29,plant-B,line2,machine6,UP,lot8,category 1,a4,code4,5,5
2026-11-29,plant-B,line4,machine6,DN,lot9,category 3,b4,code7,12,12
2026-11-29,plant-B,line1,machine1,UP,lot7,category 2,b2,code8,6,6
2026-11-29,plant-A,line7,machine8,UP,lot2,pass,pass,,0,391
2026-11-29,plant-B,line5,machine8,DN,lot1,category 1,a2,code6,7,7
2026-11-29,plant-B,line8,machine1,UP,lot9,category 3,b4,code4,3,3
2026-11-29,plant-A,line7,machine1,DN,lot2,category 2,b1,code6,7,7
2026-11-29,plant-A,line2,machine8,UP,lot6,category 3,b4,code3,11,11
2026-11-29,plant-A,line7,machine7,DN,lot3,category 1,a1,code4,17,17
2026-11-29,plant-A,line8,machine6,DN,lot5,pass,pass,,0,484
2026-11-29,plant-B,line3,machine9,UP,lot5,category 3,a2,code1,3,3
2026-11-29,plant-B,line4,machine6,DN,lot3,pass,pass,,0,303
2026-11-29,plant-B,line4,machine6,DN,lot4,category 1,a3,code4,6,6
2026-11-29,plant-B,line6,machine8,DN,lot5,pass,pass,,0,449
2026-11-29,plant-A,line3,machine4,UP,lot3,pass,pass,,0,283
2026-11-29,plant-A,line7,machine6,DN,lot5,category 2,b2,code6,13,13
2026-11-29,plant-B,line6,machine6,UP,lot1,pass,pass,,0,171
2026-11-29,plant-A,line1,machine3,DN,lot7,category 1,a1,code9,2,2
2026-11-29,plant-B,line2,machine8,DN,lot5,category 1,a2,code10,17,17
2026-11-29,plant-A,line2,machine6,UP,lot8,pass,pass,,0,431
2026-11-29,plant-A,line3,machine9,DN,lot2,category 2,b1,code9,9,9
2026-11-29,plant-B,line2,machine9,UP,lot1,pass,pass,,0,384
2026-11-29,plant-A,line5,machine3,DN,lot9,category 3,a2,code4,15,15
2026-11-29,plant-B,line7,machine1,UP,lot7,category 3,a2,code10,18,18
2026-11-29,plant-A,line5,machine5,UP,lot4,category 3,b4,code7,18,18
2026-11-29,plant-B,line1,machine7,UP,lot9,category 1,a1,code6,10,10
2026-11-29,plant-B,line1,machine1,UP,lot2,pass,pass,,0,284
2026-11-29,plant-B,line5,machine2,UP,lot3,category 1,a1,code10,5,5
2026-11-29,plant-A,line7,machine6,UP,lot3,category 1,a1,code4,7,7
2026-11-29,plant-A,line8,machine8,UP,lot6,category 1,a3,code2,8,8
2026-11-29,plant-A,line3,machine6,UP,lot1,pass,pass,,0,165
2026-11-29,plant-A,line7,machine4,UP,lot3,pass,pass,,0,483
2026-11-29,plant-A,line8,machine6,UP,lot2,category 2,b3,code4,2,2
2026-11-29,plant-A,line3,machine8,UP,lot9,pass,pass,,0,267
2026-11-29,plant-B,line1,machine4,UP,lot3,category 3,a1,code8,15,15
2026-11-29,plant-B,line5,machine3,DN,lot9,category 3,b3,code4,19,19
2026-11-29,plant-A,line1,machine3,UP,lot5,pass,pass,,0,420
2026-11-29,plant-B,line2,machine1,DN,lot7,pass,pass,,0,270
2026-11-29,plant-B,line2,machine5,UP,lot6,pass,pass,,0,210
2026-11-29,plant-A,line9,machine1,DN,lot9,category 2,b1,code1,16,16
2026-11-29,plant-A,line4,machine6,UP,lot7,category 2,b1,code9,9,9
2026-11-29,plant-A,line1,machine2,UP,lot2,pass,pass,,0,466
2026-11-29,plant-B,line4,machine8,DN,lot5,category 3,b4,code3,1,1
2026-11-29,plant-B,line2,machine5,DN,lot2,pass,pass,,0,454
2026-11-29,plant-A,line1,machine2,UP,lot4,category 2,b4,code9,5,5
2026-11-29,plant-A,line7,machine9,UP,lot1,category 1,a4,code4,7,7
2026-11-29,plant-B,line4,machine8,UP,lot6,pass,pass,,0,302
2026-11-29,plant-A,line4,machine2,DN,lot7,category 3,a2,code5,11,11
2026-11-29,plant-A,line4,machine2,DN,lot4,category 2,b4,code8,1,1
2026-11-29,plant-A,line6,machine7,DN,lot6,pass,pass,,0,415
2026-11-29,plant-B,line2,machine3,UP,lot6,pass,pass,,0,422
2026-11-29,plant-A,line2,machine4,UP,lot3,pass,pass,,0,288
2026-11-29,plant-A,line5,machine1,DN,lot2,pass,pass,,0,379
2026-11-29,plant-A,line8,machine3,DN,lot8,category 2,b2,code1,1,1
2026-11-29,plant-B,line3,machine4,UP,lot8,category 1,a3,code5,12,12
2026-11-29,plant-B,line1,machine6,DN,lot7,pass,pass,,0,308
2026-11-29,plant-B,line7,machine9,UP,lot7,category 1,a1,code10,13,13
2026-11-29,plant-A,line7,machine2,UP,lot7,category 2,b4,code5,6,6
2026-11-29,plant-A,line9,machine3,UP,lot2,category 2,b3,code2,7,7
2026-11-29,plant-A,line7,machine2,UP,lot4,category 3,b4,code5,18,18
2026-11-29,plant-B,line8,machine6,UP,lot7,pass,pass,,0,189
2026-11-29,plant-A,line8,machine6,DN,lot4,category 3,a1,code8,4,4
2026-11-29,plant-B,line5,machine8,DN,lot9,category 3,a2,code9,3,3
2026-11-29,plant-A,line2,machine3,UP,lot5,category 2,b4,code9,13,13
2026-11-29,plant-A,line6,machine2,DN,lot6,pass,pass,,0,469
2026-11-29,plant-A,line6,machine5,UP,lot2,category 2,b4,code10,10,10
2026-11-29,plant-A,line2,machine2,DN,lot7,category 1,a3,code9,11,11
2026-11-29,plant-B,line7,machine7,DN,lot5,category 3,a2,code4,11,11
2026-11-29,plant-B,line5,machine7,DN,lot5,category 3,b4,code8,8,8
2026-11-29,plant-B,line5,machine5,UP,lot9,pass,pass,,0,303
2026-11-29,plant-A,line3,machine9,DN,lot6,category 1,a2,code4,19,19
2026-11-29,plant-B,line2,machine4,DN,lot5,category 1,a4,code10,10,10
2026-11-29,plant-B,line5,machine2,UP,lot9,category 2,b1,code3,4,4
2026-11-29,plant-B,line5,machine1,DN,lot5,category 2,b4,code5,10,10
2026-11-30,,line8,machine8,UP,lot3,,,,4,4
2026-11-30,,line3,machine3,DN,lot8,,,,3,3
2026-11-30,,line1,machine5,UP,lot5,,,,3,3
2026-11-30,plant-B,line7,machine8,UP,lot1,category 3,b4,code8,18,18
2026-11-30,plant-B,line4,machine5,DN,lot7,pass,pass,,0,340
2026-11-30,plant-B,line6,machine3,UP,lot1,category 2,b3,code8,11,11
2026-11-30,plant-B,line7,machine4,UP,lot6,category 3,b4,code10,12,12
2026-11-30,plant-B,line5,machine5,UP,lot1,pass,pass,,0,205
2026-11-30,plant-B,line1,machine7,DN,lot1,pass,pass,,0,400
2026-11-30,plant-A,line7,machine5,DN,lot8,category 2,b2,code7,11,11
2026-11-30,plant-B,line6,machine9,UP,lot1,pass,pass,,0,328
2026-11-30,plant-B,line1,machine3,DN,lot3,pass,pass,,0,446
2026-11-30,plant-A,line6,machine9,DN,lot8,pass,pass,,0,459
2026-11-30,plant-A,line4,machine5,DN,lot7,category 2,b2,code5,5,5
2026-11-30,plant-A,line7,machine3,UP,lot8,pass,pass,,0,259
2026-11-30,plant-B,line8,machine9,UP,lot2,pass,pass,,0,388
2026-11-30,plant-A,line7,machine5,DN,lot5,category 1,a2,code6,4,4
2026-11-30,plant-B,line9,machine2,DN,lot6,pass,pass,,0,280
2026-11-30,plant-A,line6,machine6,UP,lot4,category 3,a1,code2,4,4
2026-11-30,plant-B,line4,machine8,DN,lot3,category 2,b3,code6,14,14
2026-11-30,plant-A,line4,machine5,DN,lot4,pass,pass,,0,496
2026-11-30,plant-A,line3,machine6,UP,lot6,pass,pass,,0,492
2026-11-30,plant-B,line8,machine7,UP,lot2,category 3,b4,code4,5,5
2026-11-30,plant-B,line2,machine7,UP,lot8,pass,pass,,0,414
2026-11-30,plant-A,line9,machine2,UP,lot2,category 3,a1,code9,11,11
2026-11-30,plant-A,line9,machine1,UP,lot8,category 3,b4,code8,10,10
2026-11-30,plant-B,line3,machine4,DN,lot8,category 3,b3,code2,9,9
2026-11-30,plant-A,line8,machine4,DN,lot7,category 1,a2,code8,12,12
2026-11-30,plant-B,line5,machine4,UP,lot8,category 2,b2,code5,9,9
2026-11-30,plant-A,line5,machine3,DN,lot8,category 1,a4,code3,4,4
2026-11-30,plant-B,line8,machine9,UP,lot6,category 3,b4,code9,2,2
2026-11-30,plant-B,line1,machine7,UP,lot1,category 1,a3,code3,7,7
2026-11-30,plant-A,line4,machine4,DN,lot5,category 2,b2,code3,12,12
2026-11-30,plant-A,line8,machine5,UP,lot7,category 2,b2,code2,8,8
2026-11-30,plant-B,line6,machine7,DN,lot4,category 1,a1,code8,14,14
2026-11-30,plant-B,line1,machine5,UP,lot6,category 2,b2,code3,11,11
2026-11-30,plant-B,line9,machine6,DN,lot6,category 3,a1,code10,4,4
2026-11-30,plant-A,line3,machine4,UP,lot7,pass,pass,,0,150
2026-11-30,plant-B,line8,machine3,UP,lot1,pass,pass,,0,240
2026-11-30,plant-A,line4,machine5,DN,lot2,category 3,b4,code5,4,4
2026-11-30,plant-B,line2,machine1,UP,lot7,category 1,a3,code3,11,11
2026-11-30,plant-A,line5,machine8,DN,lot2,pass,pass,,0,455
2026-11-30,plant-A,line9,machine3,UP,lot8,pass,pass,,0,232
2026-11-30,plant-B,line1,machine9,UP,lot5,category 1,a2,code10,1,1
2026-11-30,plant-A,line9,machine3,UP,lot5,category 3,a2,code2,5,5
2026-11-30,plant-A,line4,machine5,DN,lot6,category 1,a3,code2,9,9
2026-11-30,plant-B,line3,machine9,DN,lot3,category 1,a1,code1,14,14
2026-11-30,plant-B,line7,machine3,UP,lot6,pass,pass,,0,383
2026-11-30,plant-A,line8,machine9,UP,lot7,category 3,a1,code5,19,19
2026-11-30,plant-B,line3,machine9,UP,lot2,category 3,b3,code9,19,19
2026-11-30,plant-B,line5,machine4,UP,lot1,pass,pass,,0,330
2026-11-30,plant-B,line6,machine9,UP,lot6,category 3,b3,code8,17,17
2026-11-30,plant-B,line7,machine3,UP,lot4,pass,pass,,0,235
2026-11-30,plant-A,line4,machine5,DN,lot4,category 2,b3,code6,12,12
2026-11-30,plant-A,line7,machine8,DN,lot1,category 1,a1,code9,14,14
2026-11-30,plant-B,line3,machine3,UP,lot5,pass,pass,,0,425
2026-11-30,plant-B,line8,machine6,UP,lot7,category 2,b4,code7,15,15
2026-11-30,plant-A,line9,machine5,DN,lot2,category 1,a1,code4,2,2
2026-11-30,plant-A,line6,machine1,UP,lot2,category 2,b4,code9,17,17
2026-11-30,plant-B,line1,machine9,UP,lot9,pass,pass,,0,487
2026-11-30,plant-A,line3,machine5,DN,lot9,category 3,a1,code8,10,10
2026-11-30,plant-B,line9,machine8,UP,lot2,category 2,b4,code2,16,16
2026-11-30,plant-B,line1,machine2,DN,lot8,category 3,a2,code8,13,13
2026-11-30,plant-A,line7,machine2,UP,lot6,category 1,a1,code10,19,19
2026-11-30,plant-B,line3,machine7,DN,lot4,category 2,b4,code6,7,7
2026-11-30,plant-B,line3,machine6,DN,lot7,category 2,b3,code10,8,8
2026-11-30,plant-B,line6,machine3,UP,lot2,category 2,b3,code1,15,15
2026-11-30,plant-B,line3,machine9,DN,lot1,pass,pass,,0,438
2026-11-30,plant-B,line2,machine9,UP,lot6,category 1,a3,code2,1,1
2026-11-30,plant-B,line8,machine1,DN,lot4,category 1,a3,code8,15,15
2026-11-30,plant-A,line4,machine4,DN,lot3,category 1,a3,code4,13,13
2026-11-30,plant-A,line8,machine1,DN,lot3,pass,pass,,0,222
2026-11-30,plant-A,line1,machine1,UP,lot7,category 2,b4,code6,13,13
2026-11-30,plant-A,line5,machine7,DN,lot6,category 1,a3,code9,14,14
2026-11-30,plant-B,line6,machine3,UP,lot7,pass,pass,,0,428
2026-11-30,plant-B,line7,machine2,DN,lot3,category 2,b1,code8,11,11
2026-11-30,plant-A,line3,machine2,UP,lot3,category 2,b4,code3,11,11
2026-11-30,plant-B,line9,machine6,DN,lot6,pass,pass,,0,361
2026-11-30,plant-A,line1,machine2,UP,lot5,category 2,b4,code8,19,19
2026-11-30,plant-A,line7,machine6,UP,lot1,category 3,b3,code2,5,5
2026-11-30,plant-B,line7,machine1,UP,lot8,category 3,b4,code2,12,12
2026-11-30,plant-A,line5,machine8,UP,lot6,category 2,b1,code2,2,2
2026-11-30,plant-A,line1,machine1,DN,lot9,category 1,a3,code9,18,18
2026-11-30,plant-B,line8,machine6,UP,lot7,category 1,a3,code6,4,4
2026-11-30,plant-A,line5,machine1,UP,lot8,category 1,a1,code5,2,2
2026-11-30,plant-B,line9,machine6,UP,lot3,category 1,a2,code4,9,9
2026-11-30,plant-B,line3,machine8,DN,lot8,category 1,a4,code5,15,15
2026-11-30,plant-B,line8,machine1,UP,lot7,category 3,b3,code2,13,13
2026-11-30,plant-A,line6,machine8,DN,lot6,category 2,b3,code3,2,2
2026-11-30,plant-A,line5,machine7,DN,lot3,category 2,b2,code8,12,12
2026-11-30,plant-B,line6,machine3,DN,lot5,pass,pass,,0,392
2026-11-30,plant-A,line8,machine9,UP,lot4,category 2,b3,code10,9,9
2026-11-30,plant-A,line9,machine8,DN,lot8,category 3,a2,code2,6,6
2026-11-30,plant-B,line8,machine7,DN,lot8,pass,pass,,0,205
2026-11-30,plant-A,line3,machine7,DN,lot3,pass,pass,,0,444
2026-11-30,plant-A,line4,machine7,UP,lot7,category 3,a2,code9,5,5
2026-11-30,plant-B,line2,machine7,UP,lot2,category 2,b1,code5,17,17
2026-11-30,plant-A,line3,machine9,UP,lot5,pass,pass,,0,340
2026-11-30,plant-B,line7,machine3,UP,lot5,category 2,b4,code6,10,10
2026-11-30,plant-B,line3,machine9,DN,lot3,category 2,b2,code8,13,13
2026-11-30,plant-A,line3,machine1,UP,lot5,category 3,b4,code3,9,9
2026-11-30,plant-A,line9,machine9,DN,lot1,pass,pass,,0,222
2026-11-30,plant-A,line3,machine6,UP,lot4,pass,pass,,0,374
2026-11-30,plant-A,line7,machine8,UP,lot3,pass,pass,,0,319
2026-11-30,plant-A,line6,machine6,DN,lot5,category 1,a4,code7,9,9
2026-11-30,plant-A,line2,machine4,DN,lot8,pass,pass,,0,477
2026-11-30,plant-B,line1,machine3,DN,lot4,category 2,b2,code8,5,5
2026-11-30,plant-B,line9,machine8,DN,lot1,pass,pass,,0,267
2026-11-30,plant-B,line4,machine4,UP,lot4,pass,pass,,0,427
2026-11-30,plant-A,line5,machine2,DN,lot7,category 2,b2,code3,11,11
2026-11-30,plant-B,line5,machine9,DN,lot6,pass,pass,,0,360
2026-11-30,plant-A,line5,machine1,DN,lot3,category 2,b3,code2,18,18
2026-11-30,plant-A,line4,machine6,DN,lot9,category 2,b1,code3,3,3
2026-11-30,plant-A,line5,machine9,DN,lot6,pass,pass,,0,202
2026-11-30,plant-B,line7,machine7,DN,lot1,category 2,b1,code5,14,14
2026-11-30,plant-B,line9,machine6,UP,lot8,category 1,a1,code4,6,6
2026-11-30,plant-A,line4,machine5,DN,lot2,category 1,a2,code3,8,8
2026-11-30,plant-B,line8,machine3,UP,lot2,category 3,b3,code2,19,19
2026-11-30,plant-B,line5,machine2,UP,lot9,pass,pass,,0,406
2026-11-30,plant-B,line2,machine6,DN,lot1,category 1,a3,code3,19,19
2026-11-30,plant-A,line8,machine1,UP,lot3,category 1,a2,code4,12,12
2026-11-30,plant-A,line7,machine1,UP,lot5,category 2,b3,code5,1,1
2026-11-30,plant-A,line8,machine4,DN,lot5,category 1,a2,code9,13,13
2026-11-30,plant-A,line1,machine2,UP,lot8,category 3,b4,code2,16,16
2026-11-30,plant-B,line4,machine1,DN,lot1,category 3,a2,code7,9,9
2026-11-30,plant-A,line6,machine5,UP,lot3,category 1,a3,code4,11,11
2026-11-30,plant-B,line9,machine7,UP,lot5,category 2,b3,code1,17,17
2026-11-30,plant-A,line1,machine6,DN,lot5,pass,pass,,0,212
2026-11-30,plant-B,line6,machine7,UP,lot3,pass,pass,,0,156
2026-11-30,plant-B,line6,machine1,UP,lot9,pass,pass,,0,273
2026-11-30,plant-B,line8,machine4,UP,lot5,pass,pass,,0,277
2026-11-30,plant-B,line9,machine8,UP,lot2,pass,pass,,0,245
2026-11-30,plant-B,line2,machine2,DN,lot2,category 2,b3,code4,1,1
2026-11-30,plant-B,line1,machine6,UP,lot1,category 3,b4,code4,1,1
2026-11-30,plant-A,line9,machine4,DN,lot8,pass,pass,,0,399
2026-11-30,plant-B,line8,machine6,UP,lot8,pass,pass,,0,404
2026-11-30,plant-A,line8,machine9,UP,lot9,pass,pass,,0,423
2026-11-30,plant-A,line6,machine6,UP,lot5,category 1,a4,code2,15,15
2026-11-30,plant-A,line9,machine1,UP,lot1,category 1,a1,code5,14,14
2026-11-30,plant-A,line9,machine1,DN,lot1,category 2,b4,code6,14,14
2026-11-30,plant-B,line2,machine5,UP,lot2,pass,pass,,0,373
2026-11-30,plant-A,line3,machine5,UP,lot7,category 3,b4,code5,1,1
2026-11-30,plant-B,line9,machine3,UP,lot2,category 3,a2,code5,11,11
2026-11-30,plant-B,line3,machine3,UP,lot4,category 1,a3,code8,2,2
2026-11-30,plant-A,line9,machine2,UP,lot3,category 2,b4,code3,5,5
2026-11-30,plant-B,line8,machine4,DN,lot7,pass,pass,,0,330
2026-11-30,plant-B,line5,machine9,UP,lot7,category 3,a2,code8,1,1
2026-11-30,plant-A,line8,machine8,DN,lot9,category 3,a2,code7,13,13
2026-11-30,plant-B,line4,machine1,UP,lot2,category 1,a1,code8,10,10
2026-11-30,plant-A,line3,machine4,DN,lot8,category 3,b3,code3,3,3
2026-11-30,plant-A,line1,machine5,UP,lot9,category 1,a1,code7,1,1
2026-11-30,plant-B,line9,machine7,UP,lot7,category 3,b4,code1,7,7
2026-11-30,plant-B,line2,machine4,UP,lot7,category 2,b2,code9,15,15
2026-11-30,plant-B,line9,machine9,DN,lot3,pass,pass,,0,450
2026-11-30,plant-A,line4,machine8,DN,lot6,category 3,a1,code8,4,4
2026-11-30,plant-A,line2,machine8,DN,lot6,category 2,b1,code8,5,5
2026-11-30,plant-B,line8,machine2,UP,lot9,category 3,a2,code9,6,6
2026-11-30,plant-B,line7,machine2,UP,lot1,category 3,b3,code2,5,5
2026-11-30,plant-A,line9,machine4,UP,lot5,category 2,b2,code9,7,7
2026-11-30,plant-B,line4,machine7,DN,lot9,category 2,b3,code1,18,18
2026-11-30,plant-A,line5,machine5,DN,lot1,category 3,b3,code3,2,2
2026-11-30,plant-B,line1,machine4,UP,lot8,category 1,a1,code3,16,16
2026-11-30,plant-A,line1,machine7,DN,lot1,category 2,b3,code8,19,19
2026-11-30,plant-B,line8,machine8,UP,lot3,category 2,b2,code4,18,18
2026-11-30,plant-A,line9,machine5,UP,lot3,category 3,a2,code9,1,1
2026-11-30,plant-A,line5,machine1,UP,lot5,category 3,a2,code8,17,17
2026-11-30,plant-B,line1,machine6,DN,lot6,pass,pass,,0,429
2026-11-30,plant-B,line1,machine5,DN,lot2,category 3,a2,code1,9,9
2026-11-30,plant-A,line7,machine4,UP,lot2,category 2,b3,code1,16,16
2026-11-30,plant-A,line8,machine5,DN,lot9,category 1,a4,code1,16,16
2026-11-30,plant-A,line1,machine1,UP,lot7,category 1,a4,code3,7,7
2026-11-30,plant-B,line8,machine5,DN,lot5,category 2,b4,code6,12,12
2026-11-30,plant-B,line1,machine1,UP,lot2,category 3,a1,code2,11,11
2026-11-30,plant-B,line7,machine6,DN,lot5,category 1,a2,code6,3,3
2026-11-30,plant-B,line4,machine2,UP,lot9,pass,pass,,0,317
2026-11-30,plant-B,line1,machine4,UP,lot1,category 1,a3,code9,14,14
2026-11-30,plant-B,line1,machine9,DN,lot8,category 3,a2,code6,6,6
2026-11-30,plant-A,line2,machine7,DN,lot3,category 3,b3,code4,3,3
2026-11-30,plant-B,line6,machine2,UP,lot1,category 1,a2,code1,14,14
2026-11-30,plant-A,line1,machine5,DN,lot4,pass,pass,,0,327
2026-11-30,plant-A,line9,machine4,DN,lot9,category 2,b1,code1,10,10
2026-11-30,plant-A,line2,machine5,UP,lot1,pass,pass,,0,487
2026-11-30,plant-A,line6,machine9,UP,lot9,category 3,a1,code1,2,2
2026-11-30,plant-A,line7,machine9,UP,lot4,pass,pass,,0,162
2026-11-30,plant-A,line6,machine9,DN,lot6,category 1,a2,code7,10,10
2026-11-30,plant-B,line7,machine6,UP,lot4,category 3,a2,code3,1,1
2026-11-30,plant-B,line5,machine2,DN,lot6,category 2,b4,code4,17,17
2026-11-30,plant-B,line2,machine6,DN,lot5,category 1,a4,code6,12,12
2026-11-30,plant-A,line3,machine9,UP,lot7,pass,pass,,0,473
2026-11-30,plant-A,line6,machine6,DN,lot4,category 1,a1,code5,17,17
2026-11-30,plant-B,line8,machine6,DN,lot7,category 1,a2,code2,17,17
2026-11-30,plant-A,line5,machine8,DN,lot3,category 2,b4,code9,8,8
2026-11-30,plant-B,line6,machine5,DN,lot8,category 3,b4,code4,10,10
2026-11-30,plant-A,line3,machine9,UP,lot8,category 2,b3,code7,5,5
2026-11-30,plant-B,line3,machine7,DN,lot6,category 2,b1,code4,1,1
2026-11-30,plant-A,line6,machine5,DN,lot4,category 2,b3,code2,7,7
2026-11-30,plant-B,line1,machine3,UP,lot3,category 3,b4,code3,8,8
2026-11-30,plant-A,line1,machine7,UP,lot5,pass,pass,,0,233
2026-11-30,plant-B,line2,machine8,UP,lot4,category 1,a2,code2,14,14
2026-11-30,plant-B,line1,machine8,UP,lot8,pass,pass,,0,427
